window_id,video_id,label,split,window_path
gmncsa24_gmncsa_fall_068_w0019,gmncsa24_gmncsa_fall_068,fall,train,/Users/varunreddyseelam/Desktop/Gen_ai/final_pipeline/data/windows/train/fall/gmncsa24_gmncsa_fall_068/gmncsa24_gmncsa_fall_068_w0019.json
gmncsa24_gmncsa_fall_068_w0023,gmncsa24_gmncsa_fall_068,fall,train,/Users/varunreddyseelam/Desktop/Gen_ai/final_pipeline/data/windows/train/fall/gmncsa24_gmncsa_fall_068/gmncsa24_gmncsa_fall_068_w0023.json
gmncsa24_gmncsa_fall_068_w0015,gmncsa24_gmncsa_fall_068,fall,train,/Users/varunreddyseelam/Desktop/Gen_ai/final_pipeline/data/windows/train/fall/gmncsa24_gmncsa_fall_068/gmncsa24_gmncsa_fall_068_w0015.json
gmncsa24_gmncsa_fall_068_w0003,gmncsa24_gmncsa_fall_068,fall,train,/Users/varunreddyseelam/Desktop/Gen_ai/final_pipeline/data/windows/train/fall/gmncsa24_gmncsa_fall_068/gmncsa24_gmncsa_fall_068_w0003.json
gmncsa24_gmncsa_fall_068_w0002,gmncsa24_gmncsa_fall_068,fall,train,/Users/varunreddyseelam/Desktop/Gen_ai/final_pipeline/data/windows/train/fall/gmncsa24_gmncsa_fall_068/gmncsa24_gmncsa_fall_068_w0002.json
gmncsa24_gmncsa_fall_068_w0014,gmncsa24_gmncsa_fall_068,fall,train,/Users/varunreddyseelam/Desktop/Gen_ai/final_pipeline/data/windows/train/fall/gmncsa24_gmncsa_fall_068/gmncsa24_gmncsa_fall_068_w0014.json
gmncsa24_gmncsa_fall_068_w0034,gmncsa24_gmncsa_fall_068,fall,train,/Users/varunreddyseelam/Desktop/Gen_ai/final_pipeline/data/windows/train/fall/gmncsa24_gmncsa_fall_068/gmncsa24_gmncsa_fall_068_w0034.json
gmncsa24_gmncsa_fall_068_w0022,gmncsa24_gmncsa_fall_068,fall,train,/Users/varunreddyseelam/Desktop/Gen_ai/final_pipeline/data/windows/train/fall/gmncsa24_gmncsa_fall_068/gmncsa24_gmncsa_fall_068_w0022.json
gmncsa24_gmncsa_fall_068_w0018,gmncsa24_gmncsa_fall_068,fall,train,/Users/varunreddyseelam/Desktop/Gen_ai/final_pipeline/data/windows/train/fall/gmncsa24_gmncsa_fall_068/gmncsa24_gmncsa_fall_068_w0018.json
gmncsa24_gmncsa_fall_068_w0013,gmncsa24_gmncsa_fall_068,fall,train,/Users/varunreddyseelam/Desktop/Gen_ai/final_pipeline/data/windows/train/fall/gmncsa24_gmncsa_fall_068/gmncsa24_gmncsa_fall_068_w0013.json
gmncsa24_gmncsa_fall_068_w0005,gmncsa24_gmncsa_fall_068,fall,train,/Users/varunreddyseelam/Desktop/Gen_ai/final_pipeline/data/windows/train/fall/gmncsa24_gmncsa_fall_068/gmncsa24_gmncsa_fall_068_w0005.json
gmncsa24_gmncsa_fall_068_w0029,gmncsa24_gmncsa_fall_068,fall,train,/Users/varunreddyseelam/Desktop/Gen_ai/final_pipeline/data/windows/train/fall/gmncsa24_gmncsa_fall_068/gmncsa24_gmncsa_fall_068_w0029.json
gmncsa24_gmncsa_fall_068_w0009,gmncsa24_gmncsa_fall_068,fall,train,/Users/varunreddyseelam/Desktop/Gen_ai/final_pipeline/data/windows/train/fall/gmncsa24_gmncsa_fall_068/gmncsa24_gmncsa_fall_068_w0009.json
gmncsa24_gmncsa_fall_068_w0025,gmncsa24_gmncsa_fall_068,fall,train,/Users/varunreddyseelam/Desktop/Gen_ai/final_pipeline/data/windows/train/fall/gmncsa24_gmncsa_fall_068/gmncsa24_gmncsa_fall_068_w0025.json
gmncsa24_gmncsa_fall_068_w0033,gmncsa24_gmncsa_fall_068,fall,train,/Users/varunreddyseelam/Desktop/Gen_ai/final_pipeline/data/windows/train/fall/gmncsa24_gmncsa_fall_068/gmncsa24_gmncsa_fall_068_w0033.json
gmncsa24_gmncsa_fall_068_w0032,gmncsa24_gmncsa_fall_068,fall,train,/Users/varunreddyseelam/Desktop/Gen_ai/final_pipeline/data/windows/train/fall/gmncsa24_gmncsa_fall_068/gmncsa24_gmncsa_fall_068_w0032.json
gmncsa24_gmncsa_fall_068_w0024,gmncsa24_gmncsa_fall_068,fall,train,/Users/varunreddyseelam/Desktop/Gen_ai/final_pipeline/data/windows/train/fall/gmncsa24_gmncsa_fall_068/gmncsa24_gmncsa_fall_068_w0024.json
gmncsa24_gmncsa_fall_068_w0008,gmncsa24_gmncsa_fall_068,fall,train,/Users/varunreddyseelam/Desktop/Gen_ai/final_pipeline/data/windows/train/fall/gmncsa24_gmncsa_fall_068/gmncsa24_gmncsa_fall_068_w0008.json
gmncsa24_gmncsa_fall_068_w0028,gmncsa24_gmncsa_fall_068,fall,train,/Users/varunreddyseelam/Desktop/Gen_ai/final_pipeline/data/windows/train/fall/gmncsa24_gmncsa_fall_068/gmncsa24_gmncsa_fall_068_w0028.json
gmncsa24_gmncsa_fall_068_w0004,gmncsa24_gmncsa_fall_068,fall,train,/Users/varunreddyseelam/Desktop/Gen_ai/final_pipeline/data/windows/train/fall/gmncsa24_gmncsa_fall_068/gmncsa24_gmncsa_fall_068_w0004.json
gmncsa24_gmncsa_fall_068_w0012,gmncsa24_gmncsa_fall_068,fall,train,/Users/varunreddyseelam/Desktop/Gen_ai/final_pipeline/data/windows/train/fall/gmncsa24_gmncsa_fall_068/gmncsa24_gmncsa_fall_068_w0012.json
gmncsa24_gmncsa_fall_068_w0007,gmncsa24_gmncsa_fall_068,fall,train,/Users/varunreddyseelam/Desktop/Gen_ai/final_pipeline/data/windows/train/fall/gmncsa24_gmncsa_fall_068/gmncsa24_gmncsa_fall_068_w0007.json
gmncsa24_gmncsa_fall_068_w0011,gmncsa24_gmncsa_fall_068,fall,train,/Users/varunreddyseelam/Desktop/Gen_ai/final_pipeline/data/windows/train/fall/gmncsa24_gmncsa_fall_068/gmncsa24_gmncsa_fall_068_w0011.json
gmncsa24_gmncsa_fall_068_w0031,gmncsa24_gmncsa_fall_068,fall,train,/Users/varunreddyseelam/Desktop/Gen_ai/final_pipeline/data/windows/train/fall/gmncsa24_gmncsa_fall_068/gmncsa24_gmncsa_fall_068_w0031.json
gmncsa24_gmncsa_fall_068_w0027,gmncsa24_gmncsa_fall_068,fall,train,/Users/varunreddyseelam/Desktop/Gen_ai/final_pipeline/data/windows/train/fall/gmncsa24_gmncsa_fall_068/gmncsa24_gmncsa_fall_068_w0027.json
gmncsa24_gmncsa_fall_068_w0026,gmncsa24_gmncsa_fall_068,fall,train,/Users/varunreddyseelam/Desktop/Gen_ai/final_pipeline/data/windows/train/fall/gmncsa24_gmncsa_fall_068/gmncsa24_gmncsa_fall_068_w0026.json
gmncsa24_gmncsa_fall_068_w0030,gmncsa24_gmncsa_fall_068,fall,train,/Users/varunreddyseelam/Desktop/Gen_ai/final_pipeline/data/windows/train/fall/gmncsa24_gmncsa_fall_068/gmncsa24_gmncsa_fall_068_w0030.json
gmncsa24_gmncsa_fall_068_w0010,gmncsa24_gmncsa_fall_068,fall,train,/Users/varunreddyseelam/Desktop/Gen_ai/final_pipeline/data/windows/train/fall/gmncsa24_gmncsa_fall_068/gmncsa24_gmncsa_fall_068_w0010.json
gmncsa24_gmncsa_fall_068_w0006,gmncsa24_gmncsa_fall_068,fall,train,/Users/varunreddyseelam/Desktop/Gen_ai/final_pipeline/data/windows/train/fall/gmncsa24_gmncsa_fall_068/gmncsa24_gmncsa_fall_068_w0006.json
gmncsa24_gmncsa_fall_068_w0021,gmncsa24_gmncsa_fall_068,fall,train,/Users/varunreddyseelam/Desktop/Gen_ai/final_pipeline/data/windows/train/fall/gmncsa24_gmncsa_fall_068/gmncsa24_gmncsa_fall_068_w0021.json
gmncsa24_gmncsa_fall_068_w0001,gmncsa24_gmncsa_fall_068,fall,train,/Users/varunreddyseelam/Desktop/Gen_ai/final_pipeline/data/windows/train/fall/gmncsa24_gmncsa_fall_068/gmncsa24_gmncsa_fall_068_w0001.json
gmncsa24_gmncsa_fall_068_w0017,gmncsa24_gmncsa_fall_068,fall,train,/Users/varunreddyseelam/Desktop/Gen_ai/final_pipeline/data/windows/train/fall/gmncsa24_gmncsa_fall_068/gmncsa24_gmncsa_fall_068_w0017.json
gmncsa24_gmncsa_fall_068_w0016,gmncsa24_gmncsa_fall_068,fall,train,/Users/varunreddyseelam/Desktop/Gen_ai/final_pipeline/data/windows/train/fall/gmncsa24_gmncsa_fall_068/gmncsa24_gmncsa_fall_068_w0016.json
gmncsa24_gmncsa_fall_068_w0000,gmncsa24_gmncsa_fall_068,fall,train,/Users/varunreddyseelam/Desktop/Gen_ai/final_pipeline/data/windows/train/fall/gmncsa24_gmncsa_fall_068/gmncsa24_gmncsa_fall_068_w0000.json
gmncsa24_gmncsa_fall_068_w0020,gmncsa24_gmncsa_fall_068,fall,train,/Users/varunreddyseelam/Desktop/Gen_ai/final_pipeline/data/windows/train/fall/gmncsa24_gmncsa_fall_068/gmncsa24_gmncsa_fall_068_w0020.json
gmncsa24_gmncsa_fall_057_w0002,gmncsa24_gmncsa_fall_057,fall,train,/Users/varunreddyseelam/Desktop/Gen_ai/final_pipeline/data/windows/train/fall/gmncsa24_gmncsa_fall_057/gmncsa24_gmncsa_fall_057_w0002.json
gmncsa24_gmncsa_fall_057_w0014,gmncsa24_gmncsa_fall_057,fall,train,/Users/varunreddyseelam/Desktop/Gen_ai/final_pipeline/data/windows/train/fall/gmncsa24_gmncsa_fall_057/gmncsa24_gmncsa_fall_057_w0014.json
gmncsa24_gmncsa_fall_057_w0022,gmncsa24_gmncsa_fall_057,fall,train,/Users/varunreddyseelam/Desktop/Gen_ai/final_pipeline/data/windows/train/fall/gmncsa24_gmncsa_fall_057/gmncsa24_gmncsa_fall_057_w0022.json
gmncsa24_gmncsa_fall_057_w0018,gmncsa24_gmncsa_fall_057,fall,train,/Users/varunreddyseelam/Desktop/Gen_ai/final_pipeline/data/windows/train/fall/gmncsa24_gmncsa_fall_057/gmncsa24_gmncsa_fall_057_w0018.json
gmncsa24_gmncsa_fall_057_w0019,gmncsa24_gmncsa_fall_057,fall,train,/Users/varunreddyseelam/Desktop/Gen_ai/final_pipeline/data/windows/train/fall/gmncsa24_gmncsa_fall_057/gmncsa24_gmncsa_fall_057_w0019.json
gmncsa24_gmncsa_fall_057_w0023,gmncsa24_gmncsa_fall_057,fall,train,/Users/varunreddyseelam/Desktop/Gen_ai/final_pipeline/data/windows/train/fall/gmncsa24_gmncsa_fall_057/gmncsa24_gmncsa_fall_057_w0023.json
gmncsa24_gmncsa_fall_057_w0015,gmncsa24_gmncsa_fall_057,fall,train,/Users/varunreddyseelam/Desktop/Gen_ai/final_pipeline/data/windows/train/fall/gmncsa24_gmncsa_fall_057/gmncsa24_gmncsa_fall_057_w0015.json
gmncsa24_gmncsa_fall_057_w0003,gmncsa24_gmncsa_fall_057,fall,train,/Users/varunreddyseelam/Desktop/Gen_ai/final_pipeline/data/windows/train/fall/gmncsa24_gmncsa_fall_057/gmncsa24_gmncsa_fall_057_w0003.json
gmncsa24_gmncsa_fall_057_w0024,gmncsa24_gmncsa_fall_057,fall,train,/Users/varunreddyseelam/Desktop/Gen_ai/final_pipeline/data/windows/train/fall/gmncsa24_gmncsa_fall_057/gmncsa24_gmncsa_fall_057_w0024.json
gmncsa24_gmncsa_fall_057_w0008,gmncsa24_gmncsa_fall_057,fall,train,/Users/varunreddyseelam/Desktop/Gen_ai/final_pipeline/data/windows/train/fall/gmncsa24_gmncsa_fall_057/gmncsa24_gmncsa_fall_057_w0008.json
gmncsa24_gmncsa_fall_057_w0004,gmncsa24_gmncsa_fall_057,fall,train,/Users/varunreddyseelam/Desktop/Gen_ai/final_pipeline/data/windows/train/fall/gmncsa24_gmncsa_fall_057/gmncsa24_gmncsa_fall_057_w0004.json
gmncsa24_gmncsa_fall_057_w0012,gmncsa24_gmncsa_fall_057,fall,train,/Users/varunreddyseelam/Desktop/Gen_ai/final_pipeline/data/windows/train/fall/gmncsa24_gmncsa_fall_057/gmncsa24_gmncsa_fall_057_w0012.json
gmncsa24_gmncsa_fall_057_w0013,gmncsa24_gmncsa_fall_057,fall,train,/Users/varunreddyseelam/Desktop/Gen_ai/final_pipeline/data/windows/train/fall/gmncsa24_gmncsa_fall_057/gmncsa24_gmncsa_fall_057_w0013.json
gmncsa24_gmncsa_fall_057_w0005,gmncsa24_gmncsa_fall_057,fall,train,/Users/varunreddyseelam/Desktop/Gen_ai/final_pipeline/data/windows/train/fall/gmncsa24_gmncsa_fall_057/gmncsa24_gmncsa_fall_057_w0005.json
gmncsa24_gmncsa_fall_057_w0009,gmncsa24_gmncsa_fall_057,fall,train,/Users/varunreddyseelam/Desktop/Gen_ai/final_pipeline/data/windows/train/fall/gmncsa24_gmncsa_fall_057/gmncsa24_gmncsa_fall_057_w0009.json
gmncsa24_gmncsa_fall_057_w0025,gmncsa24_gmncsa_fall_057,fall,train,/Users/varunreddyseelam/Desktop/Gen_ai/final_pipeline/data/windows/train/fall/gmncsa24_gmncsa_fall_057/gmncsa24_gmncsa_fall_057_w0025.json
gmncsa24_gmncsa_fall_057_w0010,gmncsa24_gmncsa_fall_057,fall,train,/Users/varunreddyseelam/Desktop/Gen_ai/final_pipeline/data/windows/train/fall/gmncsa24_gmncsa_fall_057/gmncsa24_gmncsa_fall_057_w0010.json
gmncsa24_gmncsa_fall_057_w0006,gmncsa24_gmncsa_fall_057,fall,train,/Users/varunreddyseelam/Desktop/Gen_ai/final_pipeline/data/windows/train/fall/gmncsa24_gmncsa_fall_057/gmncsa24_gmncsa_fall_057_w0006.json
gmncsa24_gmncsa_fall_057_w0007,gmncsa24_gmncsa_fall_057,fall,train,/Users/varunreddyseelam/Desktop/Gen_ai/final_pipeline/data/windows/train/fall/gmncsa24_gmncsa_fall_057/gmncsa24_gmncsa_fall_057_w0007.json
gmncsa24_gmncsa_fall_057_w0011,gmncsa24_gmncsa_fall_057,fall,train,/Users/varunreddyseelam/Desktop/Gen_ai/final_pipeline/data/windows/train/fall/gmncsa24_gmncsa_fall_057/gmncsa24_gmncsa_fall_057_w0011.json
gmncsa24_gmncsa_fall_057_w0016,gmncsa24_gmncsa_fall_057,fall,train,/Users/varunreddyseelam/Desktop/Gen_ai/final_pipeline/data/windows/train/fall/gmncsa24_gmncsa_fall_057/gmncsa24_gmncsa_fall_057_w0016.json
gmncsa24_gmncsa_fall_057_w0000,gmncsa24_gmncsa_fall_057,fall,train,/Users/varunreddyseelam/Desktop/Gen_ai/final_pipeline/data/windows/train/fall/gmncsa24_gmncsa_fall_057/gmncsa24_gmncsa_fall_057_w0000.json
gmncsa24_gmncsa_fall_057_w0020,gmncsa24_gmncsa_fall_057,fall,train,/Users/varunreddyseelam/Desktop/Gen_ai/final_pipeline/data/windows/train/fall/gmncsa24_gmncsa_fall_057/gmncsa24_gmncsa_fall_057_w0020.json
gmncsa24_gmncsa_fall_057_w0021,gmncsa24_gmncsa_fall_057,fall,train,/Users/varunreddyseelam/Desktop/Gen_ai/final_pipeline/data/windows/train/fall/gmncsa24_gmncsa_fall_057/gmncsa24_gmncsa_fall_057_w0021.json
gmncsa24_gmncsa_fall_057_w0001,gmncsa24_gmncsa_fall_057,fall,train,/Users/varunreddyseelam/Desktop/Gen_ai/final_pipeline/data/windows/train/fall/gmncsa24_gmncsa_fall_057/gmncsa24_gmncsa_fall_057_w0001.json
gmncsa24_gmncsa_fall_057_w0017,gmncsa24_gmncsa_fall_057,fall,train,/Users/varunreddyseelam/Desktop/Gen_ai/final_pipeline/data/windows/train/fall/gmncsa24_gmncsa_fall_057/gmncsa24_gmncsa_fall_057_w0017.json
le2i_H02_video_32_fall_w0000,le2i_H02_video_32_fall,fall,train,/Users/varunreddyseelam/Desktop/Gen_ai/final_pipeline/data/windows/train/fall/le2i_H02_video_32_fall/le2i_H02_video_32_fall_w0000.json
gmncsa24_gmncsa_fall_032_w0009,gmncsa24_gmncsa_fall_032,fall,train,/Users/varunreddyseelam/Desktop/Gen_ai/final_pipeline/data/windows/train/fall/gmncsa24_gmncsa_fall_032/gmncsa24_gmncsa_fall_032_w0009.json
gmncsa24_gmncsa_fall_032_w0005,gmncsa24_gmncsa_fall_032,fall,train,/Users/varunreddyseelam/Desktop/Gen_ai/final_pipeline/data/windows/train/fall/gmncsa24_gmncsa_fall_032/gmncsa24_gmncsa_fall_032_w0005.json
gmncsa24_gmncsa_fall_032_w0013,gmncsa24_gmncsa_fall_032,fall,train,/Users/varunreddyseelam/Desktop/Gen_ai/final_pipeline/data/windows/train/fall/gmncsa24_gmncsa_fall_032/gmncsa24_gmncsa_fall_032_w0013.json
gmncsa24_gmncsa_fall_032_w0012,gmncsa24_gmncsa_fall_032,fall,train,/Users/varunreddyseelam/Desktop/Gen_ai/final_pipeline/data/windows/train/fall/gmncsa24_gmncsa_fall_032/gmncsa24_gmncsa_fall_032_w0012.json
gmncsa24_gmncsa_fall_032_w0004,gmncsa24_gmncsa_fall_032,fall,train,/Users/varunreddyseelam/Desktop/Gen_ai/final_pipeline/data/windows/train/fall/gmncsa24_gmncsa_fall_032/gmncsa24_gmncsa_fall_032_w0004.json
gmncsa24_gmncsa_fall_032_w0008,gmncsa24_gmncsa_fall_032,fall,train,/Users/varunreddyseelam/Desktop/Gen_ai/final_pipeline/data/windows/train/fall/gmncsa24_gmncsa_fall_032/gmncsa24_gmncsa_fall_032_w0008.json
gmncsa24_gmncsa_fall_032_w0003,gmncsa24_gmncsa_fall_032,fall,train,/Users/varunreddyseelam/Desktop/Gen_ai/final_pipeline/data/windows/train/fall/gmncsa24_gmncsa_fall_032/gmncsa24_gmncsa_fall_032_w0003.json
gmncsa24_gmncsa_fall_032_w0015,gmncsa24_gmncsa_fall_032,fall,train,/Users/varunreddyseelam/Desktop/Gen_ai/final_pipeline/data/windows/train/fall/gmncsa24_gmncsa_fall_032/gmncsa24_gmncsa_fall_032_w0015.json
gmncsa24_gmncsa_fall_032_w0023,gmncsa24_gmncsa_fall_032,fall,train,/Users/varunreddyseelam/Desktop/Gen_ai/final_pipeline/data/windows/train/fall/gmncsa24_gmncsa_fall_032/gmncsa24_gmncsa_fall_032_w0023.json
gmncsa24_gmncsa_fall_032_w0019,gmncsa24_gmncsa_fall_032,fall,train,/Users/varunreddyseelam/Desktop/Gen_ai/final_pipeline/data/windows/train/fall/gmncsa24_gmncsa_fall_032/gmncsa24_gmncsa_fall_032_w0019.json
gmncsa24_gmncsa_fall_032_w0018,gmncsa24_gmncsa_fall_032,fall,train,/Users/varunreddyseelam/Desktop/Gen_ai/final_pipeline/data/windows/train/fall/gmncsa24_gmncsa_fall_032/gmncsa24_gmncsa_fall_032_w0018.json
gmncsa24_gmncsa_fall_032_w0022,gmncsa24_gmncsa_fall_032,fall,train,/Users/varunreddyseelam/Desktop/Gen_ai/final_pipeline/data/windows/train/fall/gmncsa24_gmncsa_fall_032/gmncsa24_gmncsa_fall_032_w0022.json
gmncsa24_gmncsa_fall_032_w0014,gmncsa24_gmncsa_fall_032,fall,train,/Users/varunreddyseelam/Desktop/Gen_ai/final_pipeline/data/windows/train/fall/gmncsa24_gmncsa_fall_032/gmncsa24_gmncsa_fall_032_w0014.json
gmncsa24_gmncsa_fall_032_w0002,gmncsa24_gmncsa_fall_032,fall,train,/Users/varunreddyseelam/Desktop/Gen_ai/final_pipeline/data/windows/train/fall/gmncsa24_gmncsa_fall_032/gmncsa24_gmncsa_fall_032_w0002.json
gmncsa24_gmncsa_fall_032_w0017,gmncsa24_gmncsa_fall_032,fall,train,/Users/varunreddyseelam/Desktop/Gen_ai/final_pipeline/data/windows/train/fall/gmncsa24_gmncsa_fall_032/gmncsa24_gmncsa_fall_032_w0017.json
gmncsa24_gmncsa_fall_032_w0001,gmncsa24_gmncsa_fall_032,fall,train,/Users/varunreddyseelam/Desktop/Gen_ai/final_pipeline/data/windows/train/fall/gmncsa24_gmncsa_fall_032/gmncsa24_gmncsa_fall_032_w0001.json
gmncsa24_gmncsa_fall_032_w0021,gmncsa24_gmncsa_fall_032,fall,train,/Users/varunreddyseelam/Desktop/Gen_ai/final_pipeline/data/windows/train/fall/gmncsa24_gmncsa_fall_032/gmncsa24_gmncsa_fall_032_w0021.json
gmncsa24_gmncsa_fall_032_w0020,gmncsa24_gmncsa_fall_032,fall,train,/Users/varunreddyseelam/Desktop/Gen_ai/final_pipeline/data/windows/train/fall/gmncsa24_gmncsa_fall_032/gmncsa24_gmncsa_fall_032_w0020.json
gmncsa24_gmncsa_fall_032_w0000,gmncsa24_gmncsa_fall_032,fall,train,/Users/varunreddyseelam/Desktop/Gen_ai/final_pipeline/data/windows/train/fall/gmncsa24_gmncsa_fall_032/gmncsa24_gmncsa_fall_032_w0000.json
gmncsa24_gmncsa_fall_032_w0016,gmncsa24_gmncsa_fall_032,fall,train,/Users/varunreddyseelam/Desktop/Gen_ai/final_pipeline/data/windows/train/fall/gmncsa24_gmncsa_fall_032/gmncsa24_gmncsa_fall_032_w0016.json
gmncsa24_gmncsa_fall_032_w0011,gmncsa24_gmncsa_fall_032,fall,train,/Users/varunreddyseelam/Desktop/Gen_ai/final_pipeline/data/windows/train/fall/gmncsa24_gmncsa_fall_032/gmncsa24_gmncsa_fall_032_w0011.json
gmncsa24_gmncsa_fall_032_w0007,gmncsa24_gmncsa_fall_032,fall,train,/Users/varunreddyseelam/Desktop/Gen_ai/final_pipeline/data/windows/train/fall/gmncsa24_gmncsa_fall_032/gmncsa24_gmncsa_fall_032_w0007.json
gmncsa24_gmncsa_fall_032_w0006,gmncsa24_gmncsa_fall_032,fall,train,/Users/varunreddyseelam/Desktop/Gen_ai/final_pipeline/data/windows/train/fall/gmncsa24_gmncsa_fall_032/gmncsa24_gmncsa_fall_032_w0006.json
gmncsa24_gmncsa_fall_032_w0010,gmncsa24_gmncsa_fall_032,fall,train,/Users/varunreddyseelam/Desktop/Gen_ai/final_pipeline/data/windows/train/fall/gmncsa24_gmncsa_fall_032/gmncsa24_gmncsa_fall_032_w0010.json
le2i_H01_video_9_fall_w0000,le2i_H01_video_9_fall,fall,train,/Users/varunreddyseelam/Desktop/Gen_ai/final_pipeline/data/windows/train/fall/le2i_H01_video_9_fall/le2i_H01_video_9_fall_w0000.json
urfd_fall-01-cam0_w0021,urfd_fall-01-cam0,fall,train,/Users/varunreddyseelam/Desktop/Gen_ai/final_pipeline/data/windows/train/fall/urfd_fall-01-cam0/urfd_fall-01-cam0_w0021.json
urfd_fall-01-cam0_w0017,urfd_fall-01-cam0,fall,train,/Users/varunreddyseelam/Desktop/Gen_ai/final_pipeline/data/windows/train/fall/urfd_fall-01-cam0/urfd_fall-01-cam0_w0017.json
urfd_fall-01-cam0_w0001,urfd_fall-01-cam0,fall,train,/Users/varunreddyseelam/Desktop/Gen_ai/final_pipeline/data/windows/train/fall/urfd_fall-01-cam0/urfd_fall-01-cam0_w0001.json
urfd_fall-01-cam0_w0000,urfd_fall-01-cam0,fall,train,/Users/varunreddyseelam/Desktop/Gen_ai/final_pipeline/data/windows/train/fall/urfd_fall-01-cam0/urfd_fall-01-cam0_w0000.json
urfd_fall-01-cam0_w0016,urfd_fall-01-cam0,fall,train,/Users/varunreddyseelam/Desktop/Gen_ai/final_pipeline/data/windows/train/fall/urfd_fall-01-cam0/urfd_fall-01-cam0_w0016.json
urfd_fall-01-cam0_w0020,urfd_fall-01-cam0,fall,train,/Users/varunreddyseelam/Desktop/Gen_ai/final_pipeline/data/windows/train/fall/urfd_fall-01-cam0/urfd_fall-01-cam0_w0020.json
urfd_fall-01-cam0_w0011,urfd_fall-01-cam0,fall,train,/Users/varunreddyseelam/Desktop/Gen_ai/final_pipeline/data/windows/train/fall/urfd_fall-01-cam0/urfd_fall-01-cam0_w0011.json
urfd_fall-01-cam0_w0007,urfd_fall-01-cam0,fall,train,/Users/varunreddyseelam/Desktop/Gen_ai/final_pipeline/data/windows/train/fall/urfd_fall-01-cam0/urfd_fall-01-cam0_w0007.json
urfd_fall-01-cam0_w0027,urfd_fall-01-cam0,fall,train,/Users/varunreddyseelam/Desktop/Gen_ai/final_pipeline/data/windows/train/fall/urfd_fall-01-cam0/urfd_fall-01-cam0_w0027.json
urfd_fall-01-cam0_w0026,urfd_fall-01-cam0,fall,train,/Users/varunreddyseelam/Desktop/Gen_ai/final_pipeline/data/windows/train/fall/urfd_fall-01-cam0/urfd_fall-01-cam0_w0026.json
urfd_fall-01-cam0_w0006,urfd_fall-01-cam0,fall,train,/Users/varunreddyseelam/Desktop/Gen_ai/final_pipeline/data/windows/train/fall/urfd_fall-01-cam0/urfd_fall-01-cam0_w0006.json
urfd_fall-01-cam0_w0010,urfd_fall-01-cam0,fall,train,/Users/varunreddyseelam/Desktop/Gen_ai/final_pipeline/data/windows/train/fall/urfd_fall-01-cam0/urfd_fall-01-cam0_w0010.json
urfd_fall-01-cam0_w0029,urfd_fall-01-cam0,fall,train,/Users/varunreddyseelam/Desktop/Gen_ai/final_pipeline/data/windows/train/fall/urfd_fall-01-cam0/urfd_fall-01-cam0_w0029.json
urfd_fall-01-cam0_w0005,urfd_fall-01-cam0,fall,train,/Users/varunreddyseelam/Desktop/Gen_ai/final_pipeline/data/windows/train/fall/urfd_fall-01-cam0/urfd_fall-01-cam0_w0005.json
urfd_fall-01-cam0_w0013,urfd_fall-01-cam0,fall,train,/Users/varunreddyseelam/Desktop/Gen_ai/final_pipeline/data/windows/train/fall/urfd_fall-01-cam0/urfd_fall-01-cam0_w0013.json
urfd_fall-01-cam0_w0025,urfd_fall-01-cam0,fall,train,/Users/varunreddyseelam/Desktop/Gen_ai/final_pipeline/data/windows/train/fall/urfd_fall-01-cam0/urfd_fall-01-cam0_w0025.json
urfd_fall-01-cam0_w0009,urfd_fall-01-cam0,fall,train,/Users/varunreddyseelam/Desktop/Gen_ai/final_pipeline/data/windows/train/fall/urfd_fall-01-cam0/urfd_fall-01-cam0_w0009.json
urfd_fall-01-cam0_w0008,urfd_fall-01-cam0,fall,train,/Users/varunreddyseelam/Desktop/Gen_ai/final_pipeline/data/windows/train/fall/urfd_fall-01-cam0/urfd_fall-01-cam0_w0008.json
urfd_fall-01-cam0_w0024,urfd_fall-01-cam0,fall,train,/Users/varunreddyseelam/Desktop/Gen_ai/final_pipeline/data/windows/train/fall/urfd_fall-01-cam0/urfd_fall-01-cam0_w0024.json
urfd_fall-01-cam0_w0012,urfd_fall-01-cam0,fall,train,/Users/varunreddyseelam/Desktop/Gen_ai/final_pipeline/data/windows/train/fall/urfd_fall-01-cam0/urfd_fall-01-cam0_w0012.json
urfd_fall-01-cam0_w0004,urfd_fall-01-cam0,fall,train,/Users/varunreddyseelam/Desktop/Gen_ai/final_pipeline/data/windows/train/fall/urfd_fall-01-cam0/urfd_fall-01-cam0_w0004.json
urfd_fall-01-cam0_w0028,urfd_fall-01-cam0,fall,train,/Users/varunreddyseelam/Desktop/Gen_ai/final_pipeline/data/windows/train/fall/urfd_fall-01-cam0/urfd_fall-01-cam0_w0028.json
urfd_fall-01-cam0_w0023,urfd_fall-01-cam0,fall,train,/Users/varunreddyseelam/Desktop/Gen_ai/final_pipeline/data/windows/train/fall/urfd_fall-01-cam0/urfd_fall-01-cam0_w0023.json
urfd_fall-01-cam0_w0019,urfd_fall-01-cam0,fall,train,/Users/varunreddyseelam/Desktop/Gen_ai/final_pipeline/data/windows/train/fall/urfd_fall-01-cam0/urfd_fall-01-cam0_w0019.json
urfd_fall-01-cam0_w0003,urfd_fall-01-cam0,fall,train,/Users/varunreddyseelam/Desktop/Gen_ai/final_pipeline/data/windows/train/fall/urfd_fall-01-cam0/urfd_fall-01-cam0_w0003.json
urfd_fall-01-cam0_w0015,urfd_fall-01-cam0,fall,train,/Users/varunreddyseelam/Desktop/Gen_ai/final_pipeline/data/windows/train/fall/urfd_fall-01-cam0/urfd_fall-01-cam0_w0015.json
urfd_fall-01-cam0_w0014,urfd_fall-01-cam0,fall,train,/Users/varunreddyseelam/Desktop/Gen_ai/final_pipeline/data/windows/train/fall/urfd_fall-01-cam0/urfd_fall-01-cam0_w0014.json
urfd_fall-01-cam0_w0002,urfd_fall-01-cam0,fall,train,/Users/varunreddyseelam/Desktop/Gen_ai/final_pipeline/data/windows/train/fall/urfd_fall-01-cam0/urfd_fall-01-cam0_w0002.json
urfd_fall-01-cam0_w0018,urfd_fall-01-cam0,fall,train,/Users/varunreddyseelam/Desktop/Gen_ai/final_pipeline/data/windows/train/fall/urfd_fall-01-cam0/urfd_fall-01-cam0_w0018.json
urfd_fall-01-cam0_w0022,urfd_fall-01-cam0,fall,train,/Users/varunreddyseelam/Desktop/Gen_ai/final_pipeline/data/windows/train/fall/urfd_fall-01-cam0/urfd_fall-01-cam0_w0022.json
gmncsa24_gmncsa_fall_035_w0002,gmncsa24_gmncsa_fall_035,fall,train,/Users/varunreddyseelam/Desktop/Gen_ai/final_pipeline/data/windows/train/fall/gmncsa24_gmncsa_fall_035/gmncsa24_gmncsa_fall_035_w0002.json
gmncsa24_gmncsa_fall_035_w0014,gmncsa24_gmncsa_fall_035,fall,train,/Users/varunreddyseelam/Desktop/Gen_ai/final_pipeline/data/windows/train/fall/gmncsa24_gmncsa_fall_035/gmncsa24_gmncsa_fall_035_w0014.json
gmncsa24_gmncsa_fall_035_w0015,gmncsa24_gmncsa_fall_035,fall,train,/Users/varunreddyseelam/Desktop/Gen_ai/final_pipeline/data/windows/train/fall/gmncsa24_gmncsa_fall_035/gmncsa24_gmncsa_fall_035_w0015.json
gmncsa24_gmncsa_fall_035_w0003,gmncsa24_gmncsa_fall_035,fall,train,/Users/varunreddyseelam/Desktop/Gen_ai/final_pipeline/data/windows/train/fall/gmncsa24_gmncsa_fall_035/gmncsa24_gmncsa_fall_035_w0003.json
gmncsa24_gmncsa_fall_035_w0008,gmncsa24_gmncsa_fall_035,fall,train,/Users/varunreddyseelam/Desktop/Gen_ai/final_pipeline/data/windows/train/fall/gmncsa24_gmncsa_fall_035/gmncsa24_gmncsa_fall_035_w0008.json
gmncsa24_gmncsa_fall_035_w0004,gmncsa24_gmncsa_fall_035,fall,train,/Users/varunreddyseelam/Desktop/Gen_ai/final_pipeline/data/windows/train/fall/gmncsa24_gmncsa_fall_035/gmncsa24_gmncsa_fall_035_w0004.json
gmncsa24_gmncsa_fall_035_w0012,gmncsa24_gmncsa_fall_035,fall,train,/Users/varunreddyseelam/Desktop/Gen_ai/final_pipeline/data/windows/train/fall/gmncsa24_gmncsa_fall_035/gmncsa24_gmncsa_fall_035_w0012.json
gmncsa24_gmncsa_fall_035_w0013,gmncsa24_gmncsa_fall_035,fall,train,/Users/varunreddyseelam/Desktop/Gen_ai/final_pipeline/data/windows/train/fall/gmncsa24_gmncsa_fall_035/gmncsa24_gmncsa_fall_035_w0013.json
gmncsa24_gmncsa_fall_035_w0005,gmncsa24_gmncsa_fall_035,fall,train,/Users/varunreddyseelam/Desktop/Gen_ai/final_pipeline/data/windows/train/fall/gmncsa24_gmncsa_fall_035/gmncsa24_gmncsa_fall_035_w0005.json
gmncsa24_gmncsa_fall_035_w0009,gmncsa24_gmncsa_fall_035,fall,train,/Users/varunreddyseelam/Desktop/Gen_ai/final_pipeline/data/windows/train/fall/gmncsa24_gmncsa_fall_035/gmncsa24_gmncsa_fall_035_w0009.json
gmncsa24_gmncsa_fall_035_w0010,gmncsa24_gmncsa_fall_035,fall,train,/Users/varunreddyseelam/Desktop/Gen_ai/final_pipeline/data/windows/train/fall/gmncsa24_gmncsa_fall_035/gmncsa24_gmncsa_fall_035_w0010.json
gmncsa24_gmncsa_fall_035_w0006,gmncsa24_gmncsa_fall_035,fall,train,/Users/varunreddyseelam/Desktop/Gen_ai/final_pipeline/data/windows/train/fall/gmncsa24_gmncsa_fall_035/gmncsa24_gmncsa_fall_035_w0006.json
gmncsa24_gmncsa_fall_035_w0007,gmncsa24_gmncsa_fall_035,fall,train,/Users/varunreddyseelam/Desktop/Gen_ai/final_pipeline/data/windows/train/fall/gmncsa24_gmncsa_fall_035/gmncsa24_gmncsa_fall_035_w0007.json
gmncsa24_gmncsa_fall_035_w0011,gmncsa24_gmncsa_fall_035,fall,train,/Users/varunreddyseelam/Desktop/Gen_ai/final_pipeline/data/windows/train/fall/gmncsa24_gmncsa_fall_035/gmncsa24_gmncsa_fall_035_w0011.json
gmncsa24_gmncsa_fall_035_w0016,gmncsa24_gmncsa_fall_035,fall,train,/Users/varunreddyseelam/Desktop/Gen_ai/final_pipeline/data/windows/train/fall/gmncsa24_gmncsa_fall_035/gmncsa24_gmncsa_fall_035_w0016.json
gmncsa24_gmncsa_fall_035_w0000,gmncsa24_gmncsa_fall_035,fall,train,/Users/varunreddyseelam/Desktop/Gen_ai/final_pipeline/data/windows/train/fall/gmncsa24_gmncsa_fall_035/gmncsa24_gmncsa_fall_035_w0000.json
gmncsa24_gmncsa_fall_035_w0001,gmncsa24_gmncsa_fall_035,fall,train,/Users/varunreddyseelam/Desktop/Gen_ai/final_pipeline/data/windows/train/fall/gmncsa24_gmncsa_fall_035/gmncsa24_gmncsa_fall_035_w0001.json
le2i_CR01_video_31_fall_w0001,le2i_CR01_video_31_fall,fall,train,/Users/varunreddyseelam/Desktop/Gen_ai/final_pipeline/data/windows/train/fall/le2i_CR01_video_31_fall/le2i_CR01_video_31_fall_w0001.json
le2i_CR01_video_31_fall_w0000,le2i_CR01_video_31_fall,fall,train,/Users/varunreddyseelam/Desktop/Gen_ai/final_pipeline/data/windows/train/fall/le2i_CR01_video_31_fall/le2i_CR01_video_31_fall_w0000.json
le2i_CR01_video_27_fall_w0003,le2i_CR01_video_27_fall,fall,train,/Users/varunreddyseelam/Desktop/Gen_ai/final_pipeline/data/windows/train/fall/le2i_CR01_video_27_fall/le2i_CR01_video_27_fall_w0003.json
le2i_CR01_video_27_fall_w0002,le2i_CR01_video_27_fall,fall,train,/Users/varunreddyseelam/Desktop/Gen_ai/final_pipeline/data/windows/train/fall/le2i_CR01_video_27_fall/le2i_CR01_video_27_fall_w0002.json
le2i_CR01_video_27_fall_w0004,le2i_CR01_video_27_fall,fall,train,/Users/varunreddyseelam/Desktop/Gen_ai/final_pipeline/data/windows/train/fall/le2i_CR01_video_27_fall/le2i_CR01_video_27_fall_w0004.json
le2i_CR01_video_27_fall_w0001,le2i_CR01_video_27_fall,fall,train,/Users/varunreddyseelam/Desktop/Gen_ai/final_pipeline/data/windows/train/fall/le2i_CR01_video_27_fall/le2i_CR01_video_27_fall_w0001.json
le2i_CR01_video_27_fall_w0000,le2i_CR01_video_27_fall,fall,train,/Users/varunreddyseelam/Desktop/Gen_ai/final_pipeline/data/windows/train/fall/le2i_CR01_video_27_fall/le2i_CR01_video_27_fall_w0000.json
gmncsa24_gmncsa_fall_004_w0020,gmncsa24_gmncsa_fall_004,fall,train,/Users/varunreddyseelam/Desktop/Gen_ai/final_pipeline/data/windows/train/fall/gmncsa24_gmncsa_fall_004/gmncsa24_gmncsa_fall_004_w0020.json
gmncsa24_gmncsa_fall_004_w0016,gmncsa24_gmncsa_fall_004,fall,train,/Users/varunreddyseelam/Desktop/Gen_ai/final_pipeline/data/windows/train/fall/gmncsa24_gmncsa_fall_004/gmncsa24_gmncsa_fall_004_w0016.json
gmncsa24_gmncsa_fall_004_w0000,gmncsa24_gmncsa_fall_004,fall,train,/Users/varunreddyseelam/Desktop/Gen_ai/final_pipeline/data/windows/train/fall/gmncsa24_gmncsa_fall_004/gmncsa24_gmncsa_fall_004_w0000.json
gmncsa24_gmncsa_fall_004_w0001,gmncsa24_gmncsa_fall_004,fall,train,/Users/varunreddyseelam/Desktop/Gen_ai/final_pipeline/data/windows/train/fall/gmncsa24_gmncsa_fall_004/gmncsa24_gmncsa_fall_004_w0001.json
gmncsa24_gmncsa_fall_004_w0017,gmncsa24_gmncsa_fall_004,fall,train,/Users/varunreddyseelam/Desktop/Gen_ai/final_pipeline/data/windows/train/fall/gmncsa24_gmncsa_fall_004/gmncsa24_gmncsa_fall_004_w0017.json
gmncsa24_gmncsa_fall_004_w0021,gmncsa24_gmncsa_fall_004,fall,train,/Users/varunreddyseelam/Desktop/Gen_ai/final_pipeline/data/windows/train/fall/gmncsa24_gmncsa_fall_004/gmncsa24_gmncsa_fall_004_w0021.json
gmncsa24_gmncsa_fall_004_w0010,gmncsa24_gmncsa_fall_004,fall,train,/Users/varunreddyseelam/Desktop/Gen_ai/final_pipeline/data/windows/train/fall/gmncsa24_gmncsa_fall_004/gmncsa24_gmncsa_fall_004_w0010.json
gmncsa24_gmncsa_fall_004_w0006,gmncsa24_gmncsa_fall_004,fall,train,/Users/varunreddyseelam/Desktop/Gen_ai/final_pipeline/data/windows/train/fall/gmncsa24_gmncsa_fall_004/gmncsa24_gmncsa_fall_004_w0006.json
gmncsa24_gmncsa_fall_004_w0026,gmncsa24_gmncsa_fall_004,fall,train,/Users/varunreddyseelam/Desktop/Gen_ai/final_pipeline/data/windows/train/fall/gmncsa24_gmncsa_fall_004/gmncsa24_gmncsa_fall_004_w0026.json
gmncsa24_gmncsa_fall_004_w0030,gmncsa24_gmncsa_fall_004,fall,train,/Users/varunreddyseelam/Desktop/Gen_ai/final_pipeline/data/windows/train/fall/gmncsa24_gmncsa_fall_004/gmncsa24_gmncsa_fall_004_w0030.json
gmncsa24_gmncsa_fall_004_w0031,gmncsa24_gmncsa_fall_004,fall,train,/Users/varunreddyseelam/Desktop/Gen_ai/final_pipeline/data/windows/train/fall/gmncsa24_gmncsa_fall_004/gmncsa24_gmncsa_fall_004_w0031.json
gmncsa24_gmncsa_fall_004_w0027,gmncsa24_gmncsa_fall_004,fall,train,/Users/varunreddyseelam/Desktop/Gen_ai/final_pipeline/data/windows/train/fall/gmncsa24_gmncsa_fall_004/gmncsa24_gmncsa_fall_004_w0027.json
gmncsa24_gmncsa_fall_004_w0007,gmncsa24_gmncsa_fall_004,fall,train,/Users/varunreddyseelam/Desktop/Gen_ai/final_pipeline/data/windows/train/fall/gmncsa24_gmncsa_fall_004/gmncsa24_gmncsa_fall_004_w0007.json
gmncsa24_gmncsa_fall_004_w0011,gmncsa24_gmncsa_fall_004,fall,train,/Users/varunreddyseelam/Desktop/Gen_ai/final_pipeline/data/windows/train/fall/gmncsa24_gmncsa_fall_004/gmncsa24_gmncsa_fall_004_w0011.json
gmncsa24_gmncsa_fall_004_w0004,gmncsa24_gmncsa_fall_004,fall,train,/Users/varunreddyseelam/Desktop/Gen_ai/final_pipeline/data/windows/train/fall/gmncsa24_gmncsa_fall_004/gmncsa24_gmncsa_fall_004_w0004.json
gmncsa24_gmncsa_fall_004_w0012,gmncsa24_gmncsa_fall_004,fall,train,/Users/varunreddyseelam/Desktop/Gen_ai/final_pipeline/data/windows/train/fall/gmncsa24_gmncsa_fall_004/gmncsa24_gmncsa_fall_004_w0012.json
gmncsa24_gmncsa_fall_004_w0028,gmncsa24_gmncsa_fall_004,fall,train,/Users/varunreddyseelam/Desktop/Gen_ai/final_pipeline/data/windows/train/fall/gmncsa24_gmncsa_fall_004/gmncsa24_gmncsa_fall_004_w0028.json
gmncsa24_gmncsa_fall_004_w0008,gmncsa24_gmncsa_fall_004,fall,train,/Users/varunreddyseelam/Desktop/Gen_ai/final_pipeline/data/windows/train/fall/gmncsa24_gmncsa_fall_004/gmncsa24_gmncsa_fall_004_w0008.json
gmncsa24_gmncsa_fall_004_w0024,gmncsa24_gmncsa_fall_004,fall,train,/Users/varunreddyseelam/Desktop/Gen_ai/final_pipeline/data/windows/train/fall/gmncsa24_gmncsa_fall_004/gmncsa24_gmncsa_fall_004_w0024.json
gmncsa24_gmncsa_fall_004_w0025,gmncsa24_gmncsa_fall_004,fall,train,/Users/varunreddyseelam/Desktop/Gen_ai/final_pipeline/data/windows/train/fall/gmncsa24_gmncsa_fall_004/gmncsa24_gmncsa_fall_004_w0025.json
gmncsa24_gmncsa_fall_004_w0009,gmncsa24_gmncsa_fall_004,fall,train,/Users/varunreddyseelam/Desktop/Gen_ai/final_pipeline/data/windows/train/fall/gmncsa24_gmncsa_fall_004/gmncsa24_gmncsa_fall_004_w0009.json
gmncsa24_gmncsa_fall_004_w0029,gmncsa24_gmncsa_fall_004,fall,train,/Users/varunreddyseelam/Desktop/Gen_ai/final_pipeline/data/windows/train/fall/gmncsa24_gmncsa_fall_004/gmncsa24_gmncsa_fall_004_w0029.json
gmncsa24_gmncsa_fall_004_w0013,gmncsa24_gmncsa_fall_004,fall,train,/Users/varunreddyseelam/Desktop/Gen_ai/final_pipeline/data/windows/train/fall/gmncsa24_gmncsa_fall_004/gmncsa24_gmncsa_fall_004_w0013.json
gmncsa24_gmncsa_fall_004_w0005,gmncsa24_gmncsa_fall_004,fall,train,/Users/varunreddyseelam/Desktop/Gen_ai/final_pipeline/data/windows/train/fall/gmncsa24_gmncsa_fall_004/gmncsa24_gmncsa_fall_004_w0005.json
gmncsa24_gmncsa_fall_004_w0018,gmncsa24_gmncsa_fall_004,fall,train,/Users/varunreddyseelam/Desktop/Gen_ai/final_pipeline/data/windows/train/fall/gmncsa24_gmncsa_fall_004/gmncsa24_gmncsa_fall_004_w0018.json
gmncsa24_gmncsa_fall_004_w0022,gmncsa24_gmncsa_fall_004,fall,train,/Users/varunreddyseelam/Desktop/Gen_ai/final_pipeline/data/windows/train/fall/gmncsa24_gmncsa_fall_004/gmncsa24_gmncsa_fall_004_w0022.json
gmncsa24_gmncsa_fall_004_w0002,gmncsa24_gmncsa_fall_004,fall,train,/Users/varunreddyseelam/Desktop/Gen_ai/final_pipeline/data/windows/train/fall/gmncsa24_gmncsa_fall_004/gmncsa24_gmncsa_fall_004_w0002.json
gmncsa24_gmncsa_fall_004_w0014,gmncsa24_gmncsa_fall_004,fall,train,/Users/varunreddyseelam/Desktop/Gen_ai/final_pipeline/data/windows/train/fall/gmncsa24_gmncsa_fall_004/gmncsa24_gmncsa_fall_004_w0014.json
gmncsa24_gmncsa_fall_004_w0015,gmncsa24_gmncsa_fall_004,fall,train,/Users/varunreddyseelam/Desktop/Gen_ai/final_pipeline/data/windows/train/fall/gmncsa24_gmncsa_fall_004/gmncsa24_gmncsa_fall_004_w0015.json
gmncsa24_gmncsa_fall_004_w0003,gmncsa24_gmncsa_fall_004,fall,train,/Users/varunreddyseelam/Desktop/Gen_ai/final_pipeline/data/windows/train/fall/gmncsa24_gmncsa_fall_004/gmncsa24_gmncsa_fall_004_w0003.json
gmncsa24_gmncsa_fall_004_w0023,gmncsa24_gmncsa_fall_004,fall,train,/Users/varunreddyseelam/Desktop/Gen_ai/final_pipeline/data/windows/train/fall/gmncsa24_gmncsa_fall_004/gmncsa24_gmncsa_fall_004_w0023.json
gmncsa24_gmncsa_fall_004_w0019,gmncsa24_gmncsa_fall_004,fall,train,/Users/varunreddyseelam/Desktop/Gen_ai/final_pipeline/data/windows/train/fall/gmncsa24_gmncsa_fall_004/gmncsa24_gmncsa_fall_004_w0019.json
gmncsa24_gmncsa_fall_058_w0012,gmncsa24_gmncsa_fall_058,fall,train,/Users/varunreddyseelam/Desktop/Gen_ai/final_pipeline/data/windows/train/fall/gmncsa24_gmncsa_fall_058/gmncsa24_gmncsa_fall_058_w0012.json
gmncsa24_gmncsa_fall_058_w0004,gmncsa24_gmncsa_fall_058,fall,train,/Users/varunreddyseelam/Desktop/Gen_ai/final_pipeline/data/windows/train/fall/gmncsa24_gmncsa_fall_058/gmncsa24_gmncsa_fall_058_w0004.json
gmncsa24_gmncsa_fall_058_w0028,gmncsa24_gmncsa_fall_058,fall,train,/Users/varunreddyseelam/Desktop/Gen_ai/final_pipeline/data/windows/train/fall/gmncsa24_gmncsa_fall_058/gmncsa24_gmncsa_fall_058_w0028.json
gmncsa24_gmncsa_fall_058_w0008,gmncsa24_gmncsa_fall_058,fall,train,/Users/varunreddyseelam/Desktop/Gen_ai/final_pipeline/data/windows/train/fall/gmncsa24_gmncsa_fall_058/gmncsa24_gmncsa_fall_058_w0008.json
gmncsa24_gmncsa_fall_058_w0024,gmncsa24_gmncsa_fall_058,fall,train,/Users/varunreddyseelam/Desktop/Gen_ai/final_pipeline/data/windows/train/fall/gmncsa24_gmncsa_fall_058/gmncsa24_gmncsa_fall_058_w0024.json
gmncsa24_gmncsa_fall_058_w0025,gmncsa24_gmncsa_fall_058,fall,train,/Users/varunreddyseelam/Desktop/Gen_ai/final_pipeline/data/windows/train/fall/gmncsa24_gmncsa_fall_058/gmncsa24_gmncsa_fall_058_w0025.json
gmncsa24_gmncsa_fall_058_w0009,gmncsa24_gmncsa_fall_058,fall,train,/Users/varunreddyseelam/Desktop/Gen_ai/final_pipeline/data/windows/train/fall/gmncsa24_gmncsa_fall_058/gmncsa24_gmncsa_fall_058_w0009.json
gmncsa24_gmncsa_fall_058_w0005,gmncsa24_gmncsa_fall_058,fall,train,/Users/varunreddyseelam/Desktop/Gen_ai/final_pipeline/data/windows/train/fall/gmncsa24_gmncsa_fall_058/gmncsa24_gmncsa_fall_058_w0005.json
gmncsa24_gmncsa_fall_058_w0013,gmncsa24_gmncsa_fall_058,fall,train,/Users/varunreddyseelam/Desktop/Gen_ai/final_pipeline/data/windows/train/fall/gmncsa24_gmncsa_fall_058/gmncsa24_gmncsa_fall_058_w0013.json
gmncsa24_gmncsa_fall_058_w0018,gmncsa24_gmncsa_fall_058,fall,train,/Users/varunreddyseelam/Desktop/Gen_ai/final_pipeline/data/windows/train/fall/gmncsa24_gmncsa_fall_058/gmncsa24_gmncsa_fall_058_w0018.json
gmncsa24_gmncsa_fall_058_w0022,gmncsa24_gmncsa_fall_058,fall,train,/Users/varunreddyseelam/Desktop/Gen_ai/final_pipeline/data/windows/train/fall/gmncsa24_gmncsa_fall_058/gmncsa24_gmncsa_fall_058_w0022.json
gmncsa24_gmncsa_fall_058_w0014,gmncsa24_gmncsa_fall_058,fall,train,/Users/varunreddyseelam/Desktop/Gen_ai/final_pipeline/data/windows/train/fall/gmncsa24_gmncsa_fall_058/gmncsa24_gmncsa_fall_058_w0014.json
gmncsa24_gmncsa_fall_058_w0002,gmncsa24_gmncsa_fall_058,fall,train,/Users/varunreddyseelam/Desktop/Gen_ai/final_pipeline/data/windows/train/fall/gmncsa24_gmncsa_fall_058/gmncsa24_gmncsa_fall_058_w0002.json
gmncsa24_gmncsa_fall_058_w0003,gmncsa24_gmncsa_fall_058,fall,train,/Users/varunreddyseelam/Desktop/Gen_ai/final_pipeline/data/windows/train/fall/gmncsa24_gmncsa_fall_058/gmncsa24_gmncsa_fall_058_w0003.json
gmncsa24_gmncsa_fall_058_w0015,gmncsa24_gmncsa_fall_058,fall,train,/Users/varunreddyseelam/Desktop/Gen_ai/final_pipeline/data/windows/train/fall/gmncsa24_gmncsa_fall_058/gmncsa24_gmncsa_fall_058_w0015.json
gmncsa24_gmncsa_fall_058_w0023,gmncsa24_gmncsa_fall_058,fall,train,/Users/varunreddyseelam/Desktop/Gen_ai/final_pipeline/data/windows/train/fall/gmncsa24_gmncsa_fall_058/gmncsa24_gmncsa_fall_058_w0023.json
gmncsa24_gmncsa_fall_058_w0019,gmncsa24_gmncsa_fall_058,fall,train,/Users/varunreddyseelam/Desktop/Gen_ai/final_pipeline/data/windows/train/fall/gmncsa24_gmncsa_fall_058/gmncsa24_gmncsa_fall_058_w0019.json
gmncsa24_gmncsa_fall_058_w0020,gmncsa24_gmncsa_fall_058,fall,train,/Users/varunreddyseelam/Desktop/Gen_ai/final_pipeline/data/windows/train/fall/gmncsa24_gmncsa_fall_058/gmncsa24_gmncsa_fall_058_w0020.json
gmncsa24_gmncsa_fall_058_w0000,gmncsa24_gmncsa_fall_058,fall,train,/Users/varunreddyseelam/Desktop/Gen_ai/final_pipeline/data/windows/train/fall/gmncsa24_gmncsa_fall_058/gmncsa24_gmncsa_fall_058_w0000.json
gmncsa24_gmncsa_fall_058_w0016,gmncsa24_gmncsa_fall_058,fall,train,/Users/varunreddyseelam/Desktop/Gen_ai/final_pipeline/data/windows/train/fall/gmncsa24_gmncsa_fall_058/gmncsa24_gmncsa_fall_058_w0016.json
gmncsa24_gmncsa_fall_058_w0017,gmncsa24_gmncsa_fall_058,fall,train,/Users/varunreddyseelam/Desktop/Gen_ai/final_pipeline/data/windows/train/fall/gmncsa24_gmncsa_fall_058/gmncsa24_gmncsa_fall_058_w0017.json
gmncsa24_gmncsa_fall_058_w0001,gmncsa24_gmncsa_fall_058,fall,train,/Users/varunreddyseelam/Desktop/Gen_ai/final_pipeline/data/windows/train/fall/gmncsa24_gmncsa_fall_058/gmncsa24_gmncsa_fall_058_w0001.json
gmncsa24_gmncsa_fall_058_w0021,gmncsa24_gmncsa_fall_058,fall,train,/Users/varunreddyseelam/Desktop/Gen_ai/final_pipeline/data/windows/train/fall/gmncsa24_gmncsa_fall_058/gmncsa24_gmncsa_fall_058_w0021.json
gmncsa24_gmncsa_fall_058_w0006,gmncsa24_gmncsa_fall_058,fall,train,/Users/varunreddyseelam/Desktop/Gen_ai/final_pipeline/data/windows/train/fall/gmncsa24_gmncsa_fall_058/gmncsa24_gmncsa_fall_058_w0006.json
gmncsa24_gmncsa_fall_058_w0010,gmncsa24_gmncsa_fall_058,fall,train,/Users/varunreddyseelam/Desktop/Gen_ai/final_pipeline/data/windows/train/fall/gmncsa24_gmncsa_fall_058/gmncsa24_gmncsa_fall_058_w0010.json
gmncsa24_gmncsa_fall_058_w0026,gmncsa24_gmncsa_fall_058,fall,train,/Users/varunreddyseelam/Desktop/Gen_ai/final_pipeline/data/windows/train/fall/gmncsa24_gmncsa_fall_058/gmncsa24_gmncsa_fall_058_w0026.json
gmncsa24_gmncsa_fall_058_w0027,gmncsa24_gmncsa_fall_058,fall,train,/Users/varunreddyseelam/Desktop/Gen_ai/final_pipeline/data/windows/train/fall/gmncsa24_gmncsa_fall_058/gmncsa24_gmncsa_fall_058_w0027.json
gmncsa24_gmncsa_fall_058_w0011,gmncsa24_gmncsa_fall_058,fall,train,/Users/varunreddyseelam/Desktop/Gen_ai/final_pipeline/data/windows/train/fall/gmncsa24_gmncsa_fall_058/gmncsa24_gmncsa_fall_058_w0011.json
gmncsa24_gmncsa_fall_058_w0007,gmncsa24_gmncsa_fall_058,fall,train,/Users/varunreddyseelam/Desktop/Gen_ai/final_pipeline/data/windows/train/fall/gmncsa24_gmncsa_fall_058/gmncsa24_gmncsa_fall_058_w0007.json
gmncsa24_gmncsa_fall_067_w0033,gmncsa24_gmncsa_fall_067,fall,train,/Users/varunreddyseelam/Desktop/Gen_ai/final_pipeline/data/windows/train/fall/gmncsa24_gmncsa_fall_067/gmncsa24_gmncsa_fall_067_w0033.json
gmncsa24_gmncsa_fall_067_w0025,gmncsa24_gmncsa_fall_067,fall,train,/Users/varunreddyseelam/Desktop/Gen_ai/final_pipeline/data/windows/train/fall/gmncsa24_gmncsa_fall_067/gmncsa24_gmncsa_fall_067_w0025.json
gmncsa24_gmncsa_fall_067_w0009,gmncsa24_gmncsa_fall_067,fall,train,/Users/varunreddyseelam/Desktop/Gen_ai/final_pipeline/data/windows/train/fall/gmncsa24_gmncsa_fall_067/gmncsa24_gmncsa_fall_067_w0009.json
gmncsa24_gmncsa_fall_067_w0029,gmncsa24_gmncsa_fall_067,fall,train,/Users/varunreddyseelam/Desktop/Gen_ai/final_pipeline/data/windows/train/fall/gmncsa24_gmncsa_fall_067/gmncsa24_gmncsa_fall_067_w0029.json
gmncsa24_gmncsa_fall_067_w0005,gmncsa24_gmncsa_fall_067,fall,train,/Users/varunreddyseelam/Desktop/Gen_ai/final_pipeline/data/windows/train/fall/gmncsa24_gmncsa_fall_067/gmncsa24_gmncsa_fall_067_w0005.json
gmncsa24_gmncsa_fall_067_w0013,gmncsa24_gmncsa_fall_067,fall,train,/Users/varunreddyseelam/Desktop/Gen_ai/final_pipeline/data/windows/train/fall/gmncsa24_gmncsa_fall_067/gmncsa24_gmncsa_fall_067_w0013.json
gmncsa24_gmncsa_fall_067_w0012,gmncsa24_gmncsa_fall_067,fall,train,/Users/varunreddyseelam/Desktop/Gen_ai/final_pipeline/data/windows/train/fall/gmncsa24_gmncsa_fall_067/gmncsa24_gmncsa_fall_067_w0012.json
gmncsa24_gmncsa_fall_067_w0004,gmncsa24_gmncsa_fall_067,fall,train,/Users/varunreddyseelam/Desktop/Gen_ai/final_pipeline/data/windows/train/fall/gmncsa24_gmncsa_fall_067/gmncsa24_gmncsa_fall_067_w0004.json
gmncsa24_gmncsa_fall_067_w0028,gmncsa24_gmncsa_fall_067,fall,train,/Users/varunreddyseelam/Desktop/Gen_ai/final_pipeline/data/windows/train/fall/gmncsa24_gmncsa_fall_067/gmncsa24_gmncsa_fall_067_w0028.json
gmncsa24_gmncsa_fall_067_w0008,gmncsa24_gmncsa_fall_067,fall,train,/Users/varunreddyseelam/Desktop/Gen_ai/final_pipeline/data/windows/train/fall/gmncsa24_gmncsa_fall_067/gmncsa24_gmncsa_fall_067_w0008.json
gmncsa24_gmncsa_fall_067_w0024,gmncsa24_gmncsa_fall_067,fall,train,/Users/varunreddyseelam/Desktop/Gen_ai/final_pipeline/data/windows/train/fall/gmncsa24_gmncsa_fall_067/gmncsa24_gmncsa_fall_067_w0024.json
gmncsa24_gmncsa_fall_067_w0032,gmncsa24_gmncsa_fall_067,fall,train,/Users/varunreddyseelam/Desktop/Gen_ai/final_pipeline/data/windows/train/fall/gmncsa24_gmncsa_fall_067/gmncsa24_gmncsa_fall_067_w0032.json
gmncsa24_gmncsa_fall_067_w0003,gmncsa24_gmncsa_fall_067,fall,train,/Users/varunreddyseelam/Desktop/Gen_ai/final_pipeline/data/windows/train/fall/gmncsa24_gmncsa_fall_067/gmncsa24_gmncsa_fall_067_w0003.json
gmncsa24_gmncsa_fall_067_w0015,gmncsa24_gmncsa_fall_067,fall,train,/Users/varunreddyseelam/Desktop/Gen_ai/final_pipeline/data/windows/train/fall/gmncsa24_gmncsa_fall_067/gmncsa24_gmncsa_fall_067_w0015.json
gmncsa24_gmncsa_fall_067_w0035,gmncsa24_gmncsa_fall_067,fall,train,/Users/varunreddyseelam/Desktop/Gen_ai/final_pipeline/data/windows/train/fall/gmncsa24_gmncsa_fall_067/gmncsa24_gmncsa_fall_067_w0035.json
gmncsa24_gmncsa_fall_067_w0023,gmncsa24_gmncsa_fall_067,fall,train,/Users/varunreddyseelam/Desktop/Gen_ai/final_pipeline/data/windows/train/fall/gmncsa24_gmncsa_fall_067/gmncsa24_gmncsa_fall_067_w0023.json
gmncsa24_gmncsa_fall_067_w0019,gmncsa24_gmncsa_fall_067,fall,train,/Users/varunreddyseelam/Desktop/Gen_ai/final_pipeline/data/windows/train/fall/gmncsa24_gmncsa_fall_067/gmncsa24_gmncsa_fall_067_w0019.json
gmncsa24_gmncsa_fall_067_w0018,gmncsa24_gmncsa_fall_067,fall,train,/Users/varunreddyseelam/Desktop/Gen_ai/final_pipeline/data/windows/train/fall/gmncsa24_gmncsa_fall_067/gmncsa24_gmncsa_fall_067_w0018.json
gmncsa24_gmncsa_fall_067_w0022,gmncsa24_gmncsa_fall_067,fall,train,/Users/varunreddyseelam/Desktop/Gen_ai/final_pipeline/data/windows/train/fall/gmncsa24_gmncsa_fall_067/gmncsa24_gmncsa_fall_067_w0022.json
gmncsa24_gmncsa_fall_067_w0034,gmncsa24_gmncsa_fall_067,fall,train,/Users/varunreddyseelam/Desktop/Gen_ai/final_pipeline/data/windows/train/fall/gmncsa24_gmncsa_fall_067/gmncsa24_gmncsa_fall_067_w0034.json
gmncsa24_gmncsa_fall_067_w0014,gmncsa24_gmncsa_fall_067,fall,train,/Users/varunreddyseelam/Desktop/Gen_ai/final_pipeline/data/windows/train/fall/gmncsa24_gmncsa_fall_067/gmncsa24_gmncsa_fall_067_w0014.json
gmncsa24_gmncsa_fall_067_w0002,gmncsa24_gmncsa_fall_067,fall,train,/Users/varunreddyseelam/Desktop/Gen_ai/final_pipeline/data/windows/train/fall/gmncsa24_gmncsa_fall_067/gmncsa24_gmncsa_fall_067_w0002.json
gmncsa24_gmncsa_fall_067_w0017,gmncsa24_gmncsa_fall_067,fall,train,/Users/varunreddyseelam/Desktop/Gen_ai/final_pipeline/data/windows/train/fall/gmncsa24_gmncsa_fall_067/gmncsa24_gmncsa_fall_067_w0017.json
gmncsa24_gmncsa_fall_067_w0001,gmncsa24_gmncsa_fall_067,fall,train,/Users/varunreddyseelam/Desktop/Gen_ai/final_pipeline/data/windows/train/fall/gmncsa24_gmncsa_fall_067/gmncsa24_gmncsa_fall_067_w0001.json
gmncsa24_gmncsa_fall_067_w0021,gmncsa24_gmncsa_fall_067,fall,train,/Users/varunreddyseelam/Desktop/Gen_ai/final_pipeline/data/windows/train/fall/gmncsa24_gmncsa_fall_067/gmncsa24_gmncsa_fall_067_w0021.json
gmncsa24_gmncsa_fall_067_w0020,gmncsa24_gmncsa_fall_067,fall,train,/Users/varunreddyseelam/Desktop/Gen_ai/final_pipeline/data/windows/train/fall/gmncsa24_gmncsa_fall_067/gmncsa24_gmncsa_fall_067_w0020.json
gmncsa24_gmncsa_fall_067_w0000,gmncsa24_gmncsa_fall_067,fall,train,/Users/varunreddyseelam/Desktop/Gen_ai/final_pipeline/data/windows/train/fall/gmncsa24_gmncsa_fall_067/gmncsa24_gmncsa_fall_067_w0000.json
gmncsa24_gmncsa_fall_067_w0016,gmncsa24_gmncsa_fall_067,fall,train,/Users/varunreddyseelam/Desktop/Gen_ai/final_pipeline/data/windows/train/fall/gmncsa24_gmncsa_fall_067/gmncsa24_gmncsa_fall_067_w0016.json
gmncsa24_gmncsa_fall_067_w0027,gmncsa24_gmncsa_fall_067,fall,train,/Users/varunreddyseelam/Desktop/Gen_ai/final_pipeline/data/windows/train/fall/gmncsa24_gmncsa_fall_067/gmncsa24_gmncsa_fall_067_w0027.json
gmncsa24_gmncsa_fall_067_w0031,gmncsa24_gmncsa_fall_067,fall,train,/Users/varunreddyseelam/Desktop/Gen_ai/final_pipeline/data/windows/train/fall/gmncsa24_gmncsa_fall_067/gmncsa24_gmncsa_fall_067_w0031.json
gmncsa24_gmncsa_fall_067_w0011,gmncsa24_gmncsa_fall_067,fall,train,/Users/varunreddyseelam/Desktop/Gen_ai/final_pipeline/data/windows/train/fall/gmncsa24_gmncsa_fall_067/gmncsa24_gmncsa_fall_067_w0011.json
gmncsa24_gmncsa_fall_067_w0007,gmncsa24_gmncsa_fall_067,fall,train,/Users/varunreddyseelam/Desktop/Gen_ai/final_pipeline/data/windows/train/fall/gmncsa24_gmncsa_fall_067/gmncsa24_gmncsa_fall_067_w0007.json
gmncsa24_gmncsa_fall_067_w0006,gmncsa24_gmncsa_fall_067,fall,train,/Users/varunreddyseelam/Desktop/Gen_ai/final_pipeline/data/windows/train/fall/gmncsa24_gmncsa_fall_067/gmncsa24_gmncsa_fall_067_w0006.json
gmncsa24_gmncsa_fall_067_w0010,gmncsa24_gmncsa_fall_067,fall,train,/Users/varunreddyseelam/Desktop/Gen_ai/final_pipeline/data/windows/train/fall/gmncsa24_gmncsa_fall_067/gmncsa24_gmncsa_fall_067_w0010.json
gmncsa24_gmncsa_fall_067_w0030,gmncsa24_gmncsa_fall_067,fall,train,/Users/varunreddyseelam/Desktop/Gen_ai/final_pipeline/data/windows/train/fall/gmncsa24_gmncsa_fall_067/gmncsa24_gmncsa_fall_067_w0030.json
gmncsa24_gmncsa_fall_067_w0026,gmncsa24_gmncsa_fall_067,fall,train,/Users/varunreddyseelam/Desktop/Gen_ai/final_pipeline/data/windows/train/fall/gmncsa24_gmncsa_fall_067/gmncsa24_gmncsa_fall_067_w0026.json
gmncsa24_gmncsa_fall_060_w0002,gmncsa24_gmncsa_fall_060,fall,train,/Users/varunreddyseelam/Desktop/Gen_ai/final_pipeline/data/windows/train/fall/gmncsa24_gmncsa_fall_060/gmncsa24_gmncsa_fall_060_w0002.json
gmncsa24_gmncsa_fall_060_w0014,gmncsa24_gmncsa_fall_060,fall,train,/Users/varunreddyseelam/Desktop/Gen_ai/final_pipeline/data/windows/train/fall/gmncsa24_gmncsa_fall_060/gmncsa24_gmncsa_fall_060_w0014.json
gmncsa24_gmncsa_fall_060_w0022,gmncsa24_gmncsa_fall_060,fall,train,/Users/varunreddyseelam/Desktop/Gen_ai/final_pipeline/data/windows/train/fall/gmncsa24_gmncsa_fall_060/gmncsa24_gmncsa_fall_060_w0022.json
gmncsa24_gmncsa_fall_060_w0018,gmncsa24_gmncsa_fall_060,fall,train,/Users/varunreddyseelam/Desktop/Gen_ai/final_pipeline/data/windows/train/fall/gmncsa24_gmncsa_fall_060/gmncsa24_gmncsa_fall_060_w0018.json
gmncsa24_gmncsa_fall_060_w0019,gmncsa24_gmncsa_fall_060,fall,train,/Users/varunreddyseelam/Desktop/Gen_ai/final_pipeline/data/windows/train/fall/gmncsa24_gmncsa_fall_060/gmncsa24_gmncsa_fall_060_w0019.json
gmncsa24_gmncsa_fall_060_w0023,gmncsa24_gmncsa_fall_060,fall,train,/Users/varunreddyseelam/Desktop/Gen_ai/final_pipeline/data/windows/train/fall/gmncsa24_gmncsa_fall_060/gmncsa24_gmncsa_fall_060_w0023.json
gmncsa24_gmncsa_fall_060_w0015,gmncsa24_gmncsa_fall_060,fall,train,/Users/varunreddyseelam/Desktop/Gen_ai/final_pipeline/data/windows/train/fall/gmncsa24_gmncsa_fall_060/gmncsa24_gmncsa_fall_060_w0015.json
gmncsa24_gmncsa_fall_060_w0003,gmncsa24_gmncsa_fall_060,fall,train,/Users/varunreddyseelam/Desktop/Gen_ai/final_pipeline/data/windows/train/fall/gmncsa24_gmncsa_fall_060/gmncsa24_gmncsa_fall_060_w0003.json
gmncsa24_gmncsa_fall_060_w0024,gmncsa24_gmncsa_fall_060,fall,train,/Users/varunreddyseelam/Desktop/Gen_ai/final_pipeline/data/windows/train/fall/gmncsa24_gmncsa_fall_060/gmncsa24_gmncsa_fall_060_w0024.json
gmncsa24_gmncsa_fall_060_w0008,gmncsa24_gmncsa_fall_060,fall,train,/Users/varunreddyseelam/Desktop/Gen_ai/final_pipeline/data/windows/train/fall/gmncsa24_gmncsa_fall_060/gmncsa24_gmncsa_fall_060_w0008.json
gmncsa24_gmncsa_fall_060_w0004,gmncsa24_gmncsa_fall_060,fall,train,/Users/varunreddyseelam/Desktop/Gen_ai/final_pipeline/data/windows/train/fall/gmncsa24_gmncsa_fall_060/gmncsa24_gmncsa_fall_060_w0004.json
gmncsa24_gmncsa_fall_060_w0012,gmncsa24_gmncsa_fall_060,fall,train,/Users/varunreddyseelam/Desktop/Gen_ai/final_pipeline/data/windows/train/fall/gmncsa24_gmncsa_fall_060/gmncsa24_gmncsa_fall_060_w0012.json
gmncsa24_gmncsa_fall_060_w0013,gmncsa24_gmncsa_fall_060,fall,train,/Users/varunreddyseelam/Desktop/Gen_ai/final_pipeline/data/windows/train/fall/gmncsa24_gmncsa_fall_060/gmncsa24_gmncsa_fall_060_w0013.json
gmncsa24_gmncsa_fall_060_w0005,gmncsa24_gmncsa_fall_060,fall,train,/Users/varunreddyseelam/Desktop/Gen_ai/final_pipeline/data/windows/train/fall/gmncsa24_gmncsa_fall_060/gmncsa24_gmncsa_fall_060_w0005.json
gmncsa24_gmncsa_fall_060_w0009,gmncsa24_gmncsa_fall_060,fall,train,/Users/varunreddyseelam/Desktop/Gen_ai/final_pipeline/data/windows/train/fall/gmncsa24_gmncsa_fall_060/gmncsa24_gmncsa_fall_060_w0009.json
gmncsa24_gmncsa_fall_060_w0025,gmncsa24_gmncsa_fall_060,fall,train,/Users/varunreddyseelam/Desktop/Gen_ai/final_pipeline/data/windows/train/fall/gmncsa24_gmncsa_fall_060/gmncsa24_gmncsa_fall_060_w0025.json
gmncsa24_gmncsa_fall_060_w0010,gmncsa24_gmncsa_fall_060,fall,train,/Users/varunreddyseelam/Desktop/Gen_ai/final_pipeline/data/windows/train/fall/gmncsa24_gmncsa_fall_060/gmncsa24_gmncsa_fall_060_w0010.json
gmncsa24_gmncsa_fall_060_w0006,gmncsa24_gmncsa_fall_060,fall,train,/Users/varunreddyseelam/Desktop/Gen_ai/final_pipeline/data/windows/train/fall/gmncsa24_gmncsa_fall_060/gmncsa24_gmncsa_fall_060_w0006.json
gmncsa24_gmncsa_fall_060_w0007,gmncsa24_gmncsa_fall_060,fall,train,/Users/varunreddyseelam/Desktop/Gen_ai/final_pipeline/data/windows/train/fall/gmncsa24_gmncsa_fall_060/gmncsa24_gmncsa_fall_060_w0007.json
gmncsa24_gmncsa_fall_060_w0011,gmncsa24_gmncsa_fall_060,fall,train,/Users/varunreddyseelam/Desktop/Gen_ai/final_pipeline/data/windows/train/fall/gmncsa24_gmncsa_fall_060/gmncsa24_gmncsa_fall_060_w0011.json
gmncsa24_gmncsa_fall_060_w0016,gmncsa24_gmncsa_fall_060,fall,train,/Users/varunreddyseelam/Desktop/Gen_ai/final_pipeline/data/windows/train/fall/gmncsa24_gmncsa_fall_060/gmncsa24_gmncsa_fall_060_w0016.json
gmncsa24_gmncsa_fall_060_w0000,gmncsa24_gmncsa_fall_060,fall,train,/Users/varunreddyseelam/Desktop/Gen_ai/final_pipeline/data/windows/train/fall/gmncsa24_gmncsa_fall_060/gmncsa24_gmncsa_fall_060_w0000.json
gmncsa24_gmncsa_fall_060_w0020,gmncsa24_gmncsa_fall_060,fall,train,/Users/varunreddyseelam/Desktop/Gen_ai/final_pipeline/data/windows/train/fall/gmncsa24_gmncsa_fall_060/gmncsa24_gmncsa_fall_060_w0020.json
gmncsa24_gmncsa_fall_060_w0021,gmncsa24_gmncsa_fall_060,fall,train,/Users/varunreddyseelam/Desktop/Gen_ai/final_pipeline/data/windows/train/fall/gmncsa24_gmncsa_fall_060/gmncsa24_gmncsa_fall_060_w0021.json
gmncsa24_gmncsa_fall_060_w0001,gmncsa24_gmncsa_fall_060,fall,train,/Users/varunreddyseelam/Desktop/Gen_ai/final_pipeline/data/windows/train/fall/gmncsa24_gmncsa_fall_060/gmncsa24_gmncsa_fall_060_w0001.json
gmncsa24_gmncsa_fall_060_w0017,gmncsa24_gmncsa_fall_060,fall,train,/Users/varunreddyseelam/Desktop/Gen_ai/final_pipeline/data/windows/train/fall/gmncsa24_gmncsa_fall_060/gmncsa24_gmncsa_fall_060_w0017.json
gmncsa24_gmncsa_fall_069_w0030,gmncsa24_gmncsa_fall_069,fall,train,/Users/varunreddyseelam/Desktop/Gen_ai/final_pipeline/data/windows/train/fall/gmncsa24_gmncsa_fall_069/gmncsa24_gmncsa_fall_069_w0030.json
gmncsa24_gmncsa_fall_069_w0026,gmncsa24_gmncsa_fall_069,fall,train,/Users/varunreddyseelam/Desktop/Gen_ai/final_pipeline/data/windows/train/fall/gmncsa24_gmncsa_fall_069/gmncsa24_gmncsa_fall_069_w0026.json
gmncsa24_gmncsa_fall_069_w0006,gmncsa24_gmncsa_fall_069,fall,train,/Users/varunreddyseelam/Desktop/Gen_ai/final_pipeline/data/windows/train/fall/gmncsa24_gmncsa_fall_069/gmncsa24_gmncsa_fall_069_w0006.json
gmncsa24_gmncsa_fall_069_w0010,gmncsa24_gmncsa_fall_069,fall,train,/Users/varunreddyseelam/Desktop/Gen_ai/final_pipeline/data/windows/train/fall/gmncsa24_gmncsa_fall_069/gmncsa24_gmncsa_fall_069_w0010.json
gmncsa24_gmncsa_fall_069_w0011,gmncsa24_gmncsa_fall_069,fall,train,/Users/varunreddyseelam/Desktop/Gen_ai/final_pipeline/data/windows/train/fall/gmncsa24_gmncsa_fall_069/gmncsa24_gmncsa_fall_069_w0011.json
gmncsa24_gmncsa_fall_069_w0007,gmncsa24_gmncsa_fall_069,fall,train,/Users/varunreddyseelam/Desktop/Gen_ai/final_pipeline/data/windows/train/fall/gmncsa24_gmncsa_fall_069/gmncsa24_gmncsa_fall_069_w0007.json
gmncsa24_gmncsa_fall_069_w0027,gmncsa24_gmncsa_fall_069,fall,train,/Users/varunreddyseelam/Desktop/Gen_ai/final_pipeline/data/windows/train/fall/gmncsa24_gmncsa_fall_069/gmncsa24_gmncsa_fall_069_w0027.json
gmncsa24_gmncsa_fall_069_w0031,gmncsa24_gmncsa_fall_069,fall,train,/Users/varunreddyseelam/Desktop/Gen_ai/final_pipeline/data/windows/train/fall/gmncsa24_gmncsa_fall_069/gmncsa24_gmncsa_fall_069_w0031.json
gmncsa24_gmncsa_fall_069_w0000,gmncsa24_gmncsa_fall_069,fall,train,/Users/varunreddyseelam/Desktop/Gen_ai/final_pipeline/data/windows/train/fall/gmncsa24_gmncsa_fall_069/gmncsa24_gmncsa_fall_069_w0000.json
gmncsa24_gmncsa_fall_069_w0016,gmncsa24_gmncsa_fall_069,fall,train,/Users/varunreddyseelam/Desktop/Gen_ai/final_pipeline/data/windows/train/fall/gmncsa24_gmncsa_fall_069/gmncsa24_gmncsa_fall_069_w0016.json
gmncsa24_gmncsa_fall_069_w0020,gmncsa24_gmncsa_fall_069,fall,train,/Users/varunreddyseelam/Desktop/Gen_ai/final_pipeline/data/windows/train/fall/gmncsa24_gmncsa_fall_069/gmncsa24_gmncsa_fall_069_w0020.json
gmncsa24_gmncsa_fall_069_w0021,gmncsa24_gmncsa_fall_069,fall,train,/Users/varunreddyseelam/Desktop/Gen_ai/final_pipeline/data/windows/train/fall/gmncsa24_gmncsa_fall_069/gmncsa24_gmncsa_fall_069_w0021.json
gmncsa24_gmncsa_fall_069_w0017,gmncsa24_gmncsa_fall_069,fall,train,/Users/varunreddyseelam/Desktop/Gen_ai/final_pipeline/data/windows/train/fall/gmncsa24_gmncsa_fall_069/gmncsa24_gmncsa_fall_069_w0017.json
gmncsa24_gmncsa_fall_069_w0001,gmncsa24_gmncsa_fall_069,fall,train,/Users/varunreddyseelam/Desktop/Gen_ai/final_pipeline/data/windows/train/fall/gmncsa24_gmncsa_fall_069/gmncsa24_gmncsa_fall_069_w0001.json
gmncsa24_gmncsa_fall_069_w0014,gmncsa24_gmncsa_fall_069,fall,train,/Users/varunreddyseelam/Desktop/Gen_ai/final_pipeline/data/windows/train/fall/gmncsa24_gmncsa_fall_069/gmncsa24_gmncsa_fall_069_w0014.json
gmncsa24_gmncsa_fall_069_w0002,gmncsa24_gmncsa_fall_069,fall,train,/Users/varunreddyseelam/Desktop/Gen_ai/final_pipeline/data/windows/train/fall/gmncsa24_gmncsa_fall_069/gmncsa24_gmncsa_fall_069_w0002.json
gmncsa24_gmncsa_fall_069_w0022,gmncsa24_gmncsa_fall_069,fall,train,/Users/varunreddyseelam/Desktop/Gen_ai/final_pipeline/data/windows/train/fall/gmncsa24_gmncsa_fall_069/gmncsa24_gmncsa_fall_069_w0022.json
gmncsa24_gmncsa_fall_069_w0018,gmncsa24_gmncsa_fall_069,fall,train,/Users/varunreddyseelam/Desktop/Gen_ai/final_pipeline/data/windows/train/fall/gmncsa24_gmncsa_fall_069/gmncsa24_gmncsa_fall_069_w0018.json
gmncsa24_gmncsa_fall_069_w0019,gmncsa24_gmncsa_fall_069,fall,train,/Users/varunreddyseelam/Desktop/Gen_ai/final_pipeline/data/windows/train/fall/gmncsa24_gmncsa_fall_069/gmncsa24_gmncsa_fall_069_w0019.json
gmncsa24_gmncsa_fall_069_w0023,gmncsa24_gmncsa_fall_069,fall,train,/Users/varunreddyseelam/Desktop/Gen_ai/final_pipeline/data/windows/train/fall/gmncsa24_gmncsa_fall_069/gmncsa24_gmncsa_fall_069_w0023.json
gmncsa24_gmncsa_fall_069_w0003,gmncsa24_gmncsa_fall_069,fall,train,/Users/varunreddyseelam/Desktop/Gen_ai/final_pipeline/data/windows/train/fall/gmncsa24_gmncsa_fall_069/gmncsa24_gmncsa_fall_069_w0003.json
gmncsa24_gmncsa_fall_069_w0015,gmncsa24_gmncsa_fall_069,fall,train,/Users/varunreddyseelam/Desktop/Gen_ai/final_pipeline/data/windows/train/fall/gmncsa24_gmncsa_fall_069/gmncsa24_gmncsa_fall_069_w0015.json
gmncsa24_gmncsa_fall_069_w0024,gmncsa24_gmncsa_fall_069,fall,train,/Users/varunreddyseelam/Desktop/Gen_ai/final_pipeline/data/windows/train/fall/gmncsa24_gmncsa_fall_069/gmncsa24_gmncsa_fall_069_w0024.json
gmncsa24_gmncsa_fall_069_w0008,gmncsa24_gmncsa_fall_069,fall,train,/Users/varunreddyseelam/Desktop/Gen_ai/final_pipeline/data/windows/train/fall/gmncsa24_gmncsa_fall_069/gmncsa24_gmncsa_fall_069_w0008.json
gmncsa24_gmncsa_fall_069_w0028,gmncsa24_gmncsa_fall_069,fall,train,/Users/varunreddyseelam/Desktop/Gen_ai/final_pipeline/data/windows/train/fall/gmncsa24_gmncsa_fall_069/gmncsa24_gmncsa_fall_069_w0028.json
gmncsa24_gmncsa_fall_069_w0012,gmncsa24_gmncsa_fall_069,fall,train,/Users/varunreddyseelam/Desktop/Gen_ai/final_pipeline/data/windows/train/fall/gmncsa24_gmncsa_fall_069/gmncsa24_gmncsa_fall_069_w0012.json
gmncsa24_gmncsa_fall_069_w0004,gmncsa24_gmncsa_fall_069,fall,train,/Users/varunreddyseelam/Desktop/Gen_ai/final_pipeline/data/windows/train/fall/gmncsa24_gmncsa_fall_069/gmncsa24_gmncsa_fall_069_w0004.json
gmncsa24_gmncsa_fall_069_w0005,gmncsa24_gmncsa_fall_069,fall,train,/Users/varunreddyseelam/Desktop/Gen_ai/final_pipeline/data/windows/train/fall/gmncsa24_gmncsa_fall_069/gmncsa24_gmncsa_fall_069_w0005.json
gmncsa24_gmncsa_fall_069_w0013,gmncsa24_gmncsa_fall_069,fall,train,/Users/varunreddyseelam/Desktop/Gen_ai/final_pipeline/data/windows/train/fall/gmncsa24_gmncsa_fall_069/gmncsa24_gmncsa_fall_069_w0013.json
gmncsa24_gmncsa_fall_069_w0029,gmncsa24_gmncsa_fall_069,fall,train,/Users/varunreddyseelam/Desktop/Gen_ai/final_pipeline/data/windows/train/fall/gmncsa24_gmncsa_fall_069/gmncsa24_gmncsa_fall_069_w0029.json
gmncsa24_gmncsa_fall_069_w0009,gmncsa24_gmncsa_fall_069,fall,train,/Users/varunreddyseelam/Desktop/Gen_ai/final_pipeline/data/windows/train/fall/gmncsa24_gmncsa_fall_069/gmncsa24_gmncsa_fall_069_w0009.json
gmncsa24_gmncsa_fall_069_w0025,gmncsa24_gmncsa_fall_069,fall,train,/Users/varunreddyseelam/Desktop/Gen_ai/final_pipeline/data/windows/train/fall/gmncsa24_gmncsa_fall_069/gmncsa24_gmncsa_fall_069_w0025.json
urfd_fall-21-cam0_w0005,urfd_fall-21-cam0,fall,train,/Users/varunreddyseelam/Desktop/Gen_ai/final_pipeline/data/windows/train/fall/urfd_fall-21-cam0/urfd_fall-21-cam0_w0005.json
urfd_fall-21-cam0_w0004,urfd_fall-21-cam0,fall,train,/Users/varunreddyseelam/Desktop/Gen_ai/final_pipeline/data/windows/train/fall/urfd_fall-21-cam0/urfd_fall-21-cam0_w0004.json
urfd_fall-21-cam0_w0008,urfd_fall-21-cam0,fall,train,/Users/varunreddyseelam/Desktop/Gen_ai/final_pipeline/data/windows/train/fall/urfd_fall-21-cam0/urfd_fall-21-cam0_w0008.json
urfd_fall-21-cam0_w0003,urfd_fall-21-cam0,fall,train,/Users/varunreddyseelam/Desktop/Gen_ai/final_pipeline/data/windows/train/fall/urfd_fall-21-cam0/urfd_fall-21-cam0_w0003.json
urfd_fall-21-cam0_w0002,urfd_fall-21-cam0,fall,train,/Users/varunreddyseelam/Desktop/Gen_ai/final_pipeline/data/windows/train/fall/urfd_fall-21-cam0/urfd_fall-21-cam0_w0002.json
urfd_fall-21-cam0_w0001,urfd_fall-21-cam0,fall,train,/Users/varunreddyseelam/Desktop/Gen_ai/final_pipeline/data/windows/train/fall/urfd_fall-21-cam0/urfd_fall-21-cam0_w0001.json
urfd_fall-21-cam0_w0000,urfd_fall-21-cam0,fall,train,/Users/varunreddyseelam/Desktop/Gen_ai/final_pipeline/data/windows/train/fall/urfd_fall-21-cam0/urfd_fall-21-cam0_w0000.json
urfd_fall-21-cam0_w0007,urfd_fall-21-cam0,fall,train,/Users/varunreddyseelam/Desktop/Gen_ai/final_pipeline/data/windows/train/fall/urfd_fall-21-cam0/urfd_fall-21-cam0_w0007.json
urfd_fall-21-cam0_w0006,urfd_fall-21-cam0,fall,train,/Users/varunreddyseelam/Desktop/Gen_ai/final_pipeline/data/windows/train/fall/urfd_fall-21-cam0/urfd_fall-21-cam0_w0006.json
le2i_CR01_video_46_fall_w0001,le2i_CR01_video_46_fall,fall,train,/Users/varunreddyseelam/Desktop/Gen_ai/final_pipeline/data/windows/train/fall/le2i_CR01_video_46_fall/le2i_CR01_video_46_fall_w0001.json
le2i_CR01_video_46_fall_w0000,le2i_CR01_video_46_fall,fall,train,/Users/varunreddyseelam/Desktop/Gen_ai/final_pipeline/data/windows/train/fall/le2i_CR01_video_46_fall/le2i_CR01_video_46_fall_w0000.json
le2i_CR01_video_46_fall_w0002,le2i_CR01_video_46_fall,fall,train,/Users/varunreddyseelam/Desktop/Gen_ai/final_pipeline/data/windows/train/fall/le2i_CR01_video_46_fall/le2i_CR01_video_46_fall_w0002.json
gmncsa24_gmncsa_fall_056_w0011,gmncsa24_gmncsa_fall_056,fall,train,/Users/varunreddyseelam/Desktop/Gen_ai/final_pipeline/data/windows/train/fall/gmncsa24_gmncsa_fall_056/gmncsa24_gmncsa_fall_056_w0011.json
gmncsa24_gmncsa_fall_056_w0007,gmncsa24_gmncsa_fall_056,fall,train,/Users/varunreddyseelam/Desktop/Gen_ai/final_pipeline/data/windows/train/fall/gmncsa24_gmncsa_fall_056/gmncsa24_gmncsa_fall_056_w0007.json
gmncsa24_gmncsa_fall_056_w0027,gmncsa24_gmncsa_fall_056,fall,train,/Users/varunreddyseelam/Desktop/Gen_ai/final_pipeline/data/windows/train/fall/gmncsa24_gmncsa_fall_056/gmncsa24_gmncsa_fall_056_w0027.json
gmncsa24_gmncsa_fall_056_w0031,gmncsa24_gmncsa_fall_056,fall,train,/Users/varunreddyseelam/Desktop/Gen_ai/final_pipeline/data/windows/train/fall/gmncsa24_gmncsa_fall_056/gmncsa24_gmncsa_fall_056_w0031.json
gmncsa24_gmncsa_fall_056_w0030,gmncsa24_gmncsa_fall_056,fall,train,/Users/varunreddyseelam/Desktop/Gen_ai/final_pipeline/data/windows/train/fall/gmncsa24_gmncsa_fall_056/gmncsa24_gmncsa_fall_056_w0030.json
gmncsa24_gmncsa_fall_056_w0026,gmncsa24_gmncsa_fall_056,fall,train,/Users/varunreddyseelam/Desktop/Gen_ai/final_pipeline/data/windows/train/fall/gmncsa24_gmncsa_fall_056/gmncsa24_gmncsa_fall_056_w0026.json
gmncsa24_gmncsa_fall_056_w0006,gmncsa24_gmncsa_fall_056,fall,train,/Users/varunreddyseelam/Desktop/Gen_ai/final_pipeline/data/windows/train/fall/gmncsa24_gmncsa_fall_056/gmncsa24_gmncsa_fall_056_w0006.json
gmncsa24_gmncsa_fall_056_w0010,gmncsa24_gmncsa_fall_056,fall,train,/Users/varunreddyseelam/Desktop/Gen_ai/final_pipeline/data/windows/train/fall/gmncsa24_gmncsa_fall_056/gmncsa24_gmncsa_fall_056_w0010.json
gmncsa24_gmncsa_fall_056_w0021,gmncsa24_gmncsa_fall_056,fall,train,/Users/varunreddyseelam/Desktop/Gen_ai/final_pipeline/data/windows/train/fall/gmncsa24_gmncsa_fall_056/gmncsa24_gmncsa_fall_056_w0021.json
gmncsa24_gmncsa_fall_056_w0037,gmncsa24_gmncsa_fall_056,fall,train,/Users/varunreddyseelam/Desktop/Gen_ai/final_pipeline/data/windows/train/fall/gmncsa24_gmncsa_fall_056/gmncsa24_gmncsa_fall_056_w0037.json
gmncsa24_gmncsa_fall_056_w0040,gmncsa24_gmncsa_fall_056,fall,train,/Users/varunreddyseelam/Desktop/Gen_ai/final_pipeline/data/windows/train/fall/gmncsa24_gmncsa_fall_056/gmncsa24_gmncsa_fall_056_w0040.json
gmncsa24_gmncsa_fall_056_w0017,gmncsa24_gmncsa_fall_056,fall,train,/Users/varunreddyseelam/Desktop/Gen_ai/final_pipeline/data/windows/train/fall/gmncsa24_gmncsa_fall_056/gmncsa24_gmncsa_fall_056_w0017.json
gmncsa24_gmncsa_fall_056_w0001,gmncsa24_gmncsa_fall_056,fall,train,/Users/varunreddyseelam/Desktop/Gen_ai/final_pipeline/data/windows/train/fall/gmncsa24_gmncsa_fall_056/gmncsa24_gmncsa_fall_056_w0001.json
gmncsa24_gmncsa_fall_056_w0000,gmncsa24_gmncsa_fall_056,fall,train,/Users/varunreddyseelam/Desktop/Gen_ai/final_pipeline/data/windows/train/fall/gmncsa24_gmncsa_fall_056/gmncsa24_gmncsa_fall_056_w0000.json
gmncsa24_gmncsa_fall_056_w0016,gmncsa24_gmncsa_fall_056,fall,train,/Users/varunreddyseelam/Desktop/Gen_ai/final_pipeline/data/windows/train/fall/gmncsa24_gmncsa_fall_056/gmncsa24_gmncsa_fall_056_w0016.json
gmncsa24_gmncsa_fall_056_w0041,gmncsa24_gmncsa_fall_056,fall,train,/Users/varunreddyseelam/Desktop/Gen_ai/final_pipeline/data/windows/train/fall/gmncsa24_gmncsa_fall_056/gmncsa24_gmncsa_fall_056_w0041.json
gmncsa24_gmncsa_fall_056_w0036,gmncsa24_gmncsa_fall_056,fall,train,/Users/varunreddyseelam/Desktop/Gen_ai/final_pipeline/data/windows/train/fall/gmncsa24_gmncsa_fall_056/gmncsa24_gmncsa_fall_056_w0036.json
gmncsa24_gmncsa_fall_056_w0020,gmncsa24_gmncsa_fall_056,fall,train,/Users/varunreddyseelam/Desktop/Gen_ai/final_pipeline/data/windows/train/fall/gmncsa24_gmncsa_fall_056/gmncsa24_gmncsa_fall_056_w0020.json
gmncsa24_gmncsa_fall_056_w0019,gmncsa24_gmncsa_fall_056,fall,train,/Users/varunreddyseelam/Desktop/Gen_ai/final_pipeline/data/windows/train/fall/gmncsa24_gmncsa_fall_056/gmncsa24_gmncsa_fall_056_w0019.json
gmncsa24_gmncsa_fall_056_w0035,gmncsa24_gmncsa_fall_056,fall,train,/Users/varunreddyseelam/Desktop/Gen_ai/final_pipeline/data/windows/train/fall/gmncsa24_gmncsa_fall_056/gmncsa24_gmncsa_fall_056_w0035.json
gmncsa24_gmncsa_fall_056_w0023,gmncsa24_gmncsa_fall_056,fall,train,/Users/varunreddyseelam/Desktop/Gen_ai/final_pipeline/data/windows/train/fall/gmncsa24_gmncsa_fall_056/gmncsa24_gmncsa_fall_056_w0023.json
gmncsa24_gmncsa_fall_056_w0003,gmncsa24_gmncsa_fall_056,fall,train,/Users/varunreddyseelam/Desktop/Gen_ai/final_pipeline/data/windows/train/fall/gmncsa24_gmncsa_fall_056/gmncsa24_gmncsa_fall_056_w0003.json
gmncsa24_gmncsa_fall_056_w0015,gmncsa24_gmncsa_fall_056,fall,train,/Users/varunreddyseelam/Desktop/Gen_ai/final_pipeline/data/windows/train/fall/gmncsa24_gmncsa_fall_056/gmncsa24_gmncsa_fall_056_w0015.json
gmncsa24_gmncsa_fall_056_w0042,gmncsa24_gmncsa_fall_056,fall,train,/Users/varunreddyseelam/Desktop/Gen_ai/final_pipeline/data/windows/train/fall/gmncsa24_gmncsa_fall_056/gmncsa24_gmncsa_fall_056_w0042.json
gmncsa24_gmncsa_fall_056_w0039,gmncsa24_gmncsa_fall_056,fall,train,/Users/varunreddyseelam/Desktop/Gen_ai/final_pipeline/data/windows/train/fall/gmncsa24_gmncsa_fall_056/gmncsa24_gmncsa_fall_056_w0039.json
gmncsa24_gmncsa_fall_056_w0038,gmncsa24_gmncsa_fall_056,fall,train,/Users/varunreddyseelam/Desktop/Gen_ai/final_pipeline/data/windows/train/fall/gmncsa24_gmncsa_fall_056/gmncsa24_gmncsa_fall_056_w0038.json
gmncsa24_gmncsa_fall_056_w0014,gmncsa24_gmncsa_fall_056,fall,train,/Users/varunreddyseelam/Desktop/Gen_ai/final_pipeline/data/windows/train/fall/gmncsa24_gmncsa_fall_056/gmncsa24_gmncsa_fall_056_w0014.json
gmncsa24_gmncsa_fall_056_w0002,gmncsa24_gmncsa_fall_056,fall,train,/Users/varunreddyseelam/Desktop/Gen_ai/final_pipeline/data/windows/train/fall/gmncsa24_gmncsa_fall_056/gmncsa24_gmncsa_fall_056_w0002.json
gmncsa24_gmncsa_fall_056_w0022,gmncsa24_gmncsa_fall_056,fall,train,/Users/varunreddyseelam/Desktop/Gen_ai/final_pipeline/data/windows/train/fall/gmncsa24_gmncsa_fall_056/gmncsa24_gmncsa_fall_056_w0022.json
gmncsa24_gmncsa_fall_056_w0034,gmncsa24_gmncsa_fall_056,fall,train,/Users/varunreddyseelam/Desktop/Gen_ai/final_pipeline/data/windows/train/fall/gmncsa24_gmncsa_fall_056/gmncsa24_gmncsa_fall_056_w0034.json
gmncsa24_gmncsa_fall_056_w0018,gmncsa24_gmncsa_fall_056,fall,train,/Users/varunreddyseelam/Desktop/Gen_ai/final_pipeline/data/windows/train/fall/gmncsa24_gmncsa_fall_056/gmncsa24_gmncsa_fall_056_w0018.json
gmncsa24_gmncsa_fall_056_w0005,gmncsa24_gmncsa_fall_056,fall,train,/Users/varunreddyseelam/Desktop/Gen_ai/final_pipeline/data/windows/train/fall/gmncsa24_gmncsa_fall_056/gmncsa24_gmncsa_fall_056_w0005.json
gmncsa24_gmncsa_fall_056_w0013,gmncsa24_gmncsa_fall_056,fall,train,/Users/varunreddyseelam/Desktop/Gen_ai/final_pipeline/data/windows/train/fall/gmncsa24_gmncsa_fall_056/gmncsa24_gmncsa_fall_056_w0013.json
gmncsa24_gmncsa_fall_056_w0029,gmncsa24_gmncsa_fall_056,fall,train,/Users/varunreddyseelam/Desktop/Gen_ai/final_pipeline/data/windows/train/fall/gmncsa24_gmncsa_fall_056/gmncsa24_gmncsa_fall_056_w0029.json
gmncsa24_gmncsa_fall_056_w0009,gmncsa24_gmncsa_fall_056,fall,train,/Users/varunreddyseelam/Desktop/Gen_ai/final_pipeline/data/windows/train/fall/gmncsa24_gmncsa_fall_056/gmncsa24_gmncsa_fall_056_w0009.json
gmncsa24_gmncsa_fall_056_w0033,gmncsa24_gmncsa_fall_056,fall,train,/Users/varunreddyseelam/Desktop/Gen_ai/final_pipeline/data/windows/train/fall/gmncsa24_gmncsa_fall_056/gmncsa24_gmncsa_fall_056_w0033.json
gmncsa24_gmncsa_fall_056_w0025,gmncsa24_gmncsa_fall_056,fall,train,/Users/varunreddyseelam/Desktop/Gen_ai/final_pipeline/data/windows/train/fall/gmncsa24_gmncsa_fall_056/gmncsa24_gmncsa_fall_056_w0025.json
gmncsa24_gmncsa_fall_056_w0024,gmncsa24_gmncsa_fall_056,fall,train,/Users/varunreddyseelam/Desktop/Gen_ai/final_pipeline/data/windows/train/fall/gmncsa24_gmncsa_fall_056/gmncsa24_gmncsa_fall_056_w0024.json
gmncsa24_gmncsa_fall_056_w0032,gmncsa24_gmncsa_fall_056,fall,train,/Users/varunreddyseelam/Desktop/Gen_ai/final_pipeline/data/windows/train/fall/gmncsa24_gmncsa_fall_056/gmncsa24_gmncsa_fall_056_w0032.json
gmncsa24_gmncsa_fall_056_w0008,gmncsa24_gmncsa_fall_056,fall,train,/Users/varunreddyseelam/Desktop/Gen_ai/final_pipeline/data/windows/train/fall/gmncsa24_gmncsa_fall_056/gmncsa24_gmncsa_fall_056_w0008.json
gmncsa24_gmncsa_fall_056_w0028,gmncsa24_gmncsa_fall_056,fall,train,/Users/varunreddyseelam/Desktop/Gen_ai/final_pipeline/data/windows/train/fall/gmncsa24_gmncsa_fall_056/gmncsa24_gmncsa_fall_056_w0028.json
gmncsa24_gmncsa_fall_056_w0012,gmncsa24_gmncsa_fall_056,fall,train,/Users/varunreddyseelam/Desktop/Gen_ai/final_pipeline/data/windows/train/fall/gmncsa24_gmncsa_fall_056/gmncsa24_gmncsa_fall_056_w0012.json
gmncsa24_gmncsa_fall_056_w0004,gmncsa24_gmncsa_fall_056,fall,train,/Users/varunreddyseelam/Desktop/Gen_ai/final_pipeline/data/windows/train/fall/gmncsa24_gmncsa_fall_056/gmncsa24_gmncsa_fall_056_w0004.json
gmncsa24_gmncsa_fall_051_w0000,gmncsa24_gmncsa_fall_051,fall,train,/Users/varunreddyseelam/Desktop/Gen_ai/final_pipeline/data/windows/train/fall/gmncsa24_gmncsa_fall_051/gmncsa24_gmncsa_fall_051_w0000.json
gmncsa24_gmncsa_fall_051_w0001,gmncsa24_gmncsa_fall_051,fall,train,/Users/varunreddyseelam/Desktop/Gen_ai/final_pipeline/data/windows/train/fall/gmncsa24_gmncsa_fall_051/gmncsa24_gmncsa_fall_051_w0001.json
gmncsa24_gmncsa_fall_051_w0010,gmncsa24_gmncsa_fall_051,fall,train,/Users/varunreddyseelam/Desktop/Gen_ai/final_pipeline/data/windows/train/fall/gmncsa24_gmncsa_fall_051/gmncsa24_gmncsa_fall_051_w0010.json
gmncsa24_gmncsa_fall_051_w0006,gmncsa24_gmncsa_fall_051,fall,train,/Users/varunreddyseelam/Desktop/Gen_ai/final_pipeline/data/windows/train/fall/gmncsa24_gmncsa_fall_051/gmncsa24_gmncsa_fall_051_w0006.json
gmncsa24_gmncsa_fall_051_w0007,gmncsa24_gmncsa_fall_051,fall,train,/Users/varunreddyseelam/Desktop/Gen_ai/final_pipeline/data/windows/train/fall/gmncsa24_gmncsa_fall_051/gmncsa24_gmncsa_fall_051_w0007.json
gmncsa24_gmncsa_fall_051_w0011,gmncsa24_gmncsa_fall_051,fall,train,/Users/varunreddyseelam/Desktop/Gen_ai/final_pipeline/data/windows/train/fall/gmncsa24_gmncsa_fall_051/gmncsa24_gmncsa_fall_051_w0011.json
gmncsa24_gmncsa_fall_051_w0004,gmncsa24_gmncsa_fall_051,fall,train,/Users/varunreddyseelam/Desktop/Gen_ai/final_pipeline/data/windows/train/fall/gmncsa24_gmncsa_fall_051/gmncsa24_gmncsa_fall_051_w0004.json
gmncsa24_gmncsa_fall_051_w0012,gmncsa24_gmncsa_fall_051,fall,train,/Users/varunreddyseelam/Desktop/Gen_ai/final_pipeline/data/windows/train/fall/gmncsa24_gmncsa_fall_051/gmncsa24_gmncsa_fall_051_w0012.json
gmncsa24_gmncsa_fall_051_w0008,gmncsa24_gmncsa_fall_051,fall,train,/Users/varunreddyseelam/Desktop/Gen_ai/final_pipeline/data/windows/train/fall/gmncsa24_gmncsa_fall_051/gmncsa24_gmncsa_fall_051_w0008.json
gmncsa24_gmncsa_fall_051_w0009,gmncsa24_gmncsa_fall_051,fall,train,/Users/varunreddyseelam/Desktop/Gen_ai/final_pipeline/data/windows/train/fall/gmncsa24_gmncsa_fall_051/gmncsa24_gmncsa_fall_051_w0009.json
gmncsa24_gmncsa_fall_051_w0013,gmncsa24_gmncsa_fall_051,fall,train,/Users/varunreddyseelam/Desktop/Gen_ai/final_pipeline/data/windows/train/fall/gmncsa24_gmncsa_fall_051/gmncsa24_gmncsa_fall_051_w0013.json
gmncsa24_gmncsa_fall_051_w0005,gmncsa24_gmncsa_fall_051,fall,train,/Users/varunreddyseelam/Desktop/Gen_ai/final_pipeline/data/windows/train/fall/gmncsa24_gmncsa_fall_051/gmncsa24_gmncsa_fall_051_w0005.json
gmncsa24_gmncsa_fall_051_w0002,gmncsa24_gmncsa_fall_051,fall,train,/Users/varunreddyseelam/Desktop/Gen_ai/final_pipeline/data/windows/train/fall/gmncsa24_gmncsa_fall_051/gmncsa24_gmncsa_fall_051_w0002.json
gmncsa24_gmncsa_fall_051_w0014,gmncsa24_gmncsa_fall_051,fall,train,/Users/varunreddyseelam/Desktop/Gen_ai/final_pipeline/data/windows/train/fall/gmncsa24_gmncsa_fall_051/gmncsa24_gmncsa_fall_051_w0014.json
gmncsa24_gmncsa_fall_051_w0015,gmncsa24_gmncsa_fall_051,fall,train,/Users/varunreddyseelam/Desktop/Gen_ai/final_pipeline/data/windows/train/fall/gmncsa24_gmncsa_fall_051/gmncsa24_gmncsa_fall_051_w0015.json
gmncsa24_gmncsa_fall_051_w0003,gmncsa24_gmncsa_fall_051,fall,train,/Users/varunreddyseelam/Desktop/Gen_ai/final_pipeline/data/windows/train/fall/gmncsa24_gmncsa_fall_051/gmncsa24_gmncsa_fall_051_w0003.json
le2i_H01_video_13_fall_w0000,le2i_H01_video_13_fall,fall,train,/Users/varunreddyseelam/Desktop/Gen_ai/final_pipeline/data/windows/train/fall/le2i_H01_video_13_fall/le2i_H01_video_13_fall_w0000.json
gmncsa24_gmncsa_fall_005_w0033,gmncsa24_gmncsa_fall_005,fall,train,/Users/varunreddyseelam/Desktop/Gen_ai/final_pipeline/data/windows/train/fall/gmncsa24_gmncsa_fall_005/gmncsa24_gmncsa_fall_005_w0033.json
gmncsa24_gmncsa_fall_005_w0025,gmncsa24_gmncsa_fall_005,fall,train,/Users/varunreddyseelam/Desktop/Gen_ai/final_pipeline/data/windows/train/fall/gmncsa24_gmncsa_fall_005/gmncsa24_gmncsa_fall_005_w0025.json
gmncsa24_gmncsa_fall_005_w0009,gmncsa24_gmncsa_fall_005,fall,train,/Users/varunreddyseelam/Desktop/Gen_ai/final_pipeline/data/windows/train/fall/gmncsa24_gmncsa_fall_005/gmncsa24_gmncsa_fall_005_w0009.json
gmncsa24_gmncsa_fall_005_w0029,gmncsa24_gmncsa_fall_005,fall,train,/Users/varunreddyseelam/Desktop/Gen_ai/final_pipeline/data/windows/train/fall/gmncsa24_gmncsa_fall_005/gmncsa24_gmncsa_fall_005_w0029.json
gmncsa24_gmncsa_fall_005_w0005,gmncsa24_gmncsa_fall_005,fall,train,/Users/varunreddyseelam/Desktop/Gen_ai/final_pipeline/data/windows/train/fall/gmncsa24_gmncsa_fall_005/gmncsa24_gmncsa_fall_005_w0005.json
gmncsa24_gmncsa_fall_005_w0013,gmncsa24_gmncsa_fall_005,fall,train,/Users/varunreddyseelam/Desktop/Gen_ai/final_pipeline/data/windows/train/fall/gmncsa24_gmncsa_fall_005/gmncsa24_gmncsa_fall_005_w0013.json
gmncsa24_gmncsa_fall_005_w0012,gmncsa24_gmncsa_fall_005,fall,train,/Users/varunreddyseelam/Desktop/Gen_ai/final_pipeline/data/windows/train/fall/gmncsa24_gmncsa_fall_005/gmncsa24_gmncsa_fall_005_w0012.json
gmncsa24_gmncsa_fall_005_w0004,gmncsa24_gmncsa_fall_005,fall,train,/Users/varunreddyseelam/Desktop/Gen_ai/final_pipeline/data/windows/train/fall/gmncsa24_gmncsa_fall_005/gmncsa24_gmncsa_fall_005_w0004.json
gmncsa24_gmncsa_fall_005_w0028,gmncsa24_gmncsa_fall_005,fall,train,/Users/varunreddyseelam/Desktop/Gen_ai/final_pipeline/data/windows/train/fall/gmncsa24_gmncsa_fall_005/gmncsa24_gmncsa_fall_005_w0028.json
gmncsa24_gmncsa_fall_005_w0008,gmncsa24_gmncsa_fall_005,fall,train,/Users/varunreddyseelam/Desktop/Gen_ai/final_pipeline/data/windows/train/fall/gmncsa24_gmncsa_fall_005/gmncsa24_gmncsa_fall_005_w0008.json
gmncsa24_gmncsa_fall_005_w0024,gmncsa24_gmncsa_fall_005,fall,train,/Users/varunreddyseelam/Desktop/Gen_ai/final_pipeline/data/windows/train/fall/gmncsa24_gmncsa_fall_005/gmncsa24_gmncsa_fall_005_w0024.json
gmncsa24_gmncsa_fall_005_w0032,gmncsa24_gmncsa_fall_005,fall,train,/Users/varunreddyseelam/Desktop/Gen_ai/final_pipeline/data/windows/train/fall/gmncsa24_gmncsa_fall_005/gmncsa24_gmncsa_fall_005_w0032.json
gmncsa24_gmncsa_fall_005_w0003,gmncsa24_gmncsa_fall_005,fall,train,/Users/varunreddyseelam/Desktop/Gen_ai/final_pipeline/data/windows/train/fall/gmncsa24_gmncsa_fall_005/gmncsa24_gmncsa_fall_005_w0003.json
gmncsa24_gmncsa_fall_005_w0015,gmncsa24_gmncsa_fall_005,fall,train,/Users/varunreddyseelam/Desktop/Gen_ai/final_pipeline/data/windows/train/fall/gmncsa24_gmncsa_fall_005/gmncsa24_gmncsa_fall_005_w0015.json
gmncsa24_gmncsa_fall_005_w0023,gmncsa24_gmncsa_fall_005,fall,train,/Users/varunreddyseelam/Desktop/Gen_ai/final_pipeline/data/windows/train/fall/gmncsa24_gmncsa_fall_005/gmncsa24_gmncsa_fall_005_w0023.json
gmncsa24_gmncsa_fall_005_w0019,gmncsa24_gmncsa_fall_005,fall,train,/Users/varunreddyseelam/Desktop/Gen_ai/final_pipeline/data/windows/train/fall/gmncsa24_gmncsa_fall_005/gmncsa24_gmncsa_fall_005_w0019.json
gmncsa24_gmncsa_fall_005_w0018,gmncsa24_gmncsa_fall_005,fall,train,/Users/varunreddyseelam/Desktop/Gen_ai/final_pipeline/data/windows/train/fall/gmncsa24_gmncsa_fall_005/gmncsa24_gmncsa_fall_005_w0018.json
gmncsa24_gmncsa_fall_005_w0022,gmncsa24_gmncsa_fall_005,fall,train,/Users/varunreddyseelam/Desktop/Gen_ai/final_pipeline/data/windows/train/fall/gmncsa24_gmncsa_fall_005/gmncsa24_gmncsa_fall_005_w0022.json
gmncsa24_gmncsa_fall_005_w0034,gmncsa24_gmncsa_fall_005,fall,train,/Users/varunreddyseelam/Desktop/Gen_ai/final_pipeline/data/windows/train/fall/gmncsa24_gmncsa_fall_005/gmncsa24_gmncsa_fall_005_w0034.json
gmncsa24_gmncsa_fall_005_w0014,gmncsa24_gmncsa_fall_005,fall,train,/Users/varunreddyseelam/Desktop/Gen_ai/final_pipeline/data/windows/train/fall/gmncsa24_gmncsa_fall_005/gmncsa24_gmncsa_fall_005_w0014.json
gmncsa24_gmncsa_fall_005_w0002,gmncsa24_gmncsa_fall_005,fall,train,/Users/varunreddyseelam/Desktop/Gen_ai/final_pipeline/data/windows/train/fall/gmncsa24_gmncsa_fall_005/gmncsa24_gmncsa_fall_005_w0002.json
gmncsa24_gmncsa_fall_005_w0017,gmncsa24_gmncsa_fall_005,fall,train,/Users/varunreddyseelam/Desktop/Gen_ai/final_pipeline/data/windows/train/fall/gmncsa24_gmncsa_fall_005/gmncsa24_gmncsa_fall_005_w0017.json
gmncsa24_gmncsa_fall_005_w0001,gmncsa24_gmncsa_fall_005,fall,train,/Users/varunreddyseelam/Desktop/Gen_ai/final_pipeline/data/windows/train/fall/gmncsa24_gmncsa_fall_005/gmncsa24_gmncsa_fall_005_w0001.json
gmncsa24_gmncsa_fall_005_w0021,gmncsa24_gmncsa_fall_005,fall,train,/Users/varunreddyseelam/Desktop/Gen_ai/final_pipeline/data/windows/train/fall/gmncsa24_gmncsa_fall_005/gmncsa24_gmncsa_fall_005_w0021.json
gmncsa24_gmncsa_fall_005_w0020,gmncsa24_gmncsa_fall_005,fall,train,/Users/varunreddyseelam/Desktop/Gen_ai/final_pipeline/data/windows/train/fall/gmncsa24_gmncsa_fall_005/gmncsa24_gmncsa_fall_005_w0020.json
gmncsa24_gmncsa_fall_005_w0000,gmncsa24_gmncsa_fall_005,fall,train,/Users/varunreddyseelam/Desktop/Gen_ai/final_pipeline/data/windows/train/fall/gmncsa24_gmncsa_fall_005/gmncsa24_gmncsa_fall_005_w0000.json
gmncsa24_gmncsa_fall_005_w0016,gmncsa24_gmncsa_fall_005,fall,train,/Users/varunreddyseelam/Desktop/Gen_ai/final_pipeline/data/windows/train/fall/gmncsa24_gmncsa_fall_005/gmncsa24_gmncsa_fall_005_w0016.json
gmncsa24_gmncsa_fall_005_w0027,gmncsa24_gmncsa_fall_005,fall,train,/Users/varunreddyseelam/Desktop/Gen_ai/final_pipeline/data/windows/train/fall/gmncsa24_gmncsa_fall_005/gmncsa24_gmncsa_fall_005_w0027.json
gmncsa24_gmncsa_fall_005_w0031,gmncsa24_gmncsa_fall_005,fall,train,/Users/varunreddyseelam/Desktop/Gen_ai/final_pipeline/data/windows/train/fall/gmncsa24_gmncsa_fall_005/gmncsa24_gmncsa_fall_005_w0031.json
gmncsa24_gmncsa_fall_005_w0011,gmncsa24_gmncsa_fall_005,fall,train,/Users/varunreddyseelam/Desktop/Gen_ai/final_pipeline/data/windows/train/fall/gmncsa24_gmncsa_fall_005/gmncsa24_gmncsa_fall_005_w0011.json
gmncsa24_gmncsa_fall_005_w0007,gmncsa24_gmncsa_fall_005,fall,train,/Users/varunreddyseelam/Desktop/Gen_ai/final_pipeline/data/windows/train/fall/gmncsa24_gmncsa_fall_005/gmncsa24_gmncsa_fall_005_w0007.json
gmncsa24_gmncsa_fall_005_w0006,gmncsa24_gmncsa_fall_005,fall,train,/Users/varunreddyseelam/Desktop/Gen_ai/final_pipeline/data/windows/train/fall/gmncsa24_gmncsa_fall_005/gmncsa24_gmncsa_fall_005_w0006.json
gmncsa24_gmncsa_fall_005_w0010,gmncsa24_gmncsa_fall_005,fall,train,/Users/varunreddyseelam/Desktop/Gen_ai/final_pipeline/data/windows/train/fall/gmncsa24_gmncsa_fall_005/gmncsa24_gmncsa_fall_005_w0010.json
gmncsa24_gmncsa_fall_005_w0030,gmncsa24_gmncsa_fall_005,fall,train,/Users/varunreddyseelam/Desktop/Gen_ai/final_pipeline/data/windows/train/fall/gmncsa24_gmncsa_fall_005/gmncsa24_gmncsa_fall_005_w0030.json
gmncsa24_gmncsa_fall_005_w0026,gmncsa24_gmncsa_fall_005,fall,train,/Users/varunreddyseelam/Desktop/Gen_ai/final_pipeline/data/windows/train/fall/gmncsa24_gmncsa_fall_005/gmncsa24_gmncsa_fall_005_w0026.json
le2i_H01_video_5_fall_w0000,le2i_H01_video_5_fall,fall,train,/Users/varunreddyseelam/Desktop/Gen_ai/final_pipeline/data/windows/train/fall/le2i_H01_video_5_fall/le2i_H01_video_5_fall_w0000.json
le2i_H01_video_5_fall_w0001,le2i_H01_video_5_fall,fall,train,/Users/varunreddyseelam/Desktop/Gen_ai/final_pipeline/data/windows/train/fall/le2i_H01_video_5_fall/le2i_H01_video_5_fall_w0001.json
gmncsa24_gmncsa_fall_034_w0011,gmncsa24_gmncsa_fall_034,fall,train,/Users/varunreddyseelam/Desktop/Gen_ai/final_pipeline/data/windows/train/fall/gmncsa24_gmncsa_fall_034/gmncsa24_gmncsa_fall_034_w0011.json
gmncsa24_gmncsa_fall_034_w0007,gmncsa24_gmncsa_fall_034,fall,train,/Users/varunreddyseelam/Desktop/Gen_ai/final_pipeline/data/windows/train/fall/gmncsa24_gmncsa_fall_034/gmncsa24_gmncsa_fall_034_w0007.json
gmncsa24_gmncsa_fall_034_w0027,gmncsa24_gmncsa_fall_034,fall,train,/Users/varunreddyseelam/Desktop/Gen_ai/final_pipeline/data/windows/train/fall/gmncsa24_gmncsa_fall_034/gmncsa24_gmncsa_fall_034_w0027.json
gmncsa24_gmncsa_fall_034_w0031,gmncsa24_gmncsa_fall_034,fall,train,/Users/varunreddyseelam/Desktop/Gen_ai/final_pipeline/data/windows/train/fall/gmncsa24_gmncsa_fall_034/gmncsa24_gmncsa_fall_034_w0031.json
gmncsa24_gmncsa_fall_034_w0030,gmncsa24_gmncsa_fall_034,fall,train,/Users/varunreddyseelam/Desktop/Gen_ai/final_pipeline/data/windows/train/fall/gmncsa24_gmncsa_fall_034/gmncsa24_gmncsa_fall_034_w0030.json
gmncsa24_gmncsa_fall_034_w0026,gmncsa24_gmncsa_fall_034,fall,train,/Users/varunreddyseelam/Desktop/Gen_ai/final_pipeline/data/windows/train/fall/gmncsa24_gmncsa_fall_034/gmncsa24_gmncsa_fall_034_w0026.json
gmncsa24_gmncsa_fall_034_w0006,gmncsa24_gmncsa_fall_034,fall,train,/Users/varunreddyseelam/Desktop/Gen_ai/final_pipeline/data/windows/train/fall/gmncsa24_gmncsa_fall_034/gmncsa24_gmncsa_fall_034_w0006.json
gmncsa24_gmncsa_fall_034_w0010,gmncsa24_gmncsa_fall_034,fall,train,/Users/varunreddyseelam/Desktop/Gen_ai/final_pipeline/data/windows/train/fall/gmncsa24_gmncsa_fall_034/gmncsa24_gmncsa_fall_034_w0010.json
gmncsa24_gmncsa_fall_034_w0021,gmncsa24_gmncsa_fall_034,fall,train,/Users/varunreddyseelam/Desktop/Gen_ai/final_pipeline/data/windows/train/fall/gmncsa24_gmncsa_fall_034/gmncsa24_gmncsa_fall_034_w0021.json
gmncsa24_gmncsa_fall_034_w0037,gmncsa24_gmncsa_fall_034,fall,train,/Users/varunreddyseelam/Desktop/Gen_ai/final_pipeline/data/windows/train/fall/gmncsa24_gmncsa_fall_034/gmncsa24_gmncsa_fall_034_w0037.json
gmncsa24_gmncsa_fall_034_w0017,gmncsa24_gmncsa_fall_034,fall,train,/Users/varunreddyseelam/Desktop/Gen_ai/final_pipeline/data/windows/train/fall/gmncsa24_gmncsa_fall_034/gmncsa24_gmncsa_fall_034_w0017.json
gmncsa24_gmncsa_fall_034_w0001,gmncsa24_gmncsa_fall_034,fall,train,/Users/varunreddyseelam/Desktop/Gen_ai/final_pipeline/data/windows/train/fall/gmncsa24_gmncsa_fall_034/gmncsa24_gmncsa_fall_034_w0001.json
gmncsa24_gmncsa_fall_034_w0000,gmncsa24_gmncsa_fall_034,fall,train,/Users/varunreddyseelam/Desktop/Gen_ai/final_pipeline/data/windows/train/fall/gmncsa24_gmncsa_fall_034/gmncsa24_gmncsa_fall_034_w0000.json
gmncsa24_gmncsa_fall_034_w0016,gmncsa24_gmncsa_fall_034,fall,train,/Users/varunreddyseelam/Desktop/Gen_ai/final_pipeline/data/windows/train/fall/gmncsa24_gmncsa_fall_034/gmncsa24_gmncsa_fall_034_w0016.json
gmncsa24_gmncsa_fall_034_w0036,gmncsa24_gmncsa_fall_034,fall,train,/Users/varunreddyseelam/Desktop/Gen_ai/final_pipeline/data/windows/train/fall/gmncsa24_gmncsa_fall_034/gmncsa24_gmncsa_fall_034_w0036.json
gmncsa24_gmncsa_fall_034_w0020,gmncsa24_gmncsa_fall_034,fall,train,/Users/varunreddyseelam/Desktop/Gen_ai/final_pipeline/data/windows/train/fall/gmncsa24_gmncsa_fall_034/gmncsa24_gmncsa_fall_034_w0020.json
gmncsa24_gmncsa_fall_034_w0019,gmncsa24_gmncsa_fall_034,fall,train,/Users/varunreddyseelam/Desktop/Gen_ai/final_pipeline/data/windows/train/fall/gmncsa24_gmncsa_fall_034/gmncsa24_gmncsa_fall_034_w0019.json
gmncsa24_gmncsa_fall_034_w0035,gmncsa24_gmncsa_fall_034,fall,train,/Users/varunreddyseelam/Desktop/Gen_ai/final_pipeline/data/windows/train/fall/gmncsa24_gmncsa_fall_034/gmncsa24_gmncsa_fall_034_w0035.json
gmncsa24_gmncsa_fall_034_w0023,gmncsa24_gmncsa_fall_034,fall,train,/Users/varunreddyseelam/Desktop/Gen_ai/final_pipeline/data/windows/train/fall/gmncsa24_gmncsa_fall_034/gmncsa24_gmncsa_fall_034_w0023.json
gmncsa24_gmncsa_fall_034_w0003,gmncsa24_gmncsa_fall_034,fall,train,/Users/varunreddyseelam/Desktop/Gen_ai/final_pipeline/data/windows/train/fall/gmncsa24_gmncsa_fall_034/gmncsa24_gmncsa_fall_034_w0003.json
gmncsa24_gmncsa_fall_034_w0015,gmncsa24_gmncsa_fall_034,fall,train,/Users/varunreddyseelam/Desktop/Gen_ai/final_pipeline/data/windows/train/fall/gmncsa24_gmncsa_fall_034/gmncsa24_gmncsa_fall_034_w0015.json
gmncsa24_gmncsa_fall_034_w0014,gmncsa24_gmncsa_fall_034,fall,train,/Users/varunreddyseelam/Desktop/Gen_ai/final_pipeline/data/windows/train/fall/gmncsa24_gmncsa_fall_034/gmncsa24_gmncsa_fall_034_w0014.json
gmncsa24_gmncsa_fall_034_w0002,gmncsa24_gmncsa_fall_034,fall,train,/Users/varunreddyseelam/Desktop/Gen_ai/final_pipeline/data/windows/train/fall/gmncsa24_gmncsa_fall_034/gmncsa24_gmncsa_fall_034_w0002.json
gmncsa24_gmncsa_fall_034_w0022,gmncsa24_gmncsa_fall_034,fall,train,/Users/varunreddyseelam/Desktop/Gen_ai/final_pipeline/data/windows/train/fall/gmncsa24_gmncsa_fall_034/gmncsa24_gmncsa_fall_034_w0022.json
gmncsa24_gmncsa_fall_034_w0034,gmncsa24_gmncsa_fall_034,fall,train,/Users/varunreddyseelam/Desktop/Gen_ai/final_pipeline/data/windows/train/fall/gmncsa24_gmncsa_fall_034/gmncsa24_gmncsa_fall_034_w0034.json
gmncsa24_gmncsa_fall_034_w0018,gmncsa24_gmncsa_fall_034,fall,train,/Users/varunreddyseelam/Desktop/Gen_ai/final_pipeline/data/windows/train/fall/gmncsa24_gmncsa_fall_034/gmncsa24_gmncsa_fall_034_w0018.json
gmncsa24_gmncsa_fall_034_w0005,gmncsa24_gmncsa_fall_034,fall,train,/Users/varunreddyseelam/Desktop/Gen_ai/final_pipeline/data/windows/train/fall/gmncsa24_gmncsa_fall_034/gmncsa24_gmncsa_fall_034_w0005.json
gmncsa24_gmncsa_fall_034_w0013,gmncsa24_gmncsa_fall_034,fall,train,/Users/varunreddyseelam/Desktop/Gen_ai/final_pipeline/data/windows/train/fall/gmncsa24_gmncsa_fall_034/gmncsa24_gmncsa_fall_034_w0013.json
gmncsa24_gmncsa_fall_034_w0029,gmncsa24_gmncsa_fall_034,fall,train,/Users/varunreddyseelam/Desktop/Gen_ai/final_pipeline/data/windows/train/fall/gmncsa24_gmncsa_fall_034/gmncsa24_gmncsa_fall_034_w0029.json
gmncsa24_gmncsa_fall_034_w0009,gmncsa24_gmncsa_fall_034,fall,train,/Users/varunreddyseelam/Desktop/Gen_ai/final_pipeline/data/windows/train/fall/gmncsa24_gmncsa_fall_034/gmncsa24_gmncsa_fall_034_w0009.json
gmncsa24_gmncsa_fall_034_w0033,gmncsa24_gmncsa_fall_034,fall,train,/Users/varunreddyseelam/Desktop/Gen_ai/final_pipeline/data/windows/train/fall/gmncsa24_gmncsa_fall_034/gmncsa24_gmncsa_fall_034_w0033.json
gmncsa24_gmncsa_fall_034_w0025,gmncsa24_gmncsa_fall_034,fall,train,/Users/varunreddyseelam/Desktop/Gen_ai/final_pipeline/data/windows/train/fall/gmncsa24_gmncsa_fall_034/gmncsa24_gmncsa_fall_034_w0025.json
gmncsa24_gmncsa_fall_034_w0024,gmncsa24_gmncsa_fall_034,fall,train,/Users/varunreddyseelam/Desktop/Gen_ai/final_pipeline/data/windows/train/fall/gmncsa24_gmncsa_fall_034/gmncsa24_gmncsa_fall_034_w0024.json
gmncsa24_gmncsa_fall_034_w0032,gmncsa24_gmncsa_fall_034,fall,train,/Users/varunreddyseelam/Desktop/Gen_ai/final_pipeline/data/windows/train/fall/gmncsa24_gmncsa_fall_034/gmncsa24_gmncsa_fall_034_w0032.json
gmncsa24_gmncsa_fall_034_w0008,gmncsa24_gmncsa_fall_034,fall,train,/Users/varunreddyseelam/Desktop/Gen_ai/final_pipeline/data/windows/train/fall/gmncsa24_gmncsa_fall_034/gmncsa24_gmncsa_fall_034_w0008.json
gmncsa24_gmncsa_fall_034_w0028,gmncsa24_gmncsa_fall_034,fall,train,/Users/varunreddyseelam/Desktop/Gen_ai/final_pipeline/data/windows/train/fall/gmncsa24_gmncsa_fall_034/gmncsa24_gmncsa_fall_034_w0028.json
gmncsa24_gmncsa_fall_034_w0012,gmncsa24_gmncsa_fall_034,fall,train,/Users/varunreddyseelam/Desktop/Gen_ai/final_pipeline/data/windows/train/fall/gmncsa24_gmncsa_fall_034/gmncsa24_gmncsa_fall_034_w0012.json
gmncsa24_gmncsa_fall_034_w0004,gmncsa24_gmncsa_fall_034,fall,train,/Users/varunreddyseelam/Desktop/Gen_ai/final_pipeline/data/windows/train/fall/gmncsa24_gmncsa_fall_034/gmncsa24_gmncsa_fall_034_w0004.json
le2i_H01_video_29_fall_w0000,le2i_H01_video_29_fall,fall,train,/Users/varunreddyseelam/Desktop/Gen_ai/final_pipeline/data/windows/train/fall/le2i_H01_video_29_fall/le2i_H01_video_29_fall_w0000.json
le2i_CR02_video_51_fall_w0003,le2i_CR02_video_51_fall,fall,train,/Users/varunreddyseelam/Desktop/Gen_ai/final_pipeline/data/windows/train/fall/le2i_CR02_video_51_fall/le2i_CR02_video_51_fall_w0003.json
le2i_CR02_video_51_fall_w0002,le2i_CR02_video_51_fall,fall,train,/Users/varunreddyseelam/Desktop/Gen_ai/final_pipeline/data/windows/train/fall/le2i_CR02_video_51_fall/le2i_CR02_video_51_fall_w0002.json
le2i_CR02_video_51_fall_w0005,le2i_CR02_video_51_fall,fall,train,/Users/varunreddyseelam/Desktop/Gen_ai/final_pipeline/data/windows/train/fall/le2i_CR02_video_51_fall/le2i_CR02_video_51_fall_w0005.json
le2i_CR02_video_51_fall_w0004,le2i_CR02_video_51_fall,fall,train,/Users/varunreddyseelam/Desktop/Gen_ai/final_pipeline/data/windows/train/fall/le2i_CR02_video_51_fall/le2i_CR02_video_51_fall_w0004.json
le2i_CR02_video_51_fall_w0006,le2i_CR02_video_51_fall,fall,train,/Users/varunreddyseelam/Desktop/Gen_ai/final_pipeline/data/windows/train/fall/le2i_CR02_video_51_fall/le2i_CR02_video_51_fall_w0006.json
le2i_CR02_video_51_fall_w0001,le2i_CR02_video_51_fall,fall,train,/Users/varunreddyseelam/Desktop/Gen_ai/final_pipeline/data/windows/train/fall/le2i_CR02_video_51_fall/le2i_CR02_video_51_fall_w0001.json
le2i_CR02_video_51_fall_w0000,le2i_CR02_video_51_fall,fall,train,/Users/varunreddyseelam/Desktop/Gen_ai/final_pipeline/data/windows/train/fall/le2i_CR02_video_51_fall/le2i_CR02_video_51_fall_w0000.json
gmncsa24_gmncsa_fall_033_w0020,gmncsa24_gmncsa_fall_033,fall,train,/Users/varunreddyseelam/Desktop/Gen_ai/final_pipeline/data/windows/train/fall/gmncsa24_gmncsa_fall_033/gmncsa24_gmncsa_fall_033_w0020.json
gmncsa24_gmncsa_fall_033_w0016,gmncsa24_gmncsa_fall_033,fall,train,/Users/varunreddyseelam/Desktop/Gen_ai/final_pipeline/data/windows/train/fall/gmncsa24_gmncsa_fall_033/gmncsa24_gmncsa_fall_033_w0016.json
gmncsa24_gmncsa_fall_033_w0000,gmncsa24_gmncsa_fall_033,fall,train,/Users/varunreddyseelam/Desktop/Gen_ai/final_pipeline/data/windows/train/fall/gmncsa24_gmncsa_fall_033/gmncsa24_gmncsa_fall_033_w0000.json
gmncsa24_gmncsa_fall_033_w0001,gmncsa24_gmncsa_fall_033,fall,train,/Users/varunreddyseelam/Desktop/Gen_ai/final_pipeline/data/windows/train/fall/gmncsa24_gmncsa_fall_033/gmncsa24_gmncsa_fall_033_w0001.json
gmncsa24_gmncsa_fall_033_w0017,gmncsa24_gmncsa_fall_033,fall,train,/Users/varunreddyseelam/Desktop/Gen_ai/final_pipeline/data/windows/train/fall/gmncsa24_gmncsa_fall_033/gmncsa24_gmncsa_fall_033_w0017.json
gmncsa24_gmncsa_fall_033_w0021,gmncsa24_gmncsa_fall_033,fall,train,/Users/varunreddyseelam/Desktop/Gen_ai/final_pipeline/data/windows/train/fall/gmncsa24_gmncsa_fall_033/gmncsa24_gmncsa_fall_033_w0021.json
gmncsa24_gmncsa_fall_033_w0010,gmncsa24_gmncsa_fall_033,fall,train,/Users/varunreddyseelam/Desktop/Gen_ai/final_pipeline/data/windows/train/fall/gmncsa24_gmncsa_fall_033/gmncsa24_gmncsa_fall_033_w0010.json
gmncsa24_gmncsa_fall_033_w0006,gmncsa24_gmncsa_fall_033,fall,train,/Users/varunreddyseelam/Desktop/Gen_ai/final_pipeline/data/windows/train/fall/gmncsa24_gmncsa_fall_033/gmncsa24_gmncsa_fall_033_w0006.json
gmncsa24_gmncsa_fall_033_w0026,gmncsa24_gmncsa_fall_033,fall,train,/Users/varunreddyseelam/Desktop/Gen_ai/final_pipeline/data/windows/train/fall/gmncsa24_gmncsa_fall_033/gmncsa24_gmncsa_fall_033_w0026.json
gmncsa24_gmncsa_fall_033_w0030,gmncsa24_gmncsa_fall_033,fall,train,/Users/varunreddyseelam/Desktop/Gen_ai/final_pipeline/data/windows/train/fall/gmncsa24_gmncsa_fall_033/gmncsa24_gmncsa_fall_033_w0030.json
gmncsa24_gmncsa_fall_033_w0031,gmncsa24_gmncsa_fall_033,fall,train,/Users/varunreddyseelam/Desktop/Gen_ai/final_pipeline/data/windows/train/fall/gmncsa24_gmncsa_fall_033/gmncsa24_gmncsa_fall_033_w0031.json
gmncsa24_gmncsa_fall_033_w0027,gmncsa24_gmncsa_fall_033,fall,train,/Users/varunreddyseelam/Desktop/Gen_ai/final_pipeline/data/windows/train/fall/gmncsa24_gmncsa_fall_033/gmncsa24_gmncsa_fall_033_w0027.json
gmncsa24_gmncsa_fall_033_w0007,gmncsa24_gmncsa_fall_033,fall,train,/Users/varunreddyseelam/Desktop/Gen_ai/final_pipeline/data/windows/train/fall/gmncsa24_gmncsa_fall_033/gmncsa24_gmncsa_fall_033_w0007.json
gmncsa24_gmncsa_fall_033_w0011,gmncsa24_gmncsa_fall_033,fall,train,/Users/varunreddyseelam/Desktop/Gen_ai/final_pipeline/data/windows/train/fall/gmncsa24_gmncsa_fall_033/gmncsa24_gmncsa_fall_033_w0011.json
gmncsa24_gmncsa_fall_033_w0004,gmncsa24_gmncsa_fall_033,fall,train,/Users/varunreddyseelam/Desktop/Gen_ai/final_pipeline/data/windows/train/fall/gmncsa24_gmncsa_fall_033/gmncsa24_gmncsa_fall_033_w0004.json
gmncsa24_gmncsa_fall_033_w0012,gmncsa24_gmncsa_fall_033,fall,train,/Users/varunreddyseelam/Desktop/Gen_ai/final_pipeline/data/windows/train/fall/gmncsa24_gmncsa_fall_033/gmncsa24_gmncsa_fall_033_w0012.json
gmncsa24_gmncsa_fall_033_w0028,gmncsa24_gmncsa_fall_033,fall,train,/Users/varunreddyseelam/Desktop/Gen_ai/final_pipeline/data/windows/train/fall/gmncsa24_gmncsa_fall_033/gmncsa24_gmncsa_fall_033_w0028.json
gmncsa24_gmncsa_fall_033_w0008,gmncsa24_gmncsa_fall_033,fall,train,/Users/varunreddyseelam/Desktop/Gen_ai/final_pipeline/data/windows/train/fall/gmncsa24_gmncsa_fall_033/gmncsa24_gmncsa_fall_033_w0008.json
gmncsa24_gmncsa_fall_033_w0024,gmncsa24_gmncsa_fall_033,fall,train,/Users/varunreddyseelam/Desktop/Gen_ai/final_pipeline/data/windows/train/fall/gmncsa24_gmncsa_fall_033/gmncsa24_gmncsa_fall_033_w0024.json
gmncsa24_gmncsa_fall_033_w0025,gmncsa24_gmncsa_fall_033,fall,train,/Users/varunreddyseelam/Desktop/Gen_ai/final_pipeline/data/windows/train/fall/gmncsa24_gmncsa_fall_033/gmncsa24_gmncsa_fall_033_w0025.json
gmncsa24_gmncsa_fall_033_w0009,gmncsa24_gmncsa_fall_033,fall,train,/Users/varunreddyseelam/Desktop/Gen_ai/final_pipeline/data/windows/train/fall/gmncsa24_gmncsa_fall_033/gmncsa24_gmncsa_fall_033_w0009.json
gmncsa24_gmncsa_fall_033_w0029,gmncsa24_gmncsa_fall_033,fall,train,/Users/varunreddyseelam/Desktop/Gen_ai/final_pipeline/data/windows/train/fall/gmncsa24_gmncsa_fall_033/gmncsa24_gmncsa_fall_033_w0029.json
gmncsa24_gmncsa_fall_033_w0013,gmncsa24_gmncsa_fall_033,fall,train,/Users/varunreddyseelam/Desktop/Gen_ai/final_pipeline/data/windows/train/fall/gmncsa24_gmncsa_fall_033/gmncsa24_gmncsa_fall_033_w0013.json
gmncsa24_gmncsa_fall_033_w0005,gmncsa24_gmncsa_fall_033,fall,train,/Users/varunreddyseelam/Desktop/Gen_ai/final_pipeline/data/windows/train/fall/gmncsa24_gmncsa_fall_033/gmncsa24_gmncsa_fall_033_w0005.json
gmncsa24_gmncsa_fall_033_w0018,gmncsa24_gmncsa_fall_033,fall,train,/Users/varunreddyseelam/Desktop/Gen_ai/final_pipeline/data/windows/train/fall/gmncsa24_gmncsa_fall_033/gmncsa24_gmncsa_fall_033_w0018.json
gmncsa24_gmncsa_fall_033_w0022,gmncsa24_gmncsa_fall_033,fall,train,/Users/varunreddyseelam/Desktop/Gen_ai/final_pipeline/data/windows/train/fall/gmncsa24_gmncsa_fall_033/gmncsa24_gmncsa_fall_033_w0022.json
gmncsa24_gmncsa_fall_033_w0002,gmncsa24_gmncsa_fall_033,fall,train,/Users/varunreddyseelam/Desktop/Gen_ai/final_pipeline/data/windows/train/fall/gmncsa24_gmncsa_fall_033/gmncsa24_gmncsa_fall_033_w0002.json
gmncsa24_gmncsa_fall_033_w0014,gmncsa24_gmncsa_fall_033,fall,train,/Users/varunreddyseelam/Desktop/Gen_ai/final_pipeline/data/windows/train/fall/gmncsa24_gmncsa_fall_033/gmncsa24_gmncsa_fall_033_w0014.json
gmncsa24_gmncsa_fall_033_w0015,gmncsa24_gmncsa_fall_033,fall,train,/Users/varunreddyseelam/Desktop/Gen_ai/final_pipeline/data/windows/train/fall/gmncsa24_gmncsa_fall_033/gmncsa24_gmncsa_fall_033_w0015.json
gmncsa24_gmncsa_fall_033_w0003,gmncsa24_gmncsa_fall_033,fall,train,/Users/varunreddyseelam/Desktop/Gen_ai/final_pipeline/data/windows/train/fall/gmncsa24_gmncsa_fall_033/gmncsa24_gmncsa_fall_033_w0003.json
gmncsa24_gmncsa_fall_033_w0023,gmncsa24_gmncsa_fall_033,fall,train,/Users/varunreddyseelam/Desktop/Gen_ai/final_pipeline/data/windows/train/fall/gmncsa24_gmncsa_fall_033/gmncsa24_gmncsa_fall_033_w0023.json
gmncsa24_gmncsa_fall_033_w0019,gmncsa24_gmncsa_fall_033,fall,train,/Users/varunreddyseelam/Desktop/Gen_ai/final_pipeline/data/windows/train/fall/gmncsa24_gmncsa_fall_033/gmncsa24_gmncsa_fall_033_w0019.json
le2i_H01_video_28_fall_w0000,le2i_H01_video_28_fall,fall,train,/Users/varunreddyseelam/Desktop/Gen_ai/final_pipeline/data/windows/train/fall/le2i_H01_video_28_fall/le2i_H01_video_28_fall_w0000.json
le2i_H01_video_4_fall_w0000,le2i_H01_video_4_fall,fall,train,/Users/varunreddyseelam/Desktop/Gen_ai/final_pipeline/data/windows/train/fall/le2i_H01_video_4_fall/le2i_H01_video_4_fall_w0000.json
le2i_CR01_video_5_fall_w0001,le2i_CR01_video_5_fall,fall,train,/Users/varunreddyseelam/Desktop/Gen_ai/final_pipeline/data/windows/train/fall/le2i_CR01_video_5_fall/le2i_CR01_video_5_fall_w0001.json
le2i_CR01_video_5_fall_w0000,le2i_CR01_video_5_fall,fall,train,/Users/varunreddyseelam/Desktop/Gen_ai/final_pipeline/data/windows/train/fall/le2i_CR01_video_5_fall/le2i_CR01_video_5_fall_w0000.json
le2i_CR01_video_5_fall_w0003,le2i_CR01_video_5_fall,fall,train,/Users/varunreddyseelam/Desktop/Gen_ai/final_pipeline/data/windows/train/fall/le2i_CR01_video_5_fall/le2i_CR01_video_5_fall_w0003.json
le2i_CR01_video_5_fall_w0002,le2i_CR01_video_5_fall,fall,train,/Users/varunreddyseelam/Desktop/Gen_ai/final_pipeline/data/windows/train/fall/le2i_CR01_video_5_fall/le2i_CR01_video_5_fall_w0002.json
le2i_CR01_video_5_fall_w0004,le2i_CR01_video_5_fall,fall,train,/Users/varunreddyseelam/Desktop/Gen_ai/final_pipeline/data/windows/train/fall/le2i_CR01_video_5_fall/le2i_CR01_video_5_fall_w0004.json
le2i_CR01_video_10_fall_w0000,le2i_CR01_video_10_fall,fall,train,/Users/varunreddyseelam/Desktop/Gen_ai/final_pipeline/data/windows/train/fall/le2i_CR01_video_10_fall/le2i_CR01_video_10_fall_w0000.json
le2i_CR01_video_10_fall_w0001,le2i_CR01_video_10_fall,fall,train,/Users/varunreddyseelam/Desktop/Gen_ai/final_pipeline/data/windows/train/fall/le2i_CR01_video_10_fall/le2i_CR01_video_10_fall_w0001.json
le2i_CR01_video_10_fall_w0002,le2i_CR01_video_10_fall,fall,train,/Users/varunreddyseelam/Desktop/Gen_ai/final_pipeline/data/windows/train/fall/le2i_CR01_video_10_fall/le2i_CR01_video_10_fall_w0002.json
le2i_CR01_video_10_fall_w0003,le2i_CR01_video_10_fall,fall,train,/Users/varunreddyseelam/Desktop/Gen_ai/final_pipeline/data/windows/train/fall/le2i_CR01_video_10_fall/le2i_CR01_video_10_fall_w0003.json
urfd_fall-20-cam0_w0018,urfd_fall-20-cam0,fall,train,/Users/varunreddyseelam/Desktop/Gen_ai/final_pipeline/data/windows/train/fall/urfd_fall-20-cam0/urfd_fall-20-cam0_w0018.json
urfd_fall-20-cam0_w0014,urfd_fall-20-cam0,fall,train,/Users/varunreddyseelam/Desktop/Gen_ai/final_pipeline/data/windows/train/fall/urfd_fall-20-cam0/urfd_fall-20-cam0_w0014.json
urfd_fall-20-cam0_w0002,urfd_fall-20-cam0,fall,train,/Users/varunreddyseelam/Desktop/Gen_ai/final_pipeline/data/windows/train/fall/urfd_fall-20-cam0/urfd_fall-20-cam0_w0002.json
urfd_fall-20-cam0_w0003,urfd_fall-20-cam0,fall,train,/Users/varunreddyseelam/Desktop/Gen_ai/final_pipeline/data/windows/train/fall/urfd_fall-20-cam0/urfd_fall-20-cam0_w0003.json
urfd_fall-20-cam0_w0015,urfd_fall-20-cam0,fall,train,/Users/varunreddyseelam/Desktop/Gen_ai/final_pipeline/data/windows/train/fall/urfd_fall-20-cam0/urfd_fall-20-cam0_w0015.json
urfd_fall-20-cam0_w0019,urfd_fall-20-cam0,fall,train,/Users/varunreddyseelam/Desktop/Gen_ai/final_pipeline/data/windows/train/fall/urfd_fall-20-cam0/urfd_fall-20-cam0_w0019.json
urfd_fall-20-cam0_w0012,urfd_fall-20-cam0,fall,train,/Users/varunreddyseelam/Desktop/Gen_ai/final_pipeline/data/windows/train/fall/urfd_fall-20-cam0/urfd_fall-20-cam0_w0012.json
urfd_fall-20-cam0_w0004,urfd_fall-20-cam0,fall,train,/Users/varunreddyseelam/Desktop/Gen_ai/final_pipeline/data/windows/train/fall/urfd_fall-20-cam0/urfd_fall-20-cam0_w0004.json
urfd_fall-20-cam0_w0008,urfd_fall-20-cam0,fall,train,/Users/varunreddyseelam/Desktop/Gen_ai/final_pipeline/data/windows/train/fall/urfd_fall-20-cam0/urfd_fall-20-cam0_w0008.json
urfd_fall-20-cam0_w0009,urfd_fall-20-cam0,fall,train,/Users/varunreddyseelam/Desktop/Gen_ai/final_pipeline/data/windows/train/fall/urfd_fall-20-cam0/urfd_fall-20-cam0_w0009.json
urfd_fall-20-cam0_w0005,urfd_fall-20-cam0,fall,train,/Users/varunreddyseelam/Desktop/Gen_ai/final_pipeline/data/windows/train/fall/urfd_fall-20-cam0/urfd_fall-20-cam0_w0005.json
urfd_fall-20-cam0_w0013,urfd_fall-20-cam0,fall,train,/Users/varunreddyseelam/Desktop/Gen_ai/final_pipeline/data/windows/train/fall/urfd_fall-20-cam0/urfd_fall-20-cam0_w0013.json
urfd_fall-20-cam0_w0006,urfd_fall-20-cam0,fall,train,/Users/varunreddyseelam/Desktop/Gen_ai/final_pipeline/data/windows/train/fall/urfd_fall-20-cam0/urfd_fall-20-cam0_w0006.json
urfd_fall-20-cam0_w0010,urfd_fall-20-cam0,fall,train,/Users/varunreddyseelam/Desktop/Gen_ai/final_pipeline/data/windows/train/fall/urfd_fall-20-cam0/urfd_fall-20-cam0_w0010.json
urfd_fall-20-cam0_w0011,urfd_fall-20-cam0,fall,train,/Users/varunreddyseelam/Desktop/Gen_ai/final_pipeline/data/windows/train/fall/urfd_fall-20-cam0/urfd_fall-20-cam0_w0011.json
urfd_fall-20-cam0_w0007,urfd_fall-20-cam0,fall,train,/Users/varunreddyseelam/Desktop/Gen_ai/final_pipeline/data/windows/train/fall/urfd_fall-20-cam0/urfd_fall-20-cam0_w0007.json
urfd_fall-20-cam0_w0000,urfd_fall-20-cam0,fall,train,/Users/varunreddyseelam/Desktop/Gen_ai/final_pipeline/data/windows/train/fall/urfd_fall-20-cam0/urfd_fall-20-cam0_w0000.json
urfd_fall-20-cam0_w0016,urfd_fall-20-cam0,fall,train,/Users/varunreddyseelam/Desktop/Gen_ai/final_pipeline/data/windows/train/fall/urfd_fall-20-cam0/urfd_fall-20-cam0_w0016.json
urfd_fall-20-cam0_w0017,urfd_fall-20-cam0,fall,train,/Users/varunreddyseelam/Desktop/Gen_ai/final_pipeline/data/windows/train/fall/urfd_fall-20-cam0/urfd_fall-20-cam0_w0017.json
urfd_fall-20-cam0_w0001,urfd_fall-20-cam0,fall,train,/Users/varunreddyseelam/Desktop/Gen_ai/final_pipeline/data/windows/train/fall/urfd_fall-20-cam0/urfd_fall-20-cam0_w0001.json
le2i_H01_video_24_fall_w0000,le2i_H01_video_24_fall,fall,train,/Users/varunreddyseelam/Desktop/Gen_ai/final_pipeline/data/windows/train/fall/le2i_H01_video_24_fall/le2i_H01_video_24_fall_w0000.json
le2i_CR01_video_30_fall_w0002,le2i_CR01_video_30_fall,fall,train,/Users/varunreddyseelam/Desktop/Gen_ai/final_pipeline/data/windows/train/fall/le2i_CR01_video_30_fall/le2i_CR01_video_30_fall_w0002.json
le2i_CR01_video_30_fall_w0000,le2i_CR01_video_30_fall,fall,train,/Users/varunreddyseelam/Desktop/Gen_ai/final_pipeline/data/windows/train/fall/le2i_CR01_video_30_fall/le2i_CR01_video_30_fall_w0000.json
le2i_CR01_video_30_fall_w0001,le2i_CR01_video_30_fall,fall,train,/Users/varunreddyseelam/Desktop/Gen_ai/final_pipeline/data/windows/train/fall/le2i_CR01_video_30_fall/le2i_CR01_video_30_fall_w0001.json
le2i_H01_video_8_fall_w0000,le2i_H01_video_8_fall,fall,train,/Users/varunreddyseelam/Desktop/Gen_ai/final_pipeline/data/windows/train/fall/le2i_H01_video_8_fall/le2i_H01_video_8_fall_w0000.json
le2i_CR01_video_40_fall_w0001,le2i_CR01_video_40_fall,fall,train,/Users/varunreddyseelam/Desktop/Gen_ai/final_pipeline/data/windows/train/fall/le2i_CR01_video_40_fall/le2i_CR01_video_40_fall_w0001.json
le2i_CR01_video_40_fall_w0000,le2i_CR01_video_40_fall,fall,train,/Users/varunreddyseelam/Desktop/Gen_ai/final_pipeline/data/windows/train/fall/le2i_CR01_video_40_fall/le2i_CR01_video_40_fall_w0000.json
le2i_CR01_video_40_fall_w0003,le2i_CR01_video_40_fall,fall,train,/Users/varunreddyseelam/Desktop/Gen_ai/final_pipeline/data/windows/train/fall/le2i_CR01_video_40_fall/le2i_CR01_video_40_fall_w0003.json
le2i_CR01_video_40_fall_w0002,le2i_CR01_video_40_fall,fall,train,/Users/varunreddyseelam/Desktop/Gen_ai/final_pipeline/data/windows/train/fall/le2i_CR01_video_40_fall/le2i_CR01_video_40_fall_w0002.json
le2i_CR01_video_40_fall_w0004,le2i_CR01_video_40_fall,fall,train,/Users/varunreddyseelam/Desktop/Gen_ai/final_pipeline/data/windows/train/fall/le2i_CR01_video_40_fall/le2i_CR01_video_40_fall_w0004.json
urfd_fall-27-cam0_w0015,urfd_fall-27-cam0,fall,train,/Users/varunreddyseelam/Desktop/Gen_ai/final_pipeline/data/windows/train/fall/urfd_fall-27-cam0/urfd_fall-27-cam0_w0015.json
urfd_fall-27-cam0_w0003,urfd_fall-27-cam0,fall,train,/Users/varunreddyseelam/Desktop/Gen_ai/final_pipeline/data/windows/train/fall/urfd_fall-27-cam0/urfd_fall-27-cam0_w0003.json
urfd_fall-27-cam0_w0002,urfd_fall-27-cam0,fall,train,/Users/varunreddyseelam/Desktop/Gen_ai/final_pipeline/data/windows/train/fall/urfd_fall-27-cam0/urfd_fall-27-cam0_w0002.json
urfd_fall-27-cam0_w0014,urfd_fall-27-cam0,fall,train,/Users/varunreddyseelam/Desktop/Gen_ai/final_pipeline/data/windows/train/fall/urfd_fall-27-cam0/urfd_fall-27-cam0_w0014.json
urfd_fall-27-cam0_w0013,urfd_fall-27-cam0,fall,train,/Users/varunreddyseelam/Desktop/Gen_ai/final_pipeline/data/windows/train/fall/urfd_fall-27-cam0/urfd_fall-27-cam0_w0013.json
urfd_fall-27-cam0_w0005,urfd_fall-27-cam0,fall,train,/Users/varunreddyseelam/Desktop/Gen_ai/final_pipeline/data/windows/train/fall/urfd_fall-27-cam0/urfd_fall-27-cam0_w0005.json
urfd_fall-27-cam0_w0009,urfd_fall-27-cam0,fall,train,/Users/varunreddyseelam/Desktop/Gen_ai/final_pipeline/data/windows/train/fall/urfd_fall-27-cam0/urfd_fall-27-cam0_w0009.json
urfd_fall-27-cam0_w0008,urfd_fall-27-cam0,fall,train,/Users/varunreddyseelam/Desktop/Gen_ai/final_pipeline/data/windows/train/fall/urfd_fall-27-cam0/urfd_fall-27-cam0_w0008.json
urfd_fall-27-cam0_w0004,urfd_fall-27-cam0,fall,train,/Users/varunreddyseelam/Desktop/Gen_ai/final_pipeline/data/windows/train/fall/urfd_fall-27-cam0/urfd_fall-27-cam0_w0004.json
urfd_fall-27-cam0_w0012,urfd_fall-27-cam0,fall,train,/Users/varunreddyseelam/Desktop/Gen_ai/final_pipeline/data/windows/train/fall/urfd_fall-27-cam0/urfd_fall-27-cam0_w0012.json
urfd_fall-27-cam0_w0007,urfd_fall-27-cam0,fall,train,/Users/varunreddyseelam/Desktop/Gen_ai/final_pipeline/data/windows/train/fall/urfd_fall-27-cam0/urfd_fall-27-cam0_w0007.json
urfd_fall-27-cam0_w0011,urfd_fall-27-cam0,fall,train,/Users/varunreddyseelam/Desktop/Gen_ai/final_pipeline/data/windows/train/fall/urfd_fall-27-cam0/urfd_fall-27-cam0_w0011.json
urfd_fall-27-cam0_w0010,urfd_fall-27-cam0,fall,train,/Users/varunreddyseelam/Desktop/Gen_ai/final_pipeline/data/windows/train/fall/urfd_fall-27-cam0/urfd_fall-27-cam0_w0010.json
urfd_fall-27-cam0_w0006,urfd_fall-27-cam0,fall,train,/Users/varunreddyseelam/Desktop/Gen_ai/final_pipeline/data/windows/train/fall/urfd_fall-27-cam0/urfd_fall-27-cam0_w0006.json
urfd_fall-27-cam0_w0001,urfd_fall-27-cam0,fall,train,/Users/varunreddyseelam/Desktop/Gen_ai/final_pipeline/data/windows/train/fall/urfd_fall-27-cam0/urfd_fall-27-cam0_w0001.json
urfd_fall-27-cam0_w0016,urfd_fall-27-cam0,fall,train,/Users/varunreddyseelam/Desktop/Gen_ai/final_pipeline/data/windows/train/fall/urfd_fall-27-cam0/urfd_fall-27-cam0_w0016.json
urfd_fall-27-cam0_w0000,urfd_fall-27-cam0,fall,train,/Users/varunreddyseelam/Desktop/Gen_ai/final_pipeline/data/windows/train/fall/urfd_fall-27-cam0/urfd_fall-27-cam0_w0000.json
le2i_CR01_video_17_fall_w0001,le2i_CR01_video_17_fall,fall,train,/Users/varunreddyseelam/Desktop/Gen_ai/final_pipeline/data/windows/train/fall/le2i_CR01_video_17_fall/le2i_CR01_video_17_fall_w0001.json
le2i_CR01_video_17_fall_w0000,le2i_CR01_video_17_fall,fall,train,/Users/varunreddyseelam/Desktop/Gen_ai/final_pipeline/data/windows/train/fall/le2i_CR01_video_17_fall/le2i_CR01_video_17_fall_w0000.json
le2i_CR01_video_17_fall_w0005,le2i_CR01_video_17_fall,fall,train,/Users/varunreddyseelam/Desktop/Gen_ai/final_pipeline/data/windows/train/fall/le2i_CR01_video_17_fall/le2i_CR01_video_17_fall_w0005.json
le2i_CR01_video_17_fall_w0004,le2i_CR01_video_17_fall,fall,train,/Users/varunreddyseelam/Desktop/Gen_ai/final_pipeline/data/windows/train/fall/le2i_CR01_video_17_fall/le2i_CR01_video_17_fall_w0004.json
le2i_CR01_video_17_fall_w0003,le2i_CR01_video_17_fall,fall,train,/Users/varunreddyseelam/Desktop/Gen_ai/final_pipeline/data/windows/train/fall/le2i_CR01_video_17_fall/le2i_CR01_video_17_fall_w0003.json
le2i_CR01_video_17_fall_w0002,le2i_CR01_video_17_fall,fall,train,/Users/varunreddyseelam/Desktop/Gen_ai/final_pipeline/data/windows/train/fall/le2i_CR01_video_17_fall/le2i_CR01_video_17_fall_w0002.json
le2i_CR01_video_2_fall_w0000,le2i_CR01_video_2_fall,fall,train,/Users/varunreddyseelam/Desktop/Gen_ai/final_pipeline/data/windows/train/fall/le2i_CR01_video_2_fall/le2i_CR01_video_2_fall_w0000.json
le2i_CR01_video_2_fall_w0001,le2i_CR01_video_2_fall,fall,train,/Users/varunreddyseelam/Desktop/Gen_ai/final_pipeline/data/windows/train/fall/le2i_CR01_video_2_fall/le2i_CR01_video_2_fall_w0001.json
le2i_CR01_video_2_fall_w0002,le2i_CR01_video_2_fall,fall,train,/Users/varunreddyseelam/Desktop/Gen_ai/final_pipeline/data/windows/train/fall/le2i_CR01_video_2_fall/le2i_CR01_video_2_fall_w0002.json
le2i_CR01_video_2_fall_w0003,le2i_CR01_video_2_fall,fall,train,/Users/varunreddyseelam/Desktop/Gen_ai/final_pipeline/data/windows/train/fall/le2i_CR01_video_2_fall/le2i_CR01_video_2_fall_w0003.json
le2i_H01_video_15_fall_w0000,le2i_H01_video_15_fall,fall,train,/Users/varunreddyseelam/Desktop/Gen_ai/final_pipeline/data/windows/train/fall/le2i_H01_video_15_fall/le2i_H01_video_15_fall_w0000.json
le2i_H01_video_3_fall_w0000,le2i_H01_video_3_fall,fall,train,/Users/varunreddyseelam/Desktop/Gen_ai/final_pipeline/data/windows/train/fall/le2i_H01_video_3_fall/le2i_H01_video_3_fall_w0000.json
le2i_H02_video_34_fall_w0000,le2i_H02_video_34_fall,fall,train,/Users/varunreddyseelam/Desktop/Gen_ai/final_pipeline/data/windows/train/fall/le2i_H02_video_34_fall/le2i_H02_video_34_fall_w0000.json
le2i_H01_video_19_fall_w0000,le2i_H01_video_19_fall,fall,train,/Users/varunreddyseelam/Desktop/Gen_ai/final_pipeline/data/windows/train/fall/le2i_H01_video_19_fall/le2i_H01_video_19_fall_w0000.json
urfd_fall-07-cam0_w0027,urfd_fall-07-cam0,fall,train,/Users/varunreddyseelam/Desktop/Gen_ai/final_pipeline/data/windows/train/fall/urfd_fall-07-cam0/urfd_fall-07-cam0_w0027.json
urfd_fall-07-cam0_w0011,urfd_fall-07-cam0,fall,train,/Users/varunreddyseelam/Desktop/Gen_ai/final_pipeline/data/windows/train/fall/urfd_fall-07-cam0/urfd_fall-07-cam0_w0011.json
urfd_fall-07-cam0_w0007,urfd_fall-07-cam0,fall,train,/Users/varunreddyseelam/Desktop/Gen_ai/final_pipeline/data/windows/train/fall/urfd_fall-07-cam0/urfd_fall-07-cam0_w0007.json
urfd_fall-07-cam0_w0006,urfd_fall-07-cam0,fall,train,/Users/varunreddyseelam/Desktop/Gen_ai/final_pipeline/data/windows/train/fall/urfd_fall-07-cam0/urfd_fall-07-cam0_w0006.json
urfd_fall-07-cam0_w0010,urfd_fall-07-cam0,fall,train,/Users/varunreddyseelam/Desktop/Gen_ai/final_pipeline/data/windows/train/fall/urfd_fall-07-cam0/urfd_fall-07-cam0_w0010.json
urfd_fall-07-cam0_w0026,urfd_fall-07-cam0,fall,train,/Users/varunreddyseelam/Desktop/Gen_ai/final_pipeline/data/windows/train/fall/urfd_fall-07-cam0/urfd_fall-07-cam0_w0026.json
urfd_fall-07-cam0_w0017,urfd_fall-07-cam0,fall,train,/Users/varunreddyseelam/Desktop/Gen_ai/final_pipeline/data/windows/train/fall/urfd_fall-07-cam0/urfd_fall-07-cam0_w0017.json
urfd_fall-07-cam0_w0001,urfd_fall-07-cam0,fall,train,/Users/varunreddyseelam/Desktop/Gen_ai/final_pipeline/data/windows/train/fall/urfd_fall-07-cam0/urfd_fall-07-cam0_w0001.json
urfd_fall-07-cam0_w0021,urfd_fall-07-cam0,fall,train,/Users/varunreddyseelam/Desktop/Gen_ai/final_pipeline/data/windows/train/fall/urfd_fall-07-cam0/urfd_fall-07-cam0_w0021.json
urfd_fall-07-cam0_w0020,urfd_fall-07-cam0,fall,train,/Users/varunreddyseelam/Desktop/Gen_ai/final_pipeline/data/windows/train/fall/urfd_fall-07-cam0/urfd_fall-07-cam0_w0020.json
urfd_fall-07-cam0_w0000,urfd_fall-07-cam0,fall,train,/Users/varunreddyseelam/Desktop/Gen_ai/final_pipeline/data/windows/train/fall/urfd_fall-07-cam0/urfd_fall-07-cam0_w0000.json
urfd_fall-07-cam0_w0016,urfd_fall-07-cam0,fall,train,/Users/varunreddyseelam/Desktop/Gen_ai/final_pipeline/data/windows/train/fall/urfd_fall-07-cam0/urfd_fall-07-cam0_w0016.json
urfd_fall-07-cam0_w0003,urfd_fall-07-cam0,fall,train,/Users/varunreddyseelam/Desktop/Gen_ai/final_pipeline/data/windows/train/fall/urfd_fall-07-cam0/urfd_fall-07-cam0_w0003.json
urfd_fall-07-cam0_w0015,urfd_fall-07-cam0,fall,train,/Users/varunreddyseelam/Desktop/Gen_ai/final_pipeline/data/windows/train/fall/urfd_fall-07-cam0/urfd_fall-07-cam0_w0015.json
urfd_fall-07-cam0_w0019,urfd_fall-07-cam0,fall,train,/Users/varunreddyseelam/Desktop/Gen_ai/final_pipeline/data/windows/train/fall/urfd_fall-07-cam0/urfd_fall-07-cam0_w0019.json
urfd_fall-07-cam0_w0023,urfd_fall-07-cam0,fall,train,/Users/varunreddyseelam/Desktop/Gen_ai/final_pipeline/data/windows/train/fall/urfd_fall-07-cam0/urfd_fall-07-cam0_w0023.json
urfd_fall-07-cam0_w0022,urfd_fall-07-cam0,fall,train,/Users/varunreddyseelam/Desktop/Gen_ai/final_pipeline/data/windows/train/fall/urfd_fall-07-cam0/urfd_fall-07-cam0_w0022.json
urfd_fall-07-cam0_w0018,urfd_fall-07-cam0,fall,train,/Users/varunreddyseelam/Desktop/Gen_ai/final_pipeline/data/windows/train/fall/urfd_fall-07-cam0/urfd_fall-07-cam0_w0018.json
urfd_fall-07-cam0_w0014,urfd_fall-07-cam0,fall,train,/Users/varunreddyseelam/Desktop/Gen_ai/final_pipeline/data/windows/train/fall/urfd_fall-07-cam0/urfd_fall-07-cam0_w0014.json
urfd_fall-07-cam0_w0002,urfd_fall-07-cam0,fall,train,/Users/varunreddyseelam/Desktop/Gen_ai/final_pipeline/data/windows/train/fall/urfd_fall-07-cam0/urfd_fall-07-cam0_w0002.json
urfd_fall-07-cam0_w0009,urfd_fall-07-cam0,fall,train,/Users/varunreddyseelam/Desktop/Gen_ai/final_pipeline/data/windows/train/fall/urfd_fall-07-cam0/urfd_fall-07-cam0_w0009.json
urfd_fall-07-cam0_w0025,urfd_fall-07-cam0,fall,train,/Users/varunreddyseelam/Desktop/Gen_ai/final_pipeline/data/windows/train/fall/urfd_fall-07-cam0/urfd_fall-07-cam0_w0025.json
urfd_fall-07-cam0_w0005,urfd_fall-07-cam0,fall,train,/Users/varunreddyseelam/Desktop/Gen_ai/final_pipeline/data/windows/train/fall/urfd_fall-07-cam0/urfd_fall-07-cam0_w0005.json
urfd_fall-07-cam0_w0013,urfd_fall-07-cam0,fall,train,/Users/varunreddyseelam/Desktop/Gen_ai/final_pipeline/data/windows/train/fall/urfd_fall-07-cam0/urfd_fall-07-cam0_w0013.json
urfd_fall-07-cam0_w0029,urfd_fall-07-cam0,fall,train,/Users/varunreddyseelam/Desktop/Gen_ai/final_pipeline/data/windows/train/fall/urfd_fall-07-cam0/urfd_fall-07-cam0_w0029.json
urfd_fall-07-cam0_w0028,urfd_fall-07-cam0,fall,train,/Users/varunreddyseelam/Desktop/Gen_ai/final_pipeline/data/windows/train/fall/urfd_fall-07-cam0/urfd_fall-07-cam0_w0028.json
urfd_fall-07-cam0_w0012,urfd_fall-07-cam0,fall,train,/Users/varunreddyseelam/Desktop/Gen_ai/final_pipeline/data/windows/train/fall/urfd_fall-07-cam0/urfd_fall-07-cam0_w0012.json
urfd_fall-07-cam0_w0004,urfd_fall-07-cam0,fall,train,/Users/varunreddyseelam/Desktop/Gen_ai/final_pipeline/data/windows/train/fall/urfd_fall-07-cam0/urfd_fall-07-cam0_w0004.json
urfd_fall-07-cam0_w0024,urfd_fall-07-cam0,fall,train,/Users/varunreddyseelam/Desktop/Gen_ai/final_pipeline/data/windows/train/fall/urfd_fall-07-cam0/urfd_fall-07-cam0_w0024.json
urfd_fall-07-cam0_w0008,urfd_fall-07-cam0,fall,train,/Users/varunreddyseelam/Desktop/Gen_ai/final_pipeline/data/windows/train/fall/urfd_fall-07-cam0/urfd_fall-07-cam0_w0008.json
le2i_CR01_video_37_fall_w0003,le2i_CR01_video_37_fall,fall,train,/Users/varunreddyseelam/Desktop/Gen_ai/final_pipeline/data/windows/train/fall/le2i_CR01_video_37_fall/le2i_CR01_video_37_fall_w0003.json
le2i_CR01_video_37_fall_w0002,le2i_CR01_video_37_fall,fall,train,/Users/varunreddyseelam/Desktop/Gen_ai/final_pipeline/data/windows/train/fall/le2i_CR01_video_37_fall/le2i_CR01_video_37_fall_w0002.json
le2i_CR01_video_37_fall_w0001,le2i_CR01_video_37_fall,fall,train,/Users/varunreddyseelam/Desktop/Gen_ai/final_pipeline/data/windows/train/fall/le2i_CR01_video_37_fall/le2i_CR01_video_37_fall_w0001.json
le2i_CR01_video_37_fall_w0000,le2i_CR01_video_37_fall,fall,train,/Users/varunreddyseelam/Desktop/Gen_ai/final_pipeline/data/windows/train/fall/le2i_CR01_video_37_fall/le2i_CR01_video_37_fall_w0000.json
le2i_CR01_video_21_fall_w0001,le2i_CR01_video_21_fall,fall,train,/Users/varunreddyseelam/Desktop/Gen_ai/final_pipeline/data/windows/train/fall/le2i_CR01_video_21_fall/le2i_CR01_video_21_fall_w0001.json
le2i_CR01_video_21_fall_w0000,le2i_CR01_video_21_fall,fall,train,/Users/varunreddyseelam/Desktop/Gen_ai/final_pipeline/data/windows/train/fall/le2i_CR01_video_21_fall/le2i_CR01_video_21_fall_w0000.json
urfd_fall-11-cam0_w0007,urfd_fall-11-cam0,fall,train,/Users/varunreddyseelam/Desktop/Gen_ai/final_pipeline/data/windows/train/fall/urfd_fall-11-cam0/urfd_fall-11-cam0_w0007.json
urfd_fall-11-cam0_w0011,urfd_fall-11-cam0,fall,train,/Users/varunreddyseelam/Desktop/Gen_ai/final_pipeline/data/windows/train/fall/urfd_fall-11-cam0/urfd_fall-11-cam0_w0011.json
urfd_fall-11-cam0_w0010,urfd_fall-11-cam0,fall,train,/Users/varunreddyseelam/Desktop/Gen_ai/final_pipeline/data/windows/train/fall/urfd_fall-11-cam0/urfd_fall-11-cam0_w0010.json
urfd_fall-11-cam0_w0006,urfd_fall-11-cam0,fall,train,/Users/varunreddyseelam/Desktop/Gen_ai/final_pipeline/data/windows/train/fall/urfd_fall-11-cam0/urfd_fall-11-cam0_w0006.json
urfd_fall-11-cam0_w0021,urfd_fall-11-cam0,fall,train,/Users/varunreddyseelam/Desktop/Gen_ai/final_pipeline/data/windows/train/fall/urfd_fall-11-cam0/urfd_fall-11-cam0_w0021.json
urfd_fall-11-cam0_w0001,urfd_fall-11-cam0,fall,train,/Users/varunreddyseelam/Desktop/Gen_ai/final_pipeline/data/windows/train/fall/urfd_fall-11-cam0/urfd_fall-11-cam0_w0001.json
urfd_fall-11-cam0_w0017,urfd_fall-11-cam0,fall,train,/Users/varunreddyseelam/Desktop/Gen_ai/final_pipeline/data/windows/train/fall/urfd_fall-11-cam0/urfd_fall-11-cam0_w0017.json
urfd_fall-11-cam0_w0016,urfd_fall-11-cam0,fall,train,/Users/varunreddyseelam/Desktop/Gen_ai/final_pipeline/data/windows/train/fall/urfd_fall-11-cam0/urfd_fall-11-cam0_w0016.json
urfd_fall-11-cam0_w0000,urfd_fall-11-cam0,fall,train,/Users/varunreddyseelam/Desktop/Gen_ai/final_pipeline/data/windows/train/fall/urfd_fall-11-cam0/urfd_fall-11-cam0_w0000.json
urfd_fall-11-cam0_w0020,urfd_fall-11-cam0,fall,train,/Users/varunreddyseelam/Desktop/Gen_ai/final_pipeline/data/windows/train/fall/urfd_fall-11-cam0/urfd_fall-11-cam0_w0020.json
urfd_fall-11-cam0_w0019,urfd_fall-11-cam0,fall,train,/Users/varunreddyseelam/Desktop/Gen_ai/final_pipeline/data/windows/train/fall/urfd_fall-11-cam0/urfd_fall-11-cam0_w0019.json
urfd_fall-11-cam0_w0023,urfd_fall-11-cam0,fall,train,/Users/varunreddyseelam/Desktop/Gen_ai/final_pipeline/data/windows/train/fall/urfd_fall-11-cam0/urfd_fall-11-cam0_w0023.json
urfd_fall-11-cam0_w0015,urfd_fall-11-cam0,fall,train,/Users/varunreddyseelam/Desktop/Gen_ai/final_pipeline/data/windows/train/fall/urfd_fall-11-cam0/urfd_fall-11-cam0_w0015.json
urfd_fall-11-cam0_w0003,urfd_fall-11-cam0,fall,train,/Users/varunreddyseelam/Desktop/Gen_ai/final_pipeline/data/windows/train/fall/urfd_fall-11-cam0/urfd_fall-11-cam0_w0003.json
urfd_fall-11-cam0_w0002,urfd_fall-11-cam0,fall,train,/Users/varunreddyseelam/Desktop/Gen_ai/final_pipeline/data/windows/train/fall/urfd_fall-11-cam0/urfd_fall-11-cam0_w0002.json
urfd_fall-11-cam0_w0014,urfd_fall-11-cam0,fall,train,/Users/varunreddyseelam/Desktop/Gen_ai/final_pipeline/data/windows/train/fall/urfd_fall-11-cam0/urfd_fall-11-cam0_w0014.json
urfd_fall-11-cam0_w0022,urfd_fall-11-cam0,fall,train,/Users/varunreddyseelam/Desktop/Gen_ai/final_pipeline/data/windows/train/fall/urfd_fall-11-cam0/urfd_fall-11-cam0_w0022.json
urfd_fall-11-cam0_w0018,urfd_fall-11-cam0,fall,train,/Users/varunreddyseelam/Desktop/Gen_ai/final_pipeline/data/windows/train/fall/urfd_fall-11-cam0/urfd_fall-11-cam0_w0018.json
urfd_fall-11-cam0_w0013,urfd_fall-11-cam0,fall,train,/Users/varunreddyseelam/Desktop/Gen_ai/final_pipeline/data/windows/train/fall/urfd_fall-11-cam0/urfd_fall-11-cam0_w0013.json
urfd_fall-11-cam0_w0005,urfd_fall-11-cam0,fall,train,/Users/varunreddyseelam/Desktop/Gen_ai/final_pipeline/data/windows/train/fall/urfd_fall-11-cam0/urfd_fall-11-cam0_w0005.json
urfd_fall-11-cam0_w0009,urfd_fall-11-cam0,fall,train,/Users/varunreddyseelam/Desktop/Gen_ai/final_pipeline/data/windows/train/fall/urfd_fall-11-cam0/urfd_fall-11-cam0_w0009.json
urfd_fall-11-cam0_w0008,urfd_fall-11-cam0,fall,train,/Users/varunreddyseelam/Desktop/Gen_ai/final_pipeline/data/windows/train/fall/urfd_fall-11-cam0/urfd_fall-11-cam0_w0008.json
urfd_fall-11-cam0_w0004,urfd_fall-11-cam0,fall,train,/Users/varunreddyseelam/Desktop/Gen_ai/final_pipeline/data/windows/train/fall/urfd_fall-11-cam0/urfd_fall-11-cam0_w0004.json
urfd_fall-11-cam0_w0012,urfd_fall-11-cam0,fall,train,/Users/varunreddyseelam/Desktop/Gen_ai/final_pipeline/data/windows/train/fall/urfd_fall-11-cam0/urfd_fall-11-cam0_w0012.json
urfd_fall-10-cam0_w0000,urfd_fall-10-cam0,fall,train,/Users/varunreddyseelam/Desktop/Gen_ai/final_pipeline/data/windows/train/fall/urfd_fall-10-cam0/urfd_fall-10-cam0_w0000.json
urfd_fall-10-cam0_w0016,urfd_fall-10-cam0,fall,train,/Users/varunreddyseelam/Desktop/Gen_ai/final_pipeline/data/windows/train/fall/urfd_fall-10-cam0/urfd_fall-10-cam0_w0016.json
urfd_fall-10-cam0_w0020,urfd_fall-10-cam0,fall,train,/Users/varunreddyseelam/Desktop/Gen_ai/final_pipeline/data/windows/train/fall/urfd_fall-10-cam0/urfd_fall-10-cam0_w0020.json
urfd_fall-10-cam0_w0021,urfd_fall-10-cam0,fall,train,/Users/varunreddyseelam/Desktop/Gen_ai/final_pipeline/data/windows/train/fall/urfd_fall-10-cam0/urfd_fall-10-cam0_w0021.json
urfd_fall-10-cam0_w0017,urfd_fall-10-cam0,fall,train,/Users/varunreddyseelam/Desktop/Gen_ai/final_pipeline/data/windows/train/fall/urfd_fall-10-cam0/urfd_fall-10-cam0_w0017.json
urfd_fall-10-cam0_w0001,urfd_fall-10-cam0,fall,train,/Users/varunreddyseelam/Desktop/Gen_ai/final_pipeline/data/windows/train/fall/urfd_fall-10-cam0/urfd_fall-10-cam0_w0001.json
urfd_fall-10-cam0_w0006,urfd_fall-10-cam0,fall,train,/Users/varunreddyseelam/Desktop/Gen_ai/final_pipeline/data/windows/train/fall/urfd_fall-10-cam0/urfd_fall-10-cam0_w0006.json
urfd_fall-10-cam0_w0010,urfd_fall-10-cam0,fall,train,/Users/varunreddyseelam/Desktop/Gen_ai/final_pipeline/data/windows/train/fall/urfd_fall-10-cam0/urfd_fall-10-cam0_w0010.json
urfd_fall-10-cam0_w0011,urfd_fall-10-cam0,fall,train,/Users/varunreddyseelam/Desktop/Gen_ai/final_pipeline/data/windows/train/fall/urfd_fall-10-cam0/urfd_fall-10-cam0_w0011.json
urfd_fall-10-cam0_w0007,urfd_fall-10-cam0,fall,train,/Users/varunreddyseelam/Desktop/Gen_ai/final_pipeline/data/windows/train/fall/urfd_fall-10-cam0/urfd_fall-10-cam0_w0007.json
urfd_fall-10-cam0_w0008,urfd_fall-10-cam0,fall,train,/Users/varunreddyseelam/Desktop/Gen_ai/final_pipeline/data/windows/train/fall/urfd_fall-10-cam0/urfd_fall-10-cam0_w0008.json
urfd_fall-10-cam0_w0012,urfd_fall-10-cam0,fall,train,/Users/varunreddyseelam/Desktop/Gen_ai/final_pipeline/data/windows/train/fall/urfd_fall-10-cam0/urfd_fall-10-cam0_w0012.json
urfd_fall-10-cam0_w0004,urfd_fall-10-cam0,fall,train,/Users/varunreddyseelam/Desktop/Gen_ai/final_pipeline/data/windows/train/fall/urfd_fall-10-cam0/urfd_fall-10-cam0_w0004.json
urfd_fall-10-cam0_w0005,urfd_fall-10-cam0,fall,train,/Users/varunreddyseelam/Desktop/Gen_ai/final_pipeline/data/windows/train/fall/urfd_fall-10-cam0/urfd_fall-10-cam0_w0005.json
urfd_fall-10-cam0_w0013,urfd_fall-10-cam0,fall,train,/Users/varunreddyseelam/Desktop/Gen_ai/final_pipeline/data/windows/train/fall/urfd_fall-10-cam0/urfd_fall-10-cam0_w0013.json
urfd_fall-10-cam0_w0009,urfd_fall-10-cam0,fall,train,/Users/varunreddyseelam/Desktop/Gen_ai/final_pipeline/data/windows/train/fall/urfd_fall-10-cam0/urfd_fall-10-cam0_w0009.json
urfd_fall-10-cam0_w0014,urfd_fall-10-cam0,fall,train,/Users/varunreddyseelam/Desktop/Gen_ai/final_pipeline/data/windows/train/fall/urfd_fall-10-cam0/urfd_fall-10-cam0_w0014.json
urfd_fall-10-cam0_w0002,urfd_fall-10-cam0,fall,train,/Users/varunreddyseelam/Desktop/Gen_ai/final_pipeline/data/windows/train/fall/urfd_fall-10-cam0/urfd_fall-10-cam0_w0002.json
urfd_fall-10-cam0_w0022,urfd_fall-10-cam0,fall,train,/Users/varunreddyseelam/Desktop/Gen_ai/final_pipeline/data/windows/train/fall/urfd_fall-10-cam0/urfd_fall-10-cam0_w0022.json
urfd_fall-10-cam0_w0018,urfd_fall-10-cam0,fall,train,/Users/varunreddyseelam/Desktop/Gen_ai/final_pipeline/data/windows/train/fall/urfd_fall-10-cam0/urfd_fall-10-cam0_w0018.json
urfd_fall-10-cam0_w0019,urfd_fall-10-cam0,fall,train,/Users/varunreddyseelam/Desktop/Gen_ai/final_pipeline/data/windows/train/fall/urfd_fall-10-cam0/urfd_fall-10-cam0_w0019.json
urfd_fall-10-cam0_w0023,urfd_fall-10-cam0,fall,train,/Users/varunreddyseelam/Desktop/Gen_ai/final_pipeline/data/windows/train/fall/urfd_fall-10-cam0/urfd_fall-10-cam0_w0023.json
urfd_fall-10-cam0_w0003,urfd_fall-10-cam0,fall,train,/Users/varunreddyseelam/Desktop/Gen_ai/final_pipeline/data/windows/train/fall/urfd_fall-10-cam0/urfd_fall-10-cam0_w0003.json
urfd_fall-10-cam0_w0015,urfd_fall-10-cam0,fall,train,/Users/varunreddyseelam/Desktop/Gen_ai/final_pipeline/data/windows/train/fall/urfd_fall-10-cam0/urfd_fall-10-cam0_w0015.json
gmncsa24_gmncsa_fall_011_w0028,gmncsa24_gmncsa_fall_011,fall,train,/Users/varunreddyseelam/Desktop/Gen_ai/final_pipeline/data/windows/train/fall/gmncsa24_gmncsa_fall_011/gmncsa24_gmncsa_fall_011_w0028.json
gmncsa24_gmncsa_fall_011_w0012,gmncsa24_gmncsa_fall_011,fall,train,/Users/varunreddyseelam/Desktop/Gen_ai/final_pipeline/data/windows/train/fall/gmncsa24_gmncsa_fall_011/gmncsa24_gmncsa_fall_011_w0012.json
gmncsa24_gmncsa_fall_011_w0004,gmncsa24_gmncsa_fall_011,fall,train,/Users/varunreddyseelam/Desktop/Gen_ai/final_pipeline/data/windows/train/fall/gmncsa24_gmncsa_fall_011/gmncsa24_gmncsa_fall_011_w0004.json
gmncsa24_gmncsa_fall_011_w0024,gmncsa24_gmncsa_fall_011,fall,train,/Users/varunreddyseelam/Desktop/Gen_ai/final_pipeline/data/windows/train/fall/gmncsa24_gmncsa_fall_011/gmncsa24_gmncsa_fall_011_w0024.json
gmncsa24_gmncsa_fall_011_w0032,gmncsa24_gmncsa_fall_011,fall,train,/Users/varunreddyseelam/Desktop/Gen_ai/final_pipeline/data/windows/train/fall/gmncsa24_gmncsa_fall_011/gmncsa24_gmncsa_fall_011_w0032.json
gmncsa24_gmncsa_fall_011_w0008,gmncsa24_gmncsa_fall_011,fall,train,/Users/varunreddyseelam/Desktop/Gen_ai/final_pipeline/data/windows/train/fall/gmncsa24_gmncsa_fall_011/gmncsa24_gmncsa_fall_011_w0008.json
gmncsa24_gmncsa_fall_011_w0009,gmncsa24_gmncsa_fall_011,fall,train,/Users/varunreddyseelam/Desktop/Gen_ai/final_pipeline/data/windows/train/fall/gmncsa24_gmncsa_fall_011/gmncsa24_gmncsa_fall_011_w0009.json
gmncsa24_gmncsa_fall_011_w0033,gmncsa24_gmncsa_fall_011,fall,train,/Users/varunreddyseelam/Desktop/Gen_ai/final_pipeline/data/windows/train/fall/gmncsa24_gmncsa_fall_011/gmncsa24_gmncsa_fall_011_w0033.json
gmncsa24_gmncsa_fall_011_w0025,gmncsa24_gmncsa_fall_011,fall,train,/Users/varunreddyseelam/Desktop/Gen_ai/final_pipeline/data/windows/train/fall/gmncsa24_gmncsa_fall_011/gmncsa24_gmncsa_fall_011_w0025.json
gmncsa24_gmncsa_fall_011_w0005,gmncsa24_gmncsa_fall_011,fall,train,/Users/varunreddyseelam/Desktop/Gen_ai/final_pipeline/data/windows/train/fall/gmncsa24_gmncsa_fall_011/gmncsa24_gmncsa_fall_011_w0005.json
gmncsa24_gmncsa_fall_011_w0013,gmncsa24_gmncsa_fall_011,fall,train,/Users/varunreddyseelam/Desktop/Gen_ai/final_pipeline/data/windows/train/fall/gmncsa24_gmncsa_fall_011/gmncsa24_gmncsa_fall_011_w0013.json
gmncsa24_gmncsa_fall_011_w0029,gmncsa24_gmncsa_fall_011,fall,train,/Users/varunreddyseelam/Desktop/Gen_ai/final_pipeline/data/windows/train/fall/gmncsa24_gmncsa_fall_011/gmncsa24_gmncsa_fall_011_w0029.json
gmncsa24_gmncsa_fall_011_w0022,gmncsa24_gmncsa_fall_011,fall,train,/Users/varunreddyseelam/Desktop/Gen_ai/final_pipeline/data/windows/train/fall/gmncsa24_gmncsa_fall_011/gmncsa24_gmncsa_fall_011_w0022.json
gmncsa24_gmncsa_fall_011_w0034,gmncsa24_gmncsa_fall_011,fall,train,/Users/varunreddyseelam/Desktop/Gen_ai/final_pipeline/data/windows/train/fall/gmncsa24_gmncsa_fall_011/gmncsa24_gmncsa_fall_011_w0034.json
gmncsa24_gmncsa_fall_011_w0018,gmncsa24_gmncsa_fall_011,fall,train,/Users/varunreddyseelam/Desktop/Gen_ai/final_pipeline/data/windows/train/fall/gmncsa24_gmncsa_fall_011/gmncsa24_gmncsa_fall_011_w0018.json
gmncsa24_gmncsa_fall_011_w0014,gmncsa24_gmncsa_fall_011,fall,train,/Users/varunreddyseelam/Desktop/Gen_ai/final_pipeline/data/windows/train/fall/gmncsa24_gmncsa_fall_011/gmncsa24_gmncsa_fall_011_w0014.json
gmncsa24_gmncsa_fall_011_w0002,gmncsa24_gmncsa_fall_011,fall,train,/Users/varunreddyseelam/Desktop/Gen_ai/final_pipeline/data/windows/train/fall/gmncsa24_gmncsa_fall_011/gmncsa24_gmncsa_fall_011_w0002.json
gmncsa24_gmncsa_fall_011_w0003,gmncsa24_gmncsa_fall_011,fall,train,/Users/varunreddyseelam/Desktop/Gen_ai/final_pipeline/data/windows/train/fall/gmncsa24_gmncsa_fall_011/gmncsa24_gmncsa_fall_011_w0003.json
gmncsa24_gmncsa_fall_011_w0015,gmncsa24_gmncsa_fall_011,fall,train,/Users/varunreddyseelam/Desktop/Gen_ai/final_pipeline/data/windows/train/fall/gmncsa24_gmncsa_fall_011/gmncsa24_gmncsa_fall_011_w0015.json
gmncsa24_gmncsa_fall_011_w0019,gmncsa24_gmncsa_fall_011,fall,train,/Users/varunreddyseelam/Desktop/Gen_ai/final_pipeline/data/windows/train/fall/gmncsa24_gmncsa_fall_011/gmncsa24_gmncsa_fall_011_w0019.json
gmncsa24_gmncsa_fall_011_w0035,gmncsa24_gmncsa_fall_011,fall,train,/Users/varunreddyseelam/Desktop/Gen_ai/final_pipeline/data/windows/train/fall/gmncsa24_gmncsa_fall_011/gmncsa24_gmncsa_fall_011_w0035.json
gmncsa24_gmncsa_fall_011_w0023,gmncsa24_gmncsa_fall_011,fall,train,/Users/varunreddyseelam/Desktop/Gen_ai/final_pipeline/data/windows/train/fall/gmncsa24_gmncsa_fall_011/gmncsa24_gmncsa_fall_011_w0023.json
gmncsa24_gmncsa_fall_011_w0036,gmncsa24_gmncsa_fall_011,fall,train,/Users/varunreddyseelam/Desktop/Gen_ai/final_pipeline/data/windows/train/fall/gmncsa24_gmncsa_fall_011/gmncsa24_gmncsa_fall_011_w0036.json
gmncsa24_gmncsa_fall_011_w0020,gmncsa24_gmncsa_fall_011,fall,train,/Users/varunreddyseelam/Desktop/Gen_ai/final_pipeline/data/windows/train/fall/gmncsa24_gmncsa_fall_011/gmncsa24_gmncsa_fall_011_w0020.json
gmncsa24_gmncsa_fall_011_w0000,gmncsa24_gmncsa_fall_011,fall,train,/Users/varunreddyseelam/Desktop/Gen_ai/final_pipeline/data/windows/train/fall/gmncsa24_gmncsa_fall_011/gmncsa24_gmncsa_fall_011_w0000.json
gmncsa24_gmncsa_fall_011_w0016,gmncsa24_gmncsa_fall_011,fall,train,/Users/varunreddyseelam/Desktop/Gen_ai/final_pipeline/data/windows/train/fall/gmncsa24_gmncsa_fall_011/gmncsa24_gmncsa_fall_011_w0016.json
gmncsa24_gmncsa_fall_011_w0017,gmncsa24_gmncsa_fall_011,fall,train,/Users/varunreddyseelam/Desktop/Gen_ai/final_pipeline/data/windows/train/fall/gmncsa24_gmncsa_fall_011/gmncsa24_gmncsa_fall_011_w0017.json
gmncsa24_gmncsa_fall_011_w0001,gmncsa24_gmncsa_fall_011,fall,train,/Users/varunreddyseelam/Desktop/Gen_ai/final_pipeline/data/windows/train/fall/gmncsa24_gmncsa_fall_011/gmncsa24_gmncsa_fall_011_w0001.json
gmncsa24_gmncsa_fall_011_w0021,gmncsa24_gmncsa_fall_011,fall,train,/Users/varunreddyseelam/Desktop/Gen_ai/final_pipeline/data/windows/train/fall/gmncsa24_gmncsa_fall_011/gmncsa24_gmncsa_fall_011_w0021.json
gmncsa24_gmncsa_fall_011_w0006,gmncsa24_gmncsa_fall_011,fall,train,/Users/varunreddyseelam/Desktop/Gen_ai/final_pipeline/data/windows/train/fall/gmncsa24_gmncsa_fall_011/gmncsa24_gmncsa_fall_011_w0006.json
gmncsa24_gmncsa_fall_011_w0010,gmncsa24_gmncsa_fall_011,fall,train,/Users/varunreddyseelam/Desktop/Gen_ai/final_pipeline/data/windows/train/fall/gmncsa24_gmncsa_fall_011/gmncsa24_gmncsa_fall_011_w0010.json
gmncsa24_gmncsa_fall_011_w0030,gmncsa24_gmncsa_fall_011,fall,train,/Users/varunreddyseelam/Desktop/Gen_ai/final_pipeline/data/windows/train/fall/gmncsa24_gmncsa_fall_011/gmncsa24_gmncsa_fall_011_w0030.json
gmncsa24_gmncsa_fall_011_w0026,gmncsa24_gmncsa_fall_011,fall,train,/Users/varunreddyseelam/Desktop/Gen_ai/final_pipeline/data/windows/train/fall/gmncsa24_gmncsa_fall_011/gmncsa24_gmncsa_fall_011_w0026.json
gmncsa24_gmncsa_fall_011_w0027,gmncsa24_gmncsa_fall_011,fall,train,/Users/varunreddyseelam/Desktop/Gen_ai/final_pipeline/data/windows/train/fall/gmncsa24_gmncsa_fall_011/gmncsa24_gmncsa_fall_011_w0027.json
gmncsa24_gmncsa_fall_011_w0031,gmncsa24_gmncsa_fall_011,fall,train,/Users/varunreddyseelam/Desktop/Gen_ai/final_pipeline/data/windows/train/fall/gmncsa24_gmncsa_fall_011/gmncsa24_gmncsa_fall_011_w0031.json
gmncsa24_gmncsa_fall_011_w0011,gmncsa24_gmncsa_fall_011,fall,train,/Users/varunreddyseelam/Desktop/Gen_ai/final_pipeline/data/windows/train/fall/gmncsa24_gmncsa_fall_011/gmncsa24_gmncsa_fall_011_w0011.json
gmncsa24_gmncsa_fall_011_w0007,gmncsa24_gmncsa_fall_011,fall,train,/Users/varunreddyseelam/Desktop/Gen_ai/final_pipeline/data/windows/train/fall/gmncsa24_gmncsa_fall_011/gmncsa24_gmncsa_fall_011_w0007.json
gmncsa24_gmncsa_fall_029_w0002,gmncsa24_gmncsa_fall_029,fall,train,/Users/varunreddyseelam/Desktop/Gen_ai/final_pipeline/data/windows/train/fall/gmncsa24_gmncsa_fall_029/gmncsa24_gmncsa_fall_029_w0002.json
gmncsa24_gmncsa_fall_029_w0014,gmncsa24_gmncsa_fall_029,fall,train,/Users/varunreddyseelam/Desktop/Gen_ai/final_pipeline/data/windows/train/fall/gmncsa24_gmncsa_fall_029/gmncsa24_gmncsa_fall_029_w0014.json
gmncsa24_gmncsa_fall_029_w0015,gmncsa24_gmncsa_fall_029,fall,train,/Users/varunreddyseelam/Desktop/Gen_ai/final_pipeline/data/windows/train/fall/gmncsa24_gmncsa_fall_029/gmncsa24_gmncsa_fall_029_w0015.json
gmncsa24_gmncsa_fall_029_w0003,gmncsa24_gmncsa_fall_029,fall,train,/Users/varunreddyseelam/Desktop/Gen_ai/final_pipeline/data/windows/train/fall/gmncsa24_gmncsa_fall_029/gmncsa24_gmncsa_fall_029_w0003.json
gmncsa24_gmncsa_fall_029_w0008,gmncsa24_gmncsa_fall_029,fall,train,/Users/varunreddyseelam/Desktop/Gen_ai/final_pipeline/data/windows/train/fall/gmncsa24_gmncsa_fall_029/gmncsa24_gmncsa_fall_029_w0008.json
gmncsa24_gmncsa_fall_029_w0004,gmncsa24_gmncsa_fall_029,fall,train,/Users/varunreddyseelam/Desktop/Gen_ai/final_pipeline/data/windows/train/fall/gmncsa24_gmncsa_fall_029/gmncsa24_gmncsa_fall_029_w0004.json
gmncsa24_gmncsa_fall_029_w0012,gmncsa24_gmncsa_fall_029,fall,train,/Users/varunreddyseelam/Desktop/Gen_ai/final_pipeline/data/windows/train/fall/gmncsa24_gmncsa_fall_029/gmncsa24_gmncsa_fall_029_w0012.json
gmncsa24_gmncsa_fall_029_w0013,gmncsa24_gmncsa_fall_029,fall,train,/Users/varunreddyseelam/Desktop/Gen_ai/final_pipeline/data/windows/train/fall/gmncsa24_gmncsa_fall_029/gmncsa24_gmncsa_fall_029_w0013.json
gmncsa24_gmncsa_fall_029_w0005,gmncsa24_gmncsa_fall_029,fall,train,/Users/varunreddyseelam/Desktop/Gen_ai/final_pipeline/data/windows/train/fall/gmncsa24_gmncsa_fall_029/gmncsa24_gmncsa_fall_029_w0005.json
gmncsa24_gmncsa_fall_029_w0009,gmncsa24_gmncsa_fall_029,fall,train,/Users/varunreddyseelam/Desktop/Gen_ai/final_pipeline/data/windows/train/fall/gmncsa24_gmncsa_fall_029/gmncsa24_gmncsa_fall_029_w0009.json
gmncsa24_gmncsa_fall_029_w0010,gmncsa24_gmncsa_fall_029,fall,train,/Users/varunreddyseelam/Desktop/Gen_ai/final_pipeline/data/windows/train/fall/gmncsa24_gmncsa_fall_029/gmncsa24_gmncsa_fall_029_w0010.json
gmncsa24_gmncsa_fall_029_w0006,gmncsa24_gmncsa_fall_029,fall,train,/Users/varunreddyseelam/Desktop/Gen_ai/final_pipeline/data/windows/train/fall/gmncsa24_gmncsa_fall_029/gmncsa24_gmncsa_fall_029_w0006.json
gmncsa24_gmncsa_fall_029_w0007,gmncsa24_gmncsa_fall_029,fall,train,/Users/varunreddyseelam/Desktop/Gen_ai/final_pipeline/data/windows/train/fall/gmncsa24_gmncsa_fall_029/gmncsa24_gmncsa_fall_029_w0007.json
gmncsa24_gmncsa_fall_029_w0011,gmncsa24_gmncsa_fall_029,fall,train,/Users/varunreddyseelam/Desktop/Gen_ai/final_pipeline/data/windows/train/fall/gmncsa24_gmncsa_fall_029/gmncsa24_gmncsa_fall_029_w0011.json
gmncsa24_gmncsa_fall_029_w0016,gmncsa24_gmncsa_fall_029,fall,train,/Users/varunreddyseelam/Desktop/Gen_ai/final_pipeline/data/windows/train/fall/gmncsa24_gmncsa_fall_029/gmncsa24_gmncsa_fall_029_w0016.json
gmncsa24_gmncsa_fall_029_w0000,gmncsa24_gmncsa_fall_029,fall,train,/Users/varunreddyseelam/Desktop/Gen_ai/final_pipeline/data/windows/train/fall/gmncsa24_gmncsa_fall_029/gmncsa24_gmncsa_fall_029_w0000.json
gmncsa24_gmncsa_fall_029_w0001,gmncsa24_gmncsa_fall_029,fall,train,/Users/varunreddyseelam/Desktop/Gen_ai/final_pipeline/data/windows/train/fall/gmncsa24_gmncsa_fall_029/gmncsa24_gmncsa_fall_029_w0001.json
gmncsa24_gmncsa_fall_016_w0023,gmncsa24_gmncsa_fall_016,fall,train,/Users/varunreddyseelam/Desktop/Gen_ai/final_pipeline/data/windows/train/fall/gmncsa24_gmncsa_fall_016/gmncsa24_gmncsa_fall_016_w0023.json
gmncsa24_gmncsa_fall_016_w0035,gmncsa24_gmncsa_fall_016,fall,train,/Users/varunreddyseelam/Desktop/Gen_ai/final_pipeline/data/windows/train/fall/gmncsa24_gmncsa_fall_016/gmncsa24_gmncsa_fall_016_w0035.json
gmncsa24_gmncsa_fall_016_w0019,gmncsa24_gmncsa_fall_016,fall,train,/Users/varunreddyseelam/Desktop/Gen_ai/final_pipeline/data/windows/train/fall/gmncsa24_gmncsa_fall_016/gmncsa24_gmncsa_fall_016_w0019.json
gmncsa24_gmncsa_fall_016_w0039,gmncsa24_gmncsa_fall_016,fall,train,/Users/varunreddyseelam/Desktop/Gen_ai/final_pipeline/data/windows/train/fall/gmncsa24_gmncsa_fall_016/gmncsa24_gmncsa_fall_016_w0039.json
gmncsa24_gmncsa_fall_016_w0015,gmncsa24_gmncsa_fall_016,fall,train,/Users/varunreddyseelam/Desktop/Gen_ai/final_pipeline/data/windows/train/fall/gmncsa24_gmncsa_fall_016/gmncsa24_gmncsa_fall_016_w0015.json
gmncsa24_gmncsa_fall_016_w0042,gmncsa24_gmncsa_fall_016,fall,train,/Users/varunreddyseelam/Desktop/Gen_ai/final_pipeline/data/windows/train/fall/gmncsa24_gmncsa_fall_016/gmncsa24_gmncsa_fall_016_w0042.json
gmncsa24_gmncsa_fall_016_w0054,gmncsa24_gmncsa_fall_016,fall,train,/Users/varunreddyseelam/Desktop/Gen_ai/final_pipeline/data/windows/train/fall/gmncsa24_gmncsa_fall_016/gmncsa24_gmncsa_fall_016_w0054.json
gmncsa24_gmncsa_fall_016_w0003,gmncsa24_gmncsa_fall_016,fall,train,/Users/varunreddyseelam/Desktop/Gen_ai/final_pipeline/data/windows/train/fall/gmncsa24_gmncsa_fall_016/gmncsa24_gmncsa_fall_016_w0003.json
gmncsa24_gmncsa_fall_016_w0002,gmncsa24_gmncsa_fall_016,fall,train,/Users/varunreddyseelam/Desktop/Gen_ai/final_pipeline/data/windows/train/fall/gmncsa24_gmncsa_fall_016/gmncsa24_gmncsa_fall_016_w0002.json
gmncsa24_gmncsa_fall_016_w0055,gmncsa24_gmncsa_fall_016,fall,train,/Users/varunreddyseelam/Desktop/Gen_ai/final_pipeline/data/windows/train/fall/gmncsa24_gmncsa_fall_016/gmncsa24_gmncsa_fall_016_w0055.json
gmncsa24_gmncsa_fall_016_w0043,gmncsa24_gmncsa_fall_016,fall,train,/Users/varunreddyseelam/Desktop/Gen_ai/final_pipeline/data/windows/train/fall/gmncsa24_gmncsa_fall_016/gmncsa24_gmncsa_fall_016_w0043.json
gmncsa24_gmncsa_fall_016_w0014,gmncsa24_gmncsa_fall_016,fall,train,/Users/varunreddyseelam/Desktop/Gen_ai/final_pipeline/data/windows/train/fall/gmncsa24_gmncsa_fall_016/gmncsa24_gmncsa_fall_016_w0014.json
gmncsa24_gmncsa_fall_016_w0038,gmncsa24_gmncsa_fall_016,fall,train,/Users/varunreddyseelam/Desktop/Gen_ai/final_pipeline/data/windows/train/fall/gmncsa24_gmncsa_fall_016/gmncsa24_gmncsa_fall_016_w0038.json
gmncsa24_gmncsa_fall_016_w0018,gmncsa24_gmncsa_fall_016,fall,train,/Users/varunreddyseelam/Desktop/Gen_ai/final_pipeline/data/windows/train/fall/gmncsa24_gmncsa_fall_016/gmncsa24_gmncsa_fall_016_w0018.json
gmncsa24_gmncsa_fall_016_w0034,gmncsa24_gmncsa_fall_016,fall,train,/Users/varunreddyseelam/Desktop/Gen_ai/final_pipeline/data/windows/train/fall/gmncsa24_gmncsa_fall_016/gmncsa24_gmncsa_fall_016_w0034.json
gmncsa24_gmncsa_fall_016_w0022,gmncsa24_gmncsa_fall_016,fall,train,/Users/varunreddyseelam/Desktop/Gen_ai/final_pipeline/data/windows/train/fall/gmncsa24_gmncsa_fall_016/gmncsa24_gmncsa_fall_016_w0022.json
gmncsa24_gmncsa_fall_016_w0029,gmncsa24_gmncsa_fall_016,fall,train,/Users/varunreddyseelam/Desktop/Gen_ai/final_pipeline/data/windows/train/fall/gmncsa24_gmncsa_fall_016/gmncsa24_gmncsa_fall_016_w0029.json
gmncsa24_gmncsa_fall_016_w0013,gmncsa24_gmncsa_fall_016,fall,train,/Users/varunreddyseelam/Desktop/Gen_ai/final_pipeline/data/windows/train/fall/gmncsa24_gmncsa_fall_016/gmncsa24_gmncsa_fall_016_w0013.json
gmncsa24_gmncsa_fall_016_w0044,gmncsa24_gmncsa_fall_016,fall,train,/Users/varunreddyseelam/Desktop/Gen_ai/final_pipeline/data/windows/train/fall/gmncsa24_gmncsa_fall_016/gmncsa24_gmncsa_fall_016_w0044.json
gmncsa24_gmncsa_fall_016_w0052,gmncsa24_gmncsa_fall_016,fall,train,/Users/varunreddyseelam/Desktop/Gen_ai/final_pipeline/data/windows/train/fall/gmncsa24_gmncsa_fall_016/gmncsa24_gmncsa_fall_016_w0052.json
gmncsa24_gmncsa_fall_016_w0005,gmncsa24_gmncsa_fall_016,fall,train,/Users/varunreddyseelam/Desktop/Gen_ai/final_pipeline/data/windows/train/fall/gmncsa24_gmncsa_fall_016/gmncsa24_gmncsa_fall_016_w0005.json
gmncsa24_gmncsa_fall_016_w0025,gmncsa24_gmncsa_fall_016,fall,train,/Users/varunreddyseelam/Desktop/Gen_ai/final_pipeline/data/windows/train/fall/gmncsa24_gmncsa_fall_016/gmncsa24_gmncsa_fall_016_w0025.json
gmncsa24_gmncsa_fall_016_w0033,gmncsa24_gmncsa_fall_016,fall,train,/Users/varunreddyseelam/Desktop/Gen_ai/final_pipeline/data/windows/train/fall/gmncsa24_gmncsa_fall_016/gmncsa24_gmncsa_fall_016_w0033.json
gmncsa24_gmncsa_fall_016_w0048,gmncsa24_gmncsa_fall_016,fall,train,/Users/varunreddyseelam/Desktop/Gen_ai/final_pipeline/data/windows/train/fall/gmncsa24_gmncsa_fall_016/gmncsa24_gmncsa_fall_016_w0048.json
gmncsa24_gmncsa_fall_016_w0009,gmncsa24_gmncsa_fall_016,fall,train,/Users/varunreddyseelam/Desktop/Gen_ai/final_pipeline/data/windows/train/fall/gmncsa24_gmncsa_fall_016/gmncsa24_gmncsa_fall_016_w0009.json
gmncsa24_gmncsa_fall_016_w0008,gmncsa24_gmncsa_fall_016,fall,train,/Users/varunreddyseelam/Desktop/Gen_ai/final_pipeline/data/windows/train/fall/gmncsa24_gmncsa_fall_016/gmncsa24_gmncsa_fall_016_w0008.json
gmncsa24_gmncsa_fall_016_w0049,gmncsa24_gmncsa_fall_016,fall,train,/Users/varunreddyseelam/Desktop/Gen_ai/final_pipeline/data/windows/train/fall/gmncsa24_gmncsa_fall_016/gmncsa24_gmncsa_fall_016_w0049.json
gmncsa24_gmncsa_fall_016_w0032,gmncsa24_gmncsa_fall_016,fall,train,/Users/varunreddyseelam/Desktop/Gen_ai/final_pipeline/data/windows/train/fall/gmncsa24_gmncsa_fall_016/gmncsa24_gmncsa_fall_016_w0032.json
gmncsa24_gmncsa_fall_016_w0024,gmncsa24_gmncsa_fall_016,fall,train,/Users/varunreddyseelam/Desktop/Gen_ai/final_pipeline/data/windows/train/fall/gmncsa24_gmncsa_fall_016/gmncsa24_gmncsa_fall_016_w0024.json
gmncsa24_gmncsa_fall_016_w0004,gmncsa24_gmncsa_fall_016,fall,train,/Users/varunreddyseelam/Desktop/Gen_ai/final_pipeline/data/windows/train/fall/gmncsa24_gmncsa_fall_016/gmncsa24_gmncsa_fall_016_w0004.json
gmncsa24_gmncsa_fall_016_w0053,gmncsa24_gmncsa_fall_016,fall,train,/Users/varunreddyseelam/Desktop/Gen_ai/final_pipeline/data/windows/train/fall/gmncsa24_gmncsa_fall_016/gmncsa24_gmncsa_fall_016_w0053.json
gmncsa24_gmncsa_fall_016_w0045,gmncsa24_gmncsa_fall_016,fall,train,/Users/varunreddyseelam/Desktop/Gen_ai/final_pipeline/data/windows/train/fall/gmncsa24_gmncsa_fall_016/gmncsa24_gmncsa_fall_016_w0045.json
gmncsa24_gmncsa_fall_016_w0012,gmncsa24_gmncsa_fall_016,fall,train,/Users/varunreddyseelam/Desktop/Gen_ai/final_pipeline/data/windows/train/fall/gmncsa24_gmncsa_fall_016/gmncsa24_gmncsa_fall_016_w0012.json
gmncsa24_gmncsa_fall_016_w0028,gmncsa24_gmncsa_fall_016,fall,train,/Users/varunreddyseelam/Desktop/Gen_ai/final_pipeline/data/windows/train/fall/gmncsa24_gmncsa_fall_016/gmncsa24_gmncsa_fall_016_w0028.json
gmncsa24_gmncsa_fall_016_w0007,gmncsa24_gmncsa_fall_016,fall,train,/Users/varunreddyseelam/Desktop/Gen_ai/final_pipeline/data/windows/train/fall/gmncsa24_gmncsa_fall_016/gmncsa24_gmncsa_fall_016_w0007.json
gmncsa24_gmncsa_fall_016_w0050,gmncsa24_gmncsa_fall_016,fall,train,/Users/varunreddyseelam/Desktop/Gen_ai/final_pipeline/data/windows/train/fall/gmncsa24_gmncsa_fall_016/gmncsa24_gmncsa_fall_016_w0050.json
gmncsa24_gmncsa_fall_016_w0046,gmncsa24_gmncsa_fall_016,fall,train,/Users/varunreddyseelam/Desktop/Gen_ai/final_pipeline/data/windows/train/fall/gmncsa24_gmncsa_fall_016/gmncsa24_gmncsa_fall_016_w0046.json
gmncsa24_gmncsa_fall_016_w0011,gmncsa24_gmncsa_fall_016,fall,train,/Users/varunreddyseelam/Desktop/Gen_ai/final_pipeline/data/windows/train/fall/gmncsa24_gmncsa_fall_016/gmncsa24_gmncsa_fall_016_w0011.json
gmncsa24_gmncsa_fall_016_w0031,gmncsa24_gmncsa_fall_016,fall,train,/Users/varunreddyseelam/Desktop/Gen_ai/final_pipeline/data/windows/train/fall/gmncsa24_gmncsa_fall_016/gmncsa24_gmncsa_fall_016_w0031.json
gmncsa24_gmncsa_fall_016_w0027,gmncsa24_gmncsa_fall_016,fall,train,/Users/varunreddyseelam/Desktop/Gen_ai/final_pipeline/data/windows/train/fall/gmncsa24_gmncsa_fall_016/gmncsa24_gmncsa_fall_016_w0027.json
gmncsa24_gmncsa_fall_016_w0026,gmncsa24_gmncsa_fall_016,fall,train,/Users/varunreddyseelam/Desktop/Gen_ai/final_pipeline/data/windows/train/fall/gmncsa24_gmncsa_fall_016/gmncsa24_gmncsa_fall_016_w0026.json
gmncsa24_gmncsa_fall_016_w0030,gmncsa24_gmncsa_fall_016,fall,train,/Users/varunreddyseelam/Desktop/Gen_ai/final_pipeline/data/windows/train/fall/gmncsa24_gmncsa_fall_016/gmncsa24_gmncsa_fall_016_w0030.json
gmncsa24_gmncsa_fall_016_w0010,gmncsa24_gmncsa_fall_016,fall,train,/Users/varunreddyseelam/Desktop/Gen_ai/final_pipeline/data/windows/train/fall/gmncsa24_gmncsa_fall_016/gmncsa24_gmncsa_fall_016_w0010.json
gmncsa24_gmncsa_fall_016_w0047,gmncsa24_gmncsa_fall_016,fall,train,/Users/varunreddyseelam/Desktop/Gen_ai/final_pipeline/data/windows/train/fall/gmncsa24_gmncsa_fall_016/gmncsa24_gmncsa_fall_016_w0047.json
gmncsa24_gmncsa_fall_016_w0051,gmncsa24_gmncsa_fall_016,fall,train,/Users/varunreddyseelam/Desktop/Gen_ai/final_pipeline/data/windows/train/fall/gmncsa24_gmncsa_fall_016/gmncsa24_gmncsa_fall_016_w0051.json
gmncsa24_gmncsa_fall_016_w0006,gmncsa24_gmncsa_fall_016,fall,train,/Users/varunreddyseelam/Desktop/Gen_ai/final_pipeline/data/windows/train/fall/gmncsa24_gmncsa_fall_016/gmncsa24_gmncsa_fall_016_w0006.json
gmncsa24_gmncsa_fall_016_w0037,gmncsa24_gmncsa_fall_016,fall,train,/Users/varunreddyseelam/Desktop/Gen_ai/final_pipeline/data/windows/train/fall/gmncsa24_gmncsa_fall_016/gmncsa24_gmncsa_fall_016_w0037.json
gmncsa24_gmncsa_fall_016_w0021,gmncsa24_gmncsa_fall_016,fall,train,/Users/varunreddyseelam/Desktop/Gen_ai/final_pipeline/data/windows/train/fall/gmncsa24_gmncsa_fall_016/gmncsa24_gmncsa_fall_016_w0021.json
gmncsa24_gmncsa_fall_016_w0001,gmncsa24_gmncsa_fall_016,fall,train,/Users/varunreddyseelam/Desktop/Gen_ai/final_pipeline/data/windows/train/fall/gmncsa24_gmncsa_fall_016/gmncsa24_gmncsa_fall_016_w0001.json
gmncsa24_gmncsa_fall_016_w0056,gmncsa24_gmncsa_fall_016,fall,train,/Users/varunreddyseelam/Desktop/Gen_ai/final_pipeline/data/windows/train/fall/gmncsa24_gmncsa_fall_016/gmncsa24_gmncsa_fall_016_w0056.json
gmncsa24_gmncsa_fall_016_w0040,gmncsa24_gmncsa_fall_016,fall,train,/Users/varunreddyseelam/Desktop/Gen_ai/final_pipeline/data/windows/train/fall/gmncsa24_gmncsa_fall_016/gmncsa24_gmncsa_fall_016_w0040.json
gmncsa24_gmncsa_fall_016_w0017,gmncsa24_gmncsa_fall_016,fall,train,/Users/varunreddyseelam/Desktop/Gen_ai/final_pipeline/data/windows/train/fall/gmncsa24_gmncsa_fall_016/gmncsa24_gmncsa_fall_016_w0017.json
gmncsa24_gmncsa_fall_016_w0016,gmncsa24_gmncsa_fall_016,fall,train,/Users/varunreddyseelam/Desktop/Gen_ai/final_pipeline/data/windows/train/fall/gmncsa24_gmncsa_fall_016/gmncsa24_gmncsa_fall_016_w0016.json
gmncsa24_gmncsa_fall_016_w0041,gmncsa24_gmncsa_fall_016,fall,train,/Users/varunreddyseelam/Desktop/Gen_ai/final_pipeline/data/windows/train/fall/gmncsa24_gmncsa_fall_016/gmncsa24_gmncsa_fall_016_w0041.json
gmncsa24_gmncsa_fall_016_w0057,gmncsa24_gmncsa_fall_016,fall,train,/Users/varunreddyseelam/Desktop/Gen_ai/final_pipeline/data/windows/train/fall/gmncsa24_gmncsa_fall_016/gmncsa24_gmncsa_fall_016_w0057.json
gmncsa24_gmncsa_fall_016_w0000,gmncsa24_gmncsa_fall_016,fall,train,/Users/varunreddyseelam/Desktop/Gen_ai/final_pipeline/data/windows/train/fall/gmncsa24_gmncsa_fall_016/gmncsa24_gmncsa_fall_016_w0000.json
gmncsa24_gmncsa_fall_016_w0020,gmncsa24_gmncsa_fall_016,fall,train,/Users/varunreddyseelam/Desktop/Gen_ai/final_pipeline/data/windows/train/fall/gmncsa24_gmncsa_fall_016/gmncsa24_gmncsa_fall_016_w0020.json
gmncsa24_gmncsa_fall_016_w0036,gmncsa24_gmncsa_fall_016,fall,train,/Users/varunreddyseelam/Desktop/Gen_ai/final_pipeline/data/windows/train/fall/gmncsa24_gmncsa_fall_016/gmncsa24_gmncsa_fall_016_w0036.json
urfd_fall-06-cam0_w0016,urfd_fall-06-cam0,fall,train,/Users/varunreddyseelam/Desktop/Gen_ai/final_pipeline/data/windows/train/fall/urfd_fall-06-cam0/urfd_fall-06-cam0_w0016.json
urfd_fall-06-cam0_w0000,urfd_fall-06-cam0,fall,train,/Users/varunreddyseelam/Desktop/Gen_ai/final_pipeline/data/windows/train/fall/urfd_fall-06-cam0/urfd_fall-06-cam0_w0000.json
urfd_fall-06-cam0_w0001,urfd_fall-06-cam0,fall,train,/Users/varunreddyseelam/Desktop/Gen_ai/final_pipeline/data/windows/train/fall/urfd_fall-06-cam0/urfd_fall-06-cam0_w0001.json
urfd_fall-06-cam0_w0017,urfd_fall-06-cam0,fall,train,/Users/varunreddyseelam/Desktop/Gen_ai/final_pipeline/data/windows/train/fall/urfd_fall-06-cam0/urfd_fall-06-cam0_w0017.json
urfd_fall-06-cam0_w0010,urfd_fall-06-cam0,fall,train,/Users/varunreddyseelam/Desktop/Gen_ai/final_pipeline/data/windows/train/fall/urfd_fall-06-cam0/urfd_fall-06-cam0_w0010.json
urfd_fall-06-cam0_w0006,urfd_fall-06-cam0,fall,train,/Users/varunreddyseelam/Desktop/Gen_ai/final_pipeline/data/windows/train/fall/urfd_fall-06-cam0/urfd_fall-06-cam0_w0006.json
urfd_fall-06-cam0_w0007,urfd_fall-06-cam0,fall,train,/Users/varunreddyseelam/Desktop/Gen_ai/final_pipeline/data/windows/train/fall/urfd_fall-06-cam0/urfd_fall-06-cam0_w0007.json
urfd_fall-06-cam0_w0011,urfd_fall-06-cam0,fall,train,/Users/varunreddyseelam/Desktop/Gen_ai/final_pipeline/data/windows/train/fall/urfd_fall-06-cam0/urfd_fall-06-cam0_w0011.json
urfd_fall-06-cam0_w0004,urfd_fall-06-cam0,fall,train,/Users/varunreddyseelam/Desktop/Gen_ai/final_pipeline/data/windows/train/fall/urfd_fall-06-cam0/urfd_fall-06-cam0_w0004.json
urfd_fall-06-cam0_w0012,urfd_fall-06-cam0,fall,train,/Users/varunreddyseelam/Desktop/Gen_ai/final_pipeline/data/windows/train/fall/urfd_fall-06-cam0/urfd_fall-06-cam0_w0012.json
urfd_fall-06-cam0_w0008,urfd_fall-06-cam0,fall,train,/Users/varunreddyseelam/Desktop/Gen_ai/final_pipeline/data/windows/train/fall/urfd_fall-06-cam0/urfd_fall-06-cam0_w0008.json
urfd_fall-06-cam0_w0009,urfd_fall-06-cam0,fall,train,/Users/varunreddyseelam/Desktop/Gen_ai/final_pipeline/data/windows/train/fall/urfd_fall-06-cam0/urfd_fall-06-cam0_w0009.json
urfd_fall-06-cam0_w0013,urfd_fall-06-cam0,fall,train,/Users/varunreddyseelam/Desktop/Gen_ai/final_pipeline/data/windows/train/fall/urfd_fall-06-cam0/urfd_fall-06-cam0_w0013.json
urfd_fall-06-cam0_w0005,urfd_fall-06-cam0,fall,train,/Users/varunreddyseelam/Desktop/Gen_ai/final_pipeline/data/windows/train/fall/urfd_fall-06-cam0/urfd_fall-06-cam0_w0005.json
urfd_fall-06-cam0_w0002,urfd_fall-06-cam0,fall,train,/Users/varunreddyseelam/Desktop/Gen_ai/final_pipeline/data/windows/train/fall/urfd_fall-06-cam0/urfd_fall-06-cam0_w0002.json
urfd_fall-06-cam0_w0014,urfd_fall-06-cam0,fall,train,/Users/varunreddyseelam/Desktop/Gen_ai/final_pipeline/data/windows/train/fall/urfd_fall-06-cam0/urfd_fall-06-cam0_w0014.json
urfd_fall-06-cam0_w0015,urfd_fall-06-cam0,fall,train,/Users/varunreddyseelam/Desktop/Gen_ai/final_pipeline/data/windows/train/fall/urfd_fall-06-cam0/urfd_fall-06-cam0_w0015.json
urfd_fall-06-cam0_w0003,urfd_fall-06-cam0,fall,train,/Users/varunreddyseelam/Desktop/Gen_ai/final_pipeline/data/windows/train/fall/urfd_fall-06-cam0/urfd_fall-06-cam0_w0003.json
gmncsa24_gmncsa_fall_018_w0020,gmncsa24_gmncsa_fall_018,fall,train,/Users/varunreddyseelam/Desktop/Gen_ai/final_pipeline/data/windows/train/fall/gmncsa24_gmncsa_fall_018/gmncsa24_gmncsa_fall_018_w0020.json
gmncsa24_gmncsa_fall_018_w0016,gmncsa24_gmncsa_fall_018,fall,train,/Users/varunreddyseelam/Desktop/Gen_ai/final_pipeline/data/windows/train/fall/gmncsa24_gmncsa_fall_018/gmncsa24_gmncsa_fall_018_w0016.json
gmncsa24_gmncsa_fall_018_w0000,gmncsa24_gmncsa_fall_018,fall,train,/Users/varunreddyseelam/Desktop/Gen_ai/final_pipeline/data/windows/train/fall/gmncsa24_gmncsa_fall_018/gmncsa24_gmncsa_fall_018_w0000.json
gmncsa24_gmncsa_fall_018_w0001,gmncsa24_gmncsa_fall_018,fall,train,/Users/varunreddyseelam/Desktop/Gen_ai/final_pipeline/data/windows/train/fall/gmncsa24_gmncsa_fall_018/gmncsa24_gmncsa_fall_018_w0001.json
gmncsa24_gmncsa_fall_018_w0017,gmncsa24_gmncsa_fall_018,fall,train,/Users/varunreddyseelam/Desktop/Gen_ai/final_pipeline/data/windows/train/fall/gmncsa24_gmncsa_fall_018/gmncsa24_gmncsa_fall_018_w0017.json
gmncsa24_gmncsa_fall_018_w0021,gmncsa24_gmncsa_fall_018,fall,train,/Users/varunreddyseelam/Desktop/Gen_ai/final_pipeline/data/windows/train/fall/gmncsa24_gmncsa_fall_018/gmncsa24_gmncsa_fall_018_w0021.json
gmncsa24_gmncsa_fall_018_w0010,gmncsa24_gmncsa_fall_018,fall,train,/Users/varunreddyseelam/Desktop/Gen_ai/final_pipeline/data/windows/train/fall/gmncsa24_gmncsa_fall_018/gmncsa24_gmncsa_fall_018_w0010.json
gmncsa24_gmncsa_fall_018_w0006,gmncsa24_gmncsa_fall_018,fall,train,/Users/varunreddyseelam/Desktop/Gen_ai/final_pipeline/data/windows/train/fall/gmncsa24_gmncsa_fall_018/gmncsa24_gmncsa_fall_018_w0006.json
gmncsa24_gmncsa_fall_018_w0007,gmncsa24_gmncsa_fall_018,fall,train,/Users/varunreddyseelam/Desktop/Gen_ai/final_pipeline/data/windows/train/fall/gmncsa24_gmncsa_fall_018/gmncsa24_gmncsa_fall_018_w0007.json
gmncsa24_gmncsa_fall_018_w0011,gmncsa24_gmncsa_fall_018,fall,train,/Users/varunreddyseelam/Desktop/Gen_ai/final_pipeline/data/windows/train/fall/gmncsa24_gmncsa_fall_018/gmncsa24_gmncsa_fall_018_w0011.json
gmncsa24_gmncsa_fall_018_w0004,gmncsa24_gmncsa_fall_018,fall,train,/Users/varunreddyseelam/Desktop/Gen_ai/final_pipeline/data/windows/train/fall/gmncsa24_gmncsa_fall_018/gmncsa24_gmncsa_fall_018_w0004.json
gmncsa24_gmncsa_fall_018_w0012,gmncsa24_gmncsa_fall_018,fall,train,/Users/varunreddyseelam/Desktop/Gen_ai/final_pipeline/data/windows/train/fall/gmncsa24_gmncsa_fall_018/gmncsa24_gmncsa_fall_018_w0012.json
gmncsa24_gmncsa_fall_018_w0024,gmncsa24_gmncsa_fall_018,fall,train,/Users/varunreddyseelam/Desktop/Gen_ai/final_pipeline/data/windows/train/fall/gmncsa24_gmncsa_fall_018/gmncsa24_gmncsa_fall_018_w0024.json
gmncsa24_gmncsa_fall_018_w0008,gmncsa24_gmncsa_fall_018,fall,train,/Users/varunreddyseelam/Desktop/Gen_ai/final_pipeline/data/windows/train/fall/gmncsa24_gmncsa_fall_018/gmncsa24_gmncsa_fall_018_w0008.json
gmncsa24_gmncsa_fall_018_w0009,gmncsa24_gmncsa_fall_018,fall,train,/Users/varunreddyseelam/Desktop/Gen_ai/final_pipeline/data/windows/train/fall/gmncsa24_gmncsa_fall_018/gmncsa24_gmncsa_fall_018_w0009.json
gmncsa24_gmncsa_fall_018_w0013,gmncsa24_gmncsa_fall_018,fall,train,/Users/varunreddyseelam/Desktop/Gen_ai/final_pipeline/data/windows/train/fall/gmncsa24_gmncsa_fall_018/gmncsa24_gmncsa_fall_018_w0013.json
gmncsa24_gmncsa_fall_018_w0005,gmncsa24_gmncsa_fall_018,fall,train,/Users/varunreddyseelam/Desktop/Gen_ai/final_pipeline/data/windows/train/fall/gmncsa24_gmncsa_fall_018/gmncsa24_gmncsa_fall_018_w0005.json
gmncsa24_gmncsa_fall_018_w0022,gmncsa24_gmncsa_fall_018,fall,train,/Users/varunreddyseelam/Desktop/Gen_ai/final_pipeline/data/windows/train/fall/gmncsa24_gmncsa_fall_018/gmncsa24_gmncsa_fall_018_w0022.json
gmncsa24_gmncsa_fall_018_w0018,gmncsa24_gmncsa_fall_018,fall,train,/Users/varunreddyseelam/Desktop/Gen_ai/final_pipeline/data/windows/train/fall/gmncsa24_gmncsa_fall_018/gmncsa24_gmncsa_fall_018_w0018.json
gmncsa24_gmncsa_fall_018_w0002,gmncsa24_gmncsa_fall_018,fall,train,/Users/varunreddyseelam/Desktop/Gen_ai/final_pipeline/data/windows/train/fall/gmncsa24_gmncsa_fall_018/gmncsa24_gmncsa_fall_018_w0002.json
gmncsa24_gmncsa_fall_018_w0014,gmncsa24_gmncsa_fall_018,fall,train,/Users/varunreddyseelam/Desktop/Gen_ai/final_pipeline/data/windows/train/fall/gmncsa24_gmncsa_fall_018/gmncsa24_gmncsa_fall_018_w0014.json
gmncsa24_gmncsa_fall_018_w0015,gmncsa24_gmncsa_fall_018,fall,train,/Users/varunreddyseelam/Desktop/Gen_ai/final_pipeline/data/windows/train/fall/gmncsa24_gmncsa_fall_018/gmncsa24_gmncsa_fall_018_w0015.json
gmncsa24_gmncsa_fall_018_w0003,gmncsa24_gmncsa_fall_018,fall,train,/Users/varunreddyseelam/Desktop/Gen_ai/final_pipeline/data/windows/train/fall/gmncsa24_gmncsa_fall_018/gmncsa24_gmncsa_fall_018_w0003.json
gmncsa24_gmncsa_fall_018_w0019,gmncsa24_gmncsa_fall_018,fall,train,/Users/varunreddyseelam/Desktop/Gen_ai/final_pipeline/data/windows/train/fall/gmncsa24_gmncsa_fall_018/gmncsa24_gmncsa_fall_018_w0019.json
gmncsa24_gmncsa_fall_018_w0023,gmncsa24_gmncsa_fall_018,fall,train,/Users/varunreddyseelam/Desktop/Gen_ai/final_pipeline/data/windows/train/fall/gmncsa24_gmncsa_fall_018/gmncsa24_gmncsa_fall_018_w0023.json
gmncsa24_gmncsa_fall_027_w0001,gmncsa24_gmncsa_fall_027,fall,train,/Users/varunreddyseelam/Desktop/Gen_ai/final_pipeline/data/windows/train/fall/gmncsa24_gmncsa_fall_027/gmncsa24_gmncsa_fall_027_w0001.json
gmncsa24_gmncsa_fall_027_w0017,gmncsa24_gmncsa_fall_027,fall,train,/Users/varunreddyseelam/Desktop/Gen_ai/final_pipeline/data/windows/train/fall/gmncsa24_gmncsa_fall_027/gmncsa24_gmncsa_fall_027_w0017.json
gmncsa24_gmncsa_fall_027_w0021,gmncsa24_gmncsa_fall_027,fall,train,/Users/varunreddyseelam/Desktop/Gen_ai/final_pipeline/data/windows/train/fall/gmncsa24_gmncsa_fall_027/gmncsa24_gmncsa_fall_027_w0021.json
gmncsa24_gmncsa_fall_027_w0020,gmncsa24_gmncsa_fall_027,fall,train,/Users/varunreddyseelam/Desktop/Gen_ai/final_pipeline/data/windows/train/fall/gmncsa24_gmncsa_fall_027/gmncsa24_gmncsa_fall_027_w0020.json
gmncsa24_gmncsa_fall_027_w0016,gmncsa24_gmncsa_fall_027,fall,train,/Users/varunreddyseelam/Desktop/Gen_ai/final_pipeline/data/windows/train/fall/gmncsa24_gmncsa_fall_027/gmncsa24_gmncsa_fall_027_w0016.json
gmncsa24_gmncsa_fall_027_w0000,gmncsa24_gmncsa_fall_027,fall,train,/Users/varunreddyseelam/Desktop/Gen_ai/final_pipeline/data/windows/train/fall/gmncsa24_gmncsa_fall_027/gmncsa24_gmncsa_fall_027_w0000.json
gmncsa24_gmncsa_fall_027_w0031,gmncsa24_gmncsa_fall_027,fall,train,/Users/varunreddyseelam/Desktop/Gen_ai/final_pipeline/data/windows/train/fall/gmncsa24_gmncsa_fall_027/gmncsa24_gmncsa_fall_027_w0031.json
gmncsa24_gmncsa_fall_027_w0027,gmncsa24_gmncsa_fall_027,fall,train,/Users/varunreddyseelam/Desktop/Gen_ai/final_pipeline/data/windows/train/fall/gmncsa24_gmncsa_fall_027/gmncsa24_gmncsa_fall_027_w0027.json
gmncsa24_gmncsa_fall_027_w0007,gmncsa24_gmncsa_fall_027,fall,train,/Users/varunreddyseelam/Desktop/Gen_ai/final_pipeline/data/windows/train/fall/gmncsa24_gmncsa_fall_027/gmncsa24_gmncsa_fall_027_w0007.json
gmncsa24_gmncsa_fall_027_w0011,gmncsa24_gmncsa_fall_027,fall,train,/Users/varunreddyseelam/Desktop/Gen_ai/final_pipeline/data/windows/train/fall/gmncsa24_gmncsa_fall_027/gmncsa24_gmncsa_fall_027_w0011.json
gmncsa24_gmncsa_fall_027_w0010,gmncsa24_gmncsa_fall_027,fall,train,/Users/varunreddyseelam/Desktop/Gen_ai/final_pipeline/data/windows/train/fall/gmncsa24_gmncsa_fall_027/gmncsa24_gmncsa_fall_027_w0010.json
gmncsa24_gmncsa_fall_027_w0006,gmncsa24_gmncsa_fall_027,fall,train,/Users/varunreddyseelam/Desktop/Gen_ai/final_pipeline/data/windows/train/fall/gmncsa24_gmncsa_fall_027/gmncsa24_gmncsa_fall_027_w0006.json
gmncsa24_gmncsa_fall_027_w0026,gmncsa24_gmncsa_fall_027,fall,train,/Users/varunreddyseelam/Desktop/Gen_ai/final_pipeline/data/windows/train/fall/gmncsa24_gmncsa_fall_027/gmncsa24_gmncsa_fall_027_w0026.json
gmncsa24_gmncsa_fall_027_w0030,gmncsa24_gmncsa_fall_027,fall,train,/Users/varunreddyseelam/Desktop/Gen_ai/final_pipeline/data/windows/train/fall/gmncsa24_gmncsa_fall_027/gmncsa24_gmncsa_fall_027_w0030.json
gmncsa24_gmncsa_fall_027_w0009,gmncsa24_gmncsa_fall_027,fall,train,/Users/varunreddyseelam/Desktop/Gen_ai/final_pipeline/data/windows/train/fall/gmncsa24_gmncsa_fall_027/gmncsa24_gmncsa_fall_027_w0009.json
gmncsa24_gmncsa_fall_027_w0025,gmncsa24_gmncsa_fall_027,fall,train,/Users/varunreddyseelam/Desktop/Gen_ai/final_pipeline/data/windows/train/fall/gmncsa24_gmncsa_fall_027/gmncsa24_gmncsa_fall_027_w0025.json
gmncsa24_gmncsa_fall_027_w0033,gmncsa24_gmncsa_fall_027,fall,train,/Users/varunreddyseelam/Desktop/Gen_ai/final_pipeline/data/windows/train/fall/gmncsa24_gmncsa_fall_027/gmncsa24_gmncsa_fall_027_w0033.json
gmncsa24_gmncsa_fall_027_w0013,gmncsa24_gmncsa_fall_027,fall,train,/Users/varunreddyseelam/Desktop/Gen_ai/final_pipeline/data/windows/train/fall/gmncsa24_gmncsa_fall_027/gmncsa24_gmncsa_fall_027_w0013.json
gmncsa24_gmncsa_fall_027_w0005,gmncsa24_gmncsa_fall_027,fall,train,/Users/varunreddyseelam/Desktop/Gen_ai/final_pipeline/data/windows/train/fall/gmncsa24_gmncsa_fall_027/gmncsa24_gmncsa_fall_027_w0005.json
gmncsa24_gmncsa_fall_027_w0029,gmncsa24_gmncsa_fall_027,fall,train,/Users/varunreddyseelam/Desktop/Gen_ai/final_pipeline/data/windows/train/fall/gmncsa24_gmncsa_fall_027/gmncsa24_gmncsa_fall_027_w0029.json
gmncsa24_gmncsa_fall_027_w0028,gmncsa24_gmncsa_fall_027,fall,train,/Users/varunreddyseelam/Desktop/Gen_ai/final_pipeline/data/windows/train/fall/gmncsa24_gmncsa_fall_027/gmncsa24_gmncsa_fall_027_w0028.json
gmncsa24_gmncsa_fall_027_w0004,gmncsa24_gmncsa_fall_027,fall,train,/Users/varunreddyseelam/Desktop/Gen_ai/final_pipeline/data/windows/train/fall/gmncsa24_gmncsa_fall_027/gmncsa24_gmncsa_fall_027_w0004.json
gmncsa24_gmncsa_fall_027_w0012,gmncsa24_gmncsa_fall_027,fall,train,/Users/varunreddyseelam/Desktop/Gen_ai/final_pipeline/data/windows/train/fall/gmncsa24_gmncsa_fall_027/gmncsa24_gmncsa_fall_027_w0012.json
gmncsa24_gmncsa_fall_027_w0032,gmncsa24_gmncsa_fall_027,fall,train,/Users/varunreddyseelam/Desktop/Gen_ai/final_pipeline/data/windows/train/fall/gmncsa24_gmncsa_fall_027/gmncsa24_gmncsa_fall_027_w0032.json
gmncsa24_gmncsa_fall_027_w0024,gmncsa24_gmncsa_fall_027,fall,train,/Users/varunreddyseelam/Desktop/Gen_ai/final_pipeline/data/windows/train/fall/gmncsa24_gmncsa_fall_027/gmncsa24_gmncsa_fall_027_w0024.json
gmncsa24_gmncsa_fall_027_w0008,gmncsa24_gmncsa_fall_027,fall,train,/Users/varunreddyseelam/Desktop/Gen_ai/final_pipeline/data/windows/train/fall/gmncsa24_gmncsa_fall_027/gmncsa24_gmncsa_fall_027_w0008.json
gmncsa24_gmncsa_fall_027_w0015,gmncsa24_gmncsa_fall_027,fall,train,/Users/varunreddyseelam/Desktop/Gen_ai/final_pipeline/data/windows/train/fall/gmncsa24_gmncsa_fall_027/gmncsa24_gmncsa_fall_027_w0015.json
gmncsa24_gmncsa_fall_027_w0003,gmncsa24_gmncsa_fall_027,fall,train,/Users/varunreddyseelam/Desktop/Gen_ai/final_pipeline/data/windows/train/fall/gmncsa24_gmncsa_fall_027/gmncsa24_gmncsa_fall_027_w0003.json
gmncsa24_gmncsa_fall_027_w0019,gmncsa24_gmncsa_fall_027,fall,train,/Users/varunreddyseelam/Desktop/Gen_ai/final_pipeline/data/windows/train/fall/gmncsa24_gmncsa_fall_027/gmncsa24_gmncsa_fall_027_w0019.json
gmncsa24_gmncsa_fall_027_w0023,gmncsa24_gmncsa_fall_027,fall,train,/Users/varunreddyseelam/Desktop/Gen_ai/final_pipeline/data/windows/train/fall/gmncsa24_gmncsa_fall_027/gmncsa24_gmncsa_fall_027_w0023.json
gmncsa24_gmncsa_fall_027_w0035,gmncsa24_gmncsa_fall_027,fall,train,/Users/varunreddyseelam/Desktop/Gen_ai/final_pipeline/data/windows/train/fall/gmncsa24_gmncsa_fall_027/gmncsa24_gmncsa_fall_027_w0035.json
gmncsa24_gmncsa_fall_027_w0034,gmncsa24_gmncsa_fall_027,fall,train,/Users/varunreddyseelam/Desktop/Gen_ai/final_pipeline/data/windows/train/fall/gmncsa24_gmncsa_fall_027/gmncsa24_gmncsa_fall_027_w0034.json
gmncsa24_gmncsa_fall_027_w0022,gmncsa24_gmncsa_fall_027,fall,train,/Users/varunreddyseelam/Desktop/Gen_ai/final_pipeline/data/windows/train/fall/gmncsa24_gmncsa_fall_027/gmncsa24_gmncsa_fall_027_w0022.json
gmncsa24_gmncsa_fall_027_w0018,gmncsa24_gmncsa_fall_027,fall,train,/Users/varunreddyseelam/Desktop/Gen_ai/final_pipeline/data/windows/train/fall/gmncsa24_gmncsa_fall_027/gmncsa24_gmncsa_fall_027_w0018.json
gmncsa24_gmncsa_fall_027_w0002,gmncsa24_gmncsa_fall_027,fall,train,/Users/varunreddyseelam/Desktop/Gen_ai/final_pipeline/data/windows/train/fall/gmncsa24_gmncsa_fall_027/gmncsa24_gmncsa_fall_027_w0002.json
gmncsa24_gmncsa_fall_027_w0014,gmncsa24_gmncsa_fall_027,fall,train,/Users/varunreddyseelam/Desktop/Gen_ai/final_pipeline/data/windows/train/fall/gmncsa24_gmncsa_fall_027/gmncsa24_gmncsa_fall_027_w0014.json
gmncsa24_gmncsa_fall_074_w0023,gmncsa24_gmncsa_fall_074,fall,train,/Users/varunreddyseelam/Desktop/Gen_ai/final_pipeline/data/windows/train/fall/gmncsa24_gmncsa_fall_074/gmncsa24_gmncsa_fall_074_w0023.json
gmncsa24_gmncsa_fall_074_w0019,gmncsa24_gmncsa_fall_074,fall,train,/Users/varunreddyseelam/Desktop/Gen_ai/final_pipeline/data/windows/train/fall/gmncsa24_gmncsa_fall_074/gmncsa24_gmncsa_fall_074_w0019.json
gmncsa24_gmncsa_fall_074_w0015,gmncsa24_gmncsa_fall_074,fall,train,/Users/varunreddyseelam/Desktop/Gen_ai/final_pipeline/data/windows/train/fall/gmncsa24_gmncsa_fall_074/gmncsa24_gmncsa_fall_074_w0015.json
gmncsa24_gmncsa_fall_074_w0003,gmncsa24_gmncsa_fall_074,fall,train,/Users/varunreddyseelam/Desktop/Gen_ai/final_pipeline/data/windows/train/fall/gmncsa24_gmncsa_fall_074/gmncsa24_gmncsa_fall_074_w0003.json
gmncsa24_gmncsa_fall_074_w0002,gmncsa24_gmncsa_fall_074,fall,train,/Users/varunreddyseelam/Desktop/Gen_ai/final_pipeline/data/windows/train/fall/gmncsa24_gmncsa_fall_074/gmncsa24_gmncsa_fall_074_w0002.json
gmncsa24_gmncsa_fall_074_w0014,gmncsa24_gmncsa_fall_074,fall,train,/Users/varunreddyseelam/Desktop/Gen_ai/final_pipeline/data/windows/train/fall/gmncsa24_gmncsa_fall_074/gmncsa24_gmncsa_fall_074_w0014.json
gmncsa24_gmncsa_fall_074_w0018,gmncsa24_gmncsa_fall_074,fall,train,/Users/varunreddyseelam/Desktop/Gen_ai/final_pipeline/data/windows/train/fall/gmncsa24_gmncsa_fall_074/gmncsa24_gmncsa_fall_074_w0018.json
gmncsa24_gmncsa_fall_074_w0022,gmncsa24_gmncsa_fall_074,fall,train,/Users/varunreddyseelam/Desktop/Gen_ai/final_pipeline/data/windows/train/fall/gmncsa24_gmncsa_fall_074/gmncsa24_gmncsa_fall_074_w0022.json
gmncsa24_gmncsa_fall_074_w0013,gmncsa24_gmncsa_fall_074,fall,train,/Users/varunreddyseelam/Desktop/Gen_ai/final_pipeline/data/windows/train/fall/gmncsa24_gmncsa_fall_074/gmncsa24_gmncsa_fall_074_w0013.json
gmncsa24_gmncsa_fall_074_w0005,gmncsa24_gmncsa_fall_074,fall,train,/Users/varunreddyseelam/Desktop/Gen_ai/final_pipeline/data/windows/train/fall/gmncsa24_gmncsa_fall_074/gmncsa24_gmncsa_fall_074_w0005.json
gmncsa24_gmncsa_fall_074_w0009,gmncsa24_gmncsa_fall_074,fall,train,/Users/varunreddyseelam/Desktop/Gen_ai/final_pipeline/data/windows/train/fall/gmncsa24_gmncsa_fall_074/gmncsa24_gmncsa_fall_074_w0009.json
gmncsa24_gmncsa_fall_074_w0008,gmncsa24_gmncsa_fall_074,fall,train,/Users/varunreddyseelam/Desktop/Gen_ai/final_pipeline/data/windows/train/fall/gmncsa24_gmncsa_fall_074/gmncsa24_gmncsa_fall_074_w0008.json
gmncsa24_gmncsa_fall_074_w0024,gmncsa24_gmncsa_fall_074,fall,train,/Users/varunreddyseelam/Desktop/Gen_ai/final_pipeline/data/windows/train/fall/gmncsa24_gmncsa_fall_074/gmncsa24_gmncsa_fall_074_w0024.json
gmncsa24_gmncsa_fall_074_w0004,gmncsa24_gmncsa_fall_074,fall,train,/Users/varunreddyseelam/Desktop/Gen_ai/final_pipeline/data/windows/train/fall/gmncsa24_gmncsa_fall_074/gmncsa24_gmncsa_fall_074_w0004.json
gmncsa24_gmncsa_fall_074_w0012,gmncsa24_gmncsa_fall_074,fall,train,/Users/varunreddyseelam/Desktop/Gen_ai/final_pipeline/data/windows/train/fall/gmncsa24_gmncsa_fall_074/gmncsa24_gmncsa_fall_074_w0012.json
gmncsa24_gmncsa_fall_074_w0007,gmncsa24_gmncsa_fall_074,fall,train,/Users/varunreddyseelam/Desktop/Gen_ai/final_pipeline/data/windows/train/fall/gmncsa24_gmncsa_fall_074/gmncsa24_gmncsa_fall_074_w0007.json
gmncsa24_gmncsa_fall_074_w0011,gmncsa24_gmncsa_fall_074,fall,train,/Users/varunreddyseelam/Desktop/Gen_ai/final_pipeline/data/windows/train/fall/gmncsa24_gmncsa_fall_074/gmncsa24_gmncsa_fall_074_w0011.json
gmncsa24_gmncsa_fall_074_w0010,gmncsa24_gmncsa_fall_074,fall,train,/Users/varunreddyseelam/Desktop/Gen_ai/final_pipeline/data/windows/train/fall/gmncsa24_gmncsa_fall_074/gmncsa24_gmncsa_fall_074_w0010.json
gmncsa24_gmncsa_fall_074_w0006,gmncsa24_gmncsa_fall_074,fall,train,/Users/varunreddyseelam/Desktop/Gen_ai/final_pipeline/data/windows/train/fall/gmncsa24_gmncsa_fall_074/gmncsa24_gmncsa_fall_074_w0006.json
gmncsa24_gmncsa_fall_074_w0021,gmncsa24_gmncsa_fall_074,fall,train,/Users/varunreddyseelam/Desktop/Gen_ai/final_pipeline/data/windows/train/fall/gmncsa24_gmncsa_fall_074/gmncsa24_gmncsa_fall_074_w0021.json
gmncsa24_gmncsa_fall_074_w0001,gmncsa24_gmncsa_fall_074,fall,train,/Users/varunreddyseelam/Desktop/Gen_ai/final_pipeline/data/windows/train/fall/gmncsa24_gmncsa_fall_074/gmncsa24_gmncsa_fall_074_w0001.json
gmncsa24_gmncsa_fall_074_w0017,gmncsa24_gmncsa_fall_074,fall,train,/Users/varunreddyseelam/Desktop/Gen_ai/final_pipeline/data/windows/train/fall/gmncsa24_gmncsa_fall_074/gmncsa24_gmncsa_fall_074_w0017.json
gmncsa24_gmncsa_fall_074_w0016,gmncsa24_gmncsa_fall_074,fall,train,/Users/varunreddyseelam/Desktop/Gen_ai/final_pipeline/data/windows/train/fall/gmncsa24_gmncsa_fall_074/gmncsa24_gmncsa_fall_074_w0016.json
gmncsa24_gmncsa_fall_074_w0000,gmncsa24_gmncsa_fall_074,fall,train,/Users/varunreddyseelam/Desktop/Gen_ai/final_pipeline/data/windows/train/fall/gmncsa24_gmncsa_fall_074/gmncsa24_gmncsa_fall_074_w0000.json
gmncsa24_gmncsa_fall_074_w0020,gmncsa24_gmncsa_fall_074,fall,train,/Users/varunreddyseelam/Desktop/Gen_ai/final_pipeline/data/windows/train/fall/gmncsa24_gmncsa_fall_074/gmncsa24_gmncsa_fall_074_w0020.json
le2i_CR02_video_60_fall_w0000,le2i_CR02_video_60_fall,fall,train,/Users/varunreddyseelam/Desktop/Gen_ai/final_pipeline/data/windows/train/fall/le2i_CR02_video_60_fall/le2i_CR02_video_60_fall_w0000.json
le2i_CR02_video_60_fall_w0001,le2i_CR02_video_60_fall,fall,train,/Users/varunreddyseelam/Desktop/Gen_ai/final_pipeline/data/windows/train/fall/le2i_CR02_video_60_fall/le2i_CR02_video_60_fall_w0001.json
le2i_CR02_video_60_fall_w0002,le2i_CR02_video_60_fall,fall,train,/Users/varunreddyseelam/Desktop/Gen_ai/final_pipeline/data/windows/train/fall/le2i_CR02_video_60_fall/le2i_CR02_video_60_fall_w0002.json
le2i_CR02_video_60_fall_w0003,le2i_CR02_video_60_fall,fall,train,/Users/varunreddyseelam/Desktop/Gen_ai/final_pipeline/data/windows/train/fall/le2i_CR02_video_60_fall/le2i_CR02_video_60_fall_w0003.json
gmncsa24_gmncsa_fall_045_w0001,gmncsa24_gmncsa_fall_045,fall,train,/Users/varunreddyseelam/Desktop/Gen_ai/final_pipeline/data/windows/train/fall/gmncsa24_gmncsa_fall_045/gmncsa24_gmncsa_fall_045_w0001.json
gmncsa24_gmncsa_fall_045_w0017,gmncsa24_gmncsa_fall_045,fall,train,/Users/varunreddyseelam/Desktop/Gen_ai/final_pipeline/data/windows/train/fall/gmncsa24_gmncsa_fall_045/gmncsa24_gmncsa_fall_045_w0017.json
gmncsa24_gmncsa_fall_045_w0040,gmncsa24_gmncsa_fall_045,fall,train,/Users/varunreddyseelam/Desktop/Gen_ai/final_pipeline/data/windows/train/fall/gmncsa24_gmncsa_fall_045/gmncsa24_gmncsa_fall_045_w0040.json
gmncsa24_gmncsa_fall_045_w0037,gmncsa24_gmncsa_fall_045,fall,train,/Users/varunreddyseelam/Desktop/Gen_ai/final_pipeline/data/windows/train/fall/gmncsa24_gmncsa_fall_045/gmncsa24_gmncsa_fall_045_w0037.json
gmncsa24_gmncsa_fall_045_w0021,gmncsa24_gmncsa_fall_045,fall,train,/Users/varunreddyseelam/Desktop/Gen_ai/final_pipeline/data/windows/train/fall/gmncsa24_gmncsa_fall_045/gmncsa24_gmncsa_fall_045_w0021.json
gmncsa24_gmncsa_fall_045_w0020,gmncsa24_gmncsa_fall_045,fall,train,/Users/varunreddyseelam/Desktop/Gen_ai/final_pipeline/data/windows/train/fall/gmncsa24_gmncsa_fall_045/gmncsa24_gmncsa_fall_045_w0020.json
gmncsa24_gmncsa_fall_045_w0036,gmncsa24_gmncsa_fall_045,fall,train,/Users/varunreddyseelam/Desktop/Gen_ai/final_pipeline/data/windows/train/fall/gmncsa24_gmncsa_fall_045/gmncsa24_gmncsa_fall_045_w0036.json
gmncsa24_gmncsa_fall_045_w0041,gmncsa24_gmncsa_fall_045,fall,train,/Users/varunreddyseelam/Desktop/Gen_ai/final_pipeline/data/windows/train/fall/gmncsa24_gmncsa_fall_045/gmncsa24_gmncsa_fall_045_w0041.json
gmncsa24_gmncsa_fall_045_w0016,gmncsa24_gmncsa_fall_045,fall,train,/Users/varunreddyseelam/Desktop/Gen_ai/final_pipeline/data/windows/train/fall/gmncsa24_gmncsa_fall_045/gmncsa24_gmncsa_fall_045_w0016.json
gmncsa24_gmncsa_fall_045_w0000,gmncsa24_gmncsa_fall_045,fall,train,/Users/varunreddyseelam/Desktop/Gen_ai/final_pipeline/data/windows/train/fall/gmncsa24_gmncsa_fall_045/gmncsa24_gmncsa_fall_045_w0000.json
gmncsa24_gmncsa_fall_045_w0031,gmncsa24_gmncsa_fall_045,fall,train,/Users/varunreddyseelam/Desktop/Gen_ai/final_pipeline/data/windows/train/fall/gmncsa24_gmncsa_fall_045/gmncsa24_gmncsa_fall_045_w0031.json
gmncsa24_gmncsa_fall_045_w0027,gmncsa24_gmncsa_fall_045,fall,train,/Users/varunreddyseelam/Desktop/Gen_ai/final_pipeline/data/windows/train/fall/gmncsa24_gmncsa_fall_045/gmncsa24_gmncsa_fall_045_w0027.json
gmncsa24_gmncsa_fall_045_w0050,gmncsa24_gmncsa_fall_045,fall,train,/Users/varunreddyseelam/Desktop/Gen_ai/final_pipeline/data/windows/train/fall/gmncsa24_gmncsa_fall_045/gmncsa24_gmncsa_fall_045_w0050.json
gmncsa24_gmncsa_fall_045_w0007,gmncsa24_gmncsa_fall_045,fall,train,/Users/varunreddyseelam/Desktop/Gen_ai/final_pipeline/data/windows/train/fall/gmncsa24_gmncsa_fall_045/gmncsa24_gmncsa_fall_045_w0007.json
gmncsa24_gmncsa_fall_045_w0011,gmncsa24_gmncsa_fall_045,fall,train,/Users/varunreddyseelam/Desktop/Gen_ai/final_pipeline/data/windows/train/fall/gmncsa24_gmncsa_fall_045/gmncsa24_gmncsa_fall_045_w0011.json
gmncsa24_gmncsa_fall_045_w0046,gmncsa24_gmncsa_fall_045,fall,train,/Users/varunreddyseelam/Desktop/Gen_ai/final_pipeline/data/windows/train/fall/gmncsa24_gmncsa_fall_045/gmncsa24_gmncsa_fall_045_w0046.json
gmncsa24_gmncsa_fall_045_w0047,gmncsa24_gmncsa_fall_045,fall,train,/Users/varunreddyseelam/Desktop/Gen_ai/final_pipeline/data/windows/train/fall/gmncsa24_gmncsa_fall_045/gmncsa24_gmncsa_fall_045_w0047.json
gmncsa24_gmncsa_fall_045_w0010,gmncsa24_gmncsa_fall_045,fall,train,/Users/varunreddyseelam/Desktop/Gen_ai/final_pipeline/data/windows/train/fall/gmncsa24_gmncsa_fall_045/gmncsa24_gmncsa_fall_045_w0010.json
gmncsa24_gmncsa_fall_045_w0006,gmncsa24_gmncsa_fall_045,fall,train,/Users/varunreddyseelam/Desktop/Gen_ai/final_pipeline/data/windows/train/fall/gmncsa24_gmncsa_fall_045/gmncsa24_gmncsa_fall_045_w0006.json
gmncsa24_gmncsa_fall_045_w0051,gmncsa24_gmncsa_fall_045,fall,train,/Users/varunreddyseelam/Desktop/Gen_ai/final_pipeline/data/windows/train/fall/gmncsa24_gmncsa_fall_045/gmncsa24_gmncsa_fall_045_w0051.json
gmncsa24_gmncsa_fall_045_w0026,gmncsa24_gmncsa_fall_045,fall,train,/Users/varunreddyseelam/Desktop/Gen_ai/final_pipeline/data/windows/train/fall/gmncsa24_gmncsa_fall_045/gmncsa24_gmncsa_fall_045_w0026.json
gmncsa24_gmncsa_fall_045_w0030,gmncsa24_gmncsa_fall_045,fall,train,/Users/varunreddyseelam/Desktop/Gen_ai/final_pipeline/data/windows/train/fall/gmncsa24_gmncsa_fall_045/gmncsa24_gmncsa_fall_045_w0030.json
gmncsa24_gmncsa_fall_045_w0048,gmncsa24_gmncsa_fall_045,fall,train,/Users/varunreddyseelam/Desktop/Gen_ai/final_pipeline/data/windows/train/fall/gmncsa24_gmncsa_fall_045/gmncsa24_gmncsa_fall_045_w0048.json
gmncsa24_gmncsa_fall_045_w0009,gmncsa24_gmncsa_fall_045,fall,train,/Users/varunreddyseelam/Desktop/Gen_ai/final_pipeline/data/windows/train/fall/gmncsa24_gmncsa_fall_045/gmncsa24_gmncsa_fall_045_w0009.json
gmncsa24_gmncsa_fall_045_w0025,gmncsa24_gmncsa_fall_045,fall,train,/Users/varunreddyseelam/Desktop/Gen_ai/final_pipeline/data/windows/train/fall/gmncsa24_gmncsa_fall_045/gmncsa24_gmncsa_fall_045_w0025.json
gmncsa24_gmncsa_fall_045_w0033,gmncsa24_gmncsa_fall_045,fall,train,/Users/varunreddyseelam/Desktop/Gen_ai/final_pipeline/data/windows/train/fall/gmncsa24_gmncsa_fall_045/gmncsa24_gmncsa_fall_045_w0033.json
gmncsa24_gmncsa_fall_045_w0044,gmncsa24_gmncsa_fall_045,fall,train,/Users/varunreddyseelam/Desktop/Gen_ai/final_pipeline/data/windows/train/fall/gmncsa24_gmncsa_fall_045/gmncsa24_gmncsa_fall_045_w0044.json
gmncsa24_gmncsa_fall_045_w0013,gmncsa24_gmncsa_fall_045,fall,train,/Users/varunreddyseelam/Desktop/Gen_ai/final_pipeline/data/windows/train/fall/gmncsa24_gmncsa_fall_045/gmncsa24_gmncsa_fall_045_w0013.json
gmncsa24_gmncsa_fall_045_w0005,gmncsa24_gmncsa_fall_045,fall,train,/Users/varunreddyseelam/Desktop/Gen_ai/final_pipeline/data/windows/train/fall/gmncsa24_gmncsa_fall_045/gmncsa24_gmncsa_fall_045_w0005.json
gmncsa24_gmncsa_fall_045_w0029,gmncsa24_gmncsa_fall_045,fall,train,/Users/varunreddyseelam/Desktop/Gen_ai/final_pipeline/data/windows/train/fall/gmncsa24_gmncsa_fall_045/gmncsa24_gmncsa_fall_045_w0029.json
gmncsa24_gmncsa_fall_045_w0028,gmncsa24_gmncsa_fall_045,fall,train,/Users/varunreddyseelam/Desktop/Gen_ai/final_pipeline/data/windows/train/fall/gmncsa24_gmncsa_fall_045/gmncsa24_gmncsa_fall_045_w0028.json
gmncsa24_gmncsa_fall_045_w0004,gmncsa24_gmncsa_fall_045,fall,train,/Users/varunreddyseelam/Desktop/Gen_ai/final_pipeline/data/windows/train/fall/gmncsa24_gmncsa_fall_045/gmncsa24_gmncsa_fall_045_w0004.json
gmncsa24_gmncsa_fall_045_w0012,gmncsa24_gmncsa_fall_045,fall,train,/Users/varunreddyseelam/Desktop/Gen_ai/final_pipeline/data/windows/train/fall/gmncsa24_gmncsa_fall_045/gmncsa24_gmncsa_fall_045_w0012.json
gmncsa24_gmncsa_fall_045_w0045,gmncsa24_gmncsa_fall_045,fall,train,/Users/varunreddyseelam/Desktop/Gen_ai/final_pipeline/data/windows/train/fall/gmncsa24_gmncsa_fall_045/gmncsa24_gmncsa_fall_045_w0045.json
gmncsa24_gmncsa_fall_045_w0032,gmncsa24_gmncsa_fall_045,fall,train,/Users/varunreddyseelam/Desktop/Gen_ai/final_pipeline/data/windows/train/fall/gmncsa24_gmncsa_fall_045/gmncsa24_gmncsa_fall_045_w0032.json
gmncsa24_gmncsa_fall_045_w0024,gmncsa24_gmncsa_fall_045,fall,train,/Users/varunreddyseelam/Desktop/Gen_ai/final_pipeline/data/windows/train/fall/gmncsa24_gmncsa_fall_045/gmncsa24_gmncsa_fall_045_w0024.json
gmncsa24_gmncsa_fall_045_w0008,gmncsa24_gmncsa_fall_045,fall,train,/Users/varunreddyseelam/Desktop/Gen_ai/final_pipeline/data/windows/train/fall/gmncsa24_gmncsa_fall_045/gmncsa24_gmncsa_fall_045_w0008.json
gmncsa24_gmncsa_fall_045_w0049,gmncsa24_gmncsa_fall_045,fall,train,/Users/varunreddyseelam/Desktop/Gen_ai/final_pipeline/data/windows/train/fall/gmncsa24_gmncsa_fall_045/gmncsa24_gmncsa_fall_045_w0049.json
gmncsa24_gmncsa_fall_045_w0042,gmncsa24_gmncsa_fall_045,fall,train,/Users/varunreddyseelam/Desktop/Gen_ai/final_pipeline/data/windows/train/fall/gmncsa24_gmncsa_fall_045/gmncsa24_gmncsa_fall_045_w0042.json
gmncsa24_gmncsa_fall_045_w0015,gmncsa24_gmncsa_fall_045,fall,train,/Users/varunreddyseelam/Desktop/Gen_ai/final_pipeline/data/windows/train/fall/gmncsa24_gmncsa_fall_045/gmncsa24_gmncsa_fall_045_w0015.json
gmncsa24_gmncsa_fall_045_w0003,gmncsa24_gmncsa_fall_045,fall,train,/Users/varunreddyseelam/Desktop/Gen_ai/final_pipeline/data/windows/train/fall/gmncsa24_gmncsa_fall_045/gmncsa24_gmncsa_fall_045_w0003.json
gmncsa24_gmncsa_fall_045_w0039,gmncsa24_gmncsa_fall_045,fall,train,/Users/varunreddyseelam/Desktop/Gen_ai/final_pipeline/data/windows/train/fall/gmncsa24_gmncsa_fall_045/gmncsa24_gmncsa_fall_045_w0039.json
gmncsa24_gmncsa_fall_045_w0019,gmncsa24_gmncsa_fall_045,fall,train,/Users/varunreddyseelam/Desktop/Gen_ai/final_pipeline/data/windows/train/fall/gmncsa24_gmncsa_fall_045/gmncsa24_gmncsa_fall_045_w0019.json
gmncsa24_gmncsa_fall_045_w0023,gmncsa24_gmncsa_fall_045,fall,train,/Users/varunreddyseelam/Desktop/Gen_ai/final_pipeline/data/windows/train/fall/gmncsa24_gmncsa_fall_045/gmncsa24_gmncsa_fall_045_w0023.json
gmncsa24_gmncsa_fall_045_w0035,gmncsa24_gmncsa_fall_045,fall,train,/Users/varunreddyseelam/Desktop/Gen_ai/final_pipeline/data/windows/train/fall/gmncsa24_gmncsa_fall_045/gmncsa24_gmncsa_fall_045_w0035.json
gmncsa24_gmncsa_fall_045_w0034,gmncsa24_gmncsa_fall_045,fall,train,/Users/varunreddyseelam/Desktop/Gen_ai/final_pipeline/data/windows/train/fall/gmncsa24_gmncsa_fall_045/gmncsa24_gmncsa_fall_045_w0034.json
gmncsa24_gmncsa_fall_045_w0022,gmncsa24_gmncsa_fall_045,fall,train,/Users/varunreddyseelam/Desktop/Gen_ai/final_pipeline/data/windows/train/fall/gmncsa24_gmncsa_fall_045/gmncsa24_gmncsa_fall_045_w0022.json
gmncsa24_gmncsa_fall_045_w0018,gmncsa24_gmncsa_fall_045,fall,train,/Users/varunreddyseelam/Desktop/Gen_ai/final_pipeline/data/windows/train/fall/gmncsa24_gmncsa_fall_045/gmncsa24_gmncsa_fall_045_w0018.json
gmncsa24_gmncsa_fall_045_w0038,gmncsa24_gmncsa_fall_045,fall,train,/Users/varunreddyseelam/Desktop/Gen_ai/final_pipeline/data/windows/train/fall/gmncsa24_gmncsa_fall_045/gmncsa24_gmncsa_fall_045_w0038.json
gmncsa24_gmncsa_fall_045_w0002,gmncsa24_gmncsa_fall_045,fall,train,/Users/varunreddyseelam/Desktop/Gen_ai/final_pipeline/data/windows/train/fall/gmncsa24_gmncsa_fall_045/gmncsa24_gmncsa_fall_045_w0002.json
gmncsa24_gmncsa_fall_045_w0014,gmncsa24_gmncsa_fall_045,fall,train,/Users/varunreddyseelam/Desktop/Gen_ai/final_pipeline/data/windows/train/fall/gmncsa24_gmncsa_fall_045/gmncsa24_gmncsa_fall_045_w0014.json
gmncsa24_gmncsa_fall_045_w0043,gmncsa24_gmncsa_fall_045,fall,train,/Users/varunreddyseelam/Desktop/Gen_ai/final_pipeline/data/windows/train/fall/gmncsa24_gmncsa_fall_045/gmncsa24_gmncsa_fall_045_w0043.json
gmncsa24_gmncsa_fall_019_w0009,gmncsa24_gmncsa_fall_019,fall,train,/Users/varunreddyseelam/Desktop/Gen_ai/final_pipeline/data/windows/train/fall/gmncsa24_gmncsa_fall_019/gmncsa24_gmncsa_fall_019_w0009.json
gmncsa24_gmncsa_fall_019_w0025,gmncsa24_gmncsa_fall_019,fall,train,/Users/varunreddyseelam/Desktop/Gen_ai/final_pipeline/data/windows/train/fall/gmncsa24_gmncsa_fall_019/gmncsa24_gmncsa_fall_019_w0025.json
gmncsa24_gmncsa_fall_019_w0005,gmncsa24_gmncsa_fall_019,fall,train,/Users/varunreddyseelam/Desktop/Gen_ai/final_pipeline/data/windows/train/fall/gmncsa24_gmncsa_fall_019/gmncsa24_gmncsa_fall_019_w0005.json
gmncsa24_gmncsa_fall_019_w0013,gmncsa24_gmncsa_fall_019,fall,train,/Users/varunreddyseelam/Desktop/Gen_ai/final_pipeline/data/windows/train/fall/gmncsa24_gmncsa_fall_019/gmncsa24_gmncsa_fall_019_w0013.json
gmncsa24_gmncsa_fall_019_w0029,gmncsa24_gmncsa_fall_019,fall,train,/Users/varunreddyseelam/Desktop/Gen_ai/final_pipeline/data/windows/train/fall/gmncsa24_gmncsa_fall_019/gmncsa24_gmncsa_fall_019_w0029.json
gmncsa24_gmncsa_fall_019_w0028,gmncsa24_gmncsa_fall_019,fall,train,/Users/varunreddyseelam/Desktop/Gen_ai/final_pipeline/data/windows/train/fall/gmncsa24_gmncsa_fall_019/gmncsa24_gmncsa_fall_019_w0028.json
gmncsa24_gmncsa_fall_019_w0012,gmncsa24_gmncsa_fall_019,fall,train,/Users/varunreddyseelam/Desktop/Gen_ai/final_pipeline/data/windows/train/fall/gmncsa24_gmncsa_fall_019/gmncsa24_gmncsa_fall_019_w0012.json
gmncsa24_gmncsa_fall_019_w0004,gmncsa24_gmncsa_fall_019,fall,train,/Users/varunreddyseelam/Desktop/Gen_ai/final_pipeline/data/windows/train/fall/gmncsa24_gmncsa_fall_019/gmncsa24_gmncsa_fall_019_w0004.json
gmncsa24_gmncsa_fall_019_w0024,gmncsa24_gmncsa_fall_019,fall,train,/Users/varunreddyseelam/Desktop/Gen_ai/final_pipeline/data/windows/train/fall/gmncsa24_gmncsa_fall_019/gmncsa24_gmncsa_fall_019_w0024.json
gmncsa24_gmncsa_fall_019_w0008,gmncsa24_gmncsa_fall_019,fall,train,/Users/varunreddyseelam/Desktop/Gen_ai/final_pipeline/data/windows/train/fall/gmncsa24_gmncsa_fall_019/gmncsa24_gmncsa_fall_019_w0008.json
gmncsa24_gmncsa_fall_019_w0003,gmncsa24_gmncsa_fall_019,fall,train,/Users/varunreddyseelam/Desktop/Gen_ai/final_pipeline/data/windows/train/fall/gmncsa24_gmncsa_fall_019/gmncsa24_gmncsa_fall_019_w0003.json
gmncsa24_gmncsa_fall_019_w0015,gmncsa24_gmncsa_fall_019,fall,train,/Users/varunreddyseelam/Desktop/Gen_ai/final_pipeline/data/windows/train/fall/gmncsa24_gmncsa_fall_019/gmncsa24_gmncsa_fall_019_w0015.json
gmncsa24_gmncsa_fall_019_w0019,gmncsa24_gmncsa_fall_019,fall,train,/Users/varunreddyseelam/Desktop/Gen_ai/final_pipeline/data/windows/train/fall/gmncsa24_gmncsa_fall_019/gmncsa24_gmncsa_fall_019_w0019.json
gmncsa24_gmncsa_fall_019_w0023,gmncsa24_gmncsa_fall_019,fall,train,/Users/varunreddyseelam/Desktop/Gen_ai/final_pipeline/data/windows/train/fall/gmncsa24_gmncsa_fall_019/gmncsa24_gmncsa_fall_019_w0023.json
gmncsa24_gmncsa_fall_019_w0022,gmncsa24_gmncsa_fall_019,fall,train,/Users/varunreddyseelam/Desktop/Gen_ai/final_pipeline/data/windows/train/fall/gmncsa24_gmncsa_fall_019/gmncsa24_gmncsa_fall_019_w0022.json
gmncsa24_gmncsa_fall_019_w0018,gmncsa24_gmncsa_fall_019,fall,train,/Users/varunreddyseelam/Desktop/Gen_ai/final_pipeline/data/windows/train/fall/gmncsa24_gmncsa_fall_019/gmncsa24_gmncsa_fall_019_w0018.json
gmncsa24_gmncsa_fall_019_w0014,gmncsa24_gmncsa_fall_019,fall,train,/Users/varunreddyseelam/Desktop/Gen_ai/final_pipeline/data/windows/train/fall/gmncsa24_gmncsa_fall_019/gmncsa24_gmncsa_fall_019_w0014.json
gmncsa24_gmncsa_fall_019_w0002,gmncsa24_gmncsa_fall_019,fall,train,/Users/varunreddyseelam/Desktop/Gen_ai/final_pipeline/data/windows/train/fall/gmncsa24_gmncsa_fall_019/gmncsa24_gmncsa_fall_019_w0002.json
gmncsa24_gmncsa_fall_019_w0017,gmncsa24_gmncsa_fall_019,fall,train,/Users/varunreddyseelam/Desktop/Gen_ai/final_pipeline/data/windows/train/fall/gmncsa24_gmncsa_fall_019/gmncsa24_gmncsa_fall_019_w0017.json
gmncsa24_gmncsa_fall_019_w0001,gmncsa24_gmncsa_fall_019,fall,train,/Users/varunreddyseelam/Desktop/Gen_ai/final_pipeline/data/windows/train/fall/gmncsa24_gmncsa_fall_019/gmncsa24_gmncsa_fall_019_w0001.json
gmncsa24_gmncsa_fall_019_w0021,gmncsa24_gmncsa_fall_019,fall,train,/Users/varunreddyseelam/Desktop/Gen_ai/final_pipeline/data/windows/train/fall/gmncsa24_gmncsa_fall_019/gmncsa24_gmncsa_fall_019_w0021.json
gmncsa24_gmncsa_fall_019_w0020,gmncsa24_gmncsa_fall_019,fall,train,/Users/varunreddyseelam/Desktop/Gen_ai/final_pipeline/data/windows/train/fall/gmncsa24_gmncsa_fall_019/gmncsa24_gmncsa_fall_019_w0020.json
gmncsa24_gmncsa_fall_019_w0000,gmncsa24_gmncsa_fall_019,fall,train,/Users/varunreddyseelam/Desktop/Gen_ai/final_pipeline/data/windows/train/fall/gmncsa24_gmncsa_fall_019/gmncsa24_gmncsa_fall_019_w0000.json
gmncsa24_gmncsa_fall_019_w0016,gmncsa24_gmncsa_fall_019,fall,train,/Users/varunreddyseelam/Desktop/Gen_ai/final_pipeline/data/windows/train/fall/gmncsa24_gmncsa_fall_019/gmncsa24_gmncsa_fall_019_w0016.json
gmncsa24_gmncsa_fall_019_w0027,gmncsa24_gmncsa_fall_019,fall,train,/Users/varunreddyseelam/Desktop/Gen_ai/final_pipeline/data/windows/train/fall/gmncsa24_gmncsa_fall_019/gmncsa24_gmncsa_fall_019_w0027.json
gmncsa24_gmncsa_fall_019_w0011,gmncsa24_gmncsa_fall_019,fall,train,/Users/varunreddyseelam/Desktop/Gen_ai/final_pipeline/data/windows/train/fall/gmncsa24_gmncsa_fall_019/gmncsa24_gmncsa_fall_019_w0011.json
gmncsa24_gmncsa_fall_019_w0007,gmncsa24_gmncsa_fall_019,fall,train,/Users/varunreddyseelam/Desktop/Gen_ai/final_pipeline/data/windows/train/fall/gmncsa24_gmncsa_fall_019/gmncsa24_gmncsa_fall_019_w0007.json
gmncsa24_gmncsa_fall_019_w0006,gmncsa24_gmncsa_fall_019,fall,train,/Users/varunreddyseelam/Desktop/Gen_ai/final_pipeline/data/windows/train/fall/gmncsa24_gmncsa_fall_019/gmncsa24_gmncsa_fall_019_w0006.json
gmncsa24_gmncsa_fall_019_w0010,gmncsa24_gmncsa_fall_019,fall,train,/Users/varunreddyseelam/Desktop/Gen_ai/final_pipeline/data/windows/train/fall/gmncsa24_gmncsa_fall_019/gmncsa24_gmncsa_fall_019_w0010.json
gmncsa24_gmncsa_fall_019_w0026,gmncsa24_gmncsa_fall_019,fall,train,/Users/varunreddyseelam/Desktop/Gen_ai/final_pipeline/data/windows/train/fall/gmncsa24_gmncsa_fall_019/gmncsa24_gmncsa_fall_019_w0026.json
gmncsa24_gmncsa_fall_026_w0028,gmncsa24_gmncsa_fall_026,fall,train,/Users/varunreddyseelam/Desktop/Gen_ai/final_pipeline/data/windows/train/fall/gmncsa24_gmncsa_fall_026/gmncsa24_gmncsa_fall_026_w0028.json
gmncsa24_gmncsa_fall_026_w0045,gmncsa24_gmncsa_fall_026,fall,train,/Users/varunreddyseelam/Desktop/Gen_ai/final_pipeline/data/windows/train/fall/gmncsa24_gmncsa_fall_026/gmncsa24_gmncsa_fall_026_w0045.json
gmncsa24_gmncsa_fall_026_w0012,gmncsa24_gmncsa_fall_026,fall,train,/Users/varunreddyseelam/Desktop/Gen_ai/final_pipeline/data/windows/train/fall/gmncsa24_gmncsa_fall_026/gmncsa24_gmncsa_fall_026_w0012.json
gmncsa24_gmncsa_fall_026_w0004,gmncsa24_gmncsa_fall_026,fall,train,/Users/varunreddyseelam/Desktop/Gen_ai/final_pipeline/data/windows/train/fall/gmncsa24_gmncsa_fall_026/gmncsa24_gmncsa_fall_026_w0004.json
gmncsa24_gmncsa_fall_026_w0024,gmncsa24_gmncsa_fall_026,fall,train,/Users/varunreddyseelam/Desktop/Gen_ai/final_pipeline/data/windows/train/fall/gmncsa24_gmncsa_fall_026/gmncsa24_gmncsa_fall_026_w0024.json
gmncsa24_gmncsa_fall_026_w0032,gmncsa24_gmncsa_fall_026,fall,train,/Users/varunreddyseelam/Desktop/Gen_ai/final_pipeline/data/windows/train/fall/gmncsa24_gmncsa_fall_026/gmncsa24_gmncsa_fall_026_w0032.json
gmncsa24_gmncsa_fall_026_w0049,gmncsa24_gmncsa_fall_026,fall,train,/Users/varunreddyseelam/Desktop/Gen_ai/final_pipeline/data/windows/train/fall/gmncsa24_gmncsa_fall_026/gmncsa24_gmncsa_fall_026_w0049.json
gmncsa24_gmncsa_fall_026_w0008,gmncsa24_gmncsa_fall_026,fall,train,/Users/varunreddyseelam/Desktop/Gen_ai/final_pipeline/data/windows/train/fall/gmncsa24_gmncsa_fall_026/gmncsa24_gmncsa_fall_026_w0008.json
gmncsa24_gmncsa_fall_026_w0009,gmncsa24_gmncsa_fall_026,fall,train,/Users/varunreddyseelam/Desktop/Gen_ai/final_pipeline/data/windows/train/fall/gmncsa24_gmncsa_fall_026/gmncsa24_gmncsa_fall_026_w0009.json
gmncsa24_gmncsa_fall_026_w0048,gmncsa24_gmncsa_fall_026,fall,train,/Users/varunreddyseelam/Desktop/Gen_ai/final_pipeline/data/windows/train/fall/gmncsa24_gmncsa_fall_026/gmncsa24_gmncsa_fall_026_w0048.json
gmncsa24_gmncsa_fall_026_w0033,gmncsa24_gmncsa_fall_026,fall,train,/Users/varunreddyseelam/Desktop/Gen_ai/final_pipeline/data/windows/train/fall/gmncsa24_gmncsa_fall_026/gmncsa24_gmncsa_fall_026_w0033.json
gmncsa24_gmncsa_fall_026_w0025,gmncsa24_gmncsa_fall_026,fall,train,/Users/varunreddyseelam/Desktop/Gen_ai/final_pipeline/data/windows/train/fall/gmncsa24_gmncsa_fall_026/gmncsa24_gmncsa_fall_026_w0025.json
gmncsa24_gmncsa_fall_026_w0052,gmncsa24_gmncsa_fall_026,fall,train,/Users/varunreddyseelam/Desktop/Gen_ai/final_pipeline/data/windows/train/fall/gmncsa24_gmncsa_fall_026/gmncsa24_gmncsa_fall_026_w0052.json
gmncsa24_gmncsa_fall_026_w0005,gmncsa24_gmncsa_fall_026,fall,train,/Users/varunreddyseelam/Desktop/Gen_ai/final_pipeline/data/windows/train/fall/gmncsa24_gmncsa_fall_026/gmncsa24_gmncsa_fall_026_w0005.json
gmncsa24_gmncsa_fall_026_w0013,gmncsa24_gmncsa_fall_026,fall,train,/Users/varunreddyseelam/Desktop/Gen_ai/final_pipeline/data/windows/train/fall/gmncsa24_gmncsa_fall_026/gmncsa24_gmncsa_fall_026_w0013.json
gmncsa24_gmncsa_fall_026_w0044,gmncsa24_gmncsa_fall_026,fall,train,/Users/varunreddyseelam/Desktop/Gen_ai/final_pipeline/data/windows/train/fall/gmncsa24_gmncsa_fall_026/gmncsa24_gmncsa_fall_026_w0044.json
gmncsa24_gmncsa_fall_026_w0029,gmncsa24_gmncsa_fall_026,fall,train,/Users/varunreddyseelam/Desktop/Gen_ai/final_pipeline/data/windows/train/fall/gmncsa24_gmncsa_fall_026/gmncsa24_gmncsa_fall_026_w0029.json
gmncsa24_gmncsa_fall_026_w0022,gmncsa24_gmncsa_fall_026,fall,train,/Users/varunreddyseelam/Desktop/Gen_ai/final_pipeline/data/windows/train/fall/gmncsa24_gmncsa_fall_026/gmncsa24_gmncsa_fall_026_w0022.json
gmncsa24_gmncsa_fall_026_w0034,gmncsa24_gmncsa_fall_026,fall,train,/Users/varunreddyseelam/Desktop/Gen_ai/final_pipeline/data/windows/train/fall/gmncsa24_gmncsa_fall_026/gmncsa24_gmncsa_fall_026_w0034.json
gmncsa24_gmncsa_fall_026_w0018,gmncsa24_gmncsa_fall_026,fall,train,/Users/varunreddyseelam/Desktop/Gen_ai/final_pipeline/data/windows/train/fall/gmncsa24_gmncsa_fall_026/gmncsa24_gmncsa_fall_026_w0018.json
gmncsa24_gmncsa_fall_026_w0038,gmncsa24_gmncsa_fall_026,fall,train,/Users/varunreddyseelam/Desktop/Gen_ai/final_pipeline/data/windows/train/fall/gmncsa24_gmncsa_fall_026/gmncsa24_gmncsa_fall_026_w0038.json
gmncsa24_gmncsa_fall_026_w0043,gmncsa24_gmncsa_fall_026,fall,train,/Users/varunreddyseelam/Desktop/Gen_ai/final_pipeline/data/windows/train/fall/gmncsa24_gmncsa_fall_026/gmncsa24_gmncsa_fall_026_w0043.json
gmncsa24_gmncsa_fall_026_w0014,gmncsa24_gmncsa_fall_026,fall,train,/Users/varunreddyseelam/Desktop/Gen_ai/final_pipeline/data/windows/train/fall/gmncsa24_gmncsa_fall_026/gmncsa24_gmncsa_fall_026_w0014.json
gmncsa24_gmncsa_fall_026_w0002,gmncsa24_gmncsa_fall_026,fall,train,/Users/varunreddyseelam/Desktop/Gen_ai/final_pipeline/data/windows/train/fall/gmncsa24_gmncsa_fall_026/gmncsa24_gmncsa_fall_026_w0002.json
gmncsa24_gmncsa_fall_026_w0003,gmncsa24_gmncsa_fall_026,fall,train,/Users/varunreddyseelam/Desktop/Gen_ai/final_pipeline/data/windows/train/fall/gmncsa24_gmncsa_fall_026/gmncsa24_gmncsa_fall_026_w0003.json
gmncsa24_gmncsa_fall_026_w0015,gmncsa24_gmncsa_fall_026,fall,train,/Users/varunreddyseelam/Desktop/Gen_ai/final_pipeline/data/windows/train/fall/gmncsa24_gmncsa_fall_026/gmncsa24_gmncsa_fall_026_w0015.json
gmncsa24_gmncsa_fall_026_w0042,gmncsa24_gmncsa_fall_026,fall,train,/Users/varunreddyseelam/Desktop/Gen_ai/final_pipeline/data/windows/train/fall/gmncsa24_gmncsa_fall_026/gmncsa24_gmncsa_fall_026_w0042.json
gmncsa24_gmncsa_fall_026_w0039,gmncsa24_gmncsa_fall_026,fall,train,/Users/varunreddyseelam/Desktop/Gen_ai/final_pipeline/data/windows/train/fall/gmncsa24_gmncsa_fall_026/gmncsa24_gmncsa_fall_026_w0039.json
gmncsa24_gmncsa_fall_026_w0019,gmncsa24_gmncsa_fall_026,fall,train,/Users/varunreddyseelam/Desktop/Gen_ai/final_pipeline/data/windows/train/fall/gmncsa24_gmncsa_fall_026/gmncsa24_gmncsa_fall_026_w0019.json
gmncsa24_gmncsa_fall_026_w0035,gmncsa24_gmncsa_fall_026,fall,train,/Users/varunreddyseelam/Desktop/Gen_ai/final_pipeline/data/windows/train/fall/gmncsa24_gmncsa_fall_026/gmncsa24_gmncsa_fall_026_w0035.json
gmncsa24_gmncsa_fall_026_w0023,gmncsa24_gmncsa_fall_026,fall,train,/Users/varunreddyseelam/Desktop/Gen_ai/final_pipeline/data/windows/train/fall/gmncsa24_gmncsa_fall_026/gmncsa24_gmncsa_fall_026_w0023.json
gmncsa24_gmncsa_fall_026_w0036,gmncsa24_gmncsa_fall_026,fall,train,/Users/varunreddyseelam/Desktop/Gen_ai/final_pipeline/data/windows/train/fall/gmncsa24_gmncsa_fall_026/gmncsa24_gmncsa_fall_026_w0036.json
gmncsa24_gmncsa_fall_026_w0020,gmncsa24_gmncsa_fall_026,fall,train,/Users/varunreddyseelam/Desktop/Gen_ai/final_pipeline/data/windows/train/fall/gmncsa24_gmncsa_fall_026/gmncsa24_gmncsa_fall_026_w0020.json
gmncsa24_gmncsa_fall_026_w0000,gmncsa24_gmncsa_fall_026,fall,train,/Users/varunreddyseelam/Desktop/Gen_ai/final_pipeline/data/windows/train/fall/gmncsa24_gmncsa_fall_026/gmncsa24_gmncsa_fall_026_w0000.json
gmncsa24_gmncsa_fall_026_w0016,gmncsa24_gmncsa_fall_026,fall,train,/Users/varunreddyseelam/Desktop/Gen_ai/final_pipeline/data/windows/train/fall/gmncsa24_gmncsa_fall_026/gmncsa24_gmncsa_fall_026_w0016.json
gmncsa24_gmncsa_fall_026_w0041,gmncsa24_gmncsa_fall_026,fall,train,/Users/varunreddyseelam/Desktop/Gen_ai/final_pipeline/data/windows/train/fall/gmncsa24_gmncsa_fall_026/gmncsa24_gmncsa_fall_026_w0041.json
gmncsa24_gmncsa_fall_026_w0040,gmncsa24_gmncsa_fall_026,fall,train,/Users/varunreddyseelam/Desktop/Gen_ai/final_pipeline/data/windows/train/fall/gmncsa24_gmncsa_fall_026/gmncsa24_gmncsa_fall_026_w0040.json
gmncsa24_gmncsa_fall_026_w0017,gmncsa24_gmncsa_fall_026,fall,train,/Users/varunreddyseelam/Desktop/Gen_ai/final_pipeline/data/windows/train/fall/gmncsa24_gmncsa_fall_026/gmncsa24_gmncsa_fall_026_w0017.json
gmncsa24_gmncsa_fall_026_w0001,gmncsa24_gmncsa_fall_026,fall,train,/Users/varunreddyseelam/Desktop/Gen_ai/final_pipeline/data/windows/train/fall/gmncsa24_gmncsa_fall_026/gmncsa24_gmncsa_fall_026_w0001.json
gmncsa24_gmncsa_fall_026_w0021,gmncsa24_gmncsa_fall_026,fall,train,/Users/varunreddyseelam/Desktop/Gen_ai/final_pipeline/data/windows/train/fall/gmncsa24_gmncsa_fall_026/gmncsa24_gmncsa_fall_026_w0021.json
gmncsa24_gmncsa_fall_026_w0037,gmncsa24_gmncsa_fall_026,fall,train,/Users/varunreddyseelam/Desktop/Gen_ai/final_pipeline/data/windows/train/fall/gmncsa24_gmncsa_fall_026/gmncsa24_gmncsa_fall_026_w0037.json
gmncsa24_gmncsa_fall_026_w0051,gmncsa24_gmncsa_fall_026,fall,train,/Users/varunreddyseelam/Desktop/Gen_ai/final_pipeline/data/windows/train/fall/gmncsa24_gmncsa_fall_026/gmncsa24_gmncsa_fall_026_w0051.json
gmncsa24_gmncsa_fall_026_w0006,gmncsa24_gmncsa_fall_026,fall,train,/Users/varunreddyseelam/Desktop/Gen_ai/final_pipeline/data/windows/train/fall/gmncsa24_gmncsa_fall_026/gmncsa24_gmncsa_fall_026_w0006.json
gmncsa24_gmncsa_fall_026_w0010,gmncsa24_gmncsa_fall_026,fall,train,/Users/varunreddyseelam/Desktop/Gen_ai/final_pipeline/data/windows/train/fall/gmncsa24_gmncsa_fall_026/gmncsa24_gmncsa_fall_026_w0010.json
gmncsa24_gmncsa_fall_026_w0047,gmncsa24_gmncsa_fall_026,fall,train,/Users/varunreddyseelam/Desktop/Gen_ai/final_pipeline/data/windows/train/fall/gmncsa24_gmncsa_fall_026/gmncsa24_gmncsa_fall_026_w0047.json
gmncsa24_gmncsa_fall_026_w0030,gmncsa24_gmncsa_fall_026,fall,train,/Users/varunreddyseelam/Desktop/Gen_ai/final_pipeline/data/windows/train/fall/gmncsa24_gmncsa_fall_026/gmncsa24_gmncsa_fall_026_w0030.json
gmncsa24_gmncsa_fall_026_w0026,gmncsa24_gmncsa_fall_026,fall,train,/Users/varunreddyseelam/Desktop/Gen_ai/final_pipeline/data/windows/train/fall/gmncsa24_gmncsa_fall_026/gmncsa24_gmncsa_fall_026_w0026.json
gmncsa24_gmncsa_fall_026_w0027,gmncsa24_gmncsa_fall_026,fall,train,/Users/varunreddyseelam/Desktop/Gen_ai/final_pipeline/data/windows/train/fall/gmncsa24_gmncsa_fall_026/gmncsa24_gmncsa_fall_026_w0027.json
gmncsa24_gmncsa_fall_026_w0031,gmncsa24_gmncsa_fall_026,fall,train,/Users/varunreddyseelam/Desktop/Gen_ai/final_pipeline/data/windows/train/fall/gmncsa24_gmncsa_fall_026/gmncsa24_gmncsa_fall_026_w0031.json
gmncsa24_gmncsa_fall_026_w0046,gmncsa24_gmncsa_fall_026,fall,train,/Users/varunreddyseelam/Desktop/Gen_ai/final_pipeline/data/windows/train/fall/gmncsa24_gmncsa_fall_026/gmncsa24_gmncsa_fall_026_w0046.json
gmncsa24_gmncsa_fall_026_w0011,gmncsa24_gmncsa_fall_026,fall,train,/Users/varunreddyseelam/Desktop/Gen_ai/final_pipeline/data/windows/train/fall/gmncsa24_gmncsa_fall_026/gmncsa24_gmncsa_fall_026_w0011.json
gmncsa24_gmncsa_fall_026_w0007,gmncsa24_gmncsa_fall_026,fall,train,/Users/varunreddyseelam/Desktop/Gen_ai/final_pipeline/data/windows/train/fall/gmncsa24_gmncsa_fall_026/gmncsa24_gmncsa_fall_026_w0007.json
gmncsa24_gmncsa_fall_026_w0050,gmncsa24_gmncsa_fall_026,fall,train,/Users/varunreddyseelam/Desktop/Gen_ai/final_pipeline/data/windows/train/fall/gmncsa24_gmncsa_fall_026/gmncsa24_gmncsa_fall_026_w0050.json
gmncsa24_gmncsa_fall_010_w0001,gmncsa24_gmncsa_fall_010,fall,train,/Users/varunreddyseelam/Desktop/Gen_ai/final_pipeline/data/windows/train/fall/gmncsa24_gmncsa_fall_010/gmncsa24_gmncsa_fall_010_w0001.json
gmncsa24_gmncsa_fall_010_w0056,gmncsa24_gmncsa_fall_010,fall,train,/Users/varunreddyseelam/Desktop/Gen_ai/final_pipeline/data/windows/train/fall/gmncsa24_gmncsa_fall_010/gmncsa24_gmncsa_fall_010_w0056.json
gmncsa24_gmncsa_fall_010_w0040,gmncsa24_gmncsa_fall_010,fall,train,/Users/varunreddyseelam/Desktop/Gen_ai/final_pipeline/data/windows/train/fall/gmncsa24_gmncsa_fall_010/gmncsa24_gmncsa_fall_010_w0040.json
gmncsa24_gmncsa_fall_010_w0017,gmncsa24_gmncsa_fall_010,fall,train,/Users/varunreddyseelam/Desktop/Gen_ai/final_pipeline/data/windows/train/fall/gmncsa24_gmncsa_fall_010/gmncsa24_gmncsa_fall_010_w0017.json
gmncsa24_gmncsa_fall_010_w0037,gmncsa24_gmncsa_fall_010,fall,train,/Users/varunreddyseelam/Desktop/Gen_ai/final_pipeline/data/windows/train/fall/gmncsa24_gmncsa_fall_010/gmncsa24_gmncsa_fall_010_w0037.json
gmncsa24_gmncsa_fall_010_w0021,gmncsa24_gmncsa_fall_010,fall,train,/Users/varunreddyseelam/Desktop/Gen_ai/final_pipeline/data/windows/train/fall/gmncsa24_gmncsa_fall_010/gmncsa24_gmncsa_fall_010_w0021.json
gmncsa24_gmncsa_fall_010_w0020,gmncsa24_gmncsa_fall_010,fall,train,/Users/varunreddyseelam/Desktop/Gen_ai/final_pipeline/data/windows/train/fall/gmncsa24_gmncsa_fall_010/gmncsa24_gmncsa_fall_010_w0020.json
gmncsa24_gmncsa_fall_010_w0036,gmncsa24_gmncsa_fall_010,fall,train,/Users/varunreddyseelam/Desktop/Gen_ai/final_pipeline/data/windows/train/fall/gmncsa24_gmncsa_fall_010/gmncsa24_gmncsa_fall_010_w0036.json
gmncsa24_gmncsa_fall_010_w0016,gmncsa24_gmncsa_fall_010,fall,train,/Users/varunreddyseelam/Desktop/Gen_ai/final_pipeline/data/windows/train/fall/gmncsa24_gmncsa_fall_010/gmncsa24_gmncsa_fall_010_w0016.json
gmncsa24_gmncsa_fall_010_w0041,gmncsa24_gmncsa_fall_010,fall,train,/Users/varunreddyseelam/Desktop/Gen_ai/final_pipeline/data/windows/train/fall/gmncsa24_gmncsa_fall_010/gmncsa24_gmncsa_fall_010_w0041.json
gmncsa24_gmncsa_fall_010_w0057,gmncsa24_gmncsa_fall_010,fall,train,/Users/varunreddyseelam/Desktop/Gen_ai/final_pipeline/data/windows/train/fall/gmncsa24_gmncsa_fall_010/gmncsa24_gmncsa_fall_010_w0057.json
gmncsa24_gmncsa_fall_010_w0000,gmncsa24_gmncsa_fall_010,fall,train,/Users/varunreddyseelam/Desktop/Gen_ai/final_pipeline/data/windows/train/fall/gmncsa24_gmncsa_fall_010/gmncsa24_gmncsa_fall_010_w0000.json
gmncsa24_gmncsa_fall_010_w0031,gmncsa24_gmncsa_fall_010,fall,train,/Users/varunreddyseelam/Desktop/Gen_ai/final_pipeline/data/windows/train/fall/gmncsa24_gmncsa_fall_010/gmncsa24_gmncsa_fall_010_w0031.json
gmncsa24_gmncsa_fall_010_w0027,gmncsa24_gmncsa_fall_010,fall,train,/Users/varunreddyseelam/Desktop/Gen_ai/final_pipeline/data/windows/train/fall/gmncsa24_gmncsa_fall_010/gmncsa24_gmncsa_fall_010_w0027.json
gmncsa24_gmncsa_fall_010_w0007,gmncsa24_gmncsa_fall_010,fall,train,/Users/varunreddyseelam/Desktop/Gen_ai/final_pipeline/data/windows/train/fall/gmncsa24_gmncsa_fall_010/gmncsa24_gmncsa_fall_010_w0007.json
gmncsa24_gmncsa_fall_010_w0050,gmncsa24_gmncsa_fall_010,fall,train,/Users/varunreddyseelam/Desktop/Gen_ai/final_pipeline/data/windows/train/fall/gmncsa24_gmncsa_fall_010/gmncsa24_gmncsa_fall_010_w0050.json
gmncsa24_gmncsa_fall_010_w0046,gmncsa24_gmncsa_fall_010,fall,train,/Users/varunreddyseelam/Desktop/Gen_ai/final_pipeline/data/windows/train/fall/gmncsa24_gmncsa_fall_010/gmncsa24_gmncsa_fall_010_w0046.json
gmncsa24_gmncsa_fall_010_w0011,gmncsa24_gmncsa_fall_010,fall,train,/Users/varunreddyseelam/Desktop/Gen_ai/final_pipeline/data/windows/train/fall/gmncsa24_gmncsa_fall_010/gmncsa24_gmncsa_fall_010_w0011.json
gmncsa24_gmncsa_fall_010_w0010,gmncsa24_gmncsa_fall_010,fall,train,/Users/varunreddyseelam/Desktop/Gen_ai/final_pipeline/data/windows/train/fall/gmncsa24_gmncsa_fall_010/gmncsa24_gmncsa_fall_010_w0010.json
gmncsa24_gmncsa_fall_010_w0047,gmncsa24_gmncsa_fall_010,fall,train,/Users/varunreddyseelam/Desktop/Gen_ai/final_pipeline/data/windows/train/fall/gmncsa24_gmncsa_fall_010/gmncsa24_gmncsa_fall_010_w0047.json
gmncsa24_gmncsa_fall_010_w0051,gmncsa24_gmncsa_fall_010,fall,train,/Users/varunreddyseelam/Desktop/Gen_ai/final_pipeline/data/windows/train/fall/gmncsa24_gmncsa_fall_010/gmncsa24_gmncsa_fall_010_w0051.json
gmncsa24_gmncsa_fall_010_w0006,gmncsa24_gmncsa_fall_010,fall,train,/Users/varunreddyseelam/Desktop/Gen_ai/final_pipeline/data/windows/train/fall/gmncsa24_gmncsa_fall_010/gmncsa24_gmncsa_fall_010_w0006.json
gmncsa24_gmncsa_fall_010_w0026,gmncsa24_gmncsa_fall_010,fall,train,/Users/varunreddyseelam/Desktop/Gen_ai/final_pipeline/data/windows/train/fall/gmncsa24_gmncsa_fall_010/gmncsa24_gmncsa_fall_010_w0026.json
gmncsa24_gmncsa_fall_010_w0030,gmncsa24_gmncsa_fall_010,fall,train,/Users/varunreddyseelam/Desktop/Gen_ai/final_pipeline/data/windows/train/fall/gmncsa24_gmncsa_fall_010/gmncsa24_gmncsa_fall_010_w0030.json
gmncsa24_gmncsa_fall_010_w0048,gmncsa24_gmncsa_fall_010,fall,train,/Users/varunreddyseelam/Desktop/Gen_ai/final_pipeline/data/windows/train/fall/gmncsa24_gmncsa_fall_010/gmncsa24_gmncsa_fall_010_w0048.json
gmncsa24_gmncsa_fall_010_w0009,gmncsa24_gmncsa_fall_010,fall,train,/Users/varunreddyseelam/Desktop/Gen_ai/final_pipeline/data/windows/train/fall/gmncsa24_gmncsa_fall_010/gmncsa24_gmncsa_fall_010_w0009.json
gmncsa24_gmncsa_fall_010_w0025,gmncsa24_gmncsa_fall_010,fall,train,/Users/varunreddyseelam/Desktop/Gen_ai/final_pipeline/data/windows/train/fall/gmncsa24_gmncsa_fall_010/gmncsa24_gmncsa_fall_010_w0025.json
gmncsa24_gmncsa_fall_010_w0033,gmncsa24_gmncsa_fall_010,fall,train,/Users/varunreddyseelam/Desktop/Gen_ai/final_pipeline/data/windows/train/fall/gmncsa24_gmncsa_fall_010/gmncsa24_gmncsa_fall_010_w0033.json
gmncsa24_gmncsa_fall_010_w0013,gmncsa24_gmncsa_fall_010,fall,train,/Users/varunreddyseelam/Desktop/Gen_ai/final_pipeline/data/windows/train/fall/gmncsa24_gmncsa_fall_010/gmncsa24_gmncsa_fall_010_w0013.json
gmncsa24_gmncsa_fall_010_w0044,gmncsa24_gmncsa_fall_010,fall,train,/Users/varunreddyseelam/Desktop/Gen_ai/final_pipeline/data/windows/train/fall/gmncsa24_gmncsa_fall_010/gmncsa24_gmncsa_fall_010_w0044.json
gmncsa24_gmncsa_fall_010_w0052,gmncsa24_gmncsa_fall_010,fall,train,/Users/varunreddyseelam/Desktop/Gen_ai/final_pipeline/data/windows/train/fall/gmncsa24_gmncsa_fall_010/gmncsa24_gmncsa_fall_010_w0052.json
gmncsa24_gmncsa_fall_010_w0005,gmncsa24_gmncsa_fall_010,fall,train,/Users/varunreddyseelam/Desktop/Gen_ai/final_pipeline/data/windows/train/fall/gmncsa24_gmncsa_fall_010/gmncsa24_gmncsa_fall_010_w0005.json
gmncsa24_gmncsa_fall_010_w0029,gmncsa24_gmncsa_fall_010,fall,train,/Users/varunreddyseelam/Desktop/Gen_ai/final_pipeline/data/windows/train/fall/gmncsa24_gmncsa_fall_010/gmncsa24_gmncsa_fall_010_w0029.json
gmncsa24_gmncsa_fall_010_w0028,gmncsa24_gmncsa_fall_010,fall,train,/Users/varunreddyseelam/Desktop/Gen_ai/final_pipeline/data/windows/train/fall/gmncsa24_gmncsa_fall_010/gmncsa24_gmncsa_fall_010_w0028.json
gmncsa24_gmncsa_fall_010_w0004,gmncsa24_gmncsa_fall_010,fall,train,/Users/varunreddyseelam/Desktop/Gen_ai/final_pipeline/data/windows/train/fall/gmncsa24_gmncsa_fall_010/gmncsa24_gmncsa_fall_010_w0004.json
gmncsa24_gmncsa_fall_010_w0053,gmncsa24_gmncsa_fall_010,fall,train,/Users/varunreddyseelam/Desktop/Gen_ai/final_pipeline/data/windows/train/fall/gmncsa24_gmncsa_fall_010/gmncsa24_gmncsa_fall_010_w0053.json
gmncsa24_gmncsa_fall_010_w0045,gmncsa24_gmncsa_fall_010,fall,train,/Users/varunreddyseelam/Desktop/Gen_ai/final_pipeline/data/windows/train/fall/gmncsa24_gmncsa_fall_010/gmncsa24_gmncsa_fall_010_w0045.json
gmncsa24_gmncsa_fall_010_w0012,gmncsa24_gmncsa_fall_010,fall,train,/Users/varunreddyseelam/Desktop/Gen_ai/final_pipeline/data/windows/train/fall/gmncsa24_gmncsa_fall_010/gmncsa24_gmncsa_fall_010_w0012.json
gmncsa24_gmncsa_fall_010_w0032,gmncsa24_gmncsa_fall_010,fall,train,/Users/varunreddyseelam/Desktop/Gen_ai/final_pipeline/data/windows/train/fall/gmncsa24_gmncsa_fall_010/gmncsa24_gmncsa_fall_010_w0032.json
gmncsa24_gmncsa_fall_010_w0024,gmncsa24_gmncsa_fall_010,fall,train,/Users/varunreddyseelam/Desktop/Gen_ai/final_pipeline/data/windows/train/fall/gmncsa24_gmncsa_fall_010/gmncsa24_gmncsa_fall_010_w0024.json
gmncsa24_gmncsa_fall_010_w0008,gmncsa24_gmncsa_fall_010,fall,train,/Users/varunreddyseelam/Desktop/Gen_ai/final_pipeline/data/windows/train/fall/gmncsa24_gmncsa_fall_010/gmncsa24_gmncsa_fall_010_w0008.json
gmncsa24_gmncsa_fall_010_w0049,gmncsa24_gmncsa_fall_010,fall,train,/Users/varunreddyseelam/Desktop/Gen_ai/final_pipeline/data/windows/train/fall/gmncsa24_gmncsa_fall_010/gmncsa24_gmncsa_fall_010_w0049.json
gmncsa24_gmncsa_fall_010_w0015,gmncsa24_gmncsa_fall_010,fall,train,/Users/varunreddyseelam/Desktop/Gen_ai/final_pipeline/data/windows/train/fall/gmncsa24_gmncsa_fall_010/gmncsa24_gmncsa_fall_010_w0015.json
gmncsa24_gmncsa_fall_010_w0042,gmncsa24_gmncsa_fall_010,fall,train,/Users/varunreddyseelam/Desktop/Gen_ai/final_pipeline/data/windows/train/fall/gmncsa24_gmncsa_fall_010/gmncsa24_gmncsa_fall_010_w0042.json
gmncsa24_gmncsa_fall_010_w0054,gmncsa24_gmncsa_fall_010,fall,train,/Users/varunreddyseelam/Desktop/Gen_ai/final_pipeline/data/windows/train/fall/gmncsa24_gmncsa_fall_010/gmncsa24_gmncsa_fall_010_w0054.json
gmncsa24_gmncsa_fall_010_w0003,gmncsa24_gmncsa_fall_010,fall,train,/Users/varunreddyseelam/Desktop/Gen_ai/final_pipeline/data/windows/train/fall/gmncsa24_gmncsa_fall_010/gmncsa24_gmncsa_fall_010_w0003.json
gmncsa24_gmncsa_fall_010_w0039,gmncsa24_gmncsa_fall_010,fall,train,/Users/varunreddyseelam/Desktop/Gen_ai/final_pipeline/data/windows/train/fall/gmncsa24_gmncsa_fall_010/gmncsa24_gmncsa_fall_010_w0039.json
gmncsa24_gmncsa_fall_010_w0019,gmncsa24_gmncsa_fall_010,fall,train,/Users/varunreddyseelam/Desktop/Gen_ai/final_pipeline/data/windows/train/fall/gmncsa24_gmncsa_fall_010/gmncsa24_gmncsa_fall_010_w0019.json
gmncsa24_gmncsa_fall_010_w0023,gmncsa24_gmncsa_fall_010,fall,train,/Users/varunreddyseelam/Desktop/Gen_ai/final_pipeline/data/windows/train/fall/gmncsa24_gmncsa_fall_010/gmncsa24_gmncsa_fall_010_w0023.json
gmncsa24_gmncsa_fall_010_w0035,gmncsa24_gmncsa_fall_010,fall,train,/Users/varunreddyseelam/Desktop/Gen_ai/final_pipeline/data/windows/train/fall/gmncsa24_gmncsa_fall_010/gmncsa24_gmncsa_fall_010_w0035.json
gmncsa24_gmncsa_fall_010_w0034,gmncsa24_gmncsa_fall_010,fall,train,/Users/varunreddyseelam/Desktop/Gen_ai/final_pipeline/data/windows/train/fall/gmncsa24_gmncsa_fall_010/gmncsa24_gmncsa_fall_010_w0034.json
gmncsa24_gmncsa_fall_010_w0022,gmncsa24_gmncsa_fall_010,fall,train,/Users/varunreddyseelam/Desktop/Gen_ai/final_pipeline/data/windows/train/fall/gmncsa24_gmncsa_fall_010/gmncsa24_gmncsa_fall_010_w0022.json
gmncsa24_gmncsa_fall_010_w0018,gmncsa24_gmncsa_fall_010,fall,train,/Users/varunreddyseelam/Desktop/Gen_ai/final_pipeline/data/windows/train/fall/gmncsa24_gmncsa_fall_010/gmncsa24_gmncsa_fall_010_w0018.json
gmncsa24_gmncsa_fall_010_w0038,gmncsa24_gmncsa_fall_010,fall,train,/Users/varunreddyseelam/Desktop/Gen_ai/final_pipeline/data/windows/train/fall/gmncsa24_gmncsa_fall_010/gmncsa24_gmncsa_fall_010_w0038.json
gmncsa24_gmncsa_fall_010_w0002,gmncsa24_gmncsa_fall_010,fall,train,/Users/varunreddyseelam/Desktop/Gen_ai/final_pipeline/data/windows/train/fall/gmncsa24_gmncsa_fall_010/gmncsa24_gmncsa_fall_010_w0002.json
gmncsa24_gmncsa_fall_010_w0055,gmncsa24_gmncsa_fall_010,fall,train,/Users/varunreddyseelam/Desktop/Gen_ai/final_pipeline/data/windows/train/fall/gmncsa24_gmncsa_fall_010/gmncsa24_gmncsa_fall_010_w0055.json
gmncsa24_gmncsa_fall_010_w0043,gmncsa24_gmncsa_fall_010,fall,train,/Users/varunreddyseelam/Desktop/Gen_ai/final_pipeline/data/windows/train/fall/gmncsa24_gmncsa_fall_010/gmncsa24_gmncsa_fall_010_w0043.json
gmncsa24_gmncsa_fall_010_w0014,gmncsa24_gmncsa_fall_010,fall,train,/Users/varunreddyseelam/Desktop/Gen_ai/final_pipeline/data/windows/train/fall/gmncsa24_gmncsa_fall_010/gmncsa24_gmncsa_fall_010_w0014.json
le2i_CR01_video_3_fall_w0001,le2i_CR01_video_3_fall,fall,train,/Users/varunreddyseelam/Desktop/Gen_ai/final_pipeline/data/windows/train/fall/le2i_CR01_video_3_fall/le2i_CR01_video_3_fall_w0001.json
le2i_CR01_video_3_fall_w0000,le2i_CR01_video_3_fall,fall,train,/Users/varunreddyseelam/Desktop/Gen_ai/final_pipeline/data/windows/train/fall/le2i_CR01_video_3_fall/le2i_CR01_video_3_fall_w0000.json
le2i_CR01_video_3_fall_w0005,le2i_CR01_video_3_fall,fall,train,/Users/varunreddyseelam/Desktop/Gen_ai/final_pipeline/data/windows/train/fall/le2i_CR01_video_3_fall/le2i_CR01_video_3_fall_w0005.json
le2i_CR01_video_3_fall_w0004,le2i_CR01_video_3_fall,fall,train,/Users/varunreddyseelam/Desktop/Gen_ai/final_pipeline/data/windows/train/fall/le2i_CR01_video_3_fall/le2i_CR01_video_3_fall_w0004.json
le2i_CR01_video_3_fall_w0003,le2i_CR01_video_3_fall,fall,train,/Users/varunreddyseelam/Desktop/Gen_ai/final_pipeline/data/windows/train/fall/le2i_CR01_video_3_fall/le2i_CR01_video_3_fall_w0003.json
le2i_CR01_video_3_fall_w0002,le2i_CR01_video_3_fall,fall,train,/Users/varunreddyseelam/Desktop/Gen_ai/final_pipeline/data/windows/train/fall/le2i_CR01_video_3_fall/le2i_CR01_video_3_fall_w0002.json
le2i_H01_video_14_fall_w0000,le2i_H01_video_14_fall,fall,train,/Users/varunreddyseelam/Desktop/Gen_ai/final_pipeline/data/windows/train/fall/le2i_H01_video_14_fall/le2i_H01_video_14_fall_w0000.json
le2i_CR01_video_16_fall_w0000,le2i_CR01_video_16_fall,fall,train,/Users/varunreddyseelam/Desktop/Gen_ai/final_pipeline/data/windows/train/fall/le2i_CR01_video_16_fall/le2i_CR01_video_16_fall_w0000.json
le2i_CR01_video_16_fall_w0001,le2i_CR01_video_16_fall,fall,train,/Users/varunreddyseelam/Desktop/Gen_ai/final_pipeline/data/windows/train/fall/le2i_CR01_video_16_fall/le2i_CR01_video_16_fall_w0001.json
gmncsa24_gmncsa_fall_043_w0023,gmncsa24_gmncsa_fall_043,fall,train,/Users/varunreddyseelam/Desktop/Gen_ai/final_pipeline/data/windows/train/fall/gmncsa24_gmncsa_fall_043/gmncsa24_gmncsa_fall_043_w0023.json
gmncsa24_gmncsa_fall_043_w0019,gmncsa24_gmncsa_fall_043,fall,train,/Users/varunreddyseelam/Desktop/Gen_ai/final_pipeline/data/windows/train/fall/gmncsa24_gmncsa_fall_043/gmncsa24_gmncsa_fall_043_w0019.json
gmncsa24_gmncsa_fall_043_w0015,gmncsa24_gmncsa_fall_043,fall,train,/Users/varunreddyseelam/Desktop/Gen_ai/final_pipeline/data/windows/train/fall/gmncsa24_gmncsa_fall_043/gmncsa24_gmncsa_fall_043_w0015.json
gmncsa24_gmncsa_fall_043_w0003,gmncsa24_gmncsa_fall_043,fall,train,/Users/varunreddyseelam/Desktop/Gen_ai/final_pipeline/data/windows/train/fall/gmncsa24_gmncsa_fall_043/gmncsa24_gmncsa_fall_043_w0003.json
gmncsa24_gmncsa_fall_043_w0002,gmncsa24_gmncsa_fall_043,fall,train,/Users/varunreddyseelam/Desktop/Gen_ai/final_pipeline/data/windows/train/fall/gmncsa24_gmncsa_fall_043/gmncsa24_gmncsa_fall_043_w0002.json
gmncsa24_gmncsa_fall_043_w0014,gmncsa24_gmncsa_fall_043,fall,train,/Users/varunreddyseelam/Desktop/Gen_ai/final_pipeline/data/windows/train/fall/gmncsa24_gmncsa_fall_043/gmncsa24_gmncsa_fall_043_w0014.json
gmncsa24_gmncsa_fall_043_w0018,gmncsa24_gmncsa_fall_043,fall,train,/Users/varunreddyseelam/Desktop/Gen_ai/final_pipeline/data/windows/train/fall/gmncsa24_gmncsa_fall_043/gmncsa24_gmncsa_fall_043_w0018.json
gmncsa24_gmncsa_fall_043_w0022,gmncsa24_gmncsa_fall_043,fall,train,/Users/varunreddyseelam/Desktop/Gen_ai/final_pipeline/data/windows/train/fall/gmncsa24_gmncsa_fall_043/gmncsa24_gmncsa_fall_043_w0022.json
gmncsa24_gmncsa_fall_043_w0013,gmncsa24_gmncsa_fall_043,fall,train,/Users/varunreddyseelam/Desktop/Gen_ai/final_pipeline/data/windows/train/fall/gmncsa24_gmncsa_fall_043/gmncsa24_gmncsa_fall_043_w0013.json
gmncsa24_gmncsa_fall_043_w0005,gmncsa24_gmncsa_fall_043,fall,train,/Users/varunreddyseelam/Desktop/Gen_ai/final_pipeline/data/windows/train/fall/gmncsa24_gmncsa_fall_043/gmncsa24_gmncsa_fall_043_w0005.json
gmncsa24_gmncsa_fall_043_w0009,gmncsa24_gmncsa_fall_043,fall,train,/Users/varunreddyseelam/Desktop/Gen_ai/final_pipeline/data/windows/train/fall/gmncsa24_gmncsa_fall_043/gmncsa24_gmncsa_fall_043_w0009.json
gmncsa24_gmncsa_fall_043_w0008,gmncsa24_gmncsa_fall_043,fall,train,/Users/varunreddyseelam/Desktop/Gen_ai/final_pipeline/data/windows/train/fall/gmncsa24_gmncsa_fall_043/gmncsa24_gmncsa_fall_043_w0008.json
gmncsa24_gmncsa_fall_043_w0004,gmncsa24_gmncsa_fall_043,fall,train,/Users/varunreddyseelam/Desktop/Gen_ai/final_pipeline/data/windows/train/fall/gmncsa24_gmncsa_fall_043/gmncsa24_gmncsa_fall_043_w0004.json
gmncsa24_gmncsa_fall_043_w0012,gmncsa24_gmncsa_fall_043,fall,train,/Users/varunreddyseelam/Desktop/Gen_ai/final_pipeline/data/windows/train/fall/gmncsa24_gmncsa_fall_043/gmncsa24_gmncsa_fall_043_w0012.json
gmncsa24_gmncsa_fall_043_w0007,gmncsa24_gmncsa_fall_043,fall,train,/Users/varunreddyseelam/Desktop/Gen_ai/final_pipeline/data/windows/train/fall/gmncsa24_gmncsa_fall_043/gmncsa24_gmncsa_fall_043_w0007.json
gmncsa24_gmncsa_fall_043_w0011,gmncsa24_gmncsa_fall_043,fall,train,/Users/varunreddyseelam/Desktop/Gen_ai/final_pipeline/data/windows/train/fall/gmncsa24_gmncsa_fall_043/gmncsa24_gmncsa_fall_043_w0011.json
gmncsa24_gmncsa_fall_043_w0010,gmncsa24_gmncsa_fall_043,fall,train,/Users/varunreddyseelam/Desktop/Gen_ai/final_pipeline/data/windows/train/fall/gmncsa24_gmncsa_fall_043/gmncsa24_gmncsa_fall_043_w0010.json
gmncsa24_gmncsa_fall_043_w0006,gmncsa24_gmncsa_fall_043,fall,train,/Users/varunreddyseelam/Desktop/Gen_ai/final_pipeline/data/windows/train/fall/gmncsa24_gmncsa_fall_043/gmncsa24_gmncsa_fall_043_w0006.json
gmncsa24_gmncsa_fall_043_w0021,gmncsa24_gmncsa_fall_043,fall,train,/Users/varunreddyseelam/Desktop/Gen_ai/final_pipeline/data/windows/train/fall/gmncsa24_gmncsa_fall_043/gmncsa24_gmncsa_fall_043_w0021.json
gmncsa24_gmncsa_fall_043_w0001,gmncsa24_gmncsa_fall_043,fall,train,/Users/varunreddyseelam/Desktop/Gen_ai/final_pipeline/data/windows/train/fall/gmncsa24_gmncsa_fall_043/gmncsa24_gmncsa_fall_043_w0001.json
gmncsa24_gmncsa_fall_043_w0017,gmncsa24_gmncsa_fall_043,fall,train,/Users/varunreddyseelam/Desktop/Gen_ai/final_pipeline/data/windows/train/fall/gmncsa24_gmncsa_fall_043/gmncsa24_gmncsa_fall_043_w0017.json
gmncsa24_gmncsa_fall_043_w0016,gmncsa24_gmncsa_fall_043,fall,train,/Users/varunreddyseelam/Desktop/Gen_ai/final_pipeline/data/windows/train/fall/gmncsa24_gmncsa_fall_043/gmncsa24_gmncsa_fall_043_w0016.json
gmncsa24_gmncsa_fall_043_w0000,gmncsa24_gmncsa_fall_043,fall,train,/Users/varunreddyseelam/Desktop/Gen_ai/final_pipeline/data/windows/train/fall/gmncsa24_gmncsa_fall_043/gmncsa24_gmncsa_fall_043_w0000.json
gmncsa24_gmncsa_fall_043_w0020,gmncsa24_gmncsa_fall_043,fall,train,/Users/varunreddyseelam/Desktop/Gen_ai/final_pipeline/data/windows/train/fall/gmncsa24_gmncsa_fall_043/gmncsa24_gmncsa_fall_043_w0020.json
le2i_CR01_video_41_fall_w0000,le2i_CR01_video_41_fall,fall,train,/Users/varunreddyseelam/Desktop/Gen_ai/final_pipeline/data/windows/train/fall/le2i_CR01_video_41_fall/le2i_CR01_video_41_fall_w0000.json
le2i_CR01_video_41_fall_w0001,le2i_CR01_video_41_fall,fall,train,/Users/varunreddyseelam/Desktop/Gen_ai/final_pipeline/data/windows/train/fall/le2i_CR01_video_41_fall/le2i_CR01_video_41_fall_w0001.json
le2i_CR01_video_41_fall_w0002,le2i_CR01_video_41_fall,fall,train,/Users/varunreddyseelam/Desktop/Gen_ai/final_pipeline/data/windows/train/fall/le2i_CR01_video_41_fall/le2i_CR01_video_41_fall_w0002.json
le2i_CR01_video_41_fall_w0003,le2i_CR01_video_41_fall,fall,train,/Users/varunreddyseelam/Desktop/Gen_ai/final_pipeline/data/windows/train/fall/le2i_CR01_video_41_fall/le2i_CR01_video_41_fall_w0003.json
urfd_fall-26-cam0_w0008,urfd_fall-26-cam0,fall,train,/Users/varunreddyseelam/Desktop/Gen_ai/final_pipeline/data/windows/train/fall/urfd_fall-26-cam0/urfd_fall-26-cam0_w0008.json
urfd_fall-26-cam0_w0004,urfd_fall-26-cam0,fall,train,/Users/varunreddyseelam/Desktop/Gen_ai/final_pipeline/data/windows/train/fall/urfd_fall-26-cam0/urfd_fall-26-cam0_w0004.json
urfd_fall-26-cam0_w0005,urfd_fall-26-cam0,fall,train,/Users/varunreddyseelam/Desktop/Gen_ai/final_pipeline/data/windows/train/fall/urfd_fall-26-cam0/urfd_fall-26-cam0_w0005.json
urfd_fall-26-cam0_w0009,urfd_fall-26-cam0,fall,train,/Users/varunreddyseelam/Desktop/Gen_ai/final_pipeline/data/windows/train/fall/urfd_fall-26-cam0/urfd_fall-26-cam0_w0009.json
urfd_fall-26-cam0_w0002,urfd_fall-26-cam0,fall,train,/Users/varunreddyseelam/Desktop/Gen_ai/final_pipeline/data/windows/train/fall/urfd_fall-26-cam0/urfd_fall-26-cam0_w0002.json
urfd_fall-26-cam0_w0003,urfd_fall-26-cam0,fall,train,/Users/varunreddyseelam/Desktop/Gen_ai/final_pipeline/data/windows/train/fall/urfd_fall-26-cam0/urfd_fall-26-cam0_w0003.json
urfd_fall-26-cam0_w0000,urfd_fall-26-cam0,fall,train,/Users/varunreddyseelam/Desktop/Gen_ai/final_pipeline/data/windows/train/fall/urfd_fall-26-cam0/urfd_fall-26-cam0_w0000.json
urfd_fall-26-cam0_w0001,urfd_fall-26-cam0,fall,train,/Users/varunreddyseelam/Desktop/Gen_ai/final_pipeline/data/windows/train/fall/urfd_fall-26-cam0/urfd_fall-26-cam0_w0001.json
urfd_fall-26-cam0_w0006,urfd_fall-26-cam0,fall,train,/Users/varunreddyseelam/Desktop/Gen_ai/final_pipeline/data/windows/train/fall/urfd_fall-26-cam0/urfd_fall-26-cam0_w0006.json
urfd_fall-26-cam0_w0010,urfd_fall-26-cam0,fall,train,/Users/varunreddyseelam/Desktop/Gen_ai/final_pipeline/data/windows/train/fall/urfd_fall-26-cam0/urfd_fall-26-cam0_w0010.json
urfd_fall-26-cam0_w0007,urfd_fall-26-cam0,fall,train,/Users/varunreddyseelam/Desktop/Gen_ai/final_pipeline/data/windows/train/fall/urfd_fall-26-cam0/urfd_fall-26-cam0_w0007.json
gmncsa24_gmncsa_fall_075_w0026,gmncsa24_gmncsa_fall_075,fall,train,/Users/varunreddyseelam/Desktop/Gen_ai/final_pipeline/data/windows/train/fall/gmncsa24_gmncsa_fall_075/gmncsa24_gmncsa_fall_075_w0026.json
gmncsa24_gmncsa_fall_075_w0006,gmncsa24_gmncsa_fall_075,fall,train,/Users/varunreddyseelam/Desktop/Gen_ai/final_pipeline/data/windows/train/fall/gmncsa24_gmncsa_fall_075/gmncsa24_gmncsa_fall_075_w0006.json
gmncsa24_gmncsa_fall_075_w0010,gmncsa24_gmncsa_fall_075,fall,train,/Users/varunreddyseelam/Desktop/Gen_ai/final_pipeline/data/windows/train/fall/gmncsa24_gmncsa_fall_075/gmncsa24_gmncsa_fall_075_w0010.json
gmncsa24_gmncsa_fall_075_w0011,gmncsa24_gmncsa_fall_075,fall,train,/Users/varunreddyseelam/Desktop/Gen_ai/final_pipeline/data/windows/train/fall/gmncsa24_gmncsa_fall_075/gmncsa24_gmncsa_fall_075_w0011.json
gmncsa24_gmncsa_fall_075_w0007,gmncsa24_gmncsa_fall_075,fall,train,/Users/varunreddyseelam/Desktop/Gen_ai/final_pipeline/data/windows/train/fall/gmncsa24_gmncsa_fall_075/gmncsa24_gmncsa_fall_075_w0007.json
gmncsa24_gmncsa_fall_075_w0027,gmncsa24_gmncsa_fall_075,fall,train,/Users/varunreddyseelam/Desktop/Gen_ai/final_pipeline/data/windows/train/fall/gmncsa24_gmncsa_fall_075/gmncsa24_gmncsa_fall_075_w0027.json
gmncsa24_gmncsa_fall_075_w0000,gmncsa24_gmncsa_fall_075,fall,train,/Users/varunreddyseelam/Desktop/Gen_ai/final_pipeline/data/windows/train/fall/gmncsa24_gmncsa_fall_075/gmncsa24_gmncsa_fall_075_w0000.json
gmncsa24_gmncsa_fall_075_w0016,gmncsa24_gmncsa_fall_075,fall,train,/Users/varunreddyseelam/Desktop/Gen_ai/final_pipeline/data/windows/train/fall/gmncsa24_gmncsa_fall_075/gmncsa24_gmncsa_fall_075_w0016.json
gmncsa24_gmncsa_fall_075_w0020,gmncsa24_gmncsa_fall_075,fall,train,/Users/varunreddyseelam/Desktop/Gen_ai/final_pipeline/data/windows/train/fall/gmncsa24_gmncsa_fall_075/gmncsa24_gmncsa_fall_075_w0020.json
gmncsa24_gmncsa_fall_075_w0021,gmncsa24_gmncsa_fall_075,fall,train,/Users/varunreddyseelam/Desktop/Gen_ai/final_pipeline/data/windows/train/fall/gmncsa24_gmncsa_fall_075/gmncsa24_gmncsa_fall_075_w0021.json
gmncsa24_gmncsa_fall_075_w0017,gmncsa24_gmncsa_fall_075,fall,train,/Users/varunreddyseelam/Desktop/Gen_ai/final_pipeline/data/windows/train/fall/gmncsa24_gmncsa_fall_075/gmncsa24_gmncsa_fall_075_w0017.json
gmncsa24_gmncsa_fall_075_w0001,gmncsa24_gmncsa_fall_075,fall,train,/Users/varunreddyseelam/Desktop/Gen_ai/final_pipeline/data/windows/train/fall/gmncsa24_gmncsa_fall_075/gmncsa24_gmncsa_fall_075_w0001.json
gmncsa24_gmncsa_fall_075_w0014,gmncsa24_gmncsa_fall_075,fall,train,/Users/varunreddyseelam/Desktop/Gen_ai/final_pipeline/data/windows/train/fall/gmncsa24_gmncsa_fall_075/gmncsa24_gmncsa_fall_075_w0014.json
gmncsa24_gmncsa_fall_075_w0002,gmncsa24_gmncsa_fall_075,fall,train,/Users/varunreddyseelam/Desktop/Gen_ai/final_pipeline/data/windows/train/fall/gmncsa24_gmncsa_fall_075/gmncsa24_gmncsa_fall_075_w0002.json
gmncsa24_gmncsa_fall_075_w0018,gmncsa24_gmncsa_fall_075,fall,train,/Users/varunreddyseelam/Desktop/Gen_ai/final_pipeline/data/windows/train/fall/gmncsa24_gmncsa_fall_075/gmncsa24_gmncsa_fall_075_w0018.json
gmncsa24_gmncsa_fall_075_w0022,gmncsa24_gmncsa_fall_075,fall,train,/Users/varunreddyseelam/Desktop/Gen_ai/final_pipeline/data/windows/train/fall/gmncsa24_gmncsa_fall_075/gmncsa24_gmncsa_fall_075_w0022.json
gmncsa24_gmncsa_fall_075_w0023,gmncsa24_gmncsa_fall_075,fall,train,/Users/varunreddyseelam/Desktop/Gen_ai/final_pipeline/data/windows/train/fall/gmncsa24_gmncsa_fall_075/gmncsa24_gmncsa_fall_075_w0023.json
gmncsa24_gmncsa_fall_075_w0019,gmncsa24_gmncsa_fall_075,fall,train,/Users/varunreddyseelam/Desktop/Gen_ai/final_pipeline/data/windows/train/fall/gmncsa24_gmncsa_fall_075/gmncsa24_gmncsa_fall_075_w0019.json
gmncsa24_gmncsa_fall_075_w0003,gmncsa24_gmncsa_fall_075,fall,train,/Users/varunreddyseelam/Desktop/Gen_ai/final_pipeline/data/windows/train/fall/gmncsa24_gmncsa_fall_075/gmncsa24_gmncsa_fall_075_w0003.json
gmncsa24_gmncsa_fall_075_w0015,gmncsa24_gmncsa_fall_075,fall,train,/Users/varunreddyseelam/Desktop/Gen_ai/final_pipeline/data/windows/train/fall/gmncsa24_gmncsa_fall_075/gmncsa24_gmncsa_fall_075_w0015.json
gmncsa24_gmncsa_fall_075_w0008,gmncsa24_gmncsa_fall_075,fall,train,/Users/varunreddyseelam/Desktop/Gen_ai/final_pipeline/data/windows/train/fall/gmncsa24_gmncsa_fall_075/gmncsa24_gmncsa_fall_075_w0008.json
gmncsa24_gmncsa_fall_075_w0024,gmncsa24_gmncsa_fall_075,fall,train,/Users/varunreddyseelam/Desktop/Gen_ai/final_pipeline/data/windows/train/fall/gmncsa24_gmncsa_fall_075/gmncsa24_gmncsa_fall_075_w0024.json
gmncsa24_gmncsa_fall_075_w0012,gmncsa24_gmncsa_fall_075,fall,train,/Users/varunreddyseelam/Desktop/Gen_ai/final_pipeline/data/windows/train/fall/gmncsa24_gmncsa_fall_075/gmncsa24_gmncsa_fall_075_w0012.json
gmncsa24_gmncsa_fall_075_w0004,gmncsa24_gmncsa_fall_075,fall,train,/Users/varunreddyseelam/Desktop/Gen_ai/final_pipeline/data/windows/train/fall/gmncsa24_gmncsa_fall_075/gmncsa24_gmncsa_fall_075_w0004.json
gmncsa24_gmncsa_fall_075_w0005,gmncsa24_gmncsa_fall_075,fall,train,/Users/varunreddyseelam/Desktop/Gen_ai/final_pipeline/data/windows/train/fall/gmncsa24_gmncsa_fall_075/gmncsa24_gmncsa_fall_075_w0005.json
gmncsa24_gmncsa_fall_075_w0013,gmncsa24_gmncsa_fall_075,fall,train,/Users/varunreddyseelam/Desktop/Gen_ai/final_pipeline/data/windows/train/fall/gmncsa24_gmncsa_fall_075/gmncsa24_gmncsa_fall_075_w0013.json
gmncsa24_gmncsa_fall_075_w0025,gmncsa24_gmncsa_fall_075,fall,train,/Users/varunreddyseelam/Desktop/Gen_ai/final_pipeline/data/windows/train/fall/gmncsa24_gmncsa_fall_075/gmncsa24_gmncsa_fall_075_w0025.json
gmncsa24_gmncsa_fall_075_w0009,gmncsa24_gmncsa_fall_075,fall,train,/Users/varunreddyseelam/Desktop/Gen_ai/final_pipeline/data/windows/train/fall/gmncsa24_gmncsa_fall_075/gmncsa24_gmncsa_fall_075_w0009.json
urfd_fall-30-cam0_w0004,urfd_fall-30-cam0,fall,train,/Users/varunreddyseelam/Desktop/Gen_ai/final_pipeline/data/windows/train/fall/urfd_fall-30-cam0/urfd_fall-30-cam0_w0004.json
urfd_fall-30-cam0_w0008,urfd_fall-30-cam0,fall,train,/Users/varunreddyseelam/Desktop/Gen_ai/final_pipeline/data/windows/train/fall/urfd_fall-30-cam0/urfd_fall-30-cam0_w0008.json
urfd_fall-30-cam0_w0009,urfd_fall-30-cam0,fall,train,/Users/varunreddyseelam/Desktop/Gen_ai/final_pipeline/data/windows/train/fall/urfd_fall-30-cam0/urfd_fall-30-cam0_w0009.json
urfd_fall-30-cam0_w0005,urfd_fall-30-cam0,fall,train,/Users/varunreddyseelam/Desktop/Gen_ai/final_pipeline/data/windows/train/fall/urfd_fall-30-cam0/urfd_fall-30-cam0_w0005.json
urfd_fall-30-cam0_w0002,urfd_fall-30-cam0,fall,train,/Users/varunreddyseelam/Desktop/Gen_ai/final_pipeline/data/windows/train/fall/urfd_fall-30-cam0/urfd_fall-30-cam0_w0002.json
urfd_fall-30-cam0_w0003,urfd_fall-30-cam0,fall,train,/Users/varunreddyseelam/Desktop/Gen_ai/final_pipeline/data/windows/train/fall/urfd_fall-30-cam0/urfd_fall-30-cam0_w0003.json
urfd_fall-30-cam0_w0000,urfd_fall-30-cam0,fall,train,/Users/varunreddyseelam/Desktop/Gen_ai/final_pipeline/data/windows/train/fall/urfd_fall-30-cam0/urfd_fall-30-cam0_w0000.json
urfd_fall-30-cam0_w0001,urfd_fall-30-cam0,fall,train,/Users/varunreddyseelam/Desktop/Gen_ai/final_pipeline/data/windows/train/fall/urfd_fall-30-cam0/urfd_fall-30-cam0_w0001.json
urfd_fall-30-cam0_w0010,urfd_fall-30-cam0,fall,train,/Users/varunreddyseelam/Desktop/Gen_ai/final_pipeline/data/windows/train/fall/urfd_fall-30-cam0/urfd_fall-30-cam0_w0010.json
urfd_fall-30-cam0_w0006,urfd_fall-30-cam0,fall,train,/Users/varunreddyseelam/Desktop/Gen_ai/final_pipeline/data/windows/train/fall/urfd_fall-30-cam0/urfd_fall-30-cam0_w0006.json
urfd_fall-30-cam0_w0007,urfd_fall-30-cam0,fall,train,/Users/varunreddyseelam/Desktop/Gen_ai/final_pipeline/data/windows/train/fall/urfd_fall-30-cam0/urfd_fall-30-cam0_w0007.json
urfd_fall-30-cam0_w0011,urfd_fall-30-cam0,fall,train,/Users/varunreddyseelam/Desktop/Gen_ai/final_pipeline/data/windows/train/fall/urfd_fall-30-cam0/urfd_fall-30-cam0_w0011.json
gmncsa24_gmncsa_fall_072_w0001,gmncsa24_gmncsa_fall_072,fall,train,/Users/varunreddyseelam/Desktop/Gen_ai/final_pipeline/data/windows/train/fall/gmncsa24_gmncsa_fall_072/gmncsa24_gmncsa_fall_072_w0001.json
gmncsa24_gmncsa_fall_072_w0017,gmncsa24_gmncsa_fall_072,fall,train,/Users/varunreddyseelam/Desktop/Gen_ai/final_pipeline/data/windows/train/fall/gmncsa24_gmncsa_fall_072/gmncsa24_gmncsa_fall_072_w0017.json
gmncsa24_gmncsa_fall_072_w0021,gmncsa24_gmncsa_fall_072,fall,train,/Users/varunreddyseelam/Desktop/Gen_ai/final_pipeline/data/windows/train/fall/gmncsa24_gmncsa_fall_072/gmncsa24_gmncsa_fall_072_w0021.json
gmncsa24_gmncsa_fall_072_w0020,gmncsa24_gmncsa_fall_072,fall,train,/Users/varunreddyseelam/Desktop/Gen_ai/final_pipeline/data/windows/train/fall/gmncsa24_gmncsa_fall_072/gmncsa24_gmncsa_fall_072_w0020.json
gmncsa24_gmncsa_fall_072_w0016,gmncsa24_gmncsa_fall_072,fall,train,/Users/varunreddyseelam/Desktop/Gen_ai/final_pipeline/data/windows/train/fall/gmncsa24_gmncsa_fall_072/gmncsa24_gmncsa_fall_072_w0016.json
gmncsa24_gmncsa_fall_072_w0000,gmncsa24_gmncsa_fall_072,fall,train,/Users/varunreddyseelam/Desktop/Gen_ai/final_pipeline/data/windows/train/fall/gmncsa24_gmncsa_fall_072/gmncsa24_gmncsa_fall_072_w0000.json
gmncsa24_gmncsa_fall_072_w0031,gmncsa24_gmncsa_fall_072,fall,train,/Users/varunreddyseelam/Desktop/Gen_ai/final_pipeline/data/windows/train/fall/gmncsa24_gmncsa_fall_072/gmncsa24_gmncsa_fall_072_w0031.json
gmncsa24_gmncsa_fall_072_w0027,gmncsa24_gmncsa_fall_072,fall,train,/Users/varunreddyseelam/Desktop/Gen_ai/final_pipeline/data/windows/train/fall/gmncsa24_gmncsa_fall_072/gmncsa24_gmncsa_fall_072_w0027.json
gmncsa24_gmncsa_fall_072_w0007,gmncsa24_gmncsa_fall_072,fall,train,/Users/varunreddyseelam/Desktop/Gen_ai/final_pipeline/data/windows/train/fall/gmncsa24_gmncsa_fall_072/gmncsa24_gmncsa_fall_072_w0007.json
gmncsa24_gmncsa_fall_072_w0011,gmncsa24_gmncsa_fall_072,fall,train,/Users/varunreddyseelam/Desktop/Gen_ai/final_pipeline/data/windows/train/fall/gmncsa24_gmncsa_fall_072/gmncsa24_gmncsa_fall_072_w0011.json
gmncsa24_gmncsa_fall_072_w0010,gmncsa24_gmncsa_fall_072,fall,train,/Users/varunreddyseelam/Desktop/Gen_ai/final_pipeline/data/windows/train/fall/gmncsa24_gmncsa_fall_072/gmncsa24_gmncsa_fall_072_w0010.json
gmncsa24_gmncsa_fall_072_w0006,gmncsa24_gmncsa_fall_072,fall,train,/Users/varunreddyseelam/Desktop/Gen_ai/final_pipeline/data/windows/train/fall/gmncsa24_gmncsa_fall_072/gmncsa24_gmncsa_fall_072_w0006.json
gmncsa24_gmncsa_fall_072_w0026,gmncsa24_gmncsa_fall_072,fall,train,/Users/varunreddyseelam/Desktop/Gen_ai/final_pipeline/data/windows/train/fall/gmncsa24_gmncsa_fall_072/gmncsa24_gmncsa_fall_072_w0026.json
gmncsa24_gmncsa_fall_072_w0030,gmncsa24_gmncsa_fall_072,fall,train,/Users/varunreddyseelam/Desktop/Gen_ai/final_pipeline/data/windows/train/fall/gmncsa24_gmncsa_fall_072/gmncsa24_gmncsa_fall_072_w0030.json
gmncsa24_gmncsa_fall_072_w0009,gmncsa24_gmncsa_fall_072,fall,train,/Users/varunreddyseelam/Desktop/Gen_ai/final_pipeline/data/windows/train/fall/gmncsa24_gmncsa_fall_072/gmncsa24_gmncsa_fall_072_w0009.json
gmncsa24_gmncsa_fall_072_w0025,gmncsa24_gmncsa_fall_072,fall,train,/Users/varunreddyseelam/Desktop/Gen_ai/final_pipeline/data/windows/train/fall/gmncsa24_gmncsa_fall_072/gmncsa24_gmncsa_fall_072_w0025.json
gmncsa24_gmncsa_fall_072_w0013,gmncsa24_gmncsa_fall_072,fall,train,/Users/varunreddyseelam/Desktop/Gen_ai/final_pipeline/data/windows/train/fall/gmncsa24_gmncsa_fall_072/gmncsa24_gmncsa_fall_072_w0013.json
gmncsa24_gmncsa_fall_072_w0005,gmncsa24_gmncsa_fall_072,fall,train,/Users/varunreddyseelam/Desktop/Gen_ai/final_pipeline/data/windows/train/fall/gmncsa24_gmncsa_fall_072/gmncsa24_gmncsa_fall_072_w0005.json
gmncsa24_gmncsa_fall_072_w0029,gmncsa24_gmncsa_fall_072,fall,train,/Users/varunreddyseelam/Desktop/Gen_ai/final_pipeline/data/windows/train/fall/gmncsa24_gmncsa_fall_072/gmncsa24_gmncsa_fall_072_w0029.json
gmncsa24_gmncsa_fall_072_w0028,gmncsa24_gmncsa_fall_072,fall,train,/Users/varunreddyseelam/Desktop/Gen_ai/final_pipeline/data/windows/train/fall/gmncsa24_gmncsa_fall_072/gmncsa24_gmncsa_fall_072_w0028.json
gmncsa24_gmncsa_fall_072_w0004,gmncsa24_gmncsa_fall_072,fall,train,/Users/varunreddyseelam/Desktop/Gen_ai/final_pipeline/data/windows/train/fall/gmncsa24_gmncsa_fall_072/gmncsa24_gmncsa_fall_072_w0004.json
gmncsa24_gmncsa_fall_072_w0012,gmncsa24_gmncsa_fall_072,fall,train,/Users/varunreddyseelam/Desktop/Gen_ai/final_pipeline/data/windows/train/fall/gmncsa24_gmncsa_fall_072/gmncsa24_gmncsa_fall_072_w0012.json
gmncsa24_gmncsa_fall_072_w0032,gmncsa24_gmncsa_fall_072,fall,train,/Users/varunreddyseelam/Desktop/Gen_ai/final_pipeline/data/windows/train/fall/gmncsa24_gmncsa_fall_072/gmncsa24_gmncsa_fall_072_w0032.json
gmncsa24_gmncsa_fall_072_w0024,gmncsa24_gmncsa_fall_072,fall,train,/Users/varunreddyseelam/Desktop/Gen_ai/final_pipeline/data/windows/train/fall/gmncsa24_gmncsa_fall_072/gmncsa24_gmncsa_fall_072_w0024.json
gmncsa24_gmncsa_fall_072_w0008,gmncsa24_gmncsa_fall_072,fall,train,/Users/varunreddyseelam/Desktop/Gen_ai/final_pipeline/data/windows/train/fall/gmncsa24_gmncsa_fall_072/gmncsa24_gmncsa_fall_072_w0008.json
gmncsa24_gmncsa_fall_072_w0015,gmncsa24_gmncsa_fall_072,fall,train,/Users/varunreddyseelam/Desktop/Gen_ai/final_pipeline/data/windows/train/fall/gmncsa24_gmncsa_fall_072/gmncsa24_gmncsa_fall_072_w0015.json
gmncsa24_gmncsa_fall_072_w0003,gmncsa24_gmncsa_fall_072,fall,train,/Users/varunreddyseelam/Desktop/Gen_ai/final_pipeline/data/windows/train/fall/gmncsa24_gmncsa_fall_072/gmncsa24_gmncsa_fall_072_w0003.json
gmncsa24_gmncsa_fall_072_w0019,gmncsa24_gmncsa_fall_072,fall,train,/Users/varunreddyseelam/Desktop/Gen_ai/final_pipeline/data/windows/train/fall/gmncsa24_gmncsa_fall_072/gmncsa24_gmncsa_fall_072_w0019.json
gmncsa24_gmncsa_fall_072_w0023,gmncsa24_gmncsa_fall_072,fall,train,/Users/varunreddyseelam/Desktop/Gen_ai/final_pipeline/data/windows/train/fall/gmncsa24_gmncsa_fall_072/gmncsa24_gmncsa_fall_072_w0023.json
gmncsa24_gmncsa_fall_072_w0022,gmncsa24_gmncsa_fall_072,fall,train,/Users/varunreddyseelam/Desktop/Gen_ai/final_pipeline/data/windows/train/fall/gmncsa24_gmncsa_fall_072/gmncsa24_gmncsa_fall_072_w0022.json
gmncsa24_gmncsa_fall_072_w0018,gmncsa24_gmncsa_fall_072,fall,train,/Users/varunreddyseelam/Desktop/Gen_ai/final_pipeline/data/windows/train/fall/gmncsa24_gmncsa_fall_072/gmncsa24_gmncsa_fall_072_w0018.json
gmncsa24_gmncsa_fall_072_w0002,gmncsa24_gmncsa_fall_072,fall,train,/Users/varunreddyseelam/Desktop/Gen_ai/final_pipeline/data/windows/train/fall/gmncsa24_gmncsa_fall_072/gmncsa24_gmncsa_fall_072_w0002.json
gmncsa24_gmncsa_fall_072_w0014,gmncsa24_gmncsa_fall_072,fall,train,/Users/varunreddyseelam/Desktop/Gen_ai/final_pipeline/data/windows/train/fall/gmncsa24_gmncsa_fall_072/gmncsa24_gmncsa_fall_072_w0014.json
gmncsa24_gmncsa_fall_036_w0021,gmncsa24_gmncsa_fall_036,fall,train,/Users/varunreddyseelam/Desktop/Gen_ai/final_pipeline/data/windows/train/fall/gmncsa24_gmncsa_fall_036/gmncsa24_gmncsa_fall_036_w0021.json
gmncsa24_gmncsa_fall_036_w0037,gmncsa24_gmncsa_fall_036,fall,train,/Users/varunreddyseelam/Desktop/Gen_ai/final_pipeline/data/windows/train/fall/gmncsa24_gmncsa_fall_036/gmncsa24_gmncsa_fall_036_w0037.json
gmncsa24_gmncsa_fall_036_w0017,gmncsa24_gmncsa_fall_036,fall,train,/Users/varunreddyseelam/Desktop/Gen_ai/final_pipeline/data/windows/train/fall/gmncsa24_gmncsa_fall_036/gmncsa24_gmncsa_fall_036_w0017.json
gmncsa24_gmncsa_fall_036_w0040,gmncsa24_gmncsa_fall_036,fall,train,/Users/varunreddyseelam/Desktop/Gen_ai/final_pipeline/data/windows/train/fall/gmncsa24_gmncsa_fall_036/gmncsa24_gmncsa_fall_036_w0040.json
gmncsa24_gmncsa_fall_036_w0056,gmncsa24_gmncsa_fall_036,fall,train,/Users/varunreddyseelam/Desktop/Gen_ai/final_pipeline/data/windows/train/fall/gmncsa24_gmncsa_fall_036/gmncsa24_gmncsa_fall_036_w0056.json
gmncsa24_gmncsa_fall_036_w0001,gmncsa24_gmncsa_fall_036,fall,train,/Users/varunreddyseelam/Desktop/Gen_ai/final_pipeline/data/windows/train/fall/gmncsa24_gmncsa_fall_036/gmncsa24_gmncsa_fall_036_w0001.json
gmncsa24_gmncsa_fall_036_w0000,gmncsa24_gmncsa_fall_036,fall,train,/Users/varunreddyseelam/Desktop/Gen_ai/final_pipeline/data/windows/train/fall/gmncsa24_gmncsa_fall_036/gmncsa24_gmncsa_fall_036_w0000.json
gmncsa24_gmncsa_fall_036_w0057,gmncsa24_gmncsa_fall_036,fall,train,/Users/varunreddyseelam/Desktop/Gen_ai/final_pipeline/data/windows/train/fall/gmncsa24_gmncsa_fall_036/gmncsa24_gmncsa_fall_036_w0057.json
gmncsa24_gmncsa_fall_036_w0041,gmncsa24_gmncsa_fall_036,fall,train,/Users/varunreddyseelam/Desktop/Gen_ai/final_pipeline/data/windows/train/fall/gmncsa24_gmncsa_fall_036/gmncsa24_gmncsa_fall_036_w0041.json
gmncsa24_gmncsa_fall_036_w0016,gmncsa24_gmncsa_fall_036,fall,train,/Users/varunreddyseelam/Desktop/Gen_ai/final_pipeline/data/windows/train/fall/gmncsa24_gmncsa_fall_036/gmncsa24_gmncsa_fall_036_w0016.json
gmncsa24_gmncsa_fall_036_w0036,gmncsa24_gmncsa_fall_036,fall,train,/Users/varunreddyseelam/Desktop/Gen_ai/final_pipeline/data/windows/train/fall/gmncsa24_gmncsa_fall_036/gmncsa24_gmncsa_fall_036_w0036.json
gmncsa24_gmncsa_fall_036_w0020,gmncsa24_gmncsa_fall_036,fall,train,/Users/varunreddyseelam/Desktop/Gen_ai/final_pipeline/data/windows/train/fall/gmncsa24_gmncsa_fall_036/gmncsa24_gmncsa_fall_036_w0020.json
gmncsa24_gmncsa_fall_036_w0011,gmncsa24_gmncsa_fall_036,fall,train,/Users/varunreddyseelam/Desktop/Gen_ai/final_pipeline/data/windows/train/fall/gmncsa24_gmncsa_fall_036/gmncsa24_gmncsa_fall_036_w0011.json
gmncsa24_gmncsa_fall_036_w0046,gmncsa24_gmncsa_fall_036,fall,train,/Users/varunreddyseelam/Desktop/Gen_ai/final_pipeline/data/windows/train/fall/gmncsa24_gmncsa_fall_036/gmncsa24_gmncsa_fall_036_w0046.json
gmncsa24_gmncsa_fall_036_w0050,gmncsa24_gmncsa_fall_036,fall,train,/Users/varunreddyseelam/Desktop/Gen_ai/final_pipeline/data/windows/train/fall/gmncsa24_gmncsa_fall_036/gmncsa24_gmncsa_fall_036_w0050.json
gmncsa24_gmncsa_fall_036_w0007,gmncsa24_gmncsa_fall_036,fall,train,/Users/varunreddyseelam/Desktop/Gen_ai/final_pipeline/data/windows/train/fall/gmncsa24_gmncsa_fall_036/gmncsa24_gmncsa_fall_036_w0007.json
gmncsa24_gmncsa_fall_036_w0027,gmncsa24_gmncsa_fall_036,fall,train,/Users/varunreddyseelam/Desktop/Gen_ai/final_pipeline/data/windows/train/fall/gmncsa24_gmncsa_fall_036/gmncsa24_gmncsa_fall_036_w0027.json
gmncsa24_gmncsa_fall_036_w0031,gmncsa24_gmncsa_fall_036,fall,train,/Users/varunreddyseelam/Desktop/Gen_ai/final_pipeline/data/windows/train/fall/gmncsa24_gmncsa_fall_036/gmncsa24_gmncsa_fall_036_w0031.json
gmncsa24_gmncsa_fall_036_w0030,gmncsa24_gmncsa_fall_036,fall,train,/Users/varunreddyseelam/Desktop/Gen_ai/final_pipeline/data/windows/train/fall/gmncsa24_gmncsa_fall_036/gmncsa24_gmncsa_fall_036_w0030.json
gmncsa24_gmncsa_fall_036_w0026,gmncsa24_gmncsa_fall_036,fall,train,/Users/varunreddyseelam/Desktop/Gen_ai/final_pipeline/data/windows/train/fall/gmncsa24_gmncsa_fall_036/gmncsa24_gmncsa_fall_036_w0026.json
gmncsa24_gmncsa_fall_036_w0006,gmncsa24_gmncsa_fall_036,fall,train,/Users/varunreddyseelam/Desktop/Gen_ai/final_pipeline/data/windows/train/fall/gmncsa24_gmncsa_fall_036/gmncsa24_gmncsa_fall_036_w0006.json
gmncsa24_gmncsa_fall_036_w0051,gmncsa24_gmncsa_fall_036,fall,train,/Users/varunreddyseelam/Desktop/Gen_ai/final_pipeline/data/windows/train/fall/gmncsa24_gmncsa_fall_036/gmncsa24_gmncsa_fall_036_w0051.json
gmncsa24_gmncsa_fall_036_w0047,gmncsa24_gmncsa_fall_036,fall,train,/Users/varunreddyseelam/Desktop/Gen_ai/final_pipeline/data/windows/train/fall/gmncsa24_gmncsa_fall_036/gmncsa24_gmncsa_fall_036_w0047.json
gmncsa24_gmncsa_fall_036_w0010,gmncsa24_gmncsa_fall_036,fall,train,/Users/varunreddyseelam/Desktop/Gen_ai/final_pipeline/data/windows/train/fall/gmncsa24_gmncsa_fall_036/gmncsa24_gmncsa_fall_036_w0010.json
gmncsa24_gmncsa_fall_036_w0029,gmncsa24_gmncsa_fall_036,fall,train,/Users/varunreddyseelam/Desktop/Gen_ai/final_pipeline/data/windows/train/fall/gmncsa24_gmncsa_fall_036/gmncsa24_gmncsa_fall_036_w0029.json
gmncsa24_gmncsa_fall_036_w0005,gmncsa24_gmncsa_fall_036,fall,train,/Users/varunreddyseelam/Desktop/Gen_ai/final_pipeline/data/windows/train/fall/gmncsa24_gmncsa_fall_036/gmncsa24_gmncsa_fall_036_w0005.json
gmncsa24_gmncsa_fall_036_w0052,gmncsa24_gmncsa_fall_036,fall,train,/Users/varunreddyseelam/Desktop/Gen_ai/final_pipeline/data/windows/train/fall/gmncsa24_gmncsa_fall_036/gmncsa24_gmncsa_fall_036_w0052.json
gmncsa24_gmncsa_fall_036_w0044,gmncsa24_gmncsa_fall_036,fall,train,/Users/varunreddyseelam/Desktop/Gen_ai/final_pipeline/data/windows/train/fall/gmncsa24_gmncsa_fall_036/gmncsa24_gmncsa_fall_036_w0044.json
gmncsa24_gmncsa_fall_036_w0013,gmncsa24_gmncsa_fall_036,fall,train,/Users/varunreddyseelam/Desktop/Gen_ai/final_pipeline/data/windows/train/fall/gmncsa24_gmncsa_fall_036/gmncsa24_gmncsa_fall_036_w0013.json
gmncsa24_gmncsa_fall_036_w0033,gmncsa24_gmncsa_fall_036,fall,train,/Users/varunreddyseelam/Desktop/Gen_ai/final_pipeline/data/windows/train/fall/gmncsa24_gmncsa_fall_036/gmncsa24_gmncsa_fall_036_w0033.json
gmncsa24_gmncsa_fall_036_w0025,gmncsa24_gmncsa_fall_036,fall,train,/Users/varunreddyseelam/Desktop/Gen_ai/final_pipeline/data/windows/train/fall/gmncsa24_gmncsa_fall_036/gmncsa24_gmncsa_fall_036_w0025.json
gmncsa24_gmncsa_fall_036_w0009,gmncsa24_gmncsa_fall_036,fall,train,/Users/varunreddyseelam/Desktop/Gen_ai/final_pipeline/data/windows/train/fall/gmncsa24_gmncsa_fall_036/gmncsa24_gmncsa_fall_036_w0009.json
gmncsa24_gmncsa_fall_036_w0048,gmncsa24_gmncsa_fall_036,fall,train,/Users/varunreddyseelam/Desktop/Gen_ai/final_pipeline/data/windows/train/fall/gmncsa24_gmncsa_fall_036/gmncsa24_gmncsa_fall_036_w0048.json
gmncsa24_gmncsa_fall_036_w0049,gmncsa24_gmncsa_fall_036,fall,train,/Users/varunreddyseelam/Desktop/Gen_ai/final_pipeline/data/windows/train/fall/gmncsa24_gmncsa_fall_036/gmncsa24_gmncsa_fall_036_w0049.json
gmncsa24_gmncsa_fall_036_w0008,gmncsa24_gmncsa_fall_036,fall,train,/Users/varunreddyseelam/Desktop/Gen_ai/final_pipeline/data/windows/train/fall/gmncsa24_gmncsa_fall_036/gmncsa24_gmncsa_fall_036_w0008.json
gmncsa24_gmncsa_fall_036_w0024,gmncsa24_gmncsa_fall_036,fall,train,/Users/varunreddyseelam/Desktop/Gen_ai/final_pipeline/data/windows/train/fall/gmncsa24_gmncsa_fall_036/gmncsa24_gmncsa_fall_036_w0024.json
gmncsa24_gmncsa_fall_036_w0032,gmncsa24_gmncsa_fall_036,fall,train,/Users/varunreddyseelam/Desktop/Gen_ai/final_pipeline/data/windows/train/fall/gmncsa24_gmncsa_fall_036/gmncsa24_gmncsa_fall_036_w0032.json
gmncsa24_gmncsa_fall_036_w0012,gmncsa24_gmncsa_fall_036,fall,train,/Users/varunreddyseelam/Desktop/Gen_ai/final_pipeline/data/windows/train/fall/gmncsa24_gmncsa_fall_036/gmncsa24_gmncsa_fall_036_w0012.json
gmncsa24_gmncsa_fall_036_w0045,gmncsa24_gmncsa_fall_036,fall,train,/Users/varunreddyseelam/Desktop/Gen_ai/final_pipeline/data/windows/train/fall/gmncsa24_gmncsa_fall_036/gmncsa24_gmncsa_fall_036_w0045.json
gmncsa24_gmncsa_fall_036_w0053,gmncsa24_gmncsa_fall_036,fall,train,/Users/varunreddyseelam/Desktop/Gen_ai/final_pipeline/data/windows/train/fall/gmncsa24_gmncsa_fall_036/gmncsa24_gmncsa_fall_036_w0053.json
gmncsa24_gmncsa_fall_036_w0004,gmncsa24_gmncsa_fall_036,fall,train,/Users/varunreddyseelam/Desktop/Gen_ai/final_pipeline/data/windows/train/fall/gmncsa24_gmncsa_fall_036/gmncsa24_gmncsa_fall_036_w0004.json
gmncsa24_gmncsa_fall_036_w0028,gmncsa24_gmncsa_fall_036,fall,train,/Users/varunreddyseelam/Desktop/Gen_ai/final_pipeline/data/windows/train/fall/gmncsa24_gmncsa_fall_036/gmncsa24_gmncsa_fall_036_w0028.json
gmncsa24_gmncsa_fall_036_w0035,gmncsa24_gmncsa_fall_036,fall,train,/Users/varunreddyseelam/Desktop/Gen_ai/final_pipeline/data/windows/train/fall/gmncsa24_gmncsa_fall_036/gmncsa24_gmncsa_fall_036_w0035.json
gmncsa24_gmncsa_fall_036_w0023,gmncsa24_gmncsa_fall_036,fall,train,/Users/varunreddyseelam/Desktop/Gen_ai/final_pipeline/data/windows/train/fall/gmncsa24_gmncsa_fall_036/gmncsa24_gmncsa_fall_036_w0023.json
gmncsa24_gmncsa_fall_036_w0019,gmncsa24_gmncsa_fall_036,fall,train,/Users/varunreddyseelam/Desktop/Gen_ai/final_pipeline/data/windows/train/fall/gmncsa24_gmncsa_fall_036/gmncsa24_gmncsa_fall_036_w0019.json
gmncsa24_gmncsa_fall_036_w0039,gmncsa24_gmncsa_fall_036,fall,train,/Users/varunreddyseelam/Desktop/Gen_ai/final_pipeline/data/windows/train/fall/gmncsa24_gmncsa_fall_036/gmncsa24_gmncsa_fall_036_w0039.json
gmncsa24_gmncsa_fall_036_w0003,gmncsa24_gmncsa_fall_036,fall,train,/Users/varunreddyseelam/Desktop/Gen_ai/final_pipeline/data/windows/train/fall/gmncsa24_gmncsa_fall_036/gmncsa24_gmncsa_fall_036_w0003.json
gmncsa24_gmncsa_fall_036_w0054,gmncsa24_gmncsa_fall_036,fall,train,/Users/varunreddyseelam/Desktop/Gen_ai/final_pipeline/data/windows/train/fall/gmncsa24_gmncsa_fall_036/gmncsa24_gmncsa_fall_036_w0054.json
gmncsa24_gmncsa_fall_036_w0042,gmncsa24_gmncsa_fall_036,fall,train,/Users/varunreddyseelam/Desktop/Gen_ai/final_pipeline/data/windows/train/fall/gmncsa24_gmncsa_fall_036/gmncsa24_gmncsa_fall_036_w0042.json
gmncsa24_gmncsa_fall_036_w0015,gmncsa24_gmncsa_fall_036,fall,train,/Users/varunreddyseelam/Desktop/Gen_ai/final_pipeline/data/windows/train/fall/gmncsa24_gmncsa_fall_036/gmncsa24_gmncsa_fall_036_w0015.json
gmncsa24_gmncsa_fall_036_w0014,gmncsa24_gmncsa_fall_036,fall,train,/Users/varunreddyseelam/Desktop/Gen_ai/final_pipeline/data/windows/train/fall/gmncsa24_gmncsa_fall_036/gmncsa24_gmncsa_fall_036_w0014.json
gmncsa24_gmncsa_fall_036_w0043,gmncsa24_gmncsa_fall_036,fall,train,/Users/varunreddyseelam/Desktop/Gen_ai/final_pipeline/data/windows/train/fall/gmncsa24_gmncsa_fall_036/gmncsa24_gmncsa_fall_036_w0043.json
gmncsa24_gmncsa_fall_036_w0055,gmncsa24_gmncsa_fall_036,fall,train,/Users/varunreddyseelam/Desktop/Gen_ai/final_pipeline/data/windows/train/fall/gmncsa24_gmncsa_fall_036/gmncsa24_gmncsa_fall_036_w0055.json
gmncsa24_gmncsa_fall_036_w0002,gmncsa24_gmncsa_fall_036,fall,train,/Users/varunreddyseelam/Desktop/Gen_ai/final_pipeline/data/windows/train/fall/gmncsa24_gmncsa_fall_036/gmncsa24_gmncsa_fall_036_w0002.json
gmncsa24_gmncsa_fall_036_w0038,gmncsa24_gmncsa_fall_036,fall,train,/Users/varunreddyseelam/Desktop/Gen_ai/final_pipeline/data/windows/train/fall/gmncsa24_gmncsa_fall_036/gmncsa24_gmncsa_fall_036_w0038.json
gmncsa24_gmncsa_fall_036_w0018,gmncsa24_gmncsa_fall_036,fall,train,/Users/varunreddyseelam/Desktop/Gen_ai/final_pipeline/data/windows/train/fall/gmncsa24_gmncsa_fall_036/gmncsa24_gmncsa_fall_036_w0018.json
gmncsa24_gmncsa_fall_036_w0022,gmncsa24_gmncsa_fall_036,fall,train,/Users/varunreddyseelam/Desktop/Gen_ai/final_pipeline/data/windows/train/fall/gmncsa24_gmncsa_fall_036/gmncsa24_gmncsa_fall_036_w0022.json
gmncsa24_gmncsa_fall_036_w0034,gmncsa24_gmncsa_fall_036,fall,train,/Users/varunreddyseelam/Desktop/Gen_ai/final_pipeline/data/windows/train/fall/gmncsa24_gmncsa_fall_036/gmncsa24_gmncsa_fall_036_w0034.json
le2i_CR02_video_55_fall_w0001,le2i_CR02_video_55_fall,fall,train,/Users/varunreddyseelam/Desktop/Gen_ai/final_pipeline/data/windows/train/fall/le2i_CR02_video_55_fall/le2i_CR02_video_55_fall_w0001.json
le2i_CR02_video_55_fall_w0000,le2i_CR02_video_55_fall,fall,train,/Users/varunreddyseelam/Desktop/Gen_ai/final_pipeline/data/windows/train/fall/le2i_CR02_video_55_fall/le2i_CR02_video_55_fall_w0000.json
le2i_CR02_video_55_fall_w0003,le2i_CR02_video_55_fall,fall,train,/Users/varunreddyseelam/Desktop/Gen_ai/final_pipeline/data/windows/train/fall/le2i_CR02_video_55_fall/le2i_CR02_video_55_fall_w0003.json
le2i_CR02_video_55_fall_w0002,le2i_CR02_video_55_fall,fall,train,/Users/varunreddyseelam/Desktop/Gen_ai/final_pipeline/data/windows/train/fall/le2i_CR02_video_55_fall/le2i_CR02_video_55_fall_w0002.json
gmncsa24_gmncsa_fall_007_w0003,gmncsa24_gmncsa_fall_007,fall,train,/Users/varunreddyseelam/Desktop/Gen_ai/final_pipeline/data/windows/train/fall/gmncsa24_gmncsa_fall_007/gmncsa24_gmncsa_fall_007_w0003.json
gmncsa24_gmncsa_fall_007_w0054,gmncsa24_gmncsa_fall_007,fall,train,/Users/varunreddyseelam/Desktop/Gen_ai/final_pipeline/data/windows/train/fall/gmncsa24_gmncsa_fall_007/gmncsa24_gmncsa_fall_007_w0054.json
gmncsa24_gmncsa_fall_007_w0042,gmncsa24_gmncsa_fall_007,fall,train,/Users/varunreddyseelam/Desktop/Gen_ai/final_pipeline/data/windows/train/fall/gmncsa24_gmncsa_fall_007/gmncsa24_gmncsa_fall_007_w0042.json
gmncsa24_gmncsa_fall_007_w0015,gmncsa24_gmncsa_fall_007,fall,train,/Users/varunreddyseelam/Desktop/Gen_ai/final_pipeline/data/windows/train/fall/gmncsa24_gmncsa_fall_007/gmncsa24_gmncsa_fall_007_w0015.json
gmncsa24_gmncsa_fall_007_w0039,gmncsa24_gmncsa_fall_007,fall,train,/Users/varunreddyseelam/Desktop/Gen_ai/final_pipeline/data/windows/train/fall/gmncsa24_gmncsa_fall_007/gmncsa24_gmncsa_fall_007_w0039.json
gmncsa24_gmncsa_fall_007_w0019,gmncsa24_gmncsa_fall_007,fall,train,/Users/varunreddyseelam/Desktop/Gen_ai/final_pipeline/data/windows/train/fall/gmncsa24_gmncsa_fall_007/gmncsa24_gmncsa_fall_007_w0019.json
gmncsa24_gmncsa_fall_007_w0035,gmncsa24_gmncsa_fall_007,fall,train,/Users/varunreddyseelam/Desktop/Gen_ai/final_pipeline/data/windows/train/fall/gmncsa24_gmncsa_fall_007/gmncsa24_gmncsa_fall_007_w0035.json
gmncsa24_gmncsa_fall_007_w0023,gmncsa24_gmncsa_fall_007,fall,train,/Users/varunreddyseelam/Desktop/Gen_ai/final_pipeline/data/windows/train/fall/gmncsa24_gmncsa_fall_007/gmncsa24_gmncsa_fall_007_w0023.json
gmncsa24_gmncsa_fall_007_w0022,gmncsa24_gmncsa_fall_007,fall,train,/Users/varunreddyseelam/Desktop/Gen_ai/final_pipeline/data/windows/train/fall/gmncsa24_gmncsa_fall_007/gmncsa24_gmncsa_fall_007_w0022.json
gmncsa24_gmncsa_fall_007_w0034,gmncsa24_gmncsa_fall_007,fall,train,/Users/varunreddyseelam/Desktop/Gen_ai/final_pipeline/data/windows/train/fall/gmncsa24_gmncsa_fall_007/gmncsa24_gmncsa_fall_007_w0034.json
gmncsa24_gmncsa_fall_007_w0018,gmncsa24_gmncsa_fall_007,fall,train,/Users/varunreddyseelam/Desktop/Gen_ai/final_pipeline/data/windows/train/fall/gmncsa24_gmncsa_fall_007/gmncsa24_gmncsa_fall_007_w0018.json
gmncsa24_gmncsa_fall_007_w0038,gmncsa24_gmncsa_fall_007,fall,train,/Users/varunreddyseelam/Desktop/Gen_ai/final_pipeline/data/windows/train/fall/gmncsa24_gmncsa_fall_007/gmncsa24_gmncsa_fall_007_w0038.json
gmncsa24_gmncsa_fall_007_w0014,gmncsa24_gmncsa_fall_007,fall,train,/Users/varunreddyseelam/Desktop/Gen_ai/final_pipeline/data/windows/train/fall/gmncsa24_gmncsa_fall_007/gmncsa24_gmncsa_fall_007_w0014.json
gmncsa24_gmncsa_fall_007_w0043,gmncsa24_gmncsa_fall_007,fall,train,/Users/varunreddyseelam/Desktop/Gen_ai/final_pipeline/data/windows/train/fall/gmncsa24_gmncsa_fall_007/gmncsa24_gmncsa_fall_007_w0043.json
gmncsa24_gmncsa_fall_007_w0055,gmncsa24_gmncsa_fall_007,fall,train,/Users/varunreddyseelam/Desktop/Gen_ai/final_pipeline/data/windows/train/fall/gmncsa24_gmncsa_fall_007/gmncsa24_gmncsa_fall_007_w0055.json
gmncsa24_gmncsa_fall_007_w0002,gmncsa24_gmncsa_fall_007,fall,train,/Users/varunreddyseelam/Desktop/Gen_ai/final_pipeline/data/windows/train/fall/gmncsa24_gmncsa_fall_007/gmncsa24_gmncsa_fall_007_w0002.json
gmncsa24_gmncsa_fall_007_w0009,gmncsa24_gmncsa_fall_007,fall,train,/Users/varunreddyseelam/Desktop/Gen_ai/final_pipeline/data/windows/train/fall/gmncsa24_gmncsa_fall_007/gmncsa24_gmncsa_fall_007_w0009.json
gmncsa24_gmncsa_fall_007_w0048,gmncsa24_gmncsa_fall_007,fall,train,/Users/varunreddyseelam/Desktop/Gen_ai/final_pipeline/data/windows/train/fall/gmncsa24_gmncsa_fall_007/gmncsa24_gmncsa_fall_007_w0048.json
gmncsa24_gmncsa_fall_007_w0033,gmncsa24_gmncsa_fall_007,fall,train,/Users/varunreddyseelam/Desktop/Gen_ai/final_pipeline/data/windows/train/fall/gmncsa24_gmncsa_fall_007/gmncsa24_gmncsa_fall_007_w0033.json
gmncsa24_gmncsa_fall_007_w0025,gmncsa24_gmncsa_fall_007,fall,train,/Users/varunreddyseelam/Desktop/Gen_ai/final_pipeline/data/windows/train/fall/gmncsa24_gmncsa_fall_007/gmncsa24_gmncsa_fall_007_w0025.json
gmncsa24_gmncsa_fall_007_w0005,gmncsa24_gmncsa_fall_007,fall,train,/Users/varunreddyseelam/Desktop/Gen_ai/final_pipeline/data/windows/train/fall/gmncsa24_gmncsa_fall_007/gmncsa24_gmncsa_fall_007_w0005.json
gmncsa24_gmncsa_fall_007_w0052,gmncsa24_gmncsa_fall_007,fall,train,/Users/varunreddyseelam/Desktop/Gen_ai/final_pipeline/data/windows/train/fall/gmncsa24_gmncsa_fall_007/gmncsa24_gmncsa_fall_007_w0052.json
gmncsa24_gmncsa_fall_007_w0044,gmncsa24_gmncsa_fall_007,fall,train,/Users/varunreddyseelam/Desktop/Gen_ai/final_pipeline/data/windows/train/fall/gmncsa24_gmncsa_fall_007/gmncsa24_gmncsa_fall_007_w0044.json
gmncsa24_gmncsa_fall_007_w0013,gmncsa24_gmncsa_fall_007,fall,train,/Users/varunreddyseelam/Desktop/Gen_ai/final_pipeline/data/windows/train/fall/gmncsa24_gmncsa_fall_007/gmncsa24_gmncsa_fall_007_w0013.json
gmncsa24_gmncsa_fall_007_w0029,gmncsa24_gmncsa_fall_007,fall,train,/Users/varunreddyseelam/Desktop/Gen_ai/final_pipeline/data/windows/train/fall/gmncsa24_gmncsa_fall_007/gmncsa24_gmncsa_fall_007_w0029.json
gmncsa24_gmncsa_fall_007_w0028,gmncsa24_gmncsa_fall_007,fall,train,/Users/varunreddyseelam/Desktop/Gen_ai/final_pipeline/data/windows/train/fall/gmncsa24_gmncsa_fall_007/gmncsa24_gmncsa_fall_007_w0028.json
gmncsa24_gmncsa_fall_007_w0012,gmncsa24_gmncsa_fall_007,fall,train,/Users/varunreddyseelam/Desktop/Gen_ai/final_pipeline/data/windows/train/fall/gmncsa24_gmncsa_fall_007/gmncsa24_gmncsa_fall_007_w0012.json
gmncsa24_gmncsa_fall_007_w0045,gmncsa24_gmncsa_fall_007,fall,train,/Users/varunreddyseelam/Desktop/Gen_ai/final_pipeline/data/windows/train/fall/gmncsa24_gmncsa_fall_007/gmncsa24_gmncsa_fall_007_w0045.json
gmncsa24_gmncsa_fall_007_w0053,gmncsa24_gmncsa_fall_007,fall,train,/Users/varunreddyseelam/Desktop/Gen_ai/final_pipeline/data/windows/train/fall/gmncsa24_gmncsa_fall_007/gmncsa24_gmncsa_fall_007_w0053.json
gmncsa24_gmncsa_fall_007_w0004,gmncsa24_gmncsa_fall_007,fall,train,/Users/varunreddyseelam/Desktop/Gen_ai/final_pipeline/data/windows/train/fall/gmncsa24_gmncsa_fall_007/gmncsa24_gmncsa_fall_007_w0004.json
gmncsa24_gmncsa_fall_007_w0024,gmncsa24_gmncsa_fall_007,fall,train,/Users/varunreddyseelam/Desktop/Gen_ai/final_pipeline/data/windows/train/fall/gmncsa24_gmncsa_fall_007/gmncsa24_gmncsa_fall_007_w0024.json
gmncsa24_gmncsa_fall_007_w0032,gmncsa24_gmncsa_fall_007,fall,train,/Users/varunreddyseelam/Desktop/Gen_ai/final_pipeline/data/windows/train/fall/gmncsa24_gmncsa_fall_007/gmncsa24_gmncsa_fall_007_w0032.json
gmncsa24_gmncsa_fall_007_w0049,gmncsa24_gmncsa_fall_007,fall,train,/Users/varunreddyseelam/Desktop/Gen_ai/final_pipeline/data/windows/train/fall/gmncsa24_gmncsa_fall_007/gmncsa24_gmncsa_fall_007_w0049.json
gmncsa24_gmncsa_fall_007_w0008,gmncsa24_gmncsa_fall_007,fall,train,/Users/varunreddyseelam/Desktop/Gen_ai/final_pipeline/data/windows/train/fall/gmncsa24_gmncsa_fall_007/gmncsa24_gmncsa_fall_007_w0008.json
gmncsa24_gmncsa_fall_007_w0027,gmncsa24_gmncsa_fall_007,fall,train,/Users/varunreddyseelam/Desktop/Gen_ai/final_pipeline/data/windows/train/fall/gmncsa24_gmncsa_fall_007/gmncsa24_gmncsa_fall_007_w0027.json
gmncsa24_gmncsa_fall_007_w0031,gmncsa24_gmncsa_fall_007,fall,train,/Users/varunreddyseelam/Desktop/Gen_ai/final_pipeline/data/windows/train/fall/gmncsa24_gmncsa_fall_007/gmncsa24_gmncsa_fall_007_w0031.json
gmncsa24_gmncsa_fall_007_w0011,gmncsa24_gmncsa_fall_007,fall,train,/Users/varunreddyseelam/Desktop/Gen_ai/final_pipeline/data/windows/train/fall/gmncsa24_gmncsa_fall_007/gmncsa24_gmncsa_fall_007_w0011.json
gmncsa24_gmncsa_fall_007_w0046,gmncsa24_gmncsa_fall_007,fall,train,/Users/varunreddyseelam/Desktop/Gen_ai/final_pipeline/data/windows/train/fall/gmncsa24_gmncsa_fall_007/gmncsa24_gmncsa_fall_007_w0046.json
gmncsa24_gmncsa_fall_007_w0050,gmncsa24_gmncsa_fall_007,fall,train,/Users/varunreddyseelam/Desktop/Gen_ai/final_pipeline/data/windows/train/fall/gmncsa24_gmncsa_fall_007/gmncsa24_gmncsa_fall_007_w0050.json
gmncsa24_gmncsa_fall_007_w0007,gmncsa24_gmncsa_fall_007,fall,train,/Users/varunreddyseelam/Desktop/Gen_ai/final_pipeline/data/windows/train/fall/gmncsa24_gmncsa_fall_007/gmncsa24_gmncsa_fall_007_w0007.json
gmncsa24_gmncsa_fall_007_w0006,gmncsa24_gmncsa_fall_007,fall,train,/Users/varunreddyseelam/Desktop/Gen_ai/final_pipeline/data/windows/train/fall/gmncsa24_gmncsa_fall_007/gmncsa24_gmncsa_fall_007_w0006.json
gmncsa24_gmncsa_fall_007_w0051,gmncsa24_gmncsa_fall_007,fall,train,/Users/varunreddyseelam/Desktop/Gen_ai/final_pipeline/data/windows/train/fall/gmncsa24_gmncsa_fall_007/gmncsa24_gmncsa_fall_007_w0051.json
gmncsa24_gmncsa_fall_007_w0047,gmncsa24_gmncsa_fall_007,fall,train,/Users/varunreddyseelam/Desktop/Gen_ai/final_pipeline/data/windows/train/fall/gmncsa24_gmncsa_fall_007/gmncsa24_gmncsa_fall_007_w0047.json
gmncsa24_gmncsa_fall_007_w0010,gmncsa24_gmncsa_fall_007,fall,train,/Users/varunreddyseelam/Desktop/Gen_ai/final_pipeline/data/windows/train/fall/gmncsa24_gmncsa_fall_007/gmncsa24_gmncsa_fall_007_w0010.json
gmncsa24_gmncsa_fall_007_w0030,gmncsa24_gmncsa_fall_007,fall,train,/Users/varunreddyseelam/Desktop/Gen_ai/final_pipeline/data/windows/train/fall/gmncsa24_gmncsa_fall_007/gmncsa24_gmncsa_fall_007_w0030.json
gmncsa24_gmncsa_fall_007_w0026,gmncsa24_gmncsa_fall_007,fall,train,/Users/varunreddyseelam/Desktop/Gen_ai/final_pipeline/data/windows/train/fall/gmncsa24_gmncsa_fall_007/gmncsa24_gmncsa_fall_007_w0026.json
gmncsa24_gmncsa_fall_007_w0017,gmncsa24_gmncsa_fall_007,fall,train,/Users/varunreddyseelam/Desktop/Gen_ai/final_pipeline/data/windows/train/fall/gmncsa24_gmncsa_fall_007/gmncsa24_gmncsa_fall_007_w0017.json
gmncsa24_gmncsa_fall_007_w0040,gmncsa24_gmncsa_fall_007,fall,train,/Users/varunreddyseelam/Desktop/Gen_ai/final_pipeline/data/windows/train/fall/gmncsa24_gmncsa_fall_007/gmncsa24_gmncsa_fall_007_w0040.json
gmncsa24_gmncsa_fall_007_w0056,gmncsa24_gmncsa_fall_007,fall,train,/Users/varunreddyseelam/Desktop/Gen_ai/final_pipeline/data/windows/train/fall/gmncsa24_gmncsa_fall_007/gmncsa24_gmncsa_fall_007_w0056.json
gmncsa24_gmncsa_fall_007_w0001,gmncsa24_gmncsa_fall_007,fall,train,/Users/varunreddyseelam/Desktop/Gen_ai/final_pipeline/data/windows/train/fall/gmncsa24_gmncsa_fall_007/gmncsa24_gmncsa_fall_007_w0001.json
gmncsa24_gmncsa_fall_007_w0021,gmncsa24_gmncsa_fall_007,fall,train,/Users/varunreddyseelam/Desktop/Gen_ai/final_pipeline/data/windows/train/fall/gmncsa24_gmncsa_fall_007/gmncsa24_gmncsa_fall_007_w0021.json
gmncsa24_gmncsa_fall_007_w0037,gmncsa24_gmncsa_fall_007,fall,train,/Users/varunreddyseelam/Desktop/Gen_ai/final_pipeline/data/windows/train/fall/gmncsa24_gmncsa_fall_007/gmncsa24_gmncsa_fall_007_w0037.json
gmncsa24_gmncsa_fall_007_w0036,gmncsa24_gmncsa_fall_007,fall,train,/Users/varunreddyseelam/Desktop/Gen_ai/final_pipeline/data/windows/train/fall/gmncsa24_gmncsa_fall_007/gmncsa24_gmncsa_fall_007_w0036.json
gmncsa24_gmncsa_fall_007_w0020,gmncsa24_gmncsa_fall_007,fall,train,/Users/varunreddyseelam/Desktop/Gen_ai/final_pipeline/data/windows/train/fall/gmncsa24_gmncsa_fall_007/gmncsa24_gmncsa_fall_007_w0020.json
gmncsa24_gmncsa_fall_007_w0000,gmncsa24_gmncsa_fall_007,fall,train,/Users/varunreddyseelam/Desktop/Gen_ai/final_pipeline/data/windows/train/fall/gmncsa24_gmncsa_fall_007/gmncsa24_gmncsa_fall_007_w0000.json
gmncsa24_gmncsa_fall_007_w0057,gmncsa24_gmncsa_fall_007,fall,train,/Users/varunreddyseelam/Desktop/Gen_ai/final_pipeline/data/windows/train/fall/gmncsa24_gmncsa_fall_007/gmncsa24_gmncsa_fall_007_w0057.json
gmncsa24_gmncsa_fall_007_w0041,gmncsa24_gmncsa_fall_007,fall,train,/Users/varunreddyseelam/Desktop/Gen_ai/final_pipeline/data/windows/train/fall/gmncsa24_gmncsa_fall_007/gmncsa24_gmncsa_fall_007_w0041.json
gmncsa24_gmncsa_fall_007_w0016,gmncsa24_gmncsa_fall_007,fall,train,/Users/varunreddyseelam/Desktop/Gen_ai/final_pipeline/data/windows/train/fall/gmncsa24_gmncsa_fall_007/gmncsa24_gmncsa_fall_007_w0016.json
urfd_fall-09-cam0_w0016,urfd_fall-09-cam0,fall,train,/Users/varunreddyseelam/Desktop/Gen_ai/final_pipeline/data/windows/train/fall/urfd_fall-09-cam0/urfd_fall-09-cam0_w0016.json
urfd_fall-09-cam0_w0000,urfd_fall-09-cam0,fall,train,/Users/varunreddyseelam/Desktop/Gen_ai/final_pipeline/data/windows/train/fall/urfd_fall-09-cam0/urfd_fall-09-cam0_w0000.json
urfd_fall-09-cam0_w0020,urfd_fall-09-cam0,fall,train,/Users/varunreddyseelam/Desktop/Gen_ai/final_pipeline/data/windows/train/fall/urfd_fall-09-cam0/urfd_fall-09-cam0_w0020.json
urfd_fall-09-cam0_w0021,urfd_fall-09-cam0,fall,train,/Users/varunreddyseelam/Desktop/Gen_ai/final_pipeline/data/windows/train/fall/urfd_fall-09-cam0/urfd_fall-09-cam0_w0021.json
urfd_fall-09-cam0_w0001,urfd_fall-09-cam0,fall,train,/Users/varunreddyseelam/Desktop/Gen_ai/final_pipeline/data/windows/train/fall/urfd_fall-09-cam0/urfd_fall-09-cam0_w0001.json
urfd_fall-09-cam0_w0017,urfd_fall-09-cam0,fall,train,/Users/varunreddyseelam/Desktop/Gen_ai/final_pipeline/data/windows/train/fall/urfd_fall-09-cam0/urfd_fall-09-cam0_w0017.json
urfd_fall-09-cam0_w0026,urfd_fall-09-cam0,fall,train,/Users/varunreddyseelam/Desktop/Gen_ai/final_pipeline/data/windows/train/fall/urfd_fall-09-cam0/urfd_fall-09-cam0_w0026.json
urfd_fall-09-cam0_w0030,urfd_fall-09-cam0,fall,train,/Users/varunreddyseelam/Desktop/Gen_ai/final_pipeline/data/windows/train/fall/urfd_fall-09-cam0/urfd_fall-09-cam0_w0030.json
urfd_fall-09-cam0_w0010,urfd_fall-09-cam0,fall,train,/Users/varunreddyseelam/Desktop/Gen_ai/final_pipeline/data/windows/train/fall/urfd_fall-09-cam0/urfd_fall-09-cam0_w0010.json
urfd_fall-09-cam0_w0006,urfd_fall-09-cam0,fall,train,/Users/varunreddyseelam/Desktop/Gen_ai/final_pipeline/data/windows/train/fall/urfd_fall-09-cam0/urfd_fall-09-cam0_w0006.json
urfd_fall-09-cam0_w0007,urfd_fall-09-cam0,fall,train,/Users/varunreddyseelam/Desktop/Gen_ai/final_pipeline/data/windows/train/fall/urfd_fall-09-cam0/urfd_fall-09-cam0_w0007.json
urfd_fall-09-cam0_w0011,urfd_fall-09-cam0,fall,train,/Users/varunreddyseelam/Desktop/Gen_ai/final_pipeline/data/windows/train/fall/urfd_fall-09-cam0/urfd_fall-09-cam0_w0011.json
urfd_fall-09-cam0_w0031,urfd_fall-09-cam0,fall,train,/Users/varunreddyseelam/Desktop/Gen_ai/final_pipeline/data/windows/train/fall/urfd_fall-09-cam0/urfd_fall-09-cam0_w0031.json
urfd_fall-09-cam0_w0027,urfd_fall-09-cam0,fall,train,/Users/varunreddyseelam/Desktop/Gen_ai/final_pipeline/data/windows/train/fall/urfd_fall-09-cam0/urfd_fall-09-cam0_w0027.json
urfd_fall-09-cam0_w0008,urfd_fall-09-cam0,fall,train,/Users/varunreddyseelam/Desktop/Gen_ai/final_pipeline/data/windows/train/fall/urfd_fall-09-cam0/urfd_fall-09-cam0_w0008.json
urfd_fall-09-cam0_w0032,urfd_fall-09-cam0,fall,train,/Users/varunreddyseelam/Desktop/Gen_ai/final_pipeline/data/windows/train/fall/urfd_fall-09-cam0/urfd_fall-09-cam0_w0032.json
urfd_fall-09-cam0_w0024,urfd_fall-09-cam0,fall,train,/Users/varunreddyseelam/Desktop/Gen_ai/final_pipeline/data/windows/train/fall/urfd_fall-09-cam0/urfd_fall-09-cam0_w0024.json
urfd_fall-09-cam0_w0004,urfd_fall-09-cam0,fall,train,/Users/varunreddyseelam/Desktop/Gen_ai/final_pipeline/data/windows/train/fall/urfd_fall-09-cam0/urfd_fall-09-cam0_w0004.json
urfd_fall-09-cam0_w0012,urfd_fall-09-cam0,fall,train,/Users/varunreddyseelam/Desktop/Gen_ai/final_pipeline/data/windows/train/fall/urfd_fall-09-cam0/urfd_fall-09-cam0_w0012.json
urfd_fall-09-cam0_w0028,urfd_fall-09-cam0,fall,train,/Users/varunreddyseelam/Desktop/Gen_ai/final_pipeline/data/windows/train/fall/urfd_fall-09-cam0/urfd_fall-09-cam0_w0028.json
urfd_fall-09-cam0_w0029,urfd_fall-09-cam0,fall,train,/Users/varunreddyseelam/Desktop/Gen_ai/final_pipeline/data/windows/train/fall/urfd_fall-09-cam0/urfd_fall-09-cam0_w0029.json
urfd_fall-09-cam0_w0013,urfd_fall-09-cam0,fall,train,/Users/varunreddyseelam/Desktop/Gen_ai/final_pipeline/data/windows/train/fall/urfd_fall-09-cam0/urfd_fall-09-cam0_w0013.json
urfd_fall-09-cam0_w0005,urfd_fall-09-cam0,fall,train,/Users/varunreddyseelam/Desktop/Gen_ai/final_pipeline/data/windows/train/fall/urfd_fall-09-cam0/urfd_fall-09-cam0_w0005.json
urfd_fall-09-cam0_w0025,urfd_fall-09-cam0,fall,train,/Users/varunreddyseelam/Desktop/Gen_ai/final_pipeline/data/windows/train/fall/urfd_fall-09-cam0/urfd_fall-09-cam0_w0025.json
urfd_fall-09-cam0_w0033,urfd_fall-09-cam0,fall,train,/Users/varunreddyseelam/Desktop/Gen_ai/final_pipeline/data/windows/train/fall/urfd_fall-09-cam0/urfd_fall-09-cam0_w0033.json
urfd_fall-09-cam0_w0009,urfd_fall-09-cam0,fall,train,/Users/varunreddyseelam/Desktop/Gen_ai/final_pipeline/data/windows/train/fall/urfd_fall-09-cam0/urfd_fall-09-cam0_w0009.json
urfd_fall-09-cam0_w0002,urfd_fall-09-cam0,fall,train,/Users/varunreddyseelam/Desktop/Gen_ai/final_pipeline/data/windows/train/fall/urfd_fall-09-cam0/urfd_fall-09-cam0_w0002.json
urfd_fall-09-cam0_w0014,urfd_fall-09-cam0,fall,train,/Users/varunreddyseelam/Desktop/Gen_ai/final_pipeline/data/windows/train/fall/urfd_fall-09-cam0/urfd_fall-09-cam0_w0014.json
urfd_fall-09-cam0_w0018,urfd_fall-09-cam0,fall,train,/Users/varunreddyseelam/Desktop/Gen_ai/final_pipeline/data/windows/train/fall/urfd_fall-09-cam0/urfd_fall-09-cam0_w0018.json
urfd_fall-09-cam0_w0034,urfd_fall-09-cam0,fall,train,/Users/varunreddyseelam/Desktop/Gen_ai/final_pipeline/data/windows/train/fall/urfd_fall-09-cam0/urfd_fall-09-cam0_w0034.json
urfd_fall-09-cam0_w0022,urfd_fall-09-cam0,fall,train,/Users/varunreddyseelam/Desktop/Gen_ai/final_pipeline/data/windows/train/fall/urfd_fall-09-cam0/urfd_fall-09-cam0_w0022.json
urfd_fall-09-cam0_w0023,urfd_fall-09-cam0,fall,train,/Users/varunreddyseelam/Desktop/Gen_ai/final_pipeline/data/windows/train/fall/urfd_fall-09-cam0/urfd_fall-09-cam0_w0023.json
urfd_fall-09-cam0_w0019,urfd_fall-09-cam0,fall,train,/Users/varunreddyseelam/Desktop/Gen_ai/final_pipeline/data/windows/train/fall/urfd_fall-09-cam0/urfd_fall-09-cam0_w0019.json
urfd_fall-09-cam0_w0015,urfd_fall-09-cam0,fall,train,/Users/varunreddyseelam/Desktop/Gen_ai/final_pipeline/data/windows/train/fall/urfd_fall-09-cam0/urfd_fall-09-cam0_w0015.json
urfd_fall-09-cam0_w0003,urfd_fall-09-cam0,fall,train,/Users/varunreddyseelam/Desktop/Gen_ai/final_pipeline/data/windows/train/fall/urfd_fall-09-cam0/urfd_fall-09-cam0_w0003.json
le2i_H01_video_17_fall_w0000,le2i_H01_video_17_fall,fall,train,/Users/varunreddyseelam/Desktop/Gen_ai/final_pipeline/data/windows/train/fall/le2i_H01_video_17_fall/le2i_H01_video_17_fall_w0000.json
le2i_CR01_video_15_fall_w0003,le2i_CR01_video_15_fall,fall,train,/Users/varunreddyseelam/Desktop/Gen_ai/final_pipeline/data/windows/train/fall/le2i_CR01_video_15_fall/le2i_CR01_video_15_fall_w0003.json
le2i_CR01_video_15_fall_w0002,le2i_CR01_video_15_fall,fall,train,/Users/varunreddyseelam/Desktop/Gen_ai/final_pipeline/data/windows/train/fall/le2i_CR01_video_15_fall/le2i_CR01_video_15_fall_w0002.json
le2i_CR01_video_15_fall_w0001,le2i_CR01_video_15_fall,fall,train,/Users/varunreddyseelam/Desktop/Gen_ai/final_pipeline/data/windows/train/fall/le2i_CR01_video_15_fall/le2i_CR01_video_15_fall_w0001.json
le2i_CR01_video_15_fall_w0000,le2i_CR01_video_15_fall,fall,train,/Users/varunreddyseelam/Desktop/Gen_ai/final_pipeline/data/windows/train/fall/le2i_CR01_video_15_fall/le2i_CR01_video_15_fall_w0000.json
gmncsa24_gmncsa_fall_054_w0021,gmncsa24_gmncsa_fall_054,fall,train,/Users/varunreddyseelam/Desktop/Gen_ai/final_pipeline/data/windows/train/fall/gmncsa24_gmncsa_fall_054/gmncsa24_gmncsa_fall_054_w0021.json
gmncsa24_gmncsa_fall_054_w0017,gmncsa24_gmncsa_fall_054,fall,train,/Users/varunreddyseelam/Desktop/Gen_ai/final_pipeline/data/windows/train/fall/gmncsa24_gmncsa_fall_054/gmncsa24_gmncsa_fall_054_w0017.json
gmncsa24_gmncsa_fall_054_w0001,gmncsa24_gmncsa_fall_054,fall,train,/Users/varunreddyseelam/Desktop/Gen_ai/final_pipeline/data/windows/train/fall/gmncsa24_gmncsa_fall_054/gmncsa24_gmncsa_fall_054_w0001.json
gmncsa24_gmncsa_fall_054_w0000,gmncsa24_gmncsa_fall_054,fall,train,/Users/varunreddyseelam/Desktop/Gen_ai/final_pipeline/data/windows/train/fall/gmncsa24_gmncsa_fall_054/gmncsa24_gmncsa_fall_054_w0000.json
gmncsa24_gmncsa_fall_054_w0016,gmncsa24_gmncsa_fall_054,fall,train,/Users/varunreddyseelam/Desktop/Gen_ai/final_pipeline/data/windows/train/fall/gmncsa24_gmncsa_fall_054/gmncsa24_gmncsa_fall_054_w0016.json
gmncsa24_gmncsa_fall_054_w0020,gmncsa24_gmncsa_fall_054,fall,train,/Users/varunreddyseelam/Desktop/Gen_ai/final_pipeline/data/windows/train/fall/gmncsa24_gmncsa_fall_054/gmncsa24_gmncsa_fall_054_w0020.json
gmncsa24_gmncsa_fall_054_w0011,gmncsa24_gmncsa_fall_054,fall,train,/Users/varunreddyseelam/Desktop/Gen_ai/final_pipeline/data/windows/train/fall/gmncsa24_gmncsa_fall_054/gmncsa24_gmncsa_fall_054_w0011.json
gmncsa24_gmncsa_fall_054_w0007,gmncsa24_gmncsa_fall_054,fall,train,/Users/varunreddyseelam/Desktop/Gen_ai/final_pipeline/data/windows/train/fall/gmncsa24_gmncsa_fall_054/gmncsa24_gmncsa_fall_054_w0007.json
gmncsa24_gmncsa_fall_054_w0026,gmncsa24_gmncsa_fall_054,fall,train,/Users/varunreddyseelam/Desktop/Gen_ai/final_pipeline/data/windows/train/fall/gmncsa24_gmncsa_fall_054/gmncsa24_gmncsa_fall_054_w0026.json
gmncsa24_gmncsa_fall_054_w0006,gmncsa24_gmncsa_fall_054,fall,train,/Users/varunreddyseelam/Desktop/Gen_ai/final_pipeline/data/windows/train/fall/gmncsa24_gmncsa_fall_054/gmncsa24_gmncsa_fall_054_w0006.json
gmncsa24_gmncsa_fall_054_w0010,gmncsa24_gmncsa_fall_054,fall,train,/Users/varunreddyseelam/Desktop/Gen_ai/final_pipeline/data/windows/train/fall/gmncsa24_gmncsa_fall_054/gmncsa24_gmncsa_fall_054_w0010.json
gmncsa24_gmncsa_fall_054_w0005,gmncsa24_gmncsa_fall_054,fall,train,/Users/varunreddyseelam/Desktop/Gen_ai/final_pipeline/data/windows/train/fall/gmncsa24_gmncsa_fall_054/gmncsa24_gmncsa_fall_054_w0005.json
gmncsa24_gmncsa_fall_054_w0013,gmncsa24_gmncsa_fall_054,fall,train,/Users/varunreddyseelam/Desktop/Gen_ai/final_pipeline/data/windows/train/fall/gmncsa24_gmncsa_fall_054/gmncsa24_gmncsa_fall_054_w0013.json
gmncsa24_gmncsa_fall_054_w0025,gmncsa24_gmncsa_fall_054,fall,train,/Users/varunreddyseelam/Desktop/Gen_ai/final_pipeline/data/windows/train/fall/gmncsa24_gmncsa_fall_054/gmncsa24_gmncsa_fall_054_w0025.json
gmncsa24_gmncsa_fall_054_w0009,gmncsa24_gmncsa_fall_054,fall,train,/Users/varunreddyseelam/Desktop/Gen_ai/final_pipeline/data/windows/train/fall/gmncsa24_gmncsa_fall_054/gmncsa24_gmncsa_fall_054_w0009.json
gmncsa24_gmncsa_fall_054_w0008,gmncsa24_gmncsa_fall_054,fall,train,/Users/varunreddyseelam/Desktop/Gen_ai/final_pipeline/data/windows/train/fall/gmncsa24_gmncsa_fall_054/gmncsa24_gmncsa_fall_054_w0008.json
gmncsa24_gmncsa_fall_054_w0024,gmncsa24_gmncsa_fall_054,fall,train,/Users/varunreddyseelam/Desktop/Gen_ai/final_pipeline/data/windows/train/fall/gmncsa24_gmncsa_fall_054/gmncsa24_gmncsa_fall_054_w0024.json
gmncsa24_gmncsa_fall_054_w0012,gmncsa24_gmncsa_fall_054,fall,train,/Users/varunreddyseelam/Desktop/Gen_ai/final_pipeline/data/windows/train/fall/gmncsa24_gmncsa_fall_054/gmncsa24_gmncsa_fall_054_w0012.json
gmncsa24_gmncsa_fall_054_w0004,gmncsa24_gmncsa_fall_054,fall,train,/Users/varunreddyseelam/Desktop/Gen_ai/final_pipeline/data/windows/train/fall/gmncsa24_gmncsa_fall_054/gmncsa24_gmncsa_fall_054_w0004.json
gmncsa24_gmncsa_fall_054_w0023,gmncsa24_gmncsa_fall_054,fall,train,/Users/varunreddyseelam/Desktop/Gen_ai/final_pipeline/data/windows/train/fall/gmncsa24_gmncsa_fall_054/gmncsa24_gmncsa_fall_054_w0023.json
gmncsa24_gmncsa_fall_054_w0019,gmncsa24_gmncsa_fall_054,fall,train,/Users/varunreddyseelam/Desktop/Gen_ai/final_pipeline/data/windows/train/fall/gmncsa24_gmncsa_fall_054/gmncsa24_gmncsa_fall_054_w0019.json
gmncsa24_gmncsa_fall_054_w0003,gmncsa24_gmncsa_fall_054,fall,train,/Users/varunreddyseelam/Desktop/Gen_ai/final_pipeline/data/windows/train/fall/gmncsa24_gmncsa_fall_054/gmncsa24_gmncsa_fall_054_w0003.json
gmncsa24_gmncsa_fall_054_w0015,gmncsa24_gmncsa_fall_054,fall,train,/Users/varunreddyseelam/Desktop/Gen_ai/final_pipeline/data/windows/train/fall/gmncsa24_gmncsa_fall_054/gmncsa24_gmncsa_fall_054_w0015.json
gmncsa24_gmncsa_fall_054_w0014,gmncsa24_gmncsa_fall_054,fall,train,/Users/varunreddyseelam/Desktop/Gen_ai/final_pipeline/data/windows/train/fall/gmncsa24_gmncsa_fall_054/gmncsa24_gmncsa_fall_054_w0014.json
gmncsa24_gmncsa_fall_054_w0002,gmncsa24_gmncsa_fall_054,fall,train,/Users/varunreddyseelam/Desktop/Gen_ai/final_pipeline/data/windows/train/fall/gmncsa24_gmncsa_fall_054/gmncsa24_gmncsa_fall_054_w0002.json
gmncsa24_gmncsa_fall_054_w0018,gmncsa24_gmncsa_fall_054,fall,train,/Users/varunreddyseelam/Desktop/Gen_ai/final_pipeline/data/windows/train/fall/gmncsa24_gmncsa_fall_054/gmncsa24_gmncsa_fall_054_w0018.json
gmncsa24_gmncsa_fall_054_w0022,gmncsa24_gmncsa_fall_054,fall,train,/Users/varunreddyseelam/Desktop/Gen_ai/final_pipeline/data/windows/train/fall/gmncsa24_gmncsa_fall_054/gmncsa24_gmncsa_fall_054_w0022.json
urfd_fall-25-cam0_w0001,urfd_fall-25-cam0,fall,train,/Users/varunreddyseelam/Desktop/Gen_ai/final_pipeline/data/windows/train/fall/urfd_fall-25-cam0/urfd_fall-25-cam0_w0001.json
urfd_fall-25-cam0_w0000,urfd_fall-25-cam0,fall,train,/Users/varunreddyseelam/Desktop/Gen_ai/final_pipeline/data/windows/train/fall/urfd_fall-25-cam0/urfd_fall-25-cam0_w0000.json
urfd_fall-25-cam0_w0007,urfd_fall-25-cam0,fall,train,/Users/varunreddyseelam/Desktop/Gen_ai/final_pipeline/data/windows/train/fall/urfd_fall-25-cam0/urfd_fall-25-cam0_w0007.json
urfd_fall-25-cam0_w0011,urfd_fall-25-cam0,fall,train,/Users/varunreddyseelam/Desktop/Gen_ai/final_pipeline/data/windows/train/fall/urfd_fall-25-cam0/urfd_fall-25-cam0_w0011.json
urfd_fall-25-cam0_w0010,urfd_fall-25-cam0,fall,train,/Users/varunreddyseelam/Desktop/Gen_ai/final_pipeline/data/windows/train/fall/urfd_fall-25-cam0/urfd_fall-25-cam0_w0010.json
urfd_fall-25-cam0_w0006,urfd_fall-25-cam0,fall,train,/Users/varunreddyseelam/Desktop/Gen_ai/final_pipeline/data/windows/train/fall/urfd_fall-25-cam0/urfd_fall-25-cam0_w0006.json
urfd_fall-25-cam0_w0013,urfd_fall-25-cam0,fall,train,/Users/varunreddyseelam/Desktop/Gen_ai/final_pipeline/data/windows/train/fall/urfd_fall-25-cam0/urfd_fall-25-cam0_w0013.json
urfd_fall-25-cam0_w0005,urfd_fall-25-cam0,fall,train,/Users/varunreddyseelam/Desktop/Gen_ai/final_pipeline/data/windows/train/fall/urfd_fall-25-cam0/urfd_fall-25-cam0_w0005.json
urfd_fall-25-cam0_w0009,urfd_fall-25-cam0,fall,train,/Users/varunreddyseelam/Desktop/Gen_ai/final_pipeline/data/windows/train/fall/urfd_fall-25-cam0/urfd_fall-25-cam0_w0009.json
urfd_fall-25-cam0_w0008,urfd_fall-25-cam0,fall,train,/Users/varunreddyseelam/Desktop/Gen_ai/final_pipeline/data/windows/train/fall/urfd_fall-25-cam0/urfd_fall-25-cam0_w0008.json
urfd_fall-25-cam0_w0004,urfd_fall-25-cam0,fall,train,/Users/varunreddyseelam/Desktop/Gen_ai/final_pipeline/data/windows/train/fall/urfd_fall-25-cam0/urfd_fall-25-cam0_w0004.json
urfd_fall-25-cam0_w0012,urfd_fall-25-cam0,fall,train,/Users/varunreddyseelam/Desktop/Gen_ai/final_pipeline/data/windows/train/fall/urfd_fall-25-cam0/urfd_fall-25-cam0_w0012.json
urfd_fall-25-cam0_w0003,urfd_fall-25-cam0,fall,train,/Users/varunreddyseelam/Desktop/Gen_ai/final_pipeline/data/windows/train/fall/urfd_fall-25-cam0/urfd_fall-25-cam0_w0003.json
urfd_fall-25-cam0_w0002,urfd_fall-25-cam0,fall,train,/Users/varunreddyseelam/Desktop/Gen_ai/final_pipeline/data/windows/train/fall/urfd_fall-25-cam0/urfd_fall-25-cam0_w0002.json
urfd_fall-25-cam0_w0014,urfd_fall-25-cam0,fall,train,/Users/varunreddyseelam/Desktop/Gen_ai/final_pipeline/data/windows/train/fall/urfd_fall-25-cam0/urfd_fall-25-cam0_w0014.json
gmncsa24_gmncsa_fall_053_w0010,gmncsa24_gmncsa_fall_053,fall,train,/Users/varunreddyseelam/Desktop/Gen_ai/final_pipeline/data/windows/train/fall/gmncsa24_gmncsa_fall_053/gmncsa24_gmncsa_fall_053_w0010.json
gmncsa24_gmncsa_fall_053_w0006,gmncsa24_gmncsa_fall_053,fall,train,/Users/varunreddyseelam/Desktop/Gen_ai/final_pipeline/data/windows/train/fall/gmncsa24_gmncsa_fall_053/gmncsa24_gmncsa_fall_053_w0006.json
gmncsa24_gmncsa_fall_053_w0026,gmncsa24_gmncsa_fall_053,fall,train,/Users/varunreddyseelam/Desktop/Gen_ai/final_pipeline/data/windows/train/fall/gmncsa24_gmncsa_fall_053/gmncsa24_gmncsa_fall_053_w0026.json
gmncsa24_gmncsa_fall_053_w0027,gmncsa24_gmncsa_fall_053,fall,train,/Users/varunreddyseelam/Desktop/Gen_ai/final_pipeline/data/windows/train/fall/gmncsa24_gmncsa_fall_053/gmncsa24_gmncsa_fall_053_w0027.json
gmncsa24_gmncsa_fall_053_w0007,gmncsa24_gmncsa_fall_053,fall,train,/Users/varunreddyseelam/Desktop/Gen_ai/final_pipeline/data/windows/train/fall/gmncsa24_gmncsa_fall_053/gmncsa24_gmncsa_fall_053_w0007.json
gmncsa24_gmncsa_fall_053_w0011,gmncsa24_gmncsa_fall_053,fall,train,/Users/varunreddyseelam/Desktop/Gen_ai/final_pipeline/data/windows/train/fall/gmncsa24_gmncsa_fall_053/gmncsa24_gmncsa_fall_053_w0011.json
gmncsa24_gmncsa_fall_053_w0020,gmncsa24_gmncsa_fall_053,fall,train,/Users/varunreddyseelam/Desktop/Gen_ai/final_pipeline/data/windows/train/fall/gmncsa24_gmncsa_fall_053/gmncsa24_gmncsa_fall_053_w0020.json
gmncsa24_gmncsa_fall_053_w0016,gmncsa24_gmncsa_fall_053,fall,train,/Users/varunreddyseelam/Desktop/Gen_ai/final_pipeline/data/windows/train/fall/gmncsa24_gmncsa_fall_053/gmncsa24_gmncsa_fall_053_w0016.json
gmncsa24_gmncsa_fall_053_w0000,gmncsa24_gmncsa_fall_053,fall,train,/Users/varunreddyseelam/Desktop/Gen_ai/final_pipeline/data/windows/train/fall/gmncsa24_gmncsa_fall_053/gmncsa24_gmncsa_fall_053_w0000.json
gmncsa24_gmncsa_fall_053_w0001,gmncsa24_gmncsa_fall_053,fall,train,/Users/varunreddyseelam/Desktop/Gen_ai/final_pipeline/data/windows/train/fall/gmncsa24_gmncsa_fall_053/gmncsa24_gmncsa_fall_053_w0001.json
gmncsa24_gmncsa_fall_053_w0017,gmncsa24_gmncsa_fall_053,fall,train,/Users/varunreddyseelam/Desktop/Gen_ai/final_pipeline/data/windows/train/fall/gmncsa24_gmncsa_fall_053/gmncsa24_gmncsa_fall_053_w0017.json
gmncsa24_gmncsa_fall_053_w0021,gmncsa24_gmncsa_fall_053,fall,train,/Users/varunreddyseelam/Desktop/Gen_ai/final_pipeline/data/windows/train/fall/gmncsa24_gmncsa_fall_053/gmncsa24_gmncsa_fall_053_w0021.json
gmncsa24_gmncsa_fall_053_w0022,gmncsa24_gmncsa_fall_053,fall,train,/Users/varunreddyseelam/Desktop/Gen_ai/final_pipeline/data/windows/train/fall/gmncsa24_gmncsa_fall_053/gmncsa24_gmncsa_fall_053_w0022.json
gmncsa24_gmncsa_fall_053_w0018,gmncsa24_gmncsa_fall_053,fall,train,/Users/varunreddyseelam/Desktop/Gen_ai/final_pipeline/data/windows/train/fall/gmncsa24_gmncsa_fall_053/gmncsa24_gmncsa_fall_053_w0018.json
gmncsa24_gmncsa_fall_053_w0002,gmncsa24_gmncsa_fall_053,fall,train,/Users/varunreddyseelam/Desktop/Gen_ai/final_pipeline/data/windows/train/fall/gmncsa24_gmncsa_fall_053/gmncsa24_gmncsa_fall_053_w0002.json
gmncsa24_gmncsa_fall_053_w0014,gmncsa24_gmncsa_fall_053,fall,train,/Users/varunreddyseelam/Desktop/Gen_ai/final_pipeline/data/windows/train/fall/gmncsa24_gmncsa_fall_053/gmncsa24_gmncsa_fall_053_w0014.json
gmncsa24_gmncsa_fall_053_w0015,gmncsa24_gmncsa_fall_053,fall,train,/Users/varunreddyseelam/Desktop/Gen_ai/final_pipeline/data/windows/train/fall/gmncsa24_gmncsa_fall_053/gmncsa24_gmncsa_fall_053_w0015.json
gmncsa24_gmncsa_fall_053_w0003,gmncsa24_gmncsa_fall_053,fall,train,/Users/varunreddyseelam/Desktop/Gen_ai/final_pipeline/data/windows/train/fall/gmncsa24_gmncsa_fall_053/gmncsa24_gmncsa_fall_053_w0003.json
gmncsa24_gmncsa_fall_053_w0019,gmncsa24_gmncsa_fall_053,fall,train,/Users/varunreddyseelam/Desktop/Gen_ai/final_pipeline/data/windows/train/fall/gmncsa24_gmncsa_fall_053/gmncsa24_gmncsa_fall_053_w0019.json
gmncsa24_gmncsa_fall_053_w0023,gmncsa24_gmncsa_fall_053,fall,train,/Users/varunreddyseelam/Desktop/Gen_ai/final_pipeline/data/windows/train/fall/gmncsa24_gmncsa_fall_053/gmncsa24_gmncsa_fall_053_w0023.json
gmncsa24_gmncsa_fall_053_w0028,gmncsa24_gmncsa_fall_053,fall,train,/Users/varunreddyseelam/Desktop/Gen_ai/final_pipeline/data/windows/train/fall/gmncsa24_gmncsa_fall_053/gmncsa24_gmncsa_fall_053_w0028.json
gmncsa24_gmncsa_fall_053_w0004,gmncsa24_gmncsa_fall_053,fall,train,/Users/varunreddyseelam/Desktop/Gen_ai/final_pipeline/data/windows/train/fall/gmncsa24_gmncsa_fall_053/gmncsa24_gmncsa_fall_053_w0004.json
gmncsa24_gmncsa_fall_053_w0012,gmncsa24_gmncsa_fall_053,fall,train,/Users/varunreddyseelam/Desktop/Gen_ai/final_pipeline/data/windows/train/fall/gmncsa24_gmncsa_fall_053/gmncsa24_gmncsa_fall_053_w0012.json
gmncsa24_gmncsa_fall_053_w0024,gmncsa24_gmncsa_fall_053,fall,train,/Users/varunreddyseelam/Desktop/Gen_ai/final_pipeline/data/windows/train/fall/gmncsa24_gmncsa_fall_053/gmncsa24_gmncsa_fall_053_w0024.json
gmncsa24_gmncsa_fall_053_w0008,gmncsa24_gmncsa_fall_053,fall,train,/Users/varunreddyseelam/Desktop/Gen_ai/final_pipeline/data/windows/train/fall/gmncsa24_gmncsa_fall_053/gmncsa24_gmncsa_fall_053_w0008.json
gmncsa24_gmncsa_fall_053_w0009,gmncsa24_gmncsa_fall_053,fall,train,/Users/varunreddyseelam/Desktop/Gen_ai/final_pipeline/data/windows/train/fall/gmncsa24_gmncsa_fall_053/gmncsa24_gmncsa_fall_053_w0009.json
gmncsa24_gmncsa_fall_053_w0025,gmncsa24_gmncsa_fall_053,fall,train,/Users/varunreddyseelam/Desktop/Gen_ai/final_pipeline/data/windows/train/fall/gmncsa24_gmncsa_fall_053/gmncsa24_gmncsa_fall_053_w0025.json
gmncsa24_gmncsa_fall_053_w0013,gmncsa24_gmncsa_fall_053,fall,train,/Users/varunreddyseelam/Desktop/Gen_ai/final_pipeline/data/windows/train/fall/gmncsa24_gmncsa_fall_053/gmncsa24_gmncsa_fall_053_w0013.json
gmncsa24_gmncsa_fall_053_w0005,gmncsa24_gmncsa_fall_053,fall,train,/Users/varunreddyseelam/Desktop/Gen_ai/final_pipeline/data/windows/train/fall/gmncsa24_gmncsa_fall_053/gmncsa24_gmncsa_fall_053_w0005.json
gmncsa24_gmncsa_fall_053_w0029,gmncsa24_gmncsa_fall_053,fall,train,/Users/varunreddyseelam/Desktop/Gen_ai/final_pipeline/data/windows/train/fall/gmncsa24_gmncsa_fall_053/gmncsa24_gmncsa_fall_053_w0029.json
le2i_CR01_video_42_fall_w0002,le2i_CR01_video_42_fall,fall,train,/Users/varunreddyseelam/Desktop/Gen_ai/final_pipeline/data/windows/train/fall/le2i_CR01_video_42_fall/le2i_CR01_video_42_fall_w0002.json
le2i_CR01_video_42_fall_w0001,le2i_CR01_video_42_fall,fall,train,/Users/varunreddyseelam/Desktop/Gen_ai/final_pipeline/data/windows/train/fall/le2i_CR01_video_42_fall/le2i_CR01_video_42_fall_w0001.json
le2i_CR01_video_42_fall_w0000,le2i_CR01_video_42_fall,fall,train,/Users/varunreddyseelam/Desktop/Gen_ai/final_pipeline/data/windows/train/fall/le2i_CR01_video_42_fall/le2i_CR01_video_42_fall_w0000.json
gmncsa24_gmncsa_fall_065_w0003,gmncsa24_gmncsa_fall_065,fall,train,/Users/varunreddyseelam/Desktop/Gen_ai/final_pipeline/data/windows/train/fall/gmncsa24_gmncsa_fall_065/gmncsa24_gmncsa_fall_065_w0003.json
gmncsa24_gmncsa_fall_065_w0015,gmncsa24_gmncsa_fall_065,fall,train,/Users/varunreddyseelam/Desktop/Gen_ai/final_pipeline/data/windows/train/fall/gmncsa24_gmncsa_fall_065/gmncsa24_gmncsa_fall_065_w0015.json
gmncsa24_gmncsa_fall_065_w0019,gmncsa24_gmncsa_fall_065,fall,train,/Users/varunreddyseelam/Desktop/Gen_ai/final_pipeline/data/windows/train/fall/gmncsa24_gmncsa_fall_065/gmncsa24_gmncsa_fall_065_w0019.json
gmncsa24_gmncsa_fall_065_w0023,gmncsa24_gmncsa_fall_065,fall,train,/Users/varunreddyseelam/Desktop/Gen_ai/final_pipeline/data/windows/train/fall/gmncsa24_gmncsa_fall_065/gmncsa24_gmncsa_fall_065_w0023.json
gmncsa24_gmncsa_fall_065_w0022,gmncsa24_gmncsa_fall_065,fall,train,/Users/varunreddyseelam/Desktop/Gen_ai/final_pipeline/data/windows/train/fall/gmncsa24_gmncsa_fall_065/gmncsa24_gmncsa_fall_065_w0022.json
gmncsa24_gmncsa_fall_065_w0018,gmncsa24_gmncsa_fall_065,fall,train,/Users/varunreddyseelam/Desktop/Gen_ai/final_pipeline/data/windows/train/fall/gmncsa24_gmncsa_fall_065/gmncsa24_gmncsa_fall_065_w0018.json
gmncsa24_gmncsa_fall_065_w0014,gmncsa24_gmncsa_fall_065,fall,train,/Users/varunreddyseelam/Desktop/Gen_ai/final_pipeline/data/windows/train/fall/gmncsa24_gmncsa_fall_065/gmncsa24_gmncsa_fall_065_w0014.json
gmncsa24_gmncsa_fall_065_w0002,gmncsa24_gmncsa_fall_065,fall,train,/Users/varunreddyseelam/Desktop/Gen_ai/final_pipeline/data/windows/train/fall/gmncsa24_gmncsa_fall_065/gmncsa24_gmncsa_fall_065_w0002.json
gmncsa24_gmncsa_fall_065_w0009,gmncsa24_gmncsa_fall_065,fall,train,/Users/varunreddyseelam/Desktop/Gen_ai/final_pipeline/data/windows/train/fall/gmncsa24_gmncsa_fall_065/gmncsa24_gmncsa_fall_065_w0009.json
gmncsa24_gmncsa_fall_065_w0005,gmncsa24_gmncsa_fall_065,fall,train,/Users/varunreddyseelam/Desktop/Gen_ai/final_pipeline/data/windows/train/fall/gmncsa24_gmncsa_fall_065/gmncsa24_gmncsa_fall_065_w0005.json
gmncsa24_gmncsa_fall_065_w0013,gmncsa24_gmncsa_fall_065,fall,train,/Users/varunreddyseelam/Desktop/Gen_ai/final_pipeline/data/windows/train/fall/gmncsa24_gmncsa_fall_065/gmncsa24_gmncsa_fall_065_w0013.json
gmncsa24_gmncsa_fall_065_w0012,gmncsa24_gmncsa_fall_065,fall,train,/Users/varunreddyseelam/Desktop/Gen_ai/final_pipeline/data/windows/train/fall/gmncsa24_gmncsa_fall_065/gmncsa24_gmncsa_fall_065_w0012.json
gmncsa24_gmncsa_fall_065_w0004,gmncsa24_gmncsa_fall_065,fall,train,/Users/varunreddyseelam/Desktop/Gen_ai/final_pipeline/data/windows/train/fall/gmncsa24_gmncsa_fall_065/gmncsa24_gmncsa_fall_065_w0004.json
gmncsa24_gmncsa_fall_065_w0008,gmncsa24_gmncsa_fall_065,fall,train,/Users/varunreddyseelam/Desktop/Gen_ai/final_pipeline/data/windows/train/fall/gmncsa24_gmncsa_fall_065/gmncsa24_gmncsa_fall_065_w0008.json
gmncsa24_gmncsa_fall_065_w0011,gmncsa24_gmncsa_fall_065,fall,train,/Users/varunreddyseelam/Desktop/Gen_ai/final_pipeline/data/windows/train/fall/gmncsa24_gmncsa_fall_065/gmncsa24_gmncsa_fall_065_w0011.json
gmncsa24_gmncsa_fall_065_w0007,gmncsa24_gmncsa_fall_065,fall,train,/Users/varunreddyseelam/Desktop/Gen_ai/final_pipeline/data/windows/train/fall/gmncsa24_gmncsa_fall_065/gmncsa24_gmncsa_fall_065_w0007.json
gmncsa24_gmncsa_fall_065_w0006,gmncsa24_gmncsa_fall_065,fall,train,/Users/varunreddyseelam/Desktop/Gen_ai/final_pipeline/data/windows/train/fall/gmncsa24_gmncsa_fall_065/gmncsa24_gmncsa_fall_065_w0006.json
gmncsa24_gmncsa_fall_065_w0010,gmncsa24_gmncsa_fall_065,fall,train,/Users/varunreddyseelam/Desktop/Gen_ai/final_pipeline/data/windows/train/fall/gmncsa24_gmncsa_fall_065/gmncsa24_gmncsa_fall_065_w0010.json
gmncsa24_gmncsa_fall_065_w0017,gmncsa24_gmncsa_fall_065,fall,train,/Users/varunreddyseelam/Desktop/Gen_ai/final_pipeline/data/windows/train/fall/gmncsa24_gmncsa_fall_065/gmncsa24_gmncsa_fall_065_w0017.json
gmncsa24_gmncsa_fall_065_w0001,gmncsa24_gmncsa_fall_065,fall,train,/Users/varunreddyseelam/Desktop/Gen_ai/final_pipeline/data/windows/train/fall/gmncsa24_gmncsa_fall_065/gmncsa24_gmncsa_fall_065_w0001.json
gmncsa24_gmncsa_fall_065_w0021,gmncsa24_gmncsa_fall_065,fall,train,/Users/varunreddyseelam/Desktop/Gen_ai/final_pipeline/data/windows/train/fall/gmncsa24_gmncsa_fall_065/gmncsa24_gmncsa_fall_065_w0021.json
gmncsa24_gmncsa_fall_065_w0020,gmncsa24_gmncsa_fall_065,fall,train,/Users/varunreddyseelam/Desktop/Gen_ai/final_pipeline/data/windows/train/fall/gmncsa24_gmncsa_fall_065/gmncsa24_gmncsa_fall_065_w0020.json
gmncsa24_gmncsa_fall_065_w0000,gmncsa24_gmncsa_fall_065,fall,train,/Users/varunreddyseelam/Desktop/Gen_ai/final_pipeline/data/windows/train/fall/gmncsa24_gmncsa_fall_065/gmncsa24_gmncsa_fall_065_w0000.json
gmncsa24_gmncsa_fall_065_w0016,gmncsa24_gmncsa_fall_065,fall,train,/Users/varunreddyseelam/Desktop/Gen_ai/final_pipeline/data/windows/train/fall/gmncsa24_gmncsa_fall_065/gmncsa24_gmncsa_fall_065_w0016.json
gmncsa24_gmncsa_fall_062_w0008,gmncsa24_gmncsa_fall_062,fall,train,/Users/varunreddyseelam/Desktop/Gen_ai/final_pipeline/data/windows/train/fall/gmncsa24_gmncsa_fall_062/gmncsa24_gmncsa_fall_062_w0008.json
gmncsa24_gmncsa_fall_062_w0032,gmncsa24_gmncsa_fall_062,fall,train,/Users/varunreddyseelam/Desktop/Gen_ai/final_pipeline/data/windows/train/fall/gmncsa24_gmncsa_fall_062/gmncsa24_gmncsa_fall_062_w0032.json
gmncsa24_gmncsa_fall_062_w0024,gmncsa24_gmncsa_fall_062,fall,train,/Users/varunreddyseelam/Desktop/Gen_ai/final_pipeline/data/windows/train/fall/gmncsa24_gmncsa_fall_062/gmncsa24_gmncsa_fall_062_w0024.json
gmncsa24_gmncsa_fall_062_w0004,gmncsa24_gmncsa_fall_062,fall,train,/Users/varunreddyseelam/Desktop/Gen_ai/final_pipeline/data/windows/train/fall/gmncsa24_gmncsa_fall_062/gmncsa24_gmncsa_fall_062_w0004.json
gmncsa24_gmncsa_fall_062_w0012,gmncsa24_gmncsa_fall_062,fall,train,/Users/varunreddyseelam/Desktop/Gen_ai/final_pipeline/data/windows/train/fall/gmncsa24_gmncsa_fall_062/gmncsa24_gmncsa_fall_062_w0012.json
gmncsa24_gmncsa_fall_062_w0028,gmncsa24_gmncsa_fall_062,fall,train,/Users/varunreddyseelam/Desktop/Gen_ai/final_pipeline/data/windows/train/fall/gmncsa24_gmncsa_fall_062/gmncsa24_gmncsa_fall_062_w0028.json
gmncsa24_gmncsa_fall_062_w0029,gmncsa24_gmncsa_fall_062,fall,train,/Users/varunreddyseelam/Desktop/Gen_ai/final_pipeline/data/windows/train/fall/gmncsa24_gmncsa_fall_062/gmncsa24_gmncsa_fall_062_w0029.json
gmncsa24_gmncsa_fall_062_w0013,gmncsa24_gmncsa_fall_062,fall,train,/Users/varunreddyseelam/Desktop/Gen_ai/final_pipeline/data/windows/train/fall/gmncsa24_gmncsa_fall_062/gmncsa24_gmncsa_fall_062_w0013.json
gmncsa24_gmncsa_fall_062_w0005,gmncsa24_gmncsa_fall_062,fall,train,/Users/varunreddyseelam/Desktop/Gen_ai/final_pipeline/data/windows/train/fall/gmncsa24_gmncsa_fall_062/gmncsa24_gmncsa_fall_062_w0005.json
gmncsa24_gmncsa_fall_062_w0025,gmncsa24_gmncsa_fall_062,fall,train,/Users/varunreddyseelam/Desktop/Gen_ai/final_pipeline/data/windows/train/fall/gmncsa24_gmncsa_fall_062/gmncsa24_gmncsa_fall_062_w0025.json
gmncsa24_gmncsa_fall_062_w0033,gmncsa24_gmncsa_fall_062,fall,train,/Users/varunreddyseelam/Desktop/Gen_ai/final_pipeline/data/windows/train/fall/gmncsa24_gmncsa_fall_062/gmncsa24_gmncsa_fall_062_w0033.json
gmncsa24_gmncsa_fall_062_w0009,gmncsa24_gmncsa_fall_062,fall,train,/Users/varunreddyseelam/Desktop/Gen_ai/final_pipeline/data/windows/train/fall/gmncsa24_gmncsa_fall_062/gmncsa24_gmncsa_fall_062_w0009.json
gmncsa24_gmncsa_fall_062_w0002,gmncsa24_gmncsa_fall_062,fall,train,/Users/varunreddyseelam/Desktop/Gen_ai/final_pipeline/data/windows/train/fall/gmncsa24_gmncsa_fall_062/gmncsa24_gmncsa_fall_062_w0002.json
gmncsa24_gmncsa_fall_062_w0014,gmncsa24_gmncsa_fall_062,fall,train,/Users/varunreddyseelam/Desktop/Gen_ai/final_pipeline/data/windows/train/fall/gmncsa24_gmncsa_fall_062/gmncsa24_gmncsa_fall_062_w0014.json
gmncsa24_gmncsa_fall_062_w0018,gmncsa24_gmncsa_fall_062,fall,train,/Users/varunreddyseelam/Desktop/Gen_ai/final_pipeline/data/windows/train/fall/gmncsa24_gmncsa_fall_062/gmncsa24_gmncsa_fall_062_w0018.json
gmncsa24_gmncsa_fall_062_w0034,gmncsa24_gmncsa_fall_062,fall,train,/Users/varunreddyseelam/Desktop/Gen_ai/final_pipeline/data/windows/train/fall/gmncsa24_gmncsa_fall_062/gmncsa24_gmncsa_fall_062_w0034.json
gmncsa24_gmncsa_fall_062_w0022,gmncsa24_gmncsa_fall_062,fall,train,/Users/varunreddyseelam/Desktop/Gen_ai/final_pipeline/data/windows/train/fall/gmncsa24_gmncsa_fall_062/gmncsa24_gmncsa_fall_062_w0022.json
gmncsa24_gmncsa_fall_062_w0023,gmncsa24_gmncsa_fall_062,fall,train,/Users/varunreddyseelam/Desktop/Gen_ai/final_pipeline/data/windows/train/fall/gmncsa24_gmncsa_fall_062/gmncsa24_gmncsa_fall_062_w0023.json
gmncsa24_gmncsa_fall_062_w0035,gmncsa24_gmncsa_fall_062,fall,train,/Users/varunreddyseelam/Desktop/Gen_ai/final_pipeline/data/windows/train/fall/gmncsa24_gmncsa_fall_062/gmncsa24_gmncsa_fall_062_w0035.json
gmncsa24_gmncsa_fall_062_w0019,gmncsa24_gmncsa_fall_062,fall,train,/Users/varunreddyseelam/Desktop/Gen_ai/final_pipeline/data/windows/train/fall/gmncsa24_gmncsa_fall_062/gmncsa24_gmncsa_fall_062_w0019.json
gmncsa24_gmncsa_fall_062_w0015,gmncsa24_gmncsa_fall_062,fall,train,/Users/varunreddyseelam/Desktop/Gen_ai/final_pipeline/data/windows/train/fall/gmncsa24_gmncsa_fall_062/gmncsa24_gmncsa_fall_062_w0015.json
gmncsa24_gmncsa_fall_062_w0003,gmncsa24_gmncsa_fall_062,fall,train,/Users/varunreddyseelam/Desktop/Gen_ai/final_pipeline/data/windows/train/fall/gmncsa24_gmncsa_fall_062/gmncsa24_gmncsa_fall_062_w0003.json
gmncsa24_gmncsa_fall_062_w0016,gmncsa24_gmncsa_fall_062,fall,train,/Users/varunreddyseelam/Desktop/Gen_ai/final_pipeline/data/windows/train/fall/gmncsa24_gmncsa_fall_062/gmncsa24_gmncsa_fall_062_w0016.json
gmncsa24_gmncsa_fall_062_w0000,gmncsa24_gmncsa_fall_062,fall,train,/Users/varunreddyseelam/Desktop/Gen_ai/final_pipeline/data/windows/train/fall/gmncsa24_gmncsa_fall_062/gmncsa24_gmncsa_fall_062_w0000.json
gmncsa24_gmncsa_fall_062_w0020,gmncsa24_gmncsa_fall_062,fall,train,/Users/varunreddyseelam/Desktop/Gen_ai/final_pipeline/data/windows/train/fall/gmncsa24_gmncsa_fall_062/gmncsa24_gmncsa_fall_062_w0020.json
gmncsa24_gmncsa_fall_062_w0021,gmncsa24_gmncsa_fall_062,fall,train,/Users/varunreddyseelam/Desktop/Gen_ai/final_pipeline/data/windows/train/fall/gmncsa24_gmncsa_fall_062/gmncsa24_gmncsa_fall_062_w0021.json
gmncsa24_gmncsa_fall_062_w0001,gmncsa24_gmncsa_fall_062,fall,train,/Users/varunreddyseelam/Desktop/Gen_ai/final_pipeline/data/windows/train/fall/gmncsa24_gmncsa_fall_062/gmncsa24_gmncsa_fall_062_w0001.json
gmncsa24_gmncsa_fall_062_w0017,gmncsa24_gmncsa_fall_062,fall,train,/Users/varunreddyseelam/Desktop/Gen_ai/final_pipeline/data/windows/train/fall/gmncsa24_gmncsa_fall_062/gmncsa24_gmncsa_fall_062_w0017.json
gmncsa24_gmncsa_fall_062_w0026,gmncsa24_gmncsa_fall_062,fall,train,/Users/varunreddyseelam/Desktop/Gen_ai/final_pipeline/data/windows/train/fall/gmncsa24_gmncsa_fall_062/gmncsa24_gmncsa_fall_062_w0026.json
gmncsa24_gmncsa_fall_062_w0030,gmncsa24_gmncsa_fall_062,fall,train,/Users/varunreddyseelam/Desktop/Gen_ai/final_pipeline/data/windows/train/fall/gmncsa24_gmncsa_fall_062/gmncsa24_gmncsa_fall_062_w0030.json
gmncsa24_gmncsa_fall_062_w0010,gmncsa24_gmncsa_fall_062,fall,train,/Users/varunreddyseelam/Desktop/Gen_ai/final_pipeline/data/windows/train/fall/gmncsa24_gmncsa_fall_062/gmncsa24_gmncsa_fall_062_w0010.json
gmncsa24_gmncsa_fall_062_w0006,gmncsa24_gmncsa_fall_062,fall,train,/Users/varunreddyseelam/Desktop/Gen_ai/final_pipeline/data/windows/train/fall/gmncsa24_gmncsa_fall_062/gmncsa24_gmncsa_fall_062_w0006.json
gmncsa24_gmncsa_fall_062_w0007,gmncsa24_gmncsa_fall_062,fall,train,/Users/varunreddyseelam/Desktop/Gen_ai/final_pipeline/data/windows/train/fall/gmncsa24_gmncsa_fall_062/gmncsa24_gmncsa_fall_062_w0007.json
gmncsa24_gmncsa_fall_062_w0011,gmncsa24_gmncsa_fall_062,fall,train,/Users/varunreddyseelam/Desktop/Gen_ai/final_pipeline/data/windows/train/fall/gmncsa24_gmncsa_fall_062/gmncsa24_gmncsa_fall_062_w0011.json
gmncsa24_gmncsa_fall_062_w0031,gmncsa24_gmncsa_fall_062,fall,train,/Users/varunreddyseelam/Desktop/Gen_ai/final_pipeline/data/windows/train/fall/gmncsa24_gmncsa_fall_062/gmncsa24_gmncsa_fall_062_w0031.json
gmncsa24_gmncsa_fall_062_w0027,gmncsa24_gmncsa_fall_062,fall,train,/Users/varunreddyseelam/Desktop/Gen_ai/final_pipeline/data/windows/train/fall/gmncsa24_gmncsa_fall_062/gmncsa24_gmncsa_fall_062_w0027.json
gmncsa24_gmncsa_fall_001_w0021,gmncsa24_gmncsa_fall_001,fall,train,/Users/varunreddyseelam/Desktop/Gen_ai/final_pipeline/data/windows/train/fall/gmncsa24_gmncsa_fall_001/gmncsa24_gmncsa_fall_001_w0021.json
gmncsa24_gmncsa_fall_001_w0017,gmncsa24_gmncsa_fall_001,fall,train,/Users/varunreddyseelam/Desktop/Gen_ai/final_pipeline/data/windows/train/fall/gmncsa24_gmncsa_fall_001/gmncsa24_gmncsa_fall_001_w0017.json
gmncsa24_gmncsa_fall_001_w0001,gmncsa24_gmncsa_fall_001,fall,train,/Users/varunreddyseelam/Desktop/Gen_ai/final_pipeline/data/windows/train/fall/gmncsa24_gmncsa_fall_001/gmncsa24_gmncsa_fall_001_w0001.json
gmncsa24_gmncsa_fall_001_w0000,gmncsa24_gmncsa_fall_001,fall,train,/Users/varunreddyseelam/Desktop/Gen_ai/final_pipeline/data/windows/train/fall/gmncsa24_gmncsa_fall_001/gmncsa24_gmncsa_fall_001_w0000.json
gmncsa24_gmncsa_fall_001_w0016,gmncsa24_gmncsa_fall_001,fall,train,/Users/varunreddyseelam/Desktop/Gen_ai/final_pipeline/data/windows/train/fall/gmncsa24_gmncsa_fall_001/gmncsa24_gmncsa_fall_001_w0016.json
gmncsa24_gmncsa_fall_001_w0020,gmncsa24_gmncsa_fall_001,fall,train,/Users/varunreddyseelam/Desktop/Gen_ai/final_pipeline/data/windows/train/fall/gmncsa24_gmncsa_fall_001/gmncsa24_gmncsa_fall_001_w0020.json
gmncsa24_gmncsa_fall_001_w0011,gmncsa24_gmncsa_fall_001,fall,train,/Users/varunreddyseelam/Desktop/Gen_ai/final_pipeline/data/windows/train/fall/gmncsa24_gmncsa_fall_001/gmncsa24_gmncsa_fall_001_w0011.json
gmncsa24_gmncsa_fall_001_w0007,gmncsa24_gmncsa_fall_001,fall,train,/Users/varunreddyseelam/Desktop/Gen_ai/final_pipeline/data/windows/train/fall/gmncsa24_gmncsa_fall_001/gmncsa24_gmncsa_fall_001_w0007.json
gmncsa24_gmncsa_fall_001_w0027,gmncsa24_gmncsa_fall_001,fall,train,/Users/varunreddyseelam/Desktop/Gen_ai/final_pipeline/data/windows/train/fall/gmncsa24_gmncsa_fall_001/gmncsa24_gmncsa_fall_001_w0027.json
gmncsa24_gmncsa_fall_001_w0026,gmncsa24_gmncsa_fall_001,fall,train,/Users/varunreddyseelam/Desktop/Gen_ai/final_pipeline/data/windows/train/fall/gmncsa24_gmncsa_fall_001/gmncsa24_gmncsa_fall_001_w0026.json
gmncsa24_gmncsa_fall_001_w0006,gmncsa24_gmncsa_fall_001,fall,train,/Users/varunreddyseelam/Desktop/Gen_ai/final_pipeline/data/windows/train/fall/gmncsa24_gmncsa_fall_001/gmncsa24_gmncsa_fall_001_w0006.json
gmncsa24_gmncsa_fall_001_w0010,gmncsa24_gmncsa_fall_001,fall,train,/Users/varunreddyseelam/Desktop/Gen_ai/final_pipeline/data/windows/train/fall/gmncsa24_gmncsa_fall_001/gmncsa24_gmncsa_fall_001_w0010.json
gmncsa24_gmncsa_fall_001_w0005,gmncsa24_gmncsa_fall_001,fall,train,/Users/varunreddyseelam/Desktop/Gen_ai/final_pipeline/data/windows/train/fall/gmncsa24_gmncsa_fall_001/gmncsa24_gmncsa_fall_001_w0005.json
gmncsa24_gmncsa_fall_001_w0013,gmncsa24_gmncsa_fall_001,fall,train,/Users/varunreddyseelam/Desktop/Gen_ai/final_pipeline/data/windows/train/fall/gmncsa24_gmncsa_fall_001/gmncsa24_gmncsa_fall_001_w0013.json
gmncsa24_gmncsa_fall_001_w0025,gmncsa24_gmncsa_fall_001,fall,train,/Users/varunreddyseelam/Desktop/Gen_ai/final_pipeline/data/windows/train/fall/gmncsa24_gmncsa_fall_001/gmncsa24_gmncsa_fall_001_w0025.json
gmncsa24_gmncsa_fall_001_w0009,gmncsa24_gmncsa_fall_001,fall,train,/Users/varunreddyseelam/Desktop/Gen_ai/final_pipeline/data/windows/train/fall/gmncsa24_gmncsa_fall_001/gmncsa24_gmncsa_fall_001_w0009.json
gmncsa24_gmncsa_fall_001_w0008,gmncsa24_gmncsa_fall_001,fall,train,/Users/varunreddyseelam/Desktop/Gen_ai/final_pipeline/data/windows/train/fall/gmncsa24_gmncsa_fall_001/gmncsa24_gmncsa_fall_001_w0008.json
gmncsa24_gmncsa_fall_001_w0024,gmncsa24_gmncsa_fall_001,fall,train,/Users/varunreddyseelam/Desktop/Gen_ai/final_pipeline/data/windows/train/fall/gmncsa24_gmncsa_fall_001/gmncsa24_gmncsa_fall_001_w0024.json
gmncsa24_gmncsa_fall_001_w0012,gmncsa24_gmncsa_fall_001,fall,train,/Users/varunreddyseelam/Desktop/Gen_ai/final_pipeline/data/windows/train/fall/gmncsa24_gmncsa_fall_001/gmncsa24_gmncsa_fall_001_w0012.json
gmncsa24_gmncsa_fall_001_w0004,gmncsa24_gmncsa_fall_001,fall,train,/Users/varunreddyseelam/Desktop/Gen_ai/final_pipeline/data/windows/train/fall/gmncsa24_gmncsa_fall_001/gmncsa24_gmncsa_fall_001_w0004.json
gmncsa24_gmncsa_fall_001_w0028,gmncsa24_gmncsa_fall_001,fall,train,/Users/varunreddyseelam/Desktop/Gen_ai/final_pipeline/data/windows/train/fall/gmncsa24_gmncsa_fall_001/gmncsa24_gmncsa_fall_001_w0028.json
gmncsa24_gmncsa_fall_001_w0023,gmncsa24_gmncsa_fall_001,fall,train,/Users/varunreddyseelam/Desktop/Gen_ai/final_pipeline/data/windows/train/fall/gmncsa24_gmncsa_fall_001/gmncsa24_gmncsa_fall_001_w0023.json
gmncsa24_gmncsa_fall_001_w0019,gmncsa24_gmncsa_fall_001,fall,train,/Users/varunreddyseelam/Desktop/Gen_ai/final_pipeline/data/windows/train/fall/gmncsa24_gmncsa_fall_001/gmncsa24_gmncsa_fall_001_w0019.json
gmncsa24_gmncsa_fall_001_w0003,gmncsa24_gmncsa_fall_001,fall,train,/Users/varunreddyseelam/Desktop/Gen_ai/final_pipeline/data/windows/train/fall/gmncsa24_gmncsa_fall_001/gmncsa24_gmncsa_fall_001_w0003.json
gmncsa24_gmncsa_fall_001_w0015,gmncsa24_gmncsa_fall_001,fall,train,/Users/varunreddyseelam/Desktop/Gen_ai/final_pipeline/data/windows/train/fall/gmncsa24_gmncsa_fall_001/gmncsa24_gmncsa_fall_001_w0015.json
gmncsa24_gmncsa_fall_001_w0014,gmncsa24_gmncsa_fall_001,fall,train,/Users/varunreddyseelam/Desktop/Gen_ai/final_pipeline/data/windows/train/fall/gmncsa24_gmncsa_fall_001/gmncsa24_gmncsa_fall_001_w0014.json
gmncsa24_gmncsa_fall_001_w0002,gmncsa24_gmncsa_fall_001,fall,train,/Users/varunreddyseelam/Desktop/Gen_ai/final_pipeline/data/windows/train/fall/gmncsa24_gmncsa_fall_001/gmncsa24_gmncsa_fall_001_w0002.json
gmncsa24_gmncsa_fall_001_w0018,gmncsa24_gmncsa_fall_001,fall,train,/Users/varunreddyseelam/Desktop/Gen_ai/final_pipeline/data/windows/train/fall/gmncsa24_gmncsa_fall_001/gmncsa24_gmncsa_fall_001_w0018.json
gmncsa24_gmncsa_fall_001_w0022,gmncsa24_gmncsa_fall_001,fall,train,/Users/varunreddyseelam/Desktop/Gen_ai/final_pipeline/data/windows/train/fall/gmncsa24_gmncsa_fall_001/gmncsa24_gmncsa_fall_001_w0022.json
le2i_CR02_video_59_fall_w0002,le2i_CR02_video_59_fall,fall,train,/Users/varunreddyseelam/Desktop/Gen_ai/final_pipeline/data/windows/train/fall/le2i_CR02_video_59_fall/le2i_CR02_video_59_fall_w0002.json
le2i_CR02_video_59_fall_w0000,le2i_CR02_video_59_fall,fall,train,/Users/varunreddyseelam/Desktop/Gen_ai/final_pipeline/data/windows/train/fall/le2i_CR02_video_59_fall/le2i_CR02_video_59_fall_w0000.json
le2i_CR02_video_59_fall_w0001,le2i_CR02_video_59_fall,fall,train,/Users/varunreddyseelam/Desktop/Gen_ai/final_pipeline/data/windows/train/fall/le2i_CR02_video_59_fall/le2i_CR02_video_59_fall_w0001.json
le2i_CR01_video_23_fall_w0001,le2i_CR01_video_23_fall,fall,train,/Users/varunreddyseelam/Desktop/Gen_ai/final_pipeline/data/windows/train/fall/le2i_CR01_video_23_fall/le2i_CR01_video_23_fall_w0001.json
le2i_CR01_video_23_fall_w0000,le2i_CR01_video_23_fall,fall,train,/Users/varunreddyseelam/Desktop/Gen_ai/final_pipeline/data/windows/train/fall/le2i_CR01_video_23_fall/le2i_CR01_video_23_fall_w0000.json
le2i_CR01_video_23_fall_w0003,le2i_CR01_video_23_fall,fall,train,/Users/varunreddyseelam/Desktop/Gen_ai/final_pipeline/data/windows/train/fall/le2i_CR01_video_23_fall/le2i_CR01_video_23_fall_w0003.json
le2i_CR01_video_23_fall_w0002,le2i_CR01_video_23_fall,fall,train,/Users/varunreddyseelam/Desktop/Gen_ai/final_pipeline/data/windows/train/fall/le2i_CR01_video_23_fall/le2i_CR01_video_23_fall_w0002.json
le2i_CR01_video_23_fall_w0005,le2i_CR01_video_23_fall,fall,train,/Users/varunreddyseelam/Desktop/Gen_ai/final_pipeline/data/windows/train/fall/le2i_CR01_video_23_fall/le2i_CR01_video_23_fall_w0005.json
le2i_CR01_video_23_fall_w0004,le2i_CR01_video_23_fall,fall,train,/Users/varunreddyseelam/Desktop/Gen_ai/final_pipeline/data/windows/train/fall/le2i_CR01_video_23_fall/le2i_CR01_video_23_fall_w0004.json
gmncsa24_gmncsa_fall_039_w0031,gmncsa24_gmncsa_fall_039,fall,train,/Users/varunreddyseelam/Desktop/Gen_ai/final_pipeline/data/windows/train/fall/gmncsa24_gmncsa_fall_039/gmncsa24_gmncsa_fall_039_w0031.json
gmncsa24_gmncsa_fall_039_w0027,gmncsa24_gmncsa_fall_039,fall,train,/Users/varunreddyseelam/Desktop/Gen_ai/final_pipeline/data/windows/train/fall/gmncsa24_gmncsa_fall_039/gmncsa24_gmncsa_fall_039_w0027.json
gmncsa24_gmncsa_fall_039_w0007,gmncsa24_gmncsa_fall_039,fall,train,/Users/varunreddyseelam/Desktop/Gen_ai/final_pipeline/data/windows/train/fall/gmncsa24_gmncsa_fall_039/gmncsa24_gmncsa_fall_039_w0007.json
gmncsa24_gmncsa_fall_039_w0050,gmncsa24_gmncsa_fall_039,fall,train,/Users/varunreddyseelam/Desktop/Gen_ai/final_pipeline/data/windows/train/fall/gmncsa24_gmncsa_fall_039/gmncsa24_gmncsa_fall_039_w0050.json
gmncsa24_gmncsa_fall_039_w0046,gmncsa24_gmncsa_fall_039,fall,train,/Users/varunreddyseelam/Desktop/Gen_ai/final_pipeline/data/windows/train/fall/gmncsa24_gmncsa_fall_039/gmncsa24_gmncsa_fall_039_w0046.json
gmncsa24_gmncsa_fall_039_w0011,gmncsa24_gmncsa_fall_039,fall,train,/Users/varunreddyseelam/Desktop/Gen_ai/final_pipeline/data/windows/train/fall/gmncsa24_gmncsa_fall_039/gmncsa24_gmncsa_fall_039_w0011.json
gmncsa24_gmncsa_fall_039_w0010,gmncsa24_gmncsa_fall_039,fall,train,/Users/varunreddyseelam/Desktop/Gen_ai/final_pipeline/data/windows/train/fall/gmncsa24_gmncsa_fall_039/gmncsa24_gmncsa_fall_039_w0010.json
gmncsa24_gmncsa_fall_039_w0047,gmncsa24_gmncsa_fall_039,fall,train,/Users/varunreddyseelam/Desktop/Gen_ai/final_pipeline/data/windows/train/fall/gmncsa24_gmncsa_fall_039/gmncsa24_gmncsa_fall_039_w0047.json
gmncsa24_gmncsa_fall_039_w0051,gmncsa24_gmncsa_fall_039,fall,train,/Users/varunreddyseelam/Desktop/Gen_ai/final_pipeline/data/windows/train/fall/gmncsa24_gmncsa_fall_039/gmncsa24_gmncsa_fall_039_w0051.json
gmncsa24_gmncsa_fall_039_w0006,gmncsa24_gmncsa_fall_039,fall,train,/Users/varunreddyseelam/Desktop/Gen_ai/final_pipeline/data/windows/train/fall/gmncsa24_gmncsa_fall_039/gmncsa24_gmncsa_fall_039_w0006.json
gmncsa24_gmncsa_fall_039_w0026,gmncsa24_gmncsa_fall_039,fall,train,/Users/varunreddyseelam/Desktop/Gen_ai/final_pipeline/data/windows/train/fall/gmncsa24_gmncsa_fall_039/gmncsa24_gmncsa_fall_039_w0026.json
gmncsa24_gmncsa_fall_039_w0030,gmncsa24_gmncsa_fall_039,fall,train,/Users/varunreddyseelam/Desktop/Gen_ai/final_pipeline/data/windows/train/fall/gmncsa24_gmncsa_fall_039/gmncsa24_gmncsa_fall_039_w0030.json
gmncsa24_gmncsa_fall_039_w0001,gmncsa24_gmncsa_fall_039,fall,train,/Users/varunreddyseelam/Desktop/Gen_ai/final_pipeline/data/windows/train/fall/gmncsa24_gmncsa_fall_039/gmncsa24_gmncsa_fall_039_w0001.json
gmncsa24_gmncsa_fall_039_w0056,gmncsa24_gmncsa_fall_039,fall,train,/Users/varunreddyseelam/Desktop/Gen_ai/final_pipeline/data/windows/train/fall/gmncsa24_gmncsa_fall_039/gmncsa24_gmncsa_fall_039_w0056.json
gmncsa24_gmncsa_fall_039_w0040,gmncsa24_gmncsa_fall_039,fall,train,/Users/varunreddyseelam/Desktop/Gen_ai/final_pipeline/data/windows/train/fall/gmncsa24_gmncsa_fall_039/gmncsa24_gmncsa_fall_039_w0040.json
gmncsa24_gmncsa_fall_039_w0017,gmncsa24_gmncsa_fall_039,fall,train,/Users/varunreddyseelam/Desktop/Gen_ai/final_pipeline/data/windows/train/fall/gmncsa24_gmncsa_fall_039/gmncsa24_gmncsa_fall_039_w0017.json
gmncsa24_gmncsa_fall_039_w0037,gmncsa24_gmncsa_fall_039,fall,train,/Users/varunreddyseelam/Desktop/Gen_ai/final_pipeline/data/windows/train/fall/gmncsa24_gmncsa_fall_039/gmncsa24_gmncsa_fall_039_w0037.json
gmncsa24_gmncsa_fall_039_w0021,gmncsa24_gmncsa_fall_039,fall,train,/Users/varunreddyseelam/Desktop/Gen_ai/final_pipeline/data/windows/train/fall/gmncsa24_gmncsa_fall_039/gmncsa24_gmncsa_fall_039_w0021.json
gmncsa24_gmncsa_fall_039_w0020,gmncsa24_gmncsa_fall_039,fall,train,/Users/varunreddyseelam/Desktop/Gen_ai/final_pipeline/data/windows/train/fall/gmncsa24_gmncsa_fall_039/gmncsa24_gmncsa_fall_039_w0020.json
gmncsa24_gmncsa_fall_039_w0036,gmncsa24_gmncsa_fall_039,fall,train,/Users/varunreddyseelam/Desktop/Gen_ai/final_pipeline/data/windows/train/fall/gmncsa24_gmncsa_fall_039/gmncsa24_gmncsa_fall_039_w0036.json
gmncsa24_gmncsa_fall_039_w0016,gmncsa24_gmncsa_fall_039,fall,train,/Users/varunreddyseelam/Desktop/Gen_ai/final_pipeline/data/windows/train/fall/gmncsa24_gmncsa_fall_039/gmncsa24_gmncsa_fall_039_w0016.json
gmncsa24_gmncsa_fall_039_w0041,gmncsa24_gmncsa_fall_039,fall,train,/Users/varunreddyseelam/Desktop/Gen_ai/final_pipeline/data/windows/train/fall/gmncsa24_gmncsa_fall_039/gmncsa24_gmncsa_fall_039_w0041.json
gmncsa24_gmncsa_fall_039_w0057,gmncsa24_gmncsa_fall_039,fall,train,/Users/varunreddyseelam/Desktop/Gen_ai/final_pipeline/data/windows/train/fall/gmncsa24_gmncsa_fall_039/gmncsa24_gmncsa_fall_039_w0057.json
gmncsa24_gmncsa_fall_039_w0000,gmncsa24_gmncsa_fall_039,fall,train,/Users/varunreddyseelam/Desktop/Gen_ai/final_pipeline/data/windows/train/fall/gmncsa24_gmncsa_fall_039/gmncsa24_gmncsa_fall_039_w0000.json
gmncsa24_gmncsa_fall_039_w0015,gmncsa24_gmncsa_fall_039,fall,train,/Users/varunreddyseelam/Desktop/Gen_ai/final_pipeline/data/windows/train/fall/gmncsa24_gmncsa_fall_039/gmncsa24_gmncsa_fall_039_w0015.json
gmncsa24_gmncsa_fall_039_w0042,gmncsa24_gmncsa_fall_039,fall,train,/Users/varunreddyseelam/Desktop/Gen_ai/final_pipeline/data/windows/train/fall/gmncsa24_gmncsa_fall_039/gmncsa24_gmncsa_fall_039_w0042.json
gmncsa24_gmncsa_fall_039_w0054,gmncsa24_gmncsa_fall_039,fall,train,/Users/varunreddyseelam/Desktop/Gen_ai/final_pipeline/data/windows/train/fall/gmncsa24_gmncsa_fall_039/gmncsa24_gmncsa_fall_039_w0054.json
gmncsa24_gmncsa_fall_039_w0003,gmncsa24_gmncsa_fall_039,fall,train,/Users/varunreddyseelam/Desktop/Gen_ai/final_pipeline/data/windows/train/fall/gmncsa24_gmncsa_fall_039/gmncsa24_gmncsa_fall_039_w0003.json
gmncsa24_gmncsa_fall_039_w0039,gmncsa24_gmncsa_fall_039,fall,train,/Users/varunreddyseelam/Desktop/Gen_ai/final_pipeline/data/windows/train/fall/gmncsa24_gmncsa_fall_039/gmncsa24_gmncsa_fall_039_w0039.json
gmncsa24_gmncsa_fall_039_w0019,gmncsa24_gmncsa_fall_039,fall,train,/Users/varunreddyseelam/Desktop/Gen_ai/final_pipeline/data/windows/train/fall/gmncsa24_gmncsa_fall_039/gmncsa24_gmncsa_fall_039_w0019.json
gmncsa24_gmncsa_fall_039_w0023,gmncsa24_gmncsa_fall_039,fall,train,/Users/varunreddyseelam/Desktop/Gen_ai/final_pipeline/data/windows/train/fall/gmncsa24_gmncsa_fall_039/gmncsa24_gmncsa_fall_039_w0023.json
gmncsa24_gmncsa_fall_039_w0035,gmncsa24_gmncsa_fall_039,fall,train,/Users/varunreddyseelam/Desktop/Gen_ai/final_pipeline/data/windows/train/fall/gmncsa24_gmncsa_fall_039/gmncsa24_gmncsa_fall_039_w0035.json
gmncsa24_gmncsa_fall_039_w0034,gmncsa24_gmncsa_fall_039,fall,train,/Users/varunreddyseelam/Desktop/Gen_ai/final_pipeline/data/windows/train/fall/gmncsa24_gmncsa_fall_039/gmncsa24_gmncsa_fall_039_w0034.json
gmncsa24_gmncsa_fall_039_w0022,gmncsa24_gmncsa_fall_039,fall,train,/Users/varunreddyseelam/Desktop/Gen_ai/final_pipeline/data/windows/train/fall/gmncsa24_gmncsa_fall_039/gmncsa24_gmncsa_fall_039_w0022.json
gmncsa24_gmncsa_fall_039_w0018,gmncsa24_gmncsa_fall_039,fall,train,/Users/varunreddyseelam/Desktop/Gen_ai/final_pipeline/data/windows/train/fall/gmncsa24_gmncsa_fall_039/gmncsa24_gmncsa_fall_039_w0018.json
gmncsa24_gmncsa_fall_039_w0038,gmncsa24_gmncsa_fall_039,fall,train,/Users/varunreddyseelam/Desktop/Gen_ai/final_pipeline/data/windows/train/fall/gmncsa24_gmncsa_fall_039/gmncsa24_gmncsa_fall_039_w0038.json
gmncsa24_gmncsa_fall_039_w0002,gmncsa24_gmncsa_fall_039,fall,train,/Users/varunreddyseelam/Desktop/Gen_ai/final_pipeline/data/windows/train/fall/gmncsa24_gmncsa_fall_039/gmncsa24_gmncsa_fall_039_w0002.json
gmncsa24_gmncsa_fall_039_w0055,gmncsa24_gmncsa_fall_039,fall,train,/Users/varunreddyseelam/Desktop/Gen_ai/final_pipeline/data/windows/train/fall/gmncsa24_gmncsa_fall_039/gmncsa24_gmncsa_fall_039_w0055.json
gmncsa24_gmncsa_fall_039_w0043,gmncsa24_gmncsa_fall_039,fall,train,/Users/varunreddyseelam/Desktop/Gen_ai/final_pipeline/data/windows/train/fall/gmncsa24_gmncsa_fall_039/gmncsa24_gmncsa_fall_039_w0043.json
gmncsa24_gmncsa_fall_039_w0014,gmncsa24_gmncsa_fall_039,fall,train,/Users/varunreddyseelam/Desktop/Gen_ai/final_pipeline/data/windows/train/fall/gmncsa24_gmncsa_fall_039/gmncsa24_gmncsa_fall_039_w0014.json
gmncsa24_gmncsa_fall_039_w0048,gmncsa24_gmncsa_fall_039,fall,train,/Users/varunreddyseelam/Desktop/Gen_ai/final_pipeline/data/windows/train/fall/gmncsa24_gmncsa_fall_039/gmncsa24_gmncsa_fall_039_w0048.json
gmncsa24_gmncsa_fall_039_w0009,gmncsa24_gmncsa_fall_039,fall,train,/Users/varunreddyseelam/Desktop/Gen_ai/final_pipeline/data/windows/train/fall/gmncsa24_gmncsa_fall_039/gmncsa24_gmncsa_fall_039_w0009.json
gmncsa24_gmncsa_fall_039_w0025,gmncsa24_gmncsa_fall_039,fall,train,/Users/varunreddyseelam/Desktop/Gen_ai/final_pipeline/data/windows/train/fall/gmncsa24_gmncsa_fall_039/gmncsa24_gmncsa_fall_039_w0025.json
gmncsa24_gmncsa_fall_039_w0033,gmncsa24_gmncsa_fall_039,fall,train,/Users/varunreddyseelam/Desktop/Gen_ai/final_pipeline/data/windows/train/fall/gmncsa24_gmncsa_fall_039/gmncsa24_gmncsa_fall_039_w0033.json
gmncsa24_gmncsa_fall_039_w0013,gmncsa24_gmncsa_fall_039,fall,train,/Users/varunreddyseelam/Desktop/Gen_ai/final_pipeline/data/windows/train/fall/gmncsa24_gmncsa_fall_039/gmncsa24_gmncsa_fall_039_w0013.json
gmncsa24_gmncsa_fall_039_w0044,gmncsa24_gmncsa_fall_039,fall,train,/Users/varunreddyseelam/Desktop/Gen_ai/final_pipeline/data/windows/train/fall/gmncsa24_gmncsa_fall_039/gmncsa24_gmncsa_fall_039_w0044.json
gmncsa24_gmncsa_fall_039_w0052,gmncsa24_gmncsa_fall_039,fall,train,/Users/varunreddyseelam/Desktop/Gen_ai/final_pipeline/data/windows/train/fall/gmncsa24_gmncsa_fall_039/gmncsa24_gmncsa_fall_039_w0052.json
gmncsa24_gmncsa_fall_039_w0005,gmncsa24_gmncsa_fall_039,fall,train,/Users/varunreddyseelam/Desktop/Gen_ai/final_pipeline/data/windows/train/fall/gmncsa24_gmncsa_fall_039/gmncsa24_gmncsa_fall_039_w0005.json
gmncsa24_gmncsa_fall_039_w0029,gmncsa24_gmncsa_fall_039,fall,train,/Users/varunreddyseelam/Desktop/Gen_ai/final_pipeline/data/windows/train/fall/gmncsa24_gmncsa_fall_039/gmncsa24_gmncsa_fall_039_w0029.json
gmncsa24_gmncsa_fall_039_w0028,gmncsa24_gmncsa_fall_039,fall,train,/Users/varunreddyseelam/Desktop/Gen_ai/final_pipeline/data/windows/train/fall/gmncsa24_gmncsa_fall_039/gmncsa24_gmncsa_fall_039_w0028.json
gmncsa24_gmncsa_fall_039_w0004,gmncsa24_gmncsa_fall_039,fall,train,/Users/varunreddyseelam/Desktop/Gen_ai/final_pipeline/data/windows/train/fall/gmncsa24_gmncsa_fall_039/gmncsa24_gmncsa_fall_039_w0004.json
gmncsa24_gmncsa_fall_039_w0053,gmncsa24_gmncsa_fall_039,fall,train,/Users/varunreddyseelam/Desktop/Gen_ai/final_pipeline/data/windows/train/fall/gmncsa24_gmncsa_fall_039/gmncsa24_gmncsa_fall_039_w0053.json
gmncsa24_gmncsa_fall_039_w0045,gmncsa24_gmncsa_fall_039,fall,train,/Users/varunreddyseelam/Desktop/Gen_ai/final_pipeline/data/windows/train/fall/gmncsa24_gmncsa_fall_039/gmncsa24_gmncsa_fall_039_w0045.json
gmncsa24_gmncsa_fall_039_w0012,gmncsa24_gmncsa_fall_039,fall,train,/Users/varunreddyseelam/Desktop/Gen_ai/final_pipeline/data/windows/train/fall/gmncsa24_gmncsa_fall_039/gmncsa24_gmncsa_fall_039_w0012.json
gmncsa24_gmncsa_fall_039_w0032,gmncsa24_gmncsa_fall_039,fall,train,/Users/varunreddyseelam/Desktop/Gen_ai/final_pipeline/data/windows/train/fall/gmncsa24_gmncsa_fall_039/gmncsa24_gmncsa_fall_039_w0032.json
gmncsa24_gmncsa_fall_039_w0024,gmncsa24_gmncsa_fall_039,fall,train,/Users/varunreddyseelam/Desktop/Gen_ai/final_pipeline/data/windows/train/fall/gmncsa24_gmncsa_fall_039/gmncsa24_gmncsa_fall_039_w0024.json
gmncsa24_gmncsa_fall_039_w0008,gmncsa24_gmncsa_fall_039,fall,train,/Users/varunreddyseelam/Desktop/Gen_ai/final_pipeline/data/windows/train/fall/gmncsa24_gmncsa_fall_039/gmncsa24_gmncsa_fall_039_w0008.json
gmncsa24_gmncsa_fall_039_w0049,gmncsa24_gmncsa_fall_039,fall,train,/Users/varunreddyseelam/Desktop/Gen_ai/final_pipeline/data/windows/train/fall/gmncsa24_gmncsa_fall_039/gmncsa24_gmncsa_fall_039_w0049.json
le2i_CR01_video_35_fall_w0001,le2i_CR01_video_35_fall,fall,train,/Users/varunreddyseelam/Desktop/Gen_ai/final_pipeline/data/windows/train/fall/le2i_CR01_video_35_fall/le2i_CR01_video_35_fall_w0001.json
le2i_CR01_video_35_fall_w0000,le2i_CR01_video_35_fall,fall,train,/Users/varunreddyseelam/Desktop/Gen_ai/final_pipeline/data/windows/train/fall/le2i_CR01_video_35_fall/le2i_CR01_video_35_fall_w0000.json
le2i_CR01_video_35_fall_w0003,le2i_CR01_video_35_fall,fall,train,/Users/varunreddyseelam/Desktop/Gen_ai/final_pipeline/data/windows/train/fall/le2i_CR01_video_35_fall/le2i_CR01_video_35_fall_w0003.json
le2i_CR01_video_35_fall_w0002,le2i_CR01_video_35_fall,fall,train,/Users/varunreddyseelam/Desktop/Gen_ai/final_pipeline/data/windows/train/fall/le2i_CR01_video_35_fall/le2i_CR01_video_35_fall_w0002.json
le2i_CR01_video_35_fall_w0004,le2i_CR01_video_35_fall,fall,train,/Users/varunreddyseelam/Desktop/Gen_ai/final_pipeline/data/windows/train/fall/le2i_CR01_video_35_fall/le2i_CR01_video_35_fall_w0004.json
urfd_fall-05-cam0_w0025,urfd_fall-05-cam0,fall,train,/Users/varunreddyseelam/Desktop/Gen_ai/final_pipeline/data/windows/train/fall/urfd_fall-05-cam0/urfd_fall-05-cam0_w0025.json
urfd_fall-05-cam0_w0009,urfd_fall-05-cam0,fall,train,/Users/varunreddyseelam/Desktop/Gen_ai/final_pipeline/data/windows/train/fall/urfd_fall-05-cam0/urfd_fall-05-cam0_w0009.json
urfd_fall-05-cam0_w0005,urfd_fall-05-cam0,fall,train,/Users/varunreddyseelam/Desktop/Gen_ai/final_pipeline/data/windows/train/fall/urfd_fall-05-cam0/urfd_fall-05-cam0_w0005.json
urfd_fall-05-cam0_w0013,urfd_fall-05-cam0,fall,train,/Users/varunreddyseelam/Desktop/Gen_ai/final_pipeline/data/windows/train/fall/urfd_fall-05-cam0/urfd_fall-05-cam0_w0013.json
urfd_fall-05-cam0_w0012,urfd_fall-05-cam0,fall,train,/Users/varunreddyseelam/Desktop/Gen_ai/final_pipeline/data/windows/train/fall/urfd_fall-05-cam0/urfd_fall-05-cam0_w0012.json
urfd_fall-05-cam0_w0004,urfd_fall-05-cam0,fall,train,/Users/varunreddyseelam/Desktop/Gen_ai/final_pipeline/data/windows/train/fall/urfd_fall-05-cam0/urfd_fall-05-cam0_w0004.json
urfd_fall-05-cam0_w0028,urfd_fall-05-cam0,fall,train,/Users/varunreddyseelam/Desktop/Gen_ai/final_pipeline/data/windows/train/fall/urfd_fall-05-cam0/urfd_fall-05-cam0_w0028.json
urfd_fall-05-cam0_w0008,urfd_fall-05-cam0,fall,train,/Users/varunreddyseelam/Desktop/Gen_ai/final_pipeline/data/windows/train/fall/urfd_fall-05-cam0/urfd_fall-05-cam0_w0008.json
urfd_fall-05-cam0_w0024,urfd_fall-05-cam0,fall,train,/Users/varunreddyseelam/Desktop/Gen_ai/final_pipeline/data/windows/train/fall/urfd_fall-05-cam0/urfd_fall-05-cam0_w0024.json
urfd_fall-05-cam0_w0003,urfd_fall-05-cam0,fall,train,/Users/varunreddyseelam/Desktop/Gen_ai/final_pipeline/data/windows/train/fall/urfd_fall-05-cam0/urfd_fall-05-cam0_w0003.json
urfd_fall-05-cam0_w0015,urfd_fall-05-cam0,fall,train,/Users/varunreddyseelam/Desktop/Gen_ai/final_pipeline/data/windows/train/fall/urfd_fall-05-cam0/urfd_fall-05-cam0_w0015.json
urfd_fall-05-cam0_w0023,urfd_fall-05-cam0,fall,train,/Users/varunreddyseelam/Desktop/Gen_ai/final_pipeline/data/windows/train/fall/urfd_fall-05-cam0/urfd_fall-05-cam0_w0023.json
urfd_fall-05-cam0_w0019,urfd_fall-05-cam0,fall,train,/Users/varunreddyseelam/Desktop/Gen_ai/final_pipeline/data/windows/train/fall/urfd_fall-05-cam0/urfd_fall-05-cam0_w0019.json
urfd_fall-05-cam0_w0018,urfd_fall-05-cam0,fall,train,/Users/varunreddyseelam/Desktop/Gen_ai/final_pipeline/data/windows/train/fall/urfd_fall-05-cam0/urfd_fall-05-cam0_w0018.json
urfd_fall-05-cam0_w0022,urfd_fall-05-cam0,fall,train,/Users/varunreddyseelam/Desktop/Gen_ai/final_pipeline/data/windows/train/fall/urfd_fall-05-cam0/urfd_fall-05-cam0_w0022.json
urfd_fall-05-cam0_w0014,urfd_fall-05-cam0,fall,train,/Users/varunreddyseelam/Desktop/Gen_ai/final_pipeline/data/windows/train/fall/urfd_fall-05-cam0/urfd_fall-05-cam0_w0014.json
urfd_fall-05-cam0_w0002,urfd_fall-05-cam0,fall,train,/Users/varunreddyseelam/Desktop/Gen_ai/final_pipeline/data/windows/train/fall/urfd_fall-05-cam0/urfd_fall-05-cam0_w0002.json
urfd_fall-05-cam0_w0017,urfd_fall-05-cam0,fall,train,/Users/varunreddyseelam/Desktop/Gen_ai/final_pipeline/data/windows/train/fall/urfd_fall-05-cam0/urfd_fall-05-cam0_w0017.json
urfd_fall-05-cam0_w0001,urfd_fall-05-cam0,fall,train,/Users/varunreddyseelam/Desktop/Gen_ai/final_pipeline/data/windows/train/fall/urfd_fall-05-cam0/urfd_fall-05-cam0_w0001.json
urfd_fall-05-cam0_w0021,urfd_fall-05-cam0,fall,train,/Users/varunreddyseelam/Desktop/Gen_ai/final_pipeline/data/windows/train/fall/urfd_fall-05-cam0/urfd_fall-05-cam0_w0021.json
urfd_fall-05-cam0_w0020,urfd_fall-05-cam0,fall,train,/Users/varunreddyseelam/Desktop/Gen_ai/final_pipeline/data/windows/train/fall/urfd_fall-05-cam0/urfd_fall-05-cam0_w0020.json
urfd_fall-05-cam0_w0000,urfd_fall-05-cam0,fall,train,/Users/varunreddyseelam/Desktop/Gen_ai/final_pipeline/data/windows/train/fall/urfd_fall-05-cam0/urfd_fall-05-cam0_w0000.json
urfd_fall-05-cam0_w0016,urfd_fall-05-cam0,fall,train,/Users/varunreddyseelam/Desktop/Gen_ai/final_pipeline/data/windows/train/fall/urfd_fall-05-cam0/urfd_fall-05-cam0_w0016.json
urfd_fall-05-cam0_w0027,urfd_fall-05-cam0,fall,train,/Users/varunreddyseelam/Desktop/Gen_ai/final_pipeline/data/windows/train/fall/urfd_fall-05-cam0/urfd_fall-05-cam0_w0027.json
urfd_fall-05-cam0_w0011,urfd_fall-05-cam0,fall,train,/Users/varunreddyseelam/Desktop/Gen_ai/final_pipeline/data/windows/train/fall/urfd_fall-05-cam0/urfd_fall-05-cam0_w0011.json
urfd_fall-05-cam0_w0007,urfd_fall-05-cam0,fall,train,/Users/varunreddyseelam/Desktop/Gen_ai/final_pipeline/data/windows/train/fall/urfd_fall-05-cam0/urfd_fall-05-cam0_w0007.json
urfd_fall-05-cam0_w0006,urfd_fall-05-cam0,fall,train,/Users/varunreddyseelam/Desktop/Gen_ai/final_pipeline/data/windows/train/fall/urfd_fall-05-cam0/urfd_fall-05-cam0_w0006.json
urfd_fall-05-cam0_w0010,urfd_fall-05-cam0,fall,train,/Users/varunreddyseelam/Desktop/Gen_ai/final_pipeline/data/windows/train/fall/urfd_fall-05-cam0/urfd_fall-05-cam0_w0010.json
urfd_fall-05-cam0_w0026,urfd_fall-05-cam0,fall,train,/Users/varunreddyseelam/Desktop/Gen_ai/final_pipeline/data/windows/train/fall/urfd_fall-05-cam0/urfd_fall-05-cam0_w0026.json
gmncsa24_gmncsa_fall_008_w0029,gmncsa24_gmncsa_fall_008,fall,train,/Users/varunreddyseelam/Desktop/Gen_ai/final_pipeline/data/windows/train/fall/gmncsa24_gmncsa_fall_008/gmncsa24_gmncsa_fall_008_w0029.json
gmncsa24_gmncsa_fall_008_w0013,gmncsa24_gmncsa_fall_008,fall,train,/Users/varunreddyseelam/Desktop/Gen_ai/final_pipeline/data/windows/train/fall/gmncsa24_gmncsa_fall_008/gmncsa24_gmncsa_fall_008_w0013.json
gmncsa24_gmncsa_fall_008_w0005,gmncsa24_gmncsa_fall_008,fall,train,/Users/varunreddyseelam/Desktop/Gen_ai/final_pipeline/data/windows/train/fall/gmncsa24_gmncsa_fall_008/gmncsa24_gmncsa_fall_008_w0005.json
gmncsa24_gmncsa_fall_008_w0025,gmncsa24_gmncsa_fall_008,fall,train,/Users/varunreddyseelam/Desktop/Gen_ai/final_pipeline/data/windows/train/fall/gmncsa24_gmncsa_fall_008/gmncsa24_gmncsa_fall_008_w0025.json
gmncsa24_gmncsa_fall_008_w0033,gmncsa24_gmncsa_fall_008,fall,train,/Users/varunreddyseelam/Desktop/Gen_ai/final_pipeline/data/windows/train/fall/gmncsa24_gmncsa_fall_008/gmncsa24_gmncsa_fall_008_w0033.json
gmncsa24_gmncsa_fall_008_w0009,gmncsa24_gmncsa_fall_008,fall,train,/Users/varunreddyseelam/Desktop/Gen_ai/final_pipeline/data/windows/train/fall/gmncsa24_gmncsa_fall_008/gmncsa24_gmncsa_fall_008_w0009.json
gmncsa24_gmncsa_fall_008_w0008,gmncsa24_gmncsa_fall_008,fall,train,/Users/varunreddyseelam/Desktop/Gen_ai/final_pipeline/data/windows/train/fall/gmncsa24_gmncsa_fall_008/gmncsa24_gmncsa_fall_008_w0008.json
gmncsa24_gmncsa_fall_008_w0032,gmncsa24_gmncsa_fall_008,fall,train,/Users/varunreddyseelam/Desktop/Gen_ai/final_pipeline/data/windows/train/fall/gmncsa24_gmncsa_fall_008/gmncsa24_gmncsa_fall_008_w0032.json
gmncsa24_gmncsa_fall_008_w0024,gmncsa24_gmncsa_fall_008,fall,train,/Users/varunreddyseelam/Desktop/Gen_ai/final_pipeline/data/windows/train/fall/gmncsa24_gmncsa_fall_008/gmncsa24_gmncsa_fall_008_w0024.json
gmncsa24_gmncsa_fall_008_w0004,gmncsa24_gmncsa_fall_008,fall,train,/Users/varunreddyseelam/Desktop/Gen_ai/final_pipeline/data/windows/train/fall/gmncsa24_gmncsa_fall_008/gmncsa24_gmncsa_fall_008_w0004.json
gmncsa24_gmncsa_fall_008_w0012,gmncsa24_gmncsa_fall_008,fall,train,/Users/varunreddyseelam/Desktop/Gen_ai/final_pipeline/data/windows/train/fall/gmncsa24_gmncsa_fall_008/gmncsa24_gmncsa_fall_008_w0012.json
gmncsa24_gmncsa_fall_008_w0028,gmncsa24_gmncsa_fall_008,fall,train,/Users/varunreddyseelam/Desktop/Gen_ai/final_pipeline/data/windows/train/fall/gmncsa24_gmncsa_fall_008/gmncsa24_gmncsa_fall_008_w0028.json
gmncsa24_gmncsa_fall_008_w0023,gmncsa24_gmncsa_fall_008,fall,train,/Users/varunreddyseelam/Desktop/Gen_ai/final_pipeline/data/windows/train/fall/gmncsa24_gmncsa_fall_008/gmncsa24_gmncsa_fall_008_w0023.json
gmncsa24_gmncsa_fall_008_w0035,gmncsa24_gmncsa_fall_008,fall,train,/Users/varunreddyseelam/Desktop/Gen_ai/final_pipeline/data/windows/train/fall/gmncsa24_gmncsa_fall_008/gmncsa24_gmncsa_fall_008_w0035.json
gmncsa24_gmncsa_fall_008_w0019,gmncsa24_gmncsa_fall_008,fall,train,/Users/varunreddyseelam/Desktop/Gen_ai/final_pipeline/data/windows/train/fall/gmncsa24_gmncsa_fall_008/gmncsa24_gmncsa_fall_008_w0019.json
gmncsa24_gmncsa_fall_008_w0039,gmncsa24_gmncsa_fall_008,fall,train,/Users/varunreddyseelam/Desktop/Gen_ai/final_pipeline/data/windows/train/fall/gmncsa24_gmncsa_fall_008/gmncsa24_gmncsa_fall_008_w0039.json
gmncsa24_gmncsa_fall_008_w0015,gmncsa24_gmncsa_fall_008,fall,train,/Users/varunreddyseelam/Desktop/Gen_ai/final_pipeline/data/windows/train/fall/gmncsa24_gmncsa_fall_008/gmncsa24_gmncsa_fall_008_w0015.json
gmncsa24_gmncsa_fall_008_w0003,gmncsa24_gmncsa_fall_008,fall,train,/Users/varunreddyseelam/Desktop/Gen_ai/final_pipeline/data/windows/train/fall/gmncsa24_gmncsa_fall_008/gmncsa24_gmncsa_fall_008_w0003.json
gmncsa24_gmncsa_fall_008_w0002,gmncsa24_gmncsa_fall_008,fall,train,/Users/varunreddyseelam/Desktop/Gen_ai/final_pipeline/data/windows/train/fall/gmncsa24_gmncsa_fall_008/gmncsa24_gmncsa_fall_008_w0002.json
gmncsa24_gmncsa_fall_008_w0014,gmncsa24_gmncsa_fall_008,fall,train,/Users/varunreddyseelam/Desktop/Gen_ai/final_pipeline/data/windows/train/fall/gmncsa24_gmncsa_fall_008/gmncsa24_gmncsa_fall_008_w0014.json
gmncsa24_gmncsa_fall_008_w0038,gmncsa24_gmncsa_fall_008,fall,train,/Users/varunreddyseelam/Desktop/Gen_ai/final_pipeline/data/windows/train/fall/gmncsa24_gmncsa_fall_008/gmncsa24_gmncsa_fall_008_w0038.json
gmncsa24_gmncsa_fall_008_w0018,gmncsa24_gmncsa_fall_008,fall,train,/Users/varunreddyseelam/Desktop/Gen_ai/final_pipeline/data/windows/train/fall/gmncsa24_gmncsa_fall_008/gmncsa24_gmncsa_fall_008_w0018.json
gmncsa24_gmncsa_fall_008_w0034,gmncsa24_gmncsa_fall_008,fall,train,/Users/varunreddyseelam/Desktop/Gen_ai/final_pipeline/data/windows/train/fall/gmncsa24_gmncsa_fall_008/gmncsa24_gmncsa_fall_008_w0034.json
gmncsa24_gmncsa_fall_008_w0022,gmncsa24_gmncsa_fall_008,fall,train,/Users/varunreddyseelam/Desktop/Gen_ai/final_pipeline/data/windows/train/fall/gmncsa24_gmncsa_fall_008/gmncsa24_gmncsa_fall_008_w0022.json
gmncsa24_gmncsa_fall_008_w0037,gmncsa24_gmncsa_fall_008,fall,train,/Users/varunreddyseelam/Desktop/Gen_ai/final_pipeline/data/windows/train/fall/gmncsa24_gmncsa_fall_008/gmncsa24_gmncsa_fall_008_w0037.json
gmncsa24_gmncsa_fall_008_w0021,gmncsa24_gmncsa_fall_008,fall,train,/Users/varunreddyseelam/Desktop/Gen_ai/final_pipeline/data/windows/train/fall/gmncsa24_gmncsa_fall_008/gmncsa24_gmncsa_fall_008_w0021.json
gmncsa24_gmncsa_fall_008_w0001,gmncsa24_gmncsa_fall_008,fall,train,/Users/varunreddyseelam/Desktop/Gen_ai/final_pipeline/data/windows/train/fall/gmncsa24_gmncsa_fall_008/gmncsa24_gmncsa_fall_008_w0001.json
gmncsa24_gmncsa_fall_008_w0040,gmncsa24_gmncsa_fall_008,fall,train,/Users/varunreddyseelam/Desktop/Gen_ai/final_pipeline/data/windows/train/fall/gmncsa24_gmncsa_fall_008/gmncsa24_gmncsa_fall_008_w0040.json
gmncsa24_gmncsa_fall_008_w0017,gmncsa24_gmncsa_fall_008,fall,train,/Users/varunreddyseelam/Desktop/Gen_ai/final_pipeline/data/windows/train/fall/gmncsa24_gmncsa_fall_008/gmncsa24_gmncsa_fall_008_w0017.json
gmncsa24_gmncsa_fall_008_w0016,gmncsa24_gmncsa_fall_008,fall,train,/Users/varunreddyseelam/Desktop/Gen_ai/final_pipeline/data/windows/train/fall/gmncsa24_gmncsa_fall_008/gmncsa24_gmncsa_fall_008_w0016.json
gmncsa24_gmncsa_fall_008_w0000,gmncsa24_gmncsa_fall_008,fall,train,/Users/varunreddyseelam/Desktop/Gen_ai/final_pipeline/data/windows/train/fall/gmncsa24_gmncsa_fall_008/gmncsa24_gmncsa_fall_008_w0000.json
gmncsa24_gmncsa_fall_008_w0020,gmncsa24_gmncsa_fall_008,fall,train,/Users/varunreddyseelam/Desktop/Gen_ai/final_pipeline/data/windows/train/fall/gmncsa24_gmncsa_fall_008/gmncsa24_gmncsa_fall_008_w0020.json
gmncsa24_gmncsa_fall_008_w0036,gmncsa24_gmncsa_fall_008,fall,train,/Users/varunreddyseelam/Desktop/Gen_ai/final_pipeline/data/windows/train/fall/gmncsa24_gmncsa_fall_008/gmncsa24_gmncsa_fall_008_w0036.json
gmncsa24_gmncsa_fall_008_w0007,gmncsa24_gmncsa_fall_008,fall,train,/Users/varunreddyseelam/Desktop/Gen_ai/final_pipeline/data/windows/train/fall/gmncsa24_gmncsa_fall_008/gmncsa24_gmncsa_fall_008_w0007.json
gmncsa24_gmncsa_fall_008_w0011,gmncsa24_gmncsa_fall_008,fall,train,/Users/varunreddyseelam/Desktop/Gen_ai/final_pipeline/data/windows/train/fall/gmncsa24_gmncsa_fall_008/gmncsa24_gmncsa_fall_008_w0011.json
gmncsa24_gmncsa_fall_008_w0031,gmncsa24_gmncsa_fall_008,fall,train,/Users/varunreddyseelam/Desktop/Gen_ai/final_pipeline/data/windows/train/fall/gmncsa24_gmncsa_fall_008/gmncsa24_gmncsa_fall_008_w0031.json
gmncsa24_gmncsa_fall_008_w0027,gmncsa24_gmncsa_fall_008,fall,train,/Users/varunreddyseelam/Desktop/Gen_ai/final_pipeline/data/windows/train/fall/gmncsa24_gmncsa_fall_008/gmncsa24_gmncsa_fall_008_w0027.json
gmncsa24_gmncsa_fall_008_w0026,gmncsa24_gmncsa_fall_008,fall,train,/Users/varunreddyseelam/Desktop/Gen_ai/final_pipeline/data/windows/train/fall/gmncsa24_gmncsa_fall_008/gmncsa24_gmncsa_fall_008_w0026.json
gmncsa24_gmncsa_fall_008_w0030,gmncsa24_gmncsa_fall_008,fall,train,/Users/varunreddyseelam/Desktop/Gen_ai/final_pipeline/data/windows/train/fall/gmncsa24_gmncsa_fall_008/gmncsa24_gmncsa_fall_008_w0030.json
gmncsa24_gmncsa_fall_008_w0010,gmncsa24_gmncsa_fall_008,fall,train,/Users/varunreddyseelam/Desktop/Gen_ai/final_pipeline/data/windows/train/fall/gmncsa24_gmncsa_fall_008/gmncsa24_gmncsa_fall_008_w0010.json
gmncsa24_gmncsa_fall_008_w0006,gmncsa24_gmncsa_fall_008,fall,train,/Users/varunreddyseelam/Desktop/Gen_ai/final_pipeline/data/windows/train/fall/gmncsa24_gmncsa_fall_008/gmncsa24_gmncsa_fall_008_w0006.json
gmncsa24_gmncsa_fall_063_w0021,gmncsa24_gmncsa_fall_063,fall,train,/Users/varunreddyseelam/Desktop/Gen_ai/final_pipeline/data/windows/train/fall/gmncsa24_gmncsa_fall_063/gmncsa24_gmncsa_fall_063_w0021.json
gmncsa24_gmncsa_fall_063_w0017,gmncsa24_gmncsa_fall_063,fall,train,/Users/varunreddyseelam/Desktop/Gen_ai/final_pipeline/data/windows/train/fall/gmncsa24_gmncsa_fall_063/gmncsa24_gmncsa_fall_063_w0017.json
gmncsa24_gmncsa_fall_063_w0001,gmncsa24_gmncsa_fall_063,fall,train,/Users/varunreddyseelam/Desktop/Gen_ai/final_pipeline/data/windows/train/fall/gmncsa24_gmncsa_fall_063/gmncsa24_gmncsa_fall_063_w0001.json
gmncsa24_gmncsa_fall_063_w0000,gmncsa24_gmncsa_fall_063,fall,train,/Users/varunreddyseelam/Desktop/Gen_ai/final_pipeline/data/windows/train/fall/gmncsa24_gmncsa_fall_063/gmncsa24_gmncsa_fall_063_w0000.json
gmncsa24_gmncsa_fall_063_w0016,gmncsa24_gmncsa_fall_063,fall,train,/Users/varunreddyseelam/Desktop/Gen_ai/final_pipeline/data/windows/train/fall/gmncsa24_gmncsa_fall_063/gmncsa24_gmncsa_fall_063_w0016.json
gmncsa24_gmncsa_fall_063_w0020,gmncsa24_gmncsa_fall_063,fall,train,/Users/varunreddyseelam/Desktop/Gen_ai/final_pipeline/data/windows/train/fall/gmncsa24_gmncsa_fall_063/gmncsa24_gmncsa_fall_063_w0020.json
gmncsa24_gmncsa_fall_063_w0011,gmncsa24_gmncsa_fall_063,fall,train,/Users/varunreddyseelam/Desktop/Gen_ai/final_pipeline/data/windows/train/fall/gmncsa24_gmncsa_fall_063/gmncsa24_gmncsa_fall_063_w0011.json
gmncsa24_gmncsa_fall_063_w0007,gmncsa24_gmncsa_fall_063,fall,train,/Users/varunreddyseelam/Desktop/Gen_ai/final_pipeline/data/windows/train/fall/gmncsa24_gmncsa_fall_063/gmncsa24_gmncsa_fall_063_w0007.json
gmncsa24_gmncsa_fall_063_w0027,gmncsa24_gmncsa_fall_063,fall,train,/Users/varunreddyseelam/Desktop/Gen_ai/final_pipeline/data/windows/train/fall/gmncsa24_gmncsa_fall_063/gmncsa24_gmncsa_fall_063_w0027.json
gmncsa24_gmncsa_fall_063_w0026,gmncsa24_gmncsa_fall_063,fall,train,/Users/varunreddyseelam/Desktop/Gen_ai/final_pipeline/data/windows/train/fall/gmncsa24_gmncsa_fall_063/gmncsa24_gmncsa_fall_063_w0026.json
gmncsa24_gmncsa_fall_063_w0006,gmncsa24_gmncsa_fall_063,fall,train,/Users/varunreddyseelam/Desktop/Gen_ai/final_pipeline/data/windows/train/fall/gmncsa24_gmncsa_fall_063/gmncsa24_gmncsa_fall_063_w0006.json
gmncsa24_gmncsa_fall_063_w0010,gmncsa24_gmncsa_fall_063,fall,train,/Users/varunreddyseelam/Desktop/Gen_ai/final_pipeline/data/windows/train/fall/gmncsa24_gmncsa_fall_063/gmncsa24_gmncsa_fall_063_w0010.json
gmncsa24_gmncsa_fall_063_w0005,gmncsa24_gmncsa_fall_063,fall,train,/Users/varunreddyseelam/Desktop/Gen_ai/final_pipeline/data/windows/train/fall/gmncsa24_gmncsa_fall_063/gmncsa24_gmncsa_fall_063_w0005.json
gmncsa24_gmncsa_fall_063_w0013,gmncsa24_gmncsa_fall_063,fall,train,/Users/varunreddyseelam/Desktop/Gen_ai/final_pipeline/data/windows/train/fall/gmncsa24_gmncsa_fall_063/gmncsa24_gmncsa_fall_063_w0013.json
gmncsa24_gmncsa_fall_063_w0025,gmncsa24_gmncsa_fall_063,fall,train,/Users/varunreddyseelam/Desktop/Gen_ai/final_pipeline/data/windows/train/fall/gmncsa24_gmncsa_fall_063/gmncsa24_gmncsa_fall_063_w0025.json
gmncsa24_gmncsa_fall_063_w0009,gmncsa24_gmncsa_fall_063,fall,train,/Users/varunreddyseelam/Desktop/Gen_ai/final_pipeline/data/windows/train/fall/gmncsa24_gmncsa_fall_063/gmncsa24_gmncsa_fall_063_w0009.json
gmncsa24_gmncsa_fall_063_w0008,gmncsa24_gmncsa_fall_063,fall,train,/Users/varunreddyseelam/Desktop/Gen_ai/final_pipeline/data/windows/train/fall/gmncsa24_gmncsa_fall_063/gmncsa24_gmncsa_fall_063_w0008.json
gmncsa24_gmncsa_fall_063_w0024,gmncsa24_gmncsa_fall_063,fall,train,/Users/varunreddyseelam/Desktop/Gen_ai/final_pipeline/data/windows/train/fall/gmncsa24_gmncsa_fall_063/gmncsa24_gmncsa_fall_063_w0024.json
gmncsa24_gmncsa_fall_063_w0012,gmncsa24_gmncsa_fall_063,fall,train,/Users/varunreddyseelam/Desktop/Gen_ai/final_pipeline/data/windows/train/fall/gmncsa24_gmncsa_fall_063/gmncsa24_gmncsa_fall_063_w0012.json
gmncsa24_gmncsa_fall_063_w0004,gmncsa24_gmncsa_fall_063,fall,train,/Users/varunreddyseelam/Desktop/Gen_ai/final_pipeline/data/windows/train/fall/gmncsa24_gmncsa_fall_063/gmncsa24_gmncsa_fall_063_w0004.json
gmncsa24_gmncsa_fall_063_w0023,gmncsa24_gmncsa_fall_063,fall,train,/Users/varunreddyseelam/Desktop/Gen_ai/final_pipeline/data/windows/train/fall/gmncsa24_gmncsa_fall_063/gmncsa24_gmncsa_fall_063_w0023.json
gmncsa24_gmncsa_fall_063_w0019,gmncsa24_gmncsa_fall_063,fall,train,/Users/varunreddyseelam/Desktop/Gen_ai/final_pipeline/data/windows/train/fall/gmncsa24_gmncsa_fall_063/gmncsa24_gmncsa_fall_063_w0019.json
gmncsa24_gmncsa_fall_063_w0003,gmncsa24_gmncsa_fall_063,fall,train,/Users/varunreddyseelam/Desktop/Gen_ai/final_pipeline/data/windows/train/fall/gmncsa24_gmncsa_fall_063/gmncsa24_gmncsa_fall_063_w0003.json
gmncsa24_gmncsa_fall_063_w0015,gmncsa24_gmncsa_fall_063,fall,train,/Users/varunreddyseelam/Desktop/Gen_ai/final_pipeline/data/windows/train/fall/gmncsa24_gmncsa_fall_063/gmncsa24_gmncsa_fall_063_w0015.json
gmncsa24_gmncsa_fall_063_w0014,gmncsa24_gmncsa_fall_063,fall,train,/Users/varunreddyseelam/Desktop/Gen_ai/final_pipeline/data/windows/train/fall/gmncsa24_gmncsa_fall_063/gmncsa24_gmncsa_fall_063_w0014.json
gmncsa24_gmncsa_fall_063_w0002,gmncsa24_gmncsa_fall_063,fall,train,/Users/varunreddyseelam/Desktop/Gen_ai/final_pipeline/data/windows/train/fall/gmncsa24_gmncsa_fall_063/gmncsa24_gmncsa_fall_063_w0002.json
gmncsa24_gmncsa_fall_063_w0018,gmncsa24_gmncsa_fall_063,fall,train,/Users/varunreddyseelam/Desktop/Gen_ai/final_pipeline/data/windows/train/fall/gmncsa24_gmncsa_fall_063/gmncsa24_gmncsa_fall_063_w0018.json
gmncsa24_gmncsa_fall_063_w0022,gmncsa24_gmncsa_fall_063,fall,train,/Users/varunreddyseelam/Desktop/Gen_ai/final_pipeline/data/windows/train/fall/gmncsa24_gmncsa_fall_063/gmncsa24_gmncsa_fall_063_w0022.json
le2i_H02_video_36_fall_w0000,le2i_H02_video_36_fall,fall,train,/Users/varunreddyseelam/Desktop/Gen_ai/final_pipeline/data/windows/train/fall/le2i_H02_video_36_fall/le2i_H02_video_36_fall_w0000.json
gmncsa24_gmncsa_fall_064_w0010,gmncsa24_gmncsa_fall_064,fall,train,/Users/varunreddyseelam/Desktop/Gen_ai/final_pipeline/data/windows/train/fall/gmncsa24_gmncsa_fall_064/gmncsa24_gmncsa_fall_064_w0010.json
gmncsa24_gmncsa_fall_064_w0006,gmncsa24_gmncsa_fall_064,fall,train,/Users/varunreddyseelam/Desktop/Gen_ai/final_pipeline/data/windows/train/fall/gmncsa24_gmncsa_fall_064/gmncsa24_gmncsa_fall_064_w0006.json
gmncsa24_gmncsa_fall_064_w0007,gmncsa24_gmncsa_fall_064,fall,train,/Users/varunreddyseelam/Desktop/Gen_ai/final_pipeline/data/windows/train/fall/gmncsa24_gmncsa_fall_064/gmncsa24_gmncsa_fall_064_w0007.json
gmncsa24_gmncsa_fall_064_w0011,gmncsa24_gmncsa_fall_064,fall,train,/Users/varunreddyseelam/Desktop/Gen_ai/final_pipeline/data/windows/train/fall/gmncsa24_gmncsa_fall_064/gmncsa24_gmncsa_fall_064_w0011.json
gmncsa24_gmncsa_fall_064_w0020,gmncsa24_gmncsa_fall_064,fall,train,/Users/varunreddyseelam/Desktop/Gen_ai/final_pipeline/data/windows/train/fall/gmncsa24_gmncsa_fall_064/gmncsa24_gmncsa_fall_064_w0020.json
gmncsa24_gmncsa_fall_064_w0016,gmncsa24_gmncsa_fall_064,fall,train,/Users/varunreddyseelam/Desktop/Gen_ai/final_pipeline/data/windows/train/fall/gmncsa24_gmncsa_fall_064/gmncsa24_gmncsa_fall_064_w0016.json
gmncsa24_gmncsa_fall_064_w0000,gmncsa24_gmncsa_fall_064,fall,train,/Users/varunreddyseelam/Desktop/Gen_ai/final_pipeline/data/windows/train/fall/gmncsa24_gmncsa_fall_064/gmncsa24_gmncsa_fall_064_w0000.json
gmncsa24_gmncsa_fall_064_w0001,gmncsa24_gmncsa_fall_064,fall,train,/Users/varunreddyseelam/Desktop/Gen_ai/final_pipeline/data/windows/train/fall/gmncsa24_gmncsa_fall_064/gmncsa24_gmncsa_fall_064_w0001.json
gmncsa24_gmncsa_fall_064_w0017,gmncsa24_gmncsa_fall_064,fall,train,/Users/varunreddyseelam/Desktop/Gen_ai/final_pipeline/data/windows/train/fall/gmncsa24_gmncsa_fall_064/gmncsa24_gmncsa_fall_064_w0017.json
gmncsa24_gmncsa_fall_064_w0021,gmncsa24_gmncsa_fall_064,fall,train,/Users/varunreddyseelam/Desktop/Gen_ai/final_pipeline/data/windows/train/fall/gmncsa24_gmncsa_fall_064/gmncsa24_gmncsa_fall_064_w0021.json
gmncsa24_gmncsa_fall_064_w0022,gmncsa24_gmncsa_fall_064,fall,train,/Users/varunreddyseelam/Desktop/Gen_ai/final_pipeline/data/windows/train/fall/gmncsa24_gmncsa_fall_064/gmncsa24_gmncsa_fall_064_w0022.json
gmncsa24_gmncsa_fall_064_w0018,gmncsa24_gmncsa_fall_064,fall,train,/Users/varunreddyseelam/Desktop/Gen_ai/final_pipeline/data/windows/train/fall/gmncsa24_gmncsa_fall_064/gmncsa24_gmncsa_fall_064_w0018.json
gmncsa24_gmncsa_fall_064_w0002,gmncsa24_gmncsa_fall_064,fall,train,/Users/varunreddyseelam/Desktop/Gen_ai/final_pipeline/data/windows/train/fall/gmncsa24_gmncsa_fall_064/gmncsa24_gmncsa_fall_064_w0002.json
gmncsa24_gmncsa_fall_064_w0014,gmncsa24_gmncsa_fall_064,fall,train,/Users/varunreddyseelam/Desktop/Gen_ai/final_pipeline/data/windows/train/fall/gmncsa24_gmncsa_fall_064/gmncsa24_gmncsa_fall_064_w0014.json
gmncsa24_gmncsa_fall_064_w0015,gmncsa24_gmncsa_fall_064,fall,train,/Users/varunreddyseelam/Desktop/Gen_ai/final_pipeline/data/windows/train/fall/gmncsa24_gmncsa_fall_064/gmncsa24_gmncsa_fall_064_w0015.json
gmncsa24_gmncsa_fall_064_w0003,gmncsa24_gmncsa_fall_064,fall,train,/Users/varunreddyseelam/Desktop/Gen_ai/final_pipeline/data/windows/train/fall/gmncsa24_gmncsa_fall_064/gmncsa24_gmncsa_fall_064_w0003.json
gmncsa24_gmncsa_fall_064_w0019,gmncsa24_gmncsa_fall_064,fall,train,/Users/varunreddyseelam/Desktop/Gen_ai/final_pipeline/data/windows/train/fall/gmncsa24_gmncsa_fall_064/gmncsa24_gmncsa_fall_064_w0019.json
gmncsa24_gmncsa_fall_064_w0023,gmncsa24_gmncsa_fall_064,fall,train,/Users/varunreddyseelam/Desktop/Gen_ai/final_pipeline/data/windows/train/fall/gmncsa24_gmncsa_fall_064/gmncsa24_gmncsa_fall_064_w0023.json
gmncsa24_gmncsa_fall_064_w0004,gmncsa24_gmncsa_fall_064,fall,train,/Users/varunreddyseelam/Desktop/Gen_ai/final_pipeline/data/windows/train/fall/gmncsa24_gmncsa_fall_064/gmncsa24_gmncsa_fall_064_w0004.json
gmncsa24_gmncsa_fall_064_w0012,gmncsa24_gmncsa_fall_064,fall,train,/Users/varunreddyseelam/Desktop/Gen_ai/final_pipeline/data/windows/train/fall/gmncsa24_gmncsa_fall_064/gmncsa24_gmncsa_fall_064_w0012.json
gmncsa24_gmncsa_fall_064_w0024,gmncsa24_gmncsa_fall_064,fall,train,/Users/varunreddyseelam/Desktop/Gen_ai/final_pipeline/data/windows/train/fall/gmncsa24_gmncsa_fall_064/gmncsa24_gmncsa_fall_064_w0024.json
gmncsa24_gmncsa_fall_064_w0008,gmncsa24_gmncsa_fall_064,fall,train,/Users/varunreddyseelam/Desktop/Gen_ai/final_pipeline/data/windows/train/fall/gmncsa24_gmncsa_fall_064/gmncsa24_gmncsa_fall_064_w0008.json
gmncsa24_gmncsa_fall_064_w0009,gmncsa24_gmncsa_fall_064,fall,train,/Users/varunreddyseelam/Desktop/Gen_ai/final_pipeline/data/windows/train/fall/gmncsa24_gmncsa_fall_064/gmncsa24_gmncsa_fall_064_w0009.json
gmncsa24_gmncsa_fall_064_w0013,gmncsa24_gmncsa_fall_064,fall,train,/Users/varunreddyseelam/Desktop/Gen_ai/final_pipeline/data/windows/train/fall/gmncsa24_gmncsa_fall_064/gmncsa24_gmncsa_fall_064_w0013.json
gmncsa24_gmncsa_fall_064_w0005,gmncsa24_gmncsa_fall_064,fall,train,/Users/varunreddyseelam/Desktop/Gen_ai/final_pipeline/data/windows/train/fall/gmncsa24_gmncsa_fall_064/gmncsa24_gmncsa_fall_064_w0005.json
gmncsa24_gmncsa_fall_052_w0003,gmncsa24_gmncsa_fall_052,fall,train,/Users/varunreddyseelam/Desktop/Gen_ai/final_pipeline/data/windows/train/fall/gmncsa24_gmncsa_fall_052/gmncsa24_gmncsa_fall_052_w0003.json
gmncsa24_gmncsa_fall_052_w0015,gmncsa24_gmncsa_fall_052,fall,train,/Users/varunreddyseelam/Desktop/Gen_ai/final_pipeline/data/windows/train/fall/gmncsa24_gmncsa_fall_052/gmncsa24_gmncsa_fall_052_w0015.json
gmncsa24_gmncsa_fall_052_w0039,gmncsa24_gmncsa_fall_052,fall,train,/Users/varunreddyseelam/Desktop/Gen_ai/final_pipeline/data/windows/train/fall/gmncsa24_gmncsa_fall_052/gmncsa24_gmncsa_fall_052_w0039.json
gmncsa24_gmncsa_fall_052_w0019,gmncsa24_gmncsa_fall_052,fall,train,/Users/varunreddyseelam/Desktop/Gen_ai/final_pipeline/data/windows/train/fall/gmncsa24_gmncsa_fall_052/gmncsa24_gmncsa_fall_052_w0019.json
gmncsa24_gmncsa_fall_052_w0035,gmncsa24_gmncsa_fall_052,fall,train,/Users/varunreddyseelam/Desktop/Gen_ai/final_pipeline/data/windows/train/fall/gmncsa24_gmncsa_fall_052/gmncsa24_gmncsa_fall_052_w0035.json
gmncsa24_gmncsa_fall_052_w0023,gmncsa24_gmncsa_fall_052,fall,train,/Users/varunreddyseelam/Desktop/Gen_ai/final_pipeline/data/windows/train/fall/gmncsa24_gmncsa_fall_052/gmncsa24_gmncsa_fall_052_w0023.json
gmncsa24_gmncsa_fall_052_w0022,gmncsa24_gmncsa_fall_052,fall,train,/Users/varunreddyseelam/Desktop/Gen_ai/final_pipeline/data/windows/train/fall/gmncsa24_gmncsa_fall_052/gmncsa24_gmncsa_fall_052_w0022.json
gmncsa24_gmncsa_fall_052_w0034,gmncsa24_gmncsa_fall_052,fall,train,/Users/varunreddyseelam/Desktop/Gen_ai/final_pipeline/data/windows/train/fall/gmncsa24_gmncsa_fall_052/gmncsa24_gmncsa_fall_052_w0034.json
gmncsa24_gmncsa_fall_052_w0018,gmncsa24_gmncsa_fall_052,fall,train,/Users/varunreddyseelam/Desktop/Gen_ai/final_pipeline/data/windows/train/fall/gmncsa24_gmncsa_fall_052/gmncsa24_gmncsa_fall_052_w0018.json
gmncsa24_gmncsa_fall_052_w0038,gmncsa24_gmncsa_fall_052,fall,train,/Users/varunreddyseelam/Desktop/Gen_ai/final_pipeline/data/windows/train/fall/gmncsa24_gmncsa_fall_052/gmncsa24_gmncsa_fall_052_w0038.json
gmncsa24_gmncsa_fall_052_w0014,gmncsa24_gmncsa_fall_052,fall,train,/Users/varunreddyseelam/Desktop/Gen_ai/final_pipeline/data/windows/train/fall/gmncsa24_gmncsa_fall_052/gmncsa24_gmncsa_fall_052_w0014.json
gmncsa24_gmncsa_fall_052_w0002,gmncsa24_gmncsa_fall_052,fall,train,/Users/varunreddyseelam/Desktop/Gen_ai/final_pipeline/data/windows/train/fall/gmncsa24_gmncsa_fall_052/gmncsa24_gmncsa_fall_052_w0002.json
gmncsa24_gmncsa_fall_052_w0009,gmncsa24_gmncsa_fall_052,fall,train,/Users/varunreddyseelam/Desktop/Gen_ai/final_pipeline/data/windows/train/fall/gmncsa24_gmncsa_fall_052/gmncsa24_gmncsa_fall_052_w0009.json
gmncsa24_gmncsa_fall_052_w0033,gmncsa24_gmncsa_fall_052,fall,train,/Users/varunreddyseelam/Desktop/Gen_ai/final_pipeline/data/windows/train/fall/gmncsa24_gmncsa_fall_052/gmncsa24_gmncsa_fall_052_w0033.json
gmncsa24_gmncsa_fall_052_w0025,gmncsa24_gmncsa_fall_052,fall,train,/Users/varunreddyseelam/Desktop/Gen_ai/final_pipeline/data/windows/train/fall/gmncsa24_gmncsa_fall_052/gmncsa24_gmncsa_fall_052_w0025.json
gmncsa24_gmncsa_fall_052_w0005,gmncsa24_gmncsa_fall_052,fall,train,/Users/varunreddyseelam/Desktop/Gen_ai/final_pipeline/data/windows/train/fall/gmncsa24_gmncsa_fall_052/gmncsa24_gmncsa_fall_052_w0005.json
gmncsa24_gmncsa_fall_052_w0013,gmncsa24_gmncsa_fall_052,fall,train,/Users/varunreddyseelam/Desktop/Gen_ai/final_pipeline/data/windows/train/fall/gmncsa24_gmncsa_fall_052/gmncsa24_gmncsa_fall_052_w0013.json
gmncsa24_gmncsa_fall_052_w0029,gmncsa24_gmncsa_fall_052,fall,train,/Users/varunreddyseelam/Desktop/Gen_ai/final_pipeline/data/windows/train/fall/gmncsa24_gmncsa_fall_052/gmncsa24_gmncsa_fall_052_w0029.json
gmncsa24_gmncsa_fall_052_w0028,gmncsa24_gmncsa_fall_052,fall,train,/Users/varunreddyseelam/Desktop/Gen_ai/final_pipeline/data/windows/train/fall/gmncsa24_gmncsa_fall_052/gmncsa24_gmncsa_fall_052_w0028.json
gmncsa24_gmncsa_fall_052_w0012,gmncsa24_gmncsa_fall_052,fall,train,/Users/varunreddyseelam/Desktop/Gen_ai/final_pipeline/data/windows/train/fall/gmncsa24_gmncsa_fall_052/gmncsa24_gmncsa_fall_052_w0012.json
gmncsa24_gmncsa_fall_052_w0004,gmncsa24_gmncsa_fall_052,fall,train,/Users/varunreddyseelam/Desktop/Gen_ai/final_pipeline/data/windows/train/fall/gmncsa24_gmncsa_fall_052/gmncsa24_gmncsa_fall_052_w0004.json
gmncsa24_gmncsa_fall_052_w0024,gmncsa24_gmncsa_fall_052,fall,train,/Users/varunreddyseelam/Desktop/Gen_ai/final_pipeline/data/windows/train/fall/gmncsa24_gmncsa_fall_052/gmncsa24_gmncsa_fall_052_w0024.json
gmncsa24_gmncsa_fall_052_w0032,gmncsa24_gmncsa_fall_052,fall,train,/Users/varunreddyseelam/Desktop/Gen_ai/final_pipeline/data/windows/train/fall/gmncsa24_gmncsa_fall_052/gmncsa24_gmncsa_fall_052_w0032.json
gmncsa24_gmncsa_fall_052_w0008,gmncsa24_gmncsa_fall_052,fall,train,/Users/varunreddyseelam/Desktop/Gen_ai/final_pipeline/data/windows/train/fall/gmncsa24_gmncsa_fall_052/gmncsa24_gmncsa_fall_052_w0008.json
gmncsa24_gmncsa_fall_052_w0027,gmncsa24_gmncsa_fall_052,fall,train,/Users/varunreddyseelam/Desktop/Gen_ai/final_pipeline/data/windows/train/fall/gmncsa24_gmncsa_fall_052/gmncsa24_gmncsa_fall_052_w0027.json
gmncsa24_gmncsa_fall_052_w0031,gmncsa24_gmncsa_fall_052,fall,train,/Users/varunreddyseelam/Desktop/Gen_ai/final_pipeline/data/windows/train/fall/gmncsa24_gmncsa_fall_052/gmncsa24_gmncsa_fall_052_w0031.json
gmncsa24_gmncsa_fall_052_w0011,gmncsa24_gmncsa_fall_052,fall,train,/Users/varunreddyseelam/Desktop/Gen_ai/final_pipeline/data/windows/train/fall/gmncsa24_gmncsa_fall_052/gmncsa24_gmncsa_fall_052_w0011.json
gmncsa24_gmncsa_fall_052_w0007,gmncsa24_gmncsa_fall_052,fall,train,/Users/varunreddyseelam/Desktop/Gen_ai/final_pipeline/data/windows/train/fall/gmncsa24_gmncsa_fall_052/gmncsa24_gmncsa_fall_052_w0007.json
gmncsa24_gmncsa_fall_052_w0006,gmncsa24_gmncsa_fall_052,fall,train,/Users/varunreddyseelam/Desktop/Gen_ai/final_pipeline/data/windows/train/fall/gmncsa24_gmncsa_fall_052/gmncsa24_gmncsa_fall_052_w0006.json
gmncsa24_gmncsa_fall_052_w0010,gmncsa24_gmncsa_fall_052,fall,train,/Users/varunreddyseelam/Desktop/Gen_ai/final_pipeline/data/windows/train/fall/gmncsa24_gmncsa_fall_052/gmncsa24_gmncsa_fall_052_w0010.json
gmncsa24_gmncsa_fall_052_w0030,gmncsa24_gmncsa_fall_052,fall,train,/Users/varunreddyseelam/Desktop/Gen_ai/final_pipeline/data/windows/train/fall/gmncsa24_gmncsa_fall_052/gmncsa24_gmncsa_fall_052_w0030.json
gmncsa24_gmncsa_fall_052_w0026,gmncsa24_gmncsa_fall_052,fall,train,/Users/varunreddyseelam/Desktop/Gen_ai/final_pipeline/data/windows/train/fall/gmncsa24_gmncsa_fall_052/gmncsa24_gmncsa_fall_052_w0026.json
gmncsa24_gmncsa_fall_052_w0040,gmncsa24_gmncsa_fall_052,fall,train,/Users/varunreddyseelam/Desktop/Gen_ai/final_pipeline/data/windows/train/fall/gmncsa24_gmncsa_fall_052/gmncsa24_gmncsa_fall_052_w0040.json
gmncsa24_gmncsa_fall_052_w0017,gmncsa24_gmncsa_fall_052,fall,train,/Users/varunreddyseelam/Desktop/Gen_ai/final_pipeline/data/windows/train/fall/gmncsa24_gmncsa_fall_052/gmncsa24_gmncsa_fall_052_w0017.json
gmncsa24_gmncsa_fall_052_w0001,gmncsa24_gmncsa_fall_052,fall,train,/Users/varunreddyseelam/Desktop/Gen_ai/final_pipeline/data/windows/train/fall/gmncsa24_gmncsa_fall_052/gmncsa24_gmncsa_fall_052_w0001.json
gmncsa24_gmncsa_fall_052_w0021,gmncsa24_gmncsa_fall_052,fall,train,/Users/varunreddyseelam/Desktop/Gen_ai/final_pipeline/data/windows/train/fall/gmncsa24_gmncsa_fall_052/gmncsa24_gmncsa_fall_052_w0021.json
gmncsa24_gmncsa_fall_052_w0037,gmncsa24_gmncsa_fall_052,fall,train,/Users/varunreddyseelam/Desktop/Gen_ai/final_pipeline/data/windows/train/fall/gmncsa24_gmncsa_fall_052/gmncsa24_gmncsa_fall_052_w0037.json
gmncsa24_gmncsa_fall_052_w0036,gmncsa24_gmncsa_fall_052,fall,train,/Users/varunreddyseelam/Desktop/Gen_ai/final_pipeline/data/windows/train/fall/gmncsa24_gmncsa_fall_052/gmncsa24_gmncsa_fall_052_w0036.json
gmncsa24_gmncsa_fall_052_w0020,gmncsa24_gmncsa_fall_052,fall,train,/Users/varunreddyseelam/Desktop/Gen_ai/final_pipeline/data/windows/train/fall/gmncsa24_gmncsa_fall_052/gmncsa24_gmncsa_fall_052_w0020.json
gmncsa24_gmncsa_fall_052_w0000,gmncsa24_gmncsa_fall_052,fall,train,/Users/varunreddyseelam/Desktop/Gen_ai/final_pipeline/data/windows/train/fall/gmncsa24_gmncsa_fall_052/gmncsa24_gmncsa_fall_052_w0000.json
gmncsa24_gmncsa_fall_052_w0016,gmncsa24_gmncsa_fall_052,fall,train,/Users/varunreddyseelam/Desktop/Gen_ai/final_pipeline/data/windows/train/fall/gmncsa24_gmncsa_fall_052/gmncsa24_gmncsa_fall_052_w0016.json
gmncsa24_gmncsa_fall_055_w0008,gmncsa24_gmncsa_fall_055,fall,train,/Users/varunreddyseelam/Desktop/Gen_ai/final_pipeline/data/windows/train/fall/gmncsa24_gmncsa_fall_055/gmncsa24_gmncsa_fall_055_w0008.json
gmncsa24_gmncsa_fall_055_w0024,gmncsa24_gmncsa_fall_055,fall,train,/Users/varunreddyseelam/Desktop/Gen_ai/final_pipeline/data/windows/train/fall/gmncsa24_gmncsa_fall_055/gmncsa24_gmncsa_fall_055_w0024.json
gmncsa24_gmncsa_fall_055_w0004,gmncsa24_gmncsa_fall_055,fall,train,/Users/varunreddyseelam/Desktop/Gen_ai/final_pipeline/data/windows/train/fall/gmncsa24_gmncsa_fall_055/gmncsa24_gmncsa_fall_055_w0004.json
gmncsa24_gmncsa_fall_055_w0012,gmncsa24_gmncsa_fall_055,fall,train,/Users/varunreddyseelam/Desktop/Gen_ai/final_pipeline/data/windows/train/fall/gmncsa24_gmncsa_fall_055/gmncsa24_gmncsa_fall_055_w0012.json
gmncsa24_gmncsa_fall_055_w0013,gmncsa24_gmncsa_fall_055,fall,train,/Users/varunreddyseelam/Desktop/Gen_ai/final_pipeline/data/windows/train/fall/gmncsa24_gmncsa_fall_055/gmncsa24_gmncsa_fall_055_w0013.json
gmncsa24_gmncsa_fall_055_w0005,gmncsa24_gmncsa_fall_055,fall,train,/Users/varunreddyseelam/Desktop/Gen_ai/final_pipeline/data/windows/train/fall/gmncsa24_gmncsa_fall_055/gmncsa24_gmncsa_fall_055_w0005.json
gmncsa24_gmncsa_fall_055_w0025,gmncsa24_gmncsa_fall_055,fall,train,/Users/varunreddyseelam/Desktop/Gen_ai/final_pipeline/data/windows/train/fall/gmncsa24_gmncsa_fall_055/gmncsa24_gmncsa_fall_055_w0025.json
gmncsa24_gmncsa_fall_055_w0009,gmncsa24_gmncsa_fall_055,fall,train,/Users/varunreddyseelam/Desktop/Gen_ai/final_pipeline/data/windows/train/fall/gmncsa24_gmncsa_fall_055/gmncsa24_gmncsa_fall_055_w0009.json
gmncsa24_gmncsa_fall_055_w0002,gmncsa24_gmncsa_fall_055,fall,train,/Users/varunreddyseelam/Desktop/Gen_ai/final_pipeline/data/windows/train/fall/gmncsa24_gmncsa_fall_055/gmncsa24_gmncsa_fall_055_w0002.json
gmncsa24_gmncsa_fall_055_w0014,gmncsa24_gmncsa_fall_055,fall,train,/Users/varunreddyseelam/Desktop/Gen_ai/final_pipeline/data/windows/train/fall/gmncsa24_gmncsa_fall_055/gmncsa24_gmncsa_fall_055_w0014.json
gmncsa24_gmncsa_fall_055_w0018,gmncsa24_gmncsa_fall_055,fall,train,/Users/varunreddyseelam/Desktop/Gen_ai/final_pipeline/data/windows/train/fall/gmncsa24_gmncsa_fall_055/gmncsa24_gmncsa_fall_055_w0018.json
gmncsa24_gmncsa_fall_055_w0022,gmncsa24_gmncsa_fall_055,fall,train,/Users/varunreddyseelam/Desktop/Gen_ai/final_pipeline/data/windows/train/fall/gmncsa24_gmncsa_fall_055/gmncsa24_gmncsa_fall_055_w0022.json
gmncsa24_gmncsa_fall_055_w0023,gmncsa24_gmncsa_fall_055,fall,train,/Users/varunreddyseelam/Desktop/Gen_ai/final_pipeline/data/windows/train/fall/gmncsa24_gmncsa_fall_055/gmncsa24_gmncsa_fall_055_w0023.json
gmncsa24_gmncsa_fall_055_w0019,gmncsa24_gmncsa_fall_055,fall,train,/Users/varunreddyseelam/Desktop/Gen_ai/final_pipeline/data/windows/train/fall/gmncsa24_gmncsa_fall_055/gmncsa24_gmncsa_fall_055_w0019.json
gmncsa24_gmncsa_fall_055_w0015,gmncsa24_gmncsa_fall_055,fall,train,/Users/varunreddyseelam/Desktop/Gen_ai/final_pipeline/data/windows/train/fall/gmncsa24_gmncsa_fall_055/gmncsa24_gmncsa_fall_055_w0015.json
gmncsa24_gmncsa_fall_055_w0003,gmncsa24_gmncsa_fall_055,fall,train,/Users/varunreddyseelam/Desktop/Gen_ai/final_pipeline/data/windows/train/fall/gmncsa24_gmncsa_fall_055/gmncsa24_gmncsa_fall_055_w0003.json
gmncsa24_gmncsa_fall_055_w0016,gmncsa24_gmncsa_fall_055,fall,train,/Users/varunreddyseelam/Desktop/Gen_ai/final_pipeline/data/windows/train/fall/gmncsa24_gmncsa_fall_055/gmncsa24_gmncsa_fall_055_w0016.json
gmncsa24_gmncsa_fall_055_w0000,gmncsa24_gmncsa_fall_055,fall,train,/Users/varunreddyseelam/Desktop/Gen_ai/final_pipeline/data/windows/train/fall/gmncsa24_gmncsa_fall_055/gmncsa24_gmncsa_fall_055_w0000.json
gmncsa24_gmncsa_fall_055_w0020,gmncsa24_gmncsa_fall_055,fall,train,/Users/varunreddyseelam/Desktop/Gen_ai/final_pipeline/data/windows/train/fall/gmncsa24_gmncsa_fall_055/gmncsa24_gmncsa_fall_055_w0020.json
gmncsa24_gmncsa_fall_055_w0021,gmncsa24_gmncsa_fall_055,fall,train,/Users/varunreddyseelam/Desktop/Gen_ai/final_pipeline/data/windows/train/fall/gmncsa24_gmncsa_fall_055/gmncsa24_gmncsa_fall_055_w0021.json
gmncsa24_gmncsa_fall_055_w0001,gmncsa24_gmncsa_fall_055,fall,train,/Users/varunreddyseelam/Desktop/Gen_ai/final_pipeline/data/windows/train/fall/gmncsa24_gmncsa_fall_055/gmncsa24_gmncsa_fall_055_w0001.json
gmncsa24_gmncsa_fall_055_w0017,gmncsa24_gmncsa_fall_055,fall,train,/Users/varunreddyseelam/Desktop/Gen_ai/final_pipeline/data/windows/train/fall/gmncsa24_gmncsa_fall_055/gmncsa24_gmncsa_fall_055_w0017.json
gmncsa24_gmncsa_fall_055_w0010,gmncsa24_gmncsa_fall_055,fall,train,/Users/varunreddyseelam/Desktop/Gen_ai/final_pipeline/data/windows/train/fall/gmncsa24_gmncsa_fall_055/gmncsa24_gmncsa_fall_055_w0010.json
gmncsa24_gmncsa_fall_055_w0006,gmncsa24_gmncsa_fall_055,fall,train,/Users/varunreddyseelam/Desktop/Gen_ai/final_pipeline/data/windows/train/fall/gmncsa24_gmncsa_fall_055/gmncsa24_gmncsa_fall_055_w0006.json
gmncsa24_gmncsa_fall_055_w0007,gmncsa24_gmncsa_fall_055,fall,train,/Users/varunreddyseelam/Desktop/Gen_ai/final_pipeline/data/windows/train/fall/gmncsa24_gmncsa_fall_055/gmncsa24_gmncsa_fall_055_w0007.json
gmncsa24_gmncsa_fall_055_w0011,gmncsa24_gmncsa_fall_055,fall,train,/Users/varunreddyseelam/Desktop/Gen_ai/final_pipeline/data/windows/train/fall/gmncsa24_gmncsa_fall_055/gmncsa24_gmncsa_fall_055_w0011.json
le2i_CR02_video_62_fall_w0000,le2i_CR02_video_62_fall,fall,train,/Users/varunreddyseelam/Desktop/Gen_ai/final_pipeline/data/windows/train/fall/le2i_CR02_video_62_fall/le2i_CR02_video_62_fall_w0000.json
le2i_CR02_video_62_fall_w0001,le2i_CR02_video_62_fall,fall,train,/Users/varunreddyseelam/Desktop/Gen_ai/final_pipeline/data/windows/train/fall/le2i_CR02_video_62_fall/le2i_CR02_video_62_fall_w0001.json
urfd_fall-28-cam0_w0003,urfd_fall-28-cam0,fall,train,/Users/varunreddyseelam/Desktop/Gen_ai/final_pipeline/data/windows/train/fall/urfd_fall-28-cam0/urfd_fall-28-cam0_w0003.json
urfd_fall-28-cam0_w0002,urfd_fall-28-cam0,fall,train,/Users/varunreddyseelam/Desktop/Gen_ai/final_pipeline/data/windows/train/fall/urfd_fall-28-cam0/urfd_fall-28-cam0_w0002.json
urfd_fall-28-cam0_w0009,urfd_fall-28-cam0,fall,train,/Users/varunreddyseelam/Desktop/Gen_ai/final_pipeline/data/windows/train/fall/urfd_fall-28-cam0/urfd_fall-28-cam0_w0009.json
urfd_fall-28-cam0_w0005,urfd_fall-28-cam0,fall,train,/Users/varunreddyseelam/Desktop/Gen_ai/final_pipeline/data/windows/train/fall/urfd_fall-28-cam0/urfd_fall-28-cam0_w0005.json
urfd_fall-28-cam0_w0004,urfd_fall-28-cam0,fall,train,/Users/varunreddyseelam/Desktop/Gen_ai/final_pipeline/data/windows/train/fall/urfd_fall-28-cam0/urfd_fall-28-cam0_w0004.json
urfd_fall-28-cam0_w0008,urfd_fall-28-cam0,fall,train,/Users/varunreddyseelam/Desktop/Gen_ai/final_pipeline/data/windows/train/fall/urfd_fall-28-cam0/urfd_fall-28-cam0_w0008.json
urfd_fall-28-cam0_w0007,urfd_fall-28-cam0,fall,train,/Users/varunreddyseelam/Desktop/Gen_ai/final_pipeline/data/windows/train/fall/urfd_fall-28-cam0/urfd_fall-28-cam0_w0007.json
urfd_fall-28-cam0_w0011,urfd_fall-28-cam0,fall,train,/Users/varunreddyseelam/Desktop/Gen_ai/final_pipeline/data/windows/train/fall/urfd_fall-28-cam0/urfd_fall-28-cam0_w0011.json
urfd_fall-28-cam0_w0010,urfd_fall-28-cam0,fall,train,/Users/varunreddyseelam/Desktop/Gen_ai/final_pipeline/data/windows/train/fall/urfd_fall-28-cam0/urfd_fall-28-cam0_w0010.json
urfd_fall-28-cam0_w0006,urfd_fall-28-cam0,fall,train,/Users/varunreddyseelam/Desktop/Gen_ai/final_pipeline/data/windows/train/fall/urfd_fall-28-cam0/urfd_fall-28-cam0_w0006.json
urfd_fall-28-cam0_w0001,urfd_fall-28-cam0,fall,train,/Users/varunreddyseelam/Desktop/Gen_ai/final_pipeline/data/windows/train/fall/urfd_fall-28-cam0/urfd_fall-28-cam0_w0001.json
urfd_fall-28-cam0_w0000,urfd_fall-28-cam0,fall,train,/Users/varunreddyseelam/Desktop/Gen_ai/final_pipeline/data/windows/train/fall/urfd_fall-28-cam0/urfd_fall-28-cam0_w0000.json
le2i_CR01_video_18_fall_w0001,le2i_CR01_video_18_fall,fall,train,/Users/varunreddyseelam/Desktop/Gen_ai/final_pipeline/data/windows/train/fall/le2i_CR01_video_18_fall/le2i_CR01_video_18_fall_w0001.json
le2i_CR01_video_18_fall_w0000,le2i_CR01_video_18_fall,fall,train,/Users/varunreddyseelam/Desktop/Gen_ai/final_pipeline/data/windows/train/fall/le2i_CR01_video_18_fall/le2i_CR01_video_18_fall_w0000.json
le2i_CR01_video_18_fall_w0004,le2i_CR01_video_18_fall,fall,train,/Users/varunreddyseelam/Desktop/Gen_ai/final_pipeline/data/windows/train/fall/le2i_CR01_video_18_fall/le2i_CR01_video_18_fall_w0004.json
le2i_CR01_video_18_fall_w0003,le2i_CR01_video_18_fall,fall,train,/Users/varunreddyseelam/Desktop/Gen_ai/final_pipeline/data/windows/train/fall/le2i_CR01_video_18_fall/le2i_CR01_video_18_fall_w0003.json
le2i_CR01_video_18_fall_w0002,le2i_CR01_video_18_fall,fall,train,/Users/varunreddyseelam/Desktop/Gen_ai/final_pipeline/data/windows/train/fall/le2i_CR01_video_18_fall/le2i_CR01_video_18_fall_w0002.json
le2i_CR01_video_34_fall_w0000,le2i_CR01_video_34_fall,fall,train,/Users/varunreddyseelam/Desktop/Gen_ai/final_pipeline/data/windows/train/fall/le2i_CR01_video_34_fall/le2i_CR01_video_34_fall_w0000.json
le2i_CR01_video_34_fall_w0001,le2i_CR01_video_34_fall,fall,train,/Users/varunreddyseelam/Desktop/Gen_ai/final_pipeline/data/windows/train/fall/le2i_CR01_video_34_fall/le2i_CR01_video_34_fall_w0001.json
le2i_CR01_video_34_fall_w0002,le2i_CR01_video_34_fall,fall,train,/Users/varunreddyseelam/Desktop/Gen_ai/final_pipeline/data/windows/train/fall/le2i_CR01_video_34_fall/le2i_CR01_video_34_fall_w0002.json
le2i_CR01_video_34_fall_w0003,le2i_CR01_video_34_fall,fall,train,/Users/varunreddyseelam/Desktop/Gen_ai/final_pipeline/data/windows/train/fall/le2i_CR01_video_34_fall/le2i_CR01_video_34_fall_w0003.json
le2i_H01_video_20_fall_w0000,le2i_H01_video_20_fall,fall,train,/Users/varunreddyseelam/Desktop/Gen_ai/final_pipeline/data/windows/train/fall/le2i_H01_video_20_fall/le2i_H01_video_20_fall_w0000.json
le2i_CR02_video_58_fall_w0004,le2i_CR02_video_58_fall,fall,train,/Users/varunreddyseelam/Desktop/Gen_ai/final_pipeline/data/windows/train/fall/le2i_CR02_video_58_fall/le2i_CR02_video_58_fall_w0004.json
le2i_CR02_video_58_fall_w0003,le2i_CR02_video_58_fall,fall,train,/Users/varunreddyseelam/Desktop/Gen_ai/final_pipeline/data/windows/train/fall/le2i_CR02_video_58_fall/le2i_CR02_video_58_fall_w0003.json
le2i_CR02_video_58_fall_w0002,le2i_CR02_video_58_fall,fall,train,/Users/varunreddyseelam/Desktop/Gen_ai/final_pipeline/data/windows/train/fall/le2i_CR02_video_58_fall/le2i_CR02_video_58_fall_w0002.json
le2i_CR02_video_58_fall_w0001,le2i_CR02_video_58_fall,fall,train,/Users/varunreddyseelam/Desktop/Gen_ai/final_pipeline/data/windows/train/fall/le2i_CR02_video_58_fall/le2i_CR02_video_58_fall_w0001.json
le2i_CR02_video_58_fall_w0000,le2i_CR02_video_58_fall,fall,train,/Users/varunreddyseelam/Desktop/Gen_ai/final_pipeline/data/windows/train/fall/le2i_CR02_video_58_fall/le2i_CR02_video_58_fall_w0000.json
urfd_fall-12-cam0_w0014,urfd_fall-12-cam0,fall,train,/Users/varunreddyseelam/Desktop/Gen_ai/final_pipeline/data/windows/train/fall/urfd_fall-12-cam0/urfd_fall-12-cam0_w0014.json
urfd_fall-12-cam0_w0002,urfd_fall-12-cam0,fall,train,/Users/varunreddyseelam/Desktop/Gen_ai/final_pipeline/data/windows/train/fall/urfd_fall-12-cam0/urfd_fall-12-cam0_w0002.json
urfd_fall-12-cam0_w0018,urfd_fall-12-cam0,fall,train,/Users/varunreddyseelam/Desktop/Gen_ai/final_pipeline/data/windows/train/fall/urfd_fall-12-cam0/urfd_fall-12-cam0_w0018.json
urfd_fall-12-cam0_w0019,urfd_fall-12-cam0,fall,train,/Users/varunreddyseelam/Desktop/Gen_ai/final_pipeline/data/windows/train/fall/urfd_fall-12-cam0/urfd_fall-12-cam0_w0019.json
urfd_fall-12-cam0_w0003,urfd_fall-12-cam0,fall,train,/Users/varunreddyseelam/Desktop/Gen_ai/final_pipeline/data/windows/train/fall/urfd_fall-12-cam0/urfd_fall-12-cam0_w0003.json
urfd_fall-12-cam0_w0015,urfd_fall-12-cam0,fall,train,/Users/varunreddyseelam/Desktop/Gen_ai/final_pipeline/data/windows/train/fall/urfd_fall-12-cam0/urfd_fall-12-cam0_w0015.json
urfd_fall-12-cam0_w0008,urfd_fall-12-cam0,fall,train,/Users/varunreddyseelam/Desktop/Gen_ai/final_pipeline/data/windows/train/fall/urfd_fall-12-cam0/urfd_fall-12-cam0_w0008.json
urfd_fall-12-cam0_w0012,urfd_fall-12-cam0,fall,train,/Users/varunreddyseelam/Desktop/Gen_ai/final_pipeline/data/windows/train/fall/urfd_fall-12-cam0/urfd_fall-12-cam0_w0012.json
urfd_fall-12-cam0_w0004,urfd_fall-12-cam0,fall,train,/Users/varunreddyseelam/Desktop/Gen_ai/final_pipeline/data/windows/train/fall/urfd_fall-12-cam0/urfd_fall-12-cam0_w0004.json
urfd_fall-12-cam0_w0005,urfd_fall-12-cam0,fall,train,/Users/varunreddyseelam/Desktop/Gen_ai/final_pipeline/data/windows/train/fall/urfd_fall-12-cam0/urfd_fall-12-cam0_w0005.json
urfd_fall-12-cam0_w0013,urfd_fall-12-cam0,fall,train,/Users/varunreddyseelam/Desktop/Gen_ai/final_pipeline/data/windows/train/fall/urfd_fall-12-cam0/urfd_fall-12-cam0_w0013.json
urfd_fall-12-cam0_w0009,urfd_fall-12-cam0,fall,train,/Users/varunreddyseelam/Desktop/Gen_ai/final_pipeline/data/windows/train/fall/urfd_fall-12-cam0/urfd_fall-12-cam0_w0009.json
urfd_fall-12-cam0_w0006,urfd_fall-12-cam0,fall,train,/Users/varunreddyseelam/Desktop/Gen_ai/final_pipeline/data/windows/train/fall/urfd_fall-12-cam0/urfd_fall-12-cam0_w0006.json
urfd_fall-12-cam0_w0010,urfd_fall-12-cam0,fall,train,/Users/varunreddyseelam/Desktop/Gen_ai/final_pipeline/data/windows/train/fall/urfd_fall-12-cam0/urfd_fall-12-cam0_w0010.json
urfd_fall-12-cam0_w0011,urfd_fall-12-cam0,fall,train,/Users/varunreddyseelam/Desktop/Gen_ai/final_pipeline/data/windows/train/fall/urfd_fall-12-cam0/urfd_fall-12-cam0_w0011.json
urfd_fall-12-cam0_w0007,urfd_fall-12-cam0,fall,train,/Users/varunreddyseelam/Desktop/Gen_ai/final_pipeline/data/windows/train/fall/urfd_fall-12-cam0/urfd_fall-12-cam0_w0007.json
urfd_fall-12-cam0_w0000,urfd_fall-12-cam0,fall,train,/Users/varunreddyseelam/Desktop/Gen_ai/final_pipeline/data/windows/train/fall/urfd_fall-12-cam0/urfd_fall-12-cam0_w0000.json
urfd_fall-12-cam0_w0016,urfd_fall-12-cam0,fall,train,/Users/varunreddyseelam/Desktop/Gen_ai/final_pipeline/data/windows/train/fall/urfd_fall-12-cam0/urfd_fall-12-cam0_w0016.json
urfd_fall-12-cam0_w0017,urfd_fall-12-cam0,fall,train,/Users/varunreddyseelam/Desktop/Gen_ai/final_pipeline/data/windows/train/fall/urfd_fall-12-cam0/urfd_fall-12-cam0_w0017.json
urfd_fall-12-cam0_w0001,urfd_fall-12-cam0,fall,train,/Users/varunreddyseelam/Desktop/Gen_ai/final_pipeline/data/windows/train/fall/urfd_fall-12-cam0/urfd_fall-12-cam0_w0001.json
le2i_CR01_video_43_fall_w0002,le2i_CR01_video_43_fall,fall,train,/Users/varunreddyseelam/Desktop/Gen_ai/final_pipeline/data/windows/train/fall/le2i_CR01_video_43_fall/le2i_CR01_video_43_fall_w0002.json
le2i_CR01_video_43_fall_w0003,le2i_CR01_video_43_fall,fall,train,/Users/varunreddyseelam/Desktop/Gen_ai/final_pipeline/data/windows/train/fall/le2i_CR01_video_43_fall/le2i_CR01_video_43_fall_w0003.json
le2i_CR01_video_43_fall_w0004,le2i_CR01_video_43_fall,fall,train,/Users/varunreddyseelam/Desktop/Gen_ai/final_pipeline/data/windows/train/fall/le2i_CR01_video_43_fall/le2i_CR01_video_43_fall_w0004.json
le2i_CR01_video_43_fall_w0000,le2i_CR01_video_43_fall,fall,train,/Users/varunreddyseelam/Desktop/Gen_ai/final_pipeline/data/windows/train/fall/le2i_CR01_video_43_fall/le2i_CR01_video_43_fall_w0000.json
le2i_CR01_video_43_fall_w0001,le2i_CR01_video_43_fall,fall,train,/Users/varunreddyseelam/Desktop/Gen_ai/final_pipeline/data/windows/train/fall/le2i_CR01_video_43_fall/le2i_CR01_video_43_fall_w0001.json
le2i_CR01_video_14_fall_w0002,le2i_CR01_video_14_fall,fall,train,/Users/varunreddyseelam/Desktop/Gen_ai/final_pipeline/data/windows/train/fall/le2i_CR01_video_14_fall/le2i_CR01_video_14_fall_w0002.json
le2i_CR01_video_14_fall_w0000,le2i_CR01_video_14_fall,fall,train,/Users/varunreddyseelam/Desktop/Gen_ai/final_pipeline/data/windows/train/fall/le2i_CR01_video_14_fall/le2i_CR01_video_14_fall_w0000.json
le2i_CR01_video_14_fall_w0001,le2i_CR01_video_14_fall,fall,train,/Users/varunreddyseelam/Desktop/Gen_ai/final_pipeline/data/windows/train/fall/le2i_CR01_video_14_fall/le2i_CR01_video_14_fall_w0001.json
le2i_H01_video_16_fall_w0000,le2i_H01_video_16_fall,fall,train,/Users/varunreddyseelam/Desktop/Gen_ai/final_pipeline/data/windows/train/fall/le2i_H01_video_16_fall/le2i_H01_video_16_fall_w0000.json
le2i_CR01_video_1_fall_w0003,le2i_CR01_video_1_fall,fall,train,/Users/varunreddyseelam/Desktop/Gen_ai/final_pipeline/data/windows/train/fall/le2i_CR01_video_1_fall/le2i_CR01_video_1_fall_w0003.json
le2i_CR01_video_1_fall_w0002,le2i_CR01_video_1_fall,fall,train,/Users/varunreddyseelam/Desktop/Gen_ai/final_pipeline/data/windows/train/fall/le2i_CR01_video_1_fall/le2i_CR01_video_1_fall_w0002.json
le2i_CR01_video_1_fall_w0004,le2i_CR01_video_1_fall,fall,train,/Users/varunreddyseelam/Desktop/Gen_ai/final_pipeline/data/windows/train/fall/le2i_CR01_video_1_fall/le2i_CR01_video_1_fall_w0004.json
le2i_CR01_video_1_fall_w0001,le2i_CR01_video_1_fall,fall,train,/Users/varunreddyseelam/Desktop/Gen_ai/final_pipeline/data/windows/train/fall/le2i_CR01_video_1_fall/le2i_CR01_video_1_fall_w0001.json
le2i_CR01_video_1_fall_w0000,le2i_CR01_video_1_fall,fall,train,/Users/varunreddyseelam/Desktop/Gen_ai/final_pipeline/data/windows/train/fall/le2i_CR01_video_1_fall/le2i_CR01_video_1_fall_w0000.json
urfd_fall-08-cam0_w0011,urfd_fall-08-cam0,fall,train,/Users/varunreddyseelam/Desktop/Gen_ai/final_pipeline/data/windows/train/fall/urfd_fall-08-cam0/urfd_fall-08-cam0_w0011.json
urfd_fall-08-cam0_w0007,urfd_fall-08-cam0,fall,train,/Users/varunreddyseelam/Desktop/Gen_ai/final_pipeline/data/windows/train/fall/urfd_fall-08-cam0/urfd_fall-08-cam0_w0007.json
urfd_fall-08-cam0_w0006,urfd_fall-08-cam0,fall,train,/Users/varunreddyseelam/Desktop/Gen_ai/final_pipeline/data/windows/train/fall/urfd_fall-08-cam0/urfd_fall-08-cam0_w0006.json
urfd_fall-08-cam0_w0010,urfd_fall-08-cam0,fall,train,/Users/varunreddyseelam/Desktop/Gen_ai/final_pipeline/data/windows/train/fall/urfd_fall-08-cam0/urfd_fall-08-cam0_w0010.json
urfd_fall-08-cam0_w0001,urfd_fall-08-cam0,fall,train,/Users/varunreddyseelam/Desktop/Gen_ai/final_pipeline/data/windows/train/fall/urfd_fall-08-cam0/urfd_fall-08-cam0_w0001.json
urfd_fall-08-cam0_w0000,urfd_fall-08-cam0,fall,train,/Users/varunreddyseelam/Desktop/Gen_ai/final_pipeline/data/windows/train/fall/urfd_fall-08-cam0/urfd_fall-08-cam0_w0000.json
urfd_fall-08-cam0_w0016,urfd_fall-08-cam0,fall,train,/Users/varunreddyseelam/Desktop/Gen_ai/final_pipeline/data/windows/train/fall/urfd_fall-08-cam0/urfd_fall-08-cam0_w0016.json
urfd_fall-08-cam0_w0003,urfd_fall-08-cam0,fall,train,/Users/varunreddyseelam/Desktop/Gen_ai/final_pipeline/data/windows/train/fall/urfd_fall-08-cam0/urfd_fall-08-cam0_w0003.json
urfd_fall-08-cam0_w0015,urfd_fall-08-cam0,fall,train,/Users/varunreddyseelam/Desktop/Gen_ai/final_pipeline/data/windows/train/fall/urfd_fall-08-cam0/urfd_fall-08-cam0_w0015.json
urfd_fall-08-cam0_w0014,urfd_fall-08-cam0,fall,train,/Users/varunreddyseelam/Desktop/Gen_ai/final_pipeline/data/windows/train/fall/urfd_fall-08-cam0/urfd_fall-08-cam0_w0014.json
urfd_fall-08-cam0_w0002,urfd_fall-08-cam0,fall,train,/Users/varunreddyseelam/Desktop/Gen_ai/final_pipeline/data/windows/train/fall/urfd_fall-08-cam0/urfd_fall-08-cam0_w0002.json
urfd_fall-08-cam0_w0005,urfd_fall-08-cam0,fall,train,/Users/varunreddyseelam/Desktop/Gen_ai/final_pipeline/data/windows/train/fall/urfd_fall-08-cam0/urfd_fall-08-cam0_w0005.json
urfd_fall-08-cam0_w0013,urfd_fall-08-cam0,fall,train,/Users/varunreddyseelam/Desktop/Gen_ai/final_pipeline/data/windows/train/fall/urfd_fall-08-cam0/urfd_fall-08-cam0_w0013.json
urfd_fall-08-cam0_w0009,urfd_fall-08-cam0,fall,train,/Users/varunreddyseelam/Desktop/Gen_ai/final_pipeline/data/windows/train/fall/urfd_fall-08-cam0/urfd_fall-08-cam0_w0009.json
urfd_fall-08-cam0_w0008,urfd_fall-08-cam0,fall,train,/Users/varunreddyseelam/Desktop/Gen_ai/final_pipeline/data/windows/train/fall/urfd_fall-08-cam0/urfd_fall-08-cam0_w0008.json
urfd_fall-08-cam0_w0012,urfd_fall-08-cam0,fall,train,/Users/varunreddyseelam/Desktop/Gen_ai/final_pipeline/data/windows/train/fall/urfd_fall-08-cam0/urfd_fall-08-cam0_w0012.json
urfd_fall-08-cam0_w0004,urfd_fall-08-cam0,fall,train,/Users/varunreddyseelam/Desktop/Gen_ai/final_pipeline/data/windows/train/fall/urfd_fall-08-cam0/urfd_fall-08-cam0_w0004.json
le2i_CR01_video_38_fall_w0002,le2i_CR01_video_38_fall,fall,train,/Users/varunreddyseelam/Desktop/Gen_ai/final_pipeline/data/windows/train/fall/le2i_CR01_video_38_fall/le2i_CR01_video_38_fall_w0002.json
le2i_CR01_video_38_fall_w0001,le2i_CR01_video_38_fall,fall,train,/Users/varunreddyseelam/Desktop/Gen_ai/final_pipeline/data/windows/train/fall/le2i_CR01_video_38_fall/le2i_CR01_video_38_fall_w0001.json
le2i_CR01_video_38_fall_w0000,le2i_CR01_video_38_fall,fall,train,/Users/varunreddyseelam/Desktop/Gen_ai/final_pipeline/data/windows/train/fall/le2i_CR01_video_38_fall/le2i_CR01_video_38_fall_w0000.json
le2i_CR02_video_54_fall_w0000,le2i_CR02_video_54_fall,fall,train,/Users/varunreddyseelam/Desktop/Gen_ai/final_pipeline/data/windows/train/fall/le2i_CR02_video_54_fall/le2i_CR02_video_54_fall_w0000.json
le2i_CR02_video_54_fall_w0001,le2i_CR02_video_54_fall,fall,train,/Users/varunreddyseelam/Desktop/Gen_ai/final_pipeline/data/windows/train/fall/le2i_CR02_video_54_fall/le2i_CR02_video_54_fall_w0001.json
le2i_CR02_video_54_fall_w0002,le2i_CR02_video_54_fall,fall,train,/Users/varunreddyseelam/Desktop/Gen_ai/final_pipeline/data/windows/train/fall/le2i_CR02_video_54_fall/le2i_CR02_video_54_fall_w0002.json
urfd_fall-15-cam0_w0003,urfd_fall-15-cam0,fall,train,/Users/varunreddyseelam/Desktop/Gen_ai/final_pipeline/data/windows/train/fall/urfd_fall-15-cam0/urfd_fall-15-cam0_w0003.json
urfd_fall-15-cam0_w0002,urfd_fall-15-cam0,fall,train,/Users/varunreddyseelam/Desktop/Gen_ai/final_pipeline/data/windows/train/fall/urfd_fall-15-cam0/urfd_fall-15-cam0_w0002.json
urfd_fall-15-cam0_w0009,urfd_fall-15-cam0,fall,train,/Users/varunreddyseelam/Desktop/Gen_ai/final_pipeline/data/windows/train/fall/urfd_fall-15-cam0/urfd_fall-15-cam0_w0009.json
urfd_fall-15-cam0_w0005,urfd_fall-15-cam0,fall,train,/Users/varunreddyseelam/Desktop/Gen_ai/final_pipeline/data/windows/train/fall/urfd_fall-15-cam0/urfd_fall-15-cam0_w0005.json
urfd_fall-15-cam0_w0004,urfd_fall-15-cam0,fall,train,/Users/varunreddyseelam/Desktop/Gen_ai/final_pipeline/data/windows/train/fall/urfd_fall-15-cam0/urfd_fall-15-cam0_w0004.json
urfd_fall-15-cam0_w0012,urfd_fall-15-cam0,fall,train,/Users/varunreddyseelam/Desktop/Gen_ai/final_pipeline/data/windows/train/fall/urfd_fall-15-cam0/urfd_fall-15-cam0_w0012.json
urfd_fall-15-cam0_w0008,urfd_fall-15-cam0,fall,train,/Users/varunreddyseelam/Desktop/Gen_ai/final_pipeline/data/windows/train/fall/urfd_fall-15-cam0/urfd_fall-15-cam0_w0008.json
urfd_fall-15-cam0_w0007,urfd_fall-15-cam0,fall,train,/Users/varunreddyseelam/Desktop/Gen_ai/final_pipeline/data/windows/train/fall/urfd_fall-15-cam0/urfd_fall-15-cam0_w0007.json
urfd_fall-15-cam0_w0011,urfd_fall-15-cam0,fall,train,/Users/varunreddyseelam/Desktop/Gen_ai/final_pipeline/data/windows/train/fall/urfd_fall-15-cam0/urfd_fall-15-cam0_w0011.json
urfd_fall-15-cam0_w0010,urfd_fall-15-cam0,fall,train,/Users/varunreddyseelam/Desktop/Gen_ai/final_pipeline/data/windows/train/fall/urfd_fall-15-cam0/urfd_fall-15-cam0_w0010.json
urfd_fall-15-cam0_w0006,urfd_fall-15-cam0,fall,train,/Users/varunreddyseelam/Desktop/Gen_ai/final_pipeline/data/windows/train/fall/urfd_fall-15-cam0/urfd_fall-15-cam0_w0006.json
urfd_fall-15-cam0_w0001,urfd_fall-15-cam0,fall,train,/Users/varunreddyseelam/Desktop/Gen_ai/final_pipeline/data/windows/train/fall/urfd_fall-15-cam0/urfd_fall-15-cam0_w0001.json
urfd_fall-15-cam0_w0000,urfd_fall-15-cam0,fall,train,/Users/varunreddyseelam/Desktop/Gen_ai/final_pipeline/data/windows/train/fall/urfd_fall-15-cam0/urfd_fall-15-cam0_w0000.json
le2i_CR01_video_25_fall_w0001,le2i_CR01_video_25_fall,fall,train,/Users/varunreddyseelam/Desktop/Gen_ai/final_pipeline/data/windows/train/fall/le2i_CR01_video_25_fall/le2i_CR01_video_25_fall_w0001.json
le2i_CR01_video_25_fall_w0000,le2i_CR01_video_25_fall,fall,train,/Users/varunreddyseelam/Desktop/Gen_ai/final_pipeline/data/windows/train/fall/le2i_CR01_video_25_fall/le2i_CR01_video_25_fall_w0000.json
le2i_CR01_video_25_fall_w0006,le2i_CR01_video_25_fall,fall,train,/Users/varunreddyseelam/Desktop/Gen_ai/final_pipeline/data/windows/train/fall/le2i_CR01_video_25_fall/le2i_CR01_video_25_fall_w0006.json
le2i_CR01_video_25_fall_w0005,le2i_CR01_video_25_fall,fall,train,/Users/varunreddyseelam/Desktop/Gen_ai/final_pipeline/data/windows/train/fall/le2i_CR01_video_25_fall/le2i_CR01_video_25_fall_w0005.json
le2i_CR01_video_25_fall_w0004,le2i_CR01_video_25_fall,fall,train,/Users/varunreddyseelam/Desktop/Gen_ai/final_pipeline/data/windows/train/fall/le2i_CR01_video_25_fall/le2i_CR01_video_25_fall_w0004.json
le2i_CR01_video_25_fall_w0003,le2i_CR01_video_25_fall,fall,train,/Users/varunreddyseelam/Desktop/Gen_ai/final_pipeline/data/windows/train/fall/le2i_CR01_video_25_fall/le2i_CR01_video_25_fall_w0003.json
le2i_CR01_video_25_fall_w0002,le2i_CR01_video_25_fall,fall,train,/Users/varunreddyseelam/Desktop/Gen_ai/final_pipeline/data/windows/train/fall/le2i_CR01_video_25_fall/le2i_CR01_video_25_fall_w0002.json
le2i_CR01_video_33_fall_w0001,le2i_CR01_video_33_fall,fall,train,/Users/varunreddyseelam/Desktop/Gen_ai/final_pipeline/data/windows/train/fall/le2i_CR01_video_33_fall/le2i_CR01_video_33_fall_w0001.json
le2i_CR01_video_33_fall_w0000,le2i_CR01_video_33_fall,fall,train,/Users/varunreddyseelam/Desktop/Gen_ai/final_pipeline/data/windows/train/fall/le2i_CR01_video_33_fall/le2i_CR01_video_33_fall_w0000.json
le2i_CR01_video_33_fall_w0003,le2i_CR01_video_33_fall,fall,train,/Users/varunreddyseelam/Desktop/Gen_ai/final_pipeline/data/windows/train/fall/le2i_CR01_video_33_fall/le2i_CR01_video_33_fall_w0003.json
le2i_CR01_video_33_fall_w0002,le2i_CR01_video_33_fall,fall,train,/Users/varunreddyseelam/Desktop/Gen_ai/final_pipeline/data/windows/train/fall/le2i_CR01_video_33_fall/le2i_CR01_video_33_fall_w0002.json
urfd_fall-03-cam0_w0019,urfd_fall-03-cam0,fall,train,/Users/varunreddyseelam/Desktop/Gen_ai/final_pipeline/data/windows/train/fall/urfd_fall-03-cam0/urfd_fall-03-cam0_w0019.json
urfd_fall-03-cam0_w0035,urfd_fall-03-cam0,fall,train,/Users/varunreddyseelam/Desktop/Gen_ai/final_pipeline/data/windows/train/fall/urfd_fall-03-cam0/urfd_fall-03-cam0_w0035.json
urfd_fall-03-cam0_w0023,urfd_fall-03-cam0,fall,train,/Users/varunreddyseelam/Desktop/Gen_ai/final_pipeline/data/windows/train/fall/urfd_fall-03-cam0/urfd_fall-03-cam0_w0023.json
urfd_fall-03-cam0_w0003,urfd_fall-03-cam0,fall,train,/Users/varunreddyseelam/Desktop/Gen_ai/final_pipeline/data/windows/train/fall/urfd_fall-03-cam0/urfd_fall-03-cam0_w0003.json
urfd_fall-03-cam0_w0015,urfd_fall-03-cam0,fall,train,/Users/varunreddyseelam/Desktop/Gen_ai/final_pipeline/data/windows/train/fall/urfd_fall-03-cam0/urfd_fall-03-cam0_w0015.json
urfd_fall-03-cam0_w0039,urfd_fall-03-cam0,fall,train,/Users/varunreddyseelam/Desktop/Gen_ai/final_pipeline/data/windows/train/fall/urfd_fall-03-cam0/urfd_fall-03-cam0_w0039.json
urfd_fall-03-cam0_w0038,urfd_fall-03-cam0,fall,train,/Users/varunreddyseelam/Desktop/Gen_ai/final_pipeline/data/windows/train/fall/urfd_fall-03-cam0/urfd_fall-03-cam0_w0038.json
urfd_fall-03-cam0_w0014,urfd_fall-03-cam0,fall,train,/Users/varunreddyseelam/Desktop/Gen_ai/final_pipeline/data/windows/train/fall/urfd_fall-03-cam0/urfd_fall-03-cam0_w0014.json
urfd_fall-03-cam0_w0002,urfd_fall-03-cam0,fall,train,/Users/varunreddyseelam/Desktop/Gen_ai/final_pipeline/data/windows/train/fall/urfd_fall-03-cam0/urfd_fall-03-cam0_w0002.json
urfd_fall-03-cam0_w0022,urfd_fall-03-cam0,fall,train,/Users/varunreddyseelam/Desktop/Gen_ai/final_pipeline/data/windows/train/fall/urfd_fall-03-cam0/urfd_fall-03-cam0_w0022.json
urfd_fall-03-cam0_w0034,urfd_fall-03-cam0,fall,train,/Users/varunreddyseelam/Desktop/Gen_ai/final_pipeline/data/windows/train/fall/urfd_fall-03-cam0/urfd_fall-03-cam0_w0034.json
urfd_fall-03-cam0_w0018,urfd_fall-03-cam0,fall,train,/Users/varunreddyseelam/Desktop/Gen_ai/final_pipeline/data/windows/train/fall/urfd_fall-03-cam0/urfd_fall-03-cam0_w0018.json
urfd_fall-03-cam0_w0005,urfd_fall-03-cam0,fall,train,/Users/varunreddyseelam/Desktop/Gen_ai/final_pipeline/data/windows/train/fall/urfd_fall-03-cam0/urfd_fall-03-cam0_w0005.json
urfd_fall-03-cam0_w0013,urfd_fall-03-cam0,fall,train,/Users/varunreddyseelam/Desktop/Gen_ai/final_pipeline/data/windows/train/fall/urfd_fall-03-cam0/urfd_fall-03-cam0_w0013.json
urfd_fall-03-cam0_w0029,urfd_fall-03-cam0,fall,train,/Users/varunreddyseelam/Desktop/Gen_ai/final_pipeline/data/windows/train/fall/urfd_fall-03-cam0/urfd_fall-03-cam0_w0029.json
urfd_fall-03-cam0_w0009,urfd_fall-03-cam0,fall,train,/Users/varunreddyseelam/Desktop/Gen_ai/final_pipeline/data/windows/train/fall/urfd_fall-03-cam0/urfd_fall-03-cam0_w0009.json
urfd_fall-03-cam0_w0033,urfd_fall-03-cam0,fall,train,/Users/varunreddyseelam/Desktop/Gen_ai/final_pipeline/data/windows/train/fall/urfd_fall-03-cam0/urfd_fall-03-cam0_w0033.json
urfd_fall-03-cam0_w0025,urfd_fall-03-cam0,fall,train,/Users/varunreddyseelam/Desktop/Gen_ai/final_pipeline/data/windows/train/fall/urfd_fall-03-cam0/urfd_fall-03-cam0_w0025.json
urfd_fall-03-cam0_w0024,urfd_fall-03-cam0,fall,train,/Users/varunreddyseelam/Desktop/Gen_ai/final_pipeline/data/windows/train/fall/urfd_fall-03-cam0/urfd_fall-03-cam0_w0024.json
urfd_fall-03-cam0_w0032,urfd_fall-03-cam0,fall,train,/Users/varunreddyseelam/Desktop/Gen_ai/final_pipeline/data/windows/train/fall/urfd_fall-03-cam0/urfd_fall-03-cam0_w0032.json
urfd_fall-03-cam0_w0008,urfd_fall-03-cam0,fall,train,/Users/varunreddyseelam/Desktop/Gen_ai/final_pipeline/data/windows/train/fall/urfd_fall-03-cam0/urfd_fall-03-cam0_w0008.json
urfd_fall-03-cam0_w0028,urfd_fall-03-cam0,fall,train,/Users/varunreddyseelam/Desktop/Gen_ai/final_pipeline/data/windows/train/fall/urfd_fall-03-cam0/urfd_fall-03-cam0_w0028.json
urfd_fall-03-cam0_w0012,urfd_fall-03-cam0,fall,train,/Users/varunreddyseelam/Desktop/Gen_ai/final_pipeline/data/windows/train/fall/urfd_fall-03-cam0/urfd_fall-03-cam0_w0012.json
urfd_fall-03-cam0_w0004,urfd_fall-03-cam0,fall,train,/Users/varunreddyseelam/Desktop/Gen_ai/final_pipeline/data/windows/train/fall/urfd_fall-03-cam0/urfd_fall-03-cam0_w0004.json
urfd_fall-03-cam0_w0011,urfd_fall-03-cam0,fall,train,/Users/varunreddyseelam/Desktop/Gen_ai/final_pipeline/data/windows/train/fall/urfd_fall-03-cam0/urfd_fall-03-cam0_w0011.json
urfd_fall-03-cam0_w0007,urfd_fall-03-cam0,fall,train,/Users/varunreddyseelam/Desktop/Gen_ai/final_pipeline/data/windows/train/fall/urfd_fall-03-cam0/urfd_fall-03-cam0_w0007.json
urfd_fall-03-cam0_w0027,urfd_fall-03-cam0,fall,train,/Users/varunreddyseelam/Desktop/Gen_ai/final_pipeline/data/windows/train/fall/urfd_fall-03-cam0/urfd_fall-03-cam0_w0027.json
urfd_fall-03-cam0_w0031,urfd_fall-03-cam0,fall,train,/Users/varunreddyseelam/Desktop/Gen_ai/final_pipeline/data/windows/train/fall/urfd_fall-03-cam0/urfd_fall-03-cam0_w0031.json
urfd_fall-03-cam0_w0030,urfd_fall-03-cam0,fall,train,/Users/varunreddyseelam/Desktop/Gen_ai/final_pipeline/data/windows/train/fall/urfd_fall-03-cam0/urfd_fall-03-cam0_w0030.json
urfd_fall-03-cam0_w0026,urfd_fall-03-cam0,fall,train,/Users/varunreddyseelam/Desktop/Gen_ai/final_pipeline/data/windows/train/fall/urfd_fall-03-cam0/urfd_fall-03-cam0_w0026.json
urfd_fall-03-cam0_w0006,urfd_fall-03-cam0,fall,train,/Users/varunreddyseelam/Desktop/Gen_ai/final_pipeline/data/windows/train/fall/urfd_fall-03-cam0/urfd_fall-03-cam0_w0006.json
urfd_fall-03-cam0_w0010,urfd_fall-03-cam0,fall,train,/Users/varunreddyseelam/Desktop/Gen_ai/final_pipeline/data/windows/train/fall/urfd_fall-03-cam0/urfd_fall-03-cam0_w0010.json
urfd_fall-03-cam0_w0021,urfd_fall-03-cam0,fall,train,/Users/varunreddyseelam/Desktop/Gen_ai/final_pipeline/data/windows/train/fall/urfd_fall-03-cam0/urfd_fall-03-cam0_w0021.json
urfd_fall-03-cam0_w0037,urfd_fall-03-cam0,fall,train,/Users/varunreddyseelam/Desktop/Gen_ai/final_pipeline/data/windows/train/fall/urfd_fall-03-cam0/urfd_fall-03-cam0_w0037.json
urfd_fall-03-cam0_w0040,urfd_fall-03-cam0,fall,train,/Users/varunreddyseelam/Desktop/Gen_ai/final_pipeline/data/windows/train/fall/urfd_fall-03-cam0/urfd_fall-03-cam0_w0040.json
urfd_fall-03-cam0_w0017,urfd_fall-03-cam0,fall,train,/Users/varunreddyseelam/Desktop/Gen_ai/final_pipeline/data/windows/train/fall/urfd_fall-03-cam0/urfd_fall-03-cam0_w0017.json
urfd_fall-03-cam0_w0001,urfd_fall-03-cam0,fall,train,/Users/varunreddyseelam/Desktop/Gen_ai/final_pipeline/data/windows/train/fall/urfd_fall-03-cam0/urfd_fall-03-cam0_w0001.json
urfd_fall-03-cam0_w0000,urfd_fall-03-cam0,fall,train,/Users/varunreddyseelam/Desktop/Gen_ai/final_pipeline/data/windows/train/fall/urfd_fall-03-cam0/urfd_fall-03-cam0_w0000.json
urfd_fall-03-cam0_w0016,urfd_fall-03-cam0,fall,train,/Users/varunreddyseelam/Desktop/Gen_ai/final_pipeline/data/windows/train/fall/urfd_fall-03-cam0/urfd_fall-03-cam0_w0016.json
urfd_fall-03-cam0_w0036,urfd_fall-03-cam0,fall,train,/Users/varunreddyseelam/Desktop/Gen_ai/final_pipeline/data/windows/train/fall/urfd_fall-03-cam0/urfd_fall-03-cam0_w0036.json
urfd_fall-03-cam0_w0020,urfd_fall-03-cam0,fall,train,/Users/varunreddyseelam/Desktop/Gen_ai/final_pipeline/data/windows/train/fall/urfd_fall-03-cam0/urfd_fall-03-cam0_w0020.json
le2i_CR02_video_49_fall_w0002,le2i_CR02_video_49_fall,fall,train,/Users/varunreddyseelam/Desktop/Gen_ai/final_pipeline/data/windows/train/fall/le2i_CR02_video_49_fall/le2i_CR02_video_49_fall_w0002.json
le2i_CR02_video_49_fall_w0003,le2i_CR02_video_49_fall,fall,train,/Users/varunreddyseelam/Desktop/Gen_ai/final_pipeline/data/windows/train/fall/le2i_CR02_video_49_fall/le2i_CR02_video_49_fall_w0003.json
le2i_CR02_video_49_fall_w0000,le2i_CR02_video_49_fall,fall,train,/Users/varunreddyseelam/Desktop/Gen_ai/final_pipeline/data/windows/train/fall/le2i_CR02_video_49_fall/le2i_CR02_video_49_fall_w0000.json
le2i_CR02_video_49_fall_w0001,le2i_CR02_video_49_fall,fall,train,/Users/varunreddyseelam/Desktop/Gen_ai/final_pipeline/data/windows/train/fall/le2i_CR02_video_49_fall/le2i_CR02_video_49_fall_w0001.json
urfd_fall-19-cam0_w0006,urfd_fall-19-cam0,fall,train,/Users/varunreddyseelam/Desktop/Gen_ai/final_pipeline/data/windows/train/fall/urfd_fall-19-cam0/urfd_fall-19-cam0_w0006.json
urfd_fall-19-cam0_w0010,urfd_fall-19-cam0,fall,train,/Users/varunreddyseelam/Desktop/Gen_ai/final_pipeline/data/windows/train/fall/urfd_fall-19-cam0/urfd_fall-19-cam0_w0010.json
urfd_fall-19-cam0_w0011,urfd_fall-19-cam0,fall,train,/Users/varunreddyseelam/Desktop/Gen_ai/final_pipeline/data/windows/train/fall/urfd_fall-19-cam0/urfd_fall-19-cam0_w0011.json
urfd_fall-19-cam0_w0007,urfd_fall-19-cam0,fall,train,/Users/varunreddyseelam/Desktop/Gen_ai/final_pipeline/data/windows/train/fall/urfd_fall-19-cam0/urfd_fall-19-cam0_w0007.json
urfd_fall-19-cam0_w0000,urfd_fall-19-cam0,fall,train,/Users/varunreddyseelam/Desktop/Gen_ai/final_pipeline/data/windows/train/fall/urfd_fall-19-cam0/urfd_fall-19-cam0_w0000.json
urfd_fall-19-cam0_w0016,urfd_fall-19-cam0,fall,train,/Users/varunreddyseelam/Desktop/Gen_ai/final_pipeline/data/windows/train/fall/urfd_fall-19-cam0/urfd_fall-19-cam0_w0016.json
urfd_fall-19-cam0_w0017,urfd_fall-19-cam0,fall,train,/Users/varunreddyseelam/Desktop/Gen_ai/final_pipeline/data/windows/train/fall/urfd_fall-19-cam0/urfd_fall-19-cam0_w0017.json
urfd_fall-19-cam0_w0001,urfd_fall-19-cam0,fall,train,/Users/varunreddyseelam/Desktop/Gen_ai/final_pipeline/data/windows/train/fall/urfd_fall-19-cam0/urfd_fall-19-cam0_w0001.json
urfd_fall-19-cam0_w0014,urfd_fall-19-cam0,fall,train,/Users/varunreddyseelam/Desktop/Gen_ai/final_pipeline/data/windows/train/fall/urfd_fall-19-cam0/urfd_fall-19-cam0_w0014.json
urfd_fall-19-cam0_w0002,urfd_fall-19-cam0,fall,train,/Users/varunreddyseelam/Desktop/Gen_ai/final_pipeline/data/windows/train/fall/urfd_fall-19-cam0/urfd_fall-19-cam0_w0002.json
urfd_fall-19-cam0_w0003,urfd_fall-19-cam0,fall,train,/Users/varunreddyseelam/Desktop/Gen_ai/final_pipeline/data/windows/train/fall/urfd_fall-19-cam0/urfd_fall-19-cam0_w0003.json
urfd_fall-19-cam0_w0015,urfd_fall-19-cam0,fall,train,/Users/varunreddyseelam/Desktop/Gen_ai/final_pipeline/data/windows/train/fall/urfd_fall-19-cam0/urfd_fall-19-cam0_w0015.json
urfd_fall-19-cam0_w0008,urfd_fall-19-cam0,fall,train,/Users/varunreddyseelam/Desktop/Gen_ai/final_pipeline/data/windows/train/fall/urfd_fall-19-cam0/urfd_fall-19-cam0_w0008.json
urfd_fall-19-cam0_w0012,urfd_fall-19-cam0,fall,train,/Users/varunreddyseelam/Desktop/Gen_ai/final_pipeline/data/windows/train/fall/urfd_fall-19-cam0/urfd_fall-19-cam0_w0012.json
urfd_fall-19-cam0_w0004,urfd_fall-19-cam0,fall,train,/Users/varunreddyseelam/Desktop/Gen_ai/final_pipeline/data/windows/train/fall/urfd_fall-19-cam0/urfd_fall-19-cam0_w0004.json
urfd_fall-19-cam0_w0005,urfd_fall-19-cam0,fall,train,/Users/varunreddyseelam/Desktop/Gen_ai/final_pipeline/data/windows/train/fall/urfd_fall-19-cam0/urfd_fall-19-cam0_w0005.json
urfd_fall-19-cam0_w0013,urfd_fall-19-cam0,fall,train,/Users/varunreddyseelam/Desktop/Gen_ai/final_pipeline/data/windows/train/fall/urfd_fall-19-cam0/urfd_fall-19-cam0_w0013.json
urfd_fall-19-cam0_w0009,urfd_fall-19-cam0,fall,train,/Users/varunreddyseelam/Desktop/Gen_ai/final_pipeline/data/windows/train/fall/urfd_fall-19-cam0/urfd_fall-19-cam0_w0009.json
le2i_CR02_video_53_fall_w0001,le2i_CR02_video_53_fall,fall,train,/Users/varunreddyseelam/Desktop/Gen_ai/final_pipeline/data/windows/train/fall/le2i_CR02_video_53_fall/le2i_CR02_video_53_fall_w0001.json
le2i_CR02_video_53_fall_w0000,le2i_CR02_video_53_fall,fall,train,/Users/varunreddyseelam/Desktop/Gen_ai/final_pipeline/data/windows/train/fall/le2i_CR02_video_53_fall/le2i_CR02_video_53_fall_w0000.json
le2i_CR02_video_53_fall_w0003,le2i_CR02_video_53_fall,fall,train,/Users/varunreddyseelam/Desktop/Gen_ai/final_pipeline/data/windows/train/fall/le2i_CR02_video_53_fall/le2i_CR02_video_53_fall_w0003.json
le2i_CR02_video_53_fall_w0002,le2i_CR02_video_53_fall,fall,train,/Users/varunreddyseelam/Desktop/Gen_ai/final_pipeline/data/windows/train/fall/le2i_CR02_video_53_fall/le2i_CR02_video_53_fall_w0002.json
le2i_CR01_video_29_fall_w0004,le2i_CR01_video_29_fall,fall,train,/Users/varunreddyseelam/Desktop/Gen_ai/final_pipeline/data/windows/train/fall/le2i_CR01_video_29_fall/le2i_CR01_video_29_fall_w0004.json
le2i_CR01_video_29_fall_w0002,le2i_CR01_video_29_fall,fall,train,/Users/varunreddyseelam/Desktop/Gen_ai/final_pipeline/data/windows/train/fall/le2i_CR01_video_29_fall/le2i_CR01_video_29_fall_w0002.json
le2i_CR01_video_29_fall_w0003,le2i_CR01_video_29_fall,fall,train,/Users/varunreddyseelam/Desktop/Gen_ai/final_pipeline/data/windows/train/fall/le2i_CR01_video_29_fall/le2i_CR01_video_29_fall_w0003.json
le2i_CR01_video_29_fall_w0000,le2i_CR01_video_29_fall,fall,train,/Users/varunreddyseelam/Desktop/Gen_ai/final_pipeline/data/windows/train/fall/le2i_CR01_video_29_fall/le2i_CR01_video_29_fall_w0000.json
le2i_CR01_video_29_fall_w0001,le2i_CR01_video_29_fall,fall,train,/Users/varunreddyseelam/Desktop/Gen_ai/final_pipeline/data/windows/train/fall/le2i_CR01_video_29_fall/le2i_CR01_video_29_fall_w0001.json
le2i_H01_video_7_fall_w0000,le2i_H01_video_7_fall,fall,train,/Users/varunreddyseelam/Desktop/Gen_ai/final_pipeline/data/windows/train/fall/le2i_H01_video_7_fall/le2i_H01_video_7_fall_w0000.json
le2i_H01_video_11_fall_w0001,le2i_H01_video_11_fall,fall,train,/Users/varunreddyseelam/Desktop/Gen_ai/final_pipeline/data/windows/train/fall/le2i_H01_video_11_fall/le2i_H01_video_11_fall_w0001.json
le2i_H01_video_11_fall_w0000,le2i_H01_video_11_fall,fall,train,/Users/varunreddyseelam/Desktop/Gen_ai/final_pipeline/data/windows/train/fall/le2i_H01_video_11_fall/le2i_H01_video_11_fall_w0000.json
le2i_H01_video_11_fall_w0003,le2i_H01_video_11_fall,fall,train,/Users/varunreddyseelam/Desktop/Gen_ai/final_pipeline/data/windows/train/fall/le2i_H01_video_11_fall/le2i_H01_video_11_fall_w0003.json
le2i_H01_video_11_fall_w0002,le2i_H01_video_11_fall,fall,train,/Users/varunreddyseelam/Desktop/Gen_ai/final_pipeline/data/windows/train/fall/le2i_H01_video_11_fall/le2i_H01_video_11_fall_w0002.json
le2i_H01_video_11_fall_w0004,le2i_H01_video_11_fall,fall,train,/Users/varunreddyseelam/Desktop/Gen_ai/final_pipeline/data/windows/train/fall/le2i_H01_video_11_fall/le2i_H01_video_11_fall_w0004.json
gmncsa24_gmncsa_fall_077_w0000,gmncsa24_gmncsa_fall_077,fall,train,/Users/varunreddyseelam/Desktop/Gen_ai/final_pipeline/data/windows/train/fall/gmncsa24_gmncsa_fall_077/gmncsa24_gmncsa_fall_077_w0000.json
gmncsa24_gmncsa_fall_077_w0016,gmncsa24_gmncsa_fall_077,fall,train,/Users/varunreddyseelam/Desktop/Gen_ai/final_pipeline/data/windows/train/fall/gmncsa24_gmncsa_fall_077/gmncsa24_gmncsa_fall_077_w0016.json
gmncsa24_gmncsa_fall_077_w0020,gmncsa24_gmncsa_fall_077,fall,train,/Users/varunreddyseelam/Desktop/Gen_ai/final_pipeline/data/windows/train/fall/gmncsa24_gmncsa_fall_077/gmncsa24_gmncsa_fall_077_w0020.json
gmncsa24_gmncsa_fall_077_w0021,gmncsa24_gmncsa_fall_077,fall,train,/Users/varunreddyseelam/Desktop/Gen_ai/final_pipeline/data/windows/train/fall/gmncsa24_gmncsa_fall_077/gmncsa24_gmncsa_fall_077_w0021.json
gmncsa24_gmncsa_fall_077_w0017,gmncsa24_gmncsa_fall_077,fall,train,/Users/varunreddyseelam/Desktop/Gen_ai/final_pipeline/data/windows/train/fall/gmncsa24_gmncsa_fall_077/gmncsa24_gmncsa_fall_077_w0017.json
gmncsa24_gmncsa_fall_077_w0001,gmncsa24_gmncsa_fall_077,fall,train,/Users/varunreddyseelam/Desktop/Gen_ai/final_pipeline/data/windows/train/fall/gmncsa24_gmncsa_fall_077/gmncsa24_gmncsa_fall_077_w0001.json
gmncsa24_gmncsa_fall_077_w0030,gmncsa24_gmncsa_fall_077,fall,train,/Users/varunreddyseelam/Desktop/Gen_ai/final_pipeline/data/windows/train/fall/gmncsa24_gmncsa_fall_077/gmncsa24_gmncsa_fall_077_w0030.json
gmncsa24_gmncsa_fall_077_w0026,gmncsa24_gmncsa_fall_077,fall,train,/Users/varunreddyseelam/Desktop/Gen_ai/final_pipeline/data/windows/train/fall/gmncsa24_gmncsa_fall_077/gmncsa24_gmncsa_fall_077_w0026.json
gmncsa24_gmncsa_fall_077_w0006,gmncsa24_gmncsa_fall_077,fall,train,/Users/varunreddyseelam/Desktop/Gen_ai/final_pipeline/data/windows/train/fall/gmncsa24_gmncsa_fall_077/gmncsa24_gmncsa_fall_077_w0006.json
gmncsa24_gmncsa_fall_077_w0010,gmncsa24_gmncsa_fall_077,fall,train,/Users/varunreddyseelam/Desktop/Gen_ai/final_pipeline/data/windows/train/fall/gmncsa24_gmncsa_fall_077/gmncsa24_gmncsa_fall_077_w0010.json
gmncsa24_gmncsa_fall_077_w0011,gmncsa24_gmncsa_fall_077,fall,train,/Users/varunreddyseelam/Desktop/Gen_ai/final_pipeline/data/windows/train/fall/gmncsa24_gmncsa_fall_077/gmncsa24_gmncsa_fall_077_w0011.json
gmncsa24_gmncsa_fall_077_w0007,gmncsa24_gmncsa_fall_077,fall,train,/Users/varunreddyseelam/Desktop/Gen_ai/final_pipeline/data/windows/train/fall/gmncsa24_gmncsa_fall_077/gmncsa24_gmncsa_fall_077_w0007.json
gmncsa24_gmncsa_fall_077_w0027,gmncsa24_gmncsa_fall_077,fall,train,/Users/varunreddyseelam/Desktop/Gen_ai/final_pipeline/data/windows/train/fall/gmncsa24_gmncsa_fall_077/gmncsa24_gmncsa_fall_077_w0027.json
gmncsa24_gmncsa_fall_077_w0031,gmncsa24_gmncsa_fall_077,fall,train,/Users/varunreddyseelam/Desktop/Gen_ai/final_pipeline/data/windows/train/fall/gmncsa24_gmncsa_fall_077/gmncsa24_gmncsa_fall_077_w0031.json
gmncsa24_gmncsa_fall_077_w0024,gmncsa24_gmncsa_fall_077,fall,train,/Users/varunreddyseelam/Desktop/Gen_ai/final_pipeline/data/windows/train/fall/gmncsa24_gmncsa_fall_077/gmncsa24_gmncsa_fall_077_w0024.json
gmncsa24_gmncsa_fall_077_w0008,gmncsa24_gmncsa_fall_077,fall,train,/Users/varunreddyseelam/Desktop/Gen_ai/final_pipeline/data/windows/train/fall/gmncsa24_gmncsa_fall_077/gmncsa24_gmncsa_fall_077_w0008.json
gmncsa24_gmncsa_fall_077_w0028,gmncsa24_gmncsa_fall_077,fall,train,/Users/varunreddyseelam/Desktop/Gen_ai/final_pipeline/data/windows/train/fall/gmncsa24_gmncsa_fall_077/gmncsa24_gmncsa_fall_077_w0028.json
gmncsa24_gmncsa_fall_077_w0012,gmncsa24_gmncsa_fall_077,fall,train,/Users/varunreddyseelam/Desktop/Gen_ai/final_pipeline/data/windows/train/fall/gmncsa24_gmncsa_fall_077/gmncsa24_gmncsa_fall_077_w0012.json
gmncsa24_gmncsa_fall_077_w0004,gmncsa24_gmncsa_fall_077,fall,train,/Users/varunreddyseelam/Desktop/Gen_ai/final_pipeline/data/windows/train/fall/gmncsa24_gmncsa_fall_077/gmncsa24_gmncsa_fall_077_w0004.json
gmncsa24_gmncsa_fall_077_w0005,gmncsa24_gmncsa_fall_077,fall,train,/Users/varunreddyseelam/Desktop/Gen_ai/final_pipeline/data/windows/train/fall/gmncsa24_gmncsa_fall_077/gmncsa24_gmncsa_fall_077_w0005.json
gmncsa24_gmncsa_fall_077_w0013,gmncsa24_gmncsa_fall_077,fall,train,/Users/varunreddyseelam/Desktop/Gen_ai/final_pipeline/data/windows/train/fall/gmncsa24_gmncsa_fall_077/gmncsa24_gmncsa_fall_077_w0013.json
gmncsa24_gmncsa_fall_077_w0029,gmncsa24_gmncsa_fall_077,fall,train,/Users/varunreddyseelam/Desktop/Gen_ai/final_pipeline/data/windows/train/fall/gmncsa24_gmncsa_fall_077/gmncsa24_gmncsa_fall_077_w0029.json
gmncsa24_gmncsa_fall_077_w0009,gmncsa24_gmncsa_fall_077,fall,train,/Users/varunreddyseelam/Desktop/Gen_ai/final_pipeline/data/windows/train/fall/gmncsa24_gmncsa_fall_077/gmncsa24_gmncsa_fall_077_w0009.json
gmncsa24_gmncsa_fall_077_w0025,gmncsa24_gmncsa_fall_077,fall,train,/Users/varunreddyseelam/Desktop/Gen_ai/final_pipeline/data/windows/train/fall/gmncsa24_gmncsa_fall_077/gmncsa24_gmncsa_fall_077_w0025.json
gmncsa24_gmncsa_fall_077_w0014,gmncsa24_gmncsa_fall_077,fall,train,/Users/varunreddyseelam/Desktop/Gen_ai/final_pipeline/data/windows/train/fall/gmncsa24_gmncsa_fall_077/gmncsa24_gmncsa_fall_077_w0014.json
gmncsa24_gmncsa_fall_077_w0002,gmncsa24_gmncsa_fall_077,fall,train,/Users/varunreddyseelam/Desktop/Gen_ai/final_pipeline/data/windows/train/fall/gmncsa24_gmncsa_fall_077/gmncsa24_gmncsa_fall_077_w0002.json
gmncsa24_gmncsa_fall_077_w0022,gmncsa24_gmncsa_fall_077,fall,train,/Users/varunreddyseelam/Desktop/Gen_ai/final_pipeline/data/windows/train/fall/gmncsa24_gmncsa_fall_077/gmncsa24_gmncsa_fall_077_w0022.json
gmncsa24_gmncsa_fall_077_w0018,gmncsa24_gmncsa_fall_077,fall,train,/Users/varunreddyseelam/Desktop/Gen_ai/final_pipeline/data/windows/train/fall/gmncsa24_gmncsa_fall_077/gmncsa24_gmncsa_fall_077_w0018.json
gmncsa24_gmncsa_fall_077_w0019,gmncsa24_gmncsa_fall_077,fall,train,/Users/varunreddyseelam/Desktop/Gen_ai/final_pipeline/data/windows/train/fall/gmncsa24_gmncsa_fall_077/gmncsa24_gmncsa_fall_077_w0019.json
gmncsa24_gmncsa_fall_077_w0023,gmncsa24_gmncsa_fall_077,fall,train,/Users/varunreddyseelam/Desktop/Gen_ai/final_pipeline/data/windows/train/fall/gmncsa24_gmncsa_fall_077/gmncsa24_gmncsa_fall_077_w0023.json
gmncsa24_gmncsa_fall_077_w0003,gmncsa24_gmncsa_fall_077,fall,train,/Users/varunreddyseelam/Desktop/Gen_ai/final_pipeline/data/windows/train/fall/gmncsa24_gmncsa_fall_077/gmncsa24_gmncsa_fall_077_w0003.json
gmncsa24_gmncsa_fall_077_w0015,gmncsa24_gmncsa_fall_077,fall,train,/Users/varunreddyseelam/Desktop/Gen_ai/final_pipeline/data/windows/train/fall/gmncsa24_gmncsa_fall_077/gmncsa24_gmncsa_fall_077_w0015.json
gmncsa24_gmncsa_fall_070_w0031,gmncsa24_gmncsa_fall_070,fall,train,/Users/varunreddyseelam/Desktop/Gen_ai/final_pipeline/data/windows/train/fall/gmncsa24_gmncsa_fall_070/gmncsa24_gmncsa_fall_070_w0031.json
gmncsa24_gmncsa_fall_070_w0027,gmncsa24_gmncsa_fall_070,fall,train,/Users/varunreddyseelam/Desktop/Gen_ai/final_pipeline/data/windows/train/fall/gmncsa24_gmncsa_fall_070/gmncsa24_gmncsa_fall_070_w0027.json
gmncsa24_gmncsa_fall_070_w0007,gmncsa24_gmncsa_fall_070,fall,train,/Users/varunreddyseelam/Desktop/Gen_ai/final_pipeline/data/windows/train/fall/gmncsa24_gmncsa_fall_070/gmncsa24_gmncsa_fall_070_w0007.json
gmncsa24_gmncsa_fall_070_w0011,gmncsa24_gmncsa_fall_070,fall,train,/Users/varunreddyseelam/Desktop/Gen_ai/final_pipeline/data/windows/train/fall/gmncsa24_gmncsa_fall_070/gmncsa24_gmncsa_fall_070_w0011.json
gmncsa24_gmncsa_fall_070_w0010,gmncsa24_gmncsa_fall_070,fall,train,/Users/varunreddyseelam/Desktop/Gen_ai/final_pipeline/data/windows/train/fall/gmncsa24_gmncsa_fall_070/gmncsa24_gmncsa_fall_070_w0010.json
gmncsa24_gmncsa_fall_070_w0006,gmncsa24_gmncsa_fall_070,fall,train,/Users/varunreddyseelam/Desktop/Gen_ai/final_pipeline/data/windows/train/fall/gmncsa24_gmncsa_fall_070/gmncsa24_gmncsa_fall_070_w0006.json
gmncsa24_gmncsa_fall_070_w0026,gmncsa24_gmncsa_fall_070,fall,train,/Users/varunreddyseelam/Desktop/Gen_ai/final_pipeline/data/windows/train/fall/gmncsa24_gmncsa_fall_070/gmncsa24_gmncsa_fall_070_w0026.json
gmncsa24_gmncsa_fall_070_w0030,gmncsa24_gmncsa_fall_070,fall,train,/Users/varunreddyseelam/Desktop/Gen_ai/final_pipeline/data/windows/train/fall/gmncsa24_gmncsa_fall_070/gmncsa24_gmncsa_fall_070_w0030.json
gmncsa24_gmncsa_fall_070_w0001,gmncsa24_gmncsa_fall_070,fall,train,/Users/varunreddyseelam/Desktop/Gen_ai/final_pipeline/data/windows/train/fall/gmncsa24_gmncsa_fall_070/gmncsa24_gmncsa_fall_070_w0001.json
gmncsa24_gmncsa_fall_070_w0017,gmncsa24_gmncsa_fall_070,fall,train,/Users/varunreddyseelam/Desktop/Gen_ai/final_pipeline/data/windows/train/fall/gmncsa24_gmncsa_fall_070/gmncsa24_gmncsa_fall_070_w0017.json
gmncsa24_gmncsa_fall_070_w0021,gmncsa24_gmncsa_fall_070,fall,train,/Users/varunreddyseelam/Desktop/Gen_ai/final_pipeline/data/windows/train/fall/gmncsa24_gmncsa_fall_070/gmncsa24_gmncsa_fall_070_w0021.json
gmncsa24_gmncsa_fall_070_w0020,gmncsa24_gmncsa_fall_070,fall,train,/Users/varunreddyseelam/Desktop/Gen_ai/final_pipeline/data/windows/train/fall/gmncsa24_gmncsa_fall_070/gmncsa24_gmncsa_fall_070_w0020.json
gmncsa24_gmncsa_fall_070_w0016,gmncsa24_gmncsa_fall_070,fall,train,/Users/varunreddyseelam/Desktop/Gen_ai/final_pipeline/data/windows/train/fall/gmncsa24_gmncsa_fall_070/gmncsa24_gmncsa_fall_070_w0016.json
gmncsa24_gmncsa_fall_070_w0000,gmncsa24_gmncsa_fall_070,fall,train,/Users/varunreddyseelam/Desktop/Gen_ai/final_pipeline/data/windows/train/fall/gmncsa24_gmncsa_fall_070/gmncsa24_gmncsa_fall_070_w0000.json
gmncsa24_gmncsa_fall_070_w0015,gmncsa24_gmncsa_fall_070,fall,train,/Users/varunreddyseelam/Desktop/Gen_ai/final_pipeline/data/windows/train/fall/gmncsa24_gmncsa_fall_070/gmncsa24_gmncsa_fall_070_w0015.json
gmncsa24_gmncsa_fall_070_w0003,gmncsa24_gmncsa_fall_070,fall,train,/Users/varunreddyseelam/Desktop/Gen_ai/final_pipeline/data/windows/train/fall/gmncsa24_gmncsa_fall_070/gmncsa24_gmncsa_fall_070_w0003.json
gmncsa24_gmncsa_fall_070_w0023,gmncsa24_gmncsa_fall_070,fall,train,/Users/varunreddyseelam/Desktop/Gen_ai/final_pipeline/data/windows/train/fall/gmncsa24_gmncsa_fall_070/gmncsa24_gmncsa_fall_070_w0023.json
gmncsa24_gmncsa_fall_070_w0019,gmncsa24_gmncsa_fall_070,fall,train,/Users/varunreddyseelam/Desktop/Gen_ai/final_pipeline/data/windows/train/fall/gmncsa24_gmncsa_fall_070/gmncsa24_gmncsa_fall_070_w0019.json
gmncsa24_gmncsa_fall_070_w0018,gmncsa24_gmncsa_fall_070,fall,train,/Users/varunreddyseelam/Desktop/Gen_ai/final_pipeline/data/windows/train/fall/gmncsa24_gmncsa_fall_070/gmncsa24_gmncsa_fall_070_w0018.json
gmncsa24_gmncsa_fall_070_w0022,gmncsa24_gmncsa_fall_070,fall,train,/Users/varunreddyseelam/Desktop/Gen_ai/final_pipeline/data/windows/train/fall/gmncsa24_gmncsa_fall_070/gmncsa24_gmncsa_fall_070_w0022.json
gmncsa24_gmncsa_fall_070_w0002,gmncsa24_gmncsa_fall_070,fall,train,/Users/varunreddyseelam/Desktop/Gen_ai/final_pipeline/data/windows/train/fall/gmncsa24_gmncsa_fall_070/gmncsa24_gmncsa_fall_070_w0002.json
gmncsa24_gmncsa_fall_070_w0014,gmncsa24_gmncsa_fall_070,fall,train,/Users/varunreddyseelam/Desktop/Gen_ai/final_pipeline/data/windows/train/fall/gmncsa24_gmncsa_fall_070/gmncsa24_gmncsa_fall_070_w0014.json
gmncsa24_gmncsa_fall_070_w0025,gmncsa24_gmncsa_fall_070,fall,train,/Users/varunreddyseelam/Desktop/Gen_ai/final_pipeline/data/windows/train/fall/gmncsa24_gmncsa_fall_070/gmncsa24_gmncsa_fall_070_w0025.json
gmncsa24_gmncsa_fall_070_w0033,gmncsa24_gmncsa_fall_070,fall,train,/Users/varunreddyseelam/Desktop/Gen_ai/final_pipeline/data/windows/train/fall/gmncsa24_gmncsa_fall_070/gmncsa24_gmncsa_fall_070_w0033.json
gmncsa24_gmncsa_fall_070_w0009,gmncsa24_gmncsa_fall_070,fall,train,/Users/varunreddyseelam/Desktop/Gen_ai/final_pipeline/data/windows/train/fall/gmncsa24_gmncsa_fall_070/gmncsa24_gmncsa_fall_070_w0009.json
gmncsa24_gmncsa_fall_070_w0029,gmncsa24_gmncsa_fall_070,fall,train,/Users/varunreddyseelam/Desktop/Gen_ai/final_pipeline/data/windows/train/fall/gmncsa24_gmncsa_fall_070/gmncsa24_gmncsa_fall_070_w0029.json
gmncsa24_gmncsa_fall_070_w0013,gmncsa24_gmncsa_fall_070,fall,train,/Users/varunreddyseelam/Desktop/Gen_ai/final_pipeline/data/windows/train/fall/gmncsa24_gmncsa_fall_070/gmncsa24_gmncsa_fall_070_w0013.json
gmncsa24_gmncsa_fall_070_w0005,gmncsa24_gmncsa_fall_070,fall,train,/Users/varunreddyseelam/Desktop/Gen_ai/final_pipeline/data/windows/train/fall/gmncsa24_gmncsa_fall_070/gmncsa24_gmncsa_fall_070_w0005.json
gmncsa24_gmncsa_fall_070_w0004,gmncsa24_gmncsa_fall_070,fall,train,/Users/varunreddyseelam/Desktop/Gen_ai/final_pipeline/data/windows/train/fall/gmncsa24_gmncsa_fall_070/gmncsa24_gmncsa_fall_070_w0004.json
gmncsa24_gmncsa_fall_070_w0012,gmncsa24_gmncsa_fall_070,fall,train,/Users/varunreddyseelam/Desktop/Gen_ai/final_pipeline/data/windows/train/fall/gmncsa24_gmncsa_fall_070/gmncsa24_gmncsa_fall_070_w0012.json
gmncsa24_gmncsa_fall_070_w0028,gmncsa24_gmncsa_fall_070,fall,train,/Users/varunreddyseelam/Desktop/Gen_ai/final_pipeline/data/windows/train/fall/gmncsa24_gmncsa_fall_070/gmncsa24_gmncsa_fall_070_w0028.json
gmncsa24_gmncsa_fall_070_w0008,gmncsa24_gmncsa_fall_070,fall,train,/Users/varunreddyseelam/Desktop/Gen_ai/final_pipeline/data/windows/train/fall/gmncsa24_gmncsa_fall_070/gmncsa24_gmncsa_fall_070_w0008.json
gmncsa24_gmncsa_fall_070_w0032,gmncsa24_gmncsa_fall_070,fall,train,/Users/varunreddyseelam/Desktop/Gen_ai/final_pipeline/data/windows/train/fall/gmncsa24_gmncsa_fall_070/gmncsa24_gmncsa_fall_070_w0032.json
gmncsa24_gmncsa_fall_070_w0024,gmncsa24_gmncsa_fall_070,fall,train,/Users/varunreddyseelam/Desktop/Gen_ai/final_pipeline/data/windows/train/fall/gmncsa24_gmncsa_fall_070/gmncsa24_gmncsa_fall_070_w0024.json
urfd_fall-22-cam0_w0000,urfd_fall-22-cam0,fall,train,/Users/varunreddyseelam/Desktop/Gen_ai/final_pipeline/data/windows/train/fall/urfd_fall-22-cam0/urfd_fall-22-cam0_w0000.json
urfd_fall-22-cam0_w0001,urfd_fall-22-cam0,fall,train,/Users/varunreddyseelam/Desktop/Gen_ai/final_pipeline/data/windows/train/fall/urfd_fall-22-cam0/urfd_fall-22-cam0_w0001.json
urfd_fall-22-cam0_w0006,urfd_fall-22-cam0,fall,train,/Users/varunreddyseelam/Desktop/Gen_ai/final_pipeline/data/windows/train/fall/urfd_fall-22-cam0/urfd_fall-22-cam0_w0006.json
urfd_fall-22-cam0_w0007,urfd_fall-22-cam0,fall,train,/Users/varunreddyseelam/Desktop/Gen_ai/final_pipeline/data/windows/train/fall/urfd_fall-22-cam0/urfd_fall-22-cam0_w0007.json
urfd_fall-22-cam0_w0004,urfd_fall-22-cam0,fall,train,/Users/varunreddyseelam/Desktop/Gen_ai/final_pipeline/data/windows/train/fall/urfd_fall-22-cam0/urfd_fall-22-cam0_w0004.json
urfd_fall-22-cam0_w0008,urfd_fall-22-cam0,fall,train,/Users/varunreddyseelam/Desktop/Gen_ai/final_pipeline/data/windows/train/fall/urfd_fall-22-cam0/urfd_fall-22-cam0_w0008.json
urfd_fall-22-cam0_w0009,urfd_fall-22-cam0,fall,train,/Users/varunreddyseelam/Desktop/Gen_ai/final_pipeline/data/windows/train/fall/urfd_fall-22-cam0/urfd_fall-22-cam0_w0009.json
urfd_fall-22-cam0_w0005,urfd_fall-22-cam0,fall,train,/Users/varunreddyseelam/Desktop/Gen_ai/final_pipeline/data/windows/train/fall/urfd_fall-22-cam0/urfd_fall-22-cam0_w0005.json
urfd_fall-22-cam0_w0002,urfd_fall-22-cam0,fall,train,/Users/varunreddyseelam/Desktop/Gen_ai/final_pipeline/data/windows/train/fall/urfd_fall-22-cam0/urfd_fall-22-cam0_w0002.json
urfd_fall-22-cam0_w0003,urfd_fall-22-cam0,fall,train,/Users/varunreddyseelam/Desktop/Gen_ai/final_pipeline/data/windows/train/fall/urfd_fall-22-cam0/urfd_fall-22-cam0_w0003.json
gmncsa24_gmncsa_fall_046_w0018,gmncsa24_gmncsa_fall_046,fall,train,/Users/varunreddyseelam/Desktop/Gen_ai/final_pipeline/data/windows/train/fall/gmncsa24_gmncsa_fall_046/gmncsa24_gmncsa_fall_046_w0018.json
gmncsa24_gmncsa_fall_046_w0022,gmncsa24_gmncsa_fall_046,fall,train,/Users/varunreddyseelam/Desktop/Gen_ai/final_pipeline/data/windows/train/fall/gmncsa24_gmncsa_fall_046/gmncsa24_gmncsa_fall_046_w0022.json
gmncsa24_gmncsa_fall_046_w0014,gmncsa24_gmncsa_fall_046,fall,train,/Users/varunreddyseelam/Desktop/Gen_ai/final_pipeline/data/windows/train/fall/gmncsa24_gmncsa_fall_046/gmncsa24_gmncsa_fall_046_w0014.json
gmncsa24_gmncsa_fall_046_w0002,gmncsa24_gmncsa_fall_046,fall,train,/Users/varunreddyseelam/Desktop/Gen_ai/final_pipeline/data/windows/train/fall/gmncsa24_gmncsa_fall_046/gmncsa24_gmncsa_fall_046_w0002.json
gmncsa24_gmncsa_fall_046_w0003,gmncsa24_gmncsa_fall_046,fall,train,/Users/varunreddyseelam/Desktop/Gen_ai/final_pipeline/data/windows/train/fall/gmncsa24_gmncsa_fall_046/gmncsa24_gmncsa_fall_046_w0003.json
gmncsa24_gmncsa_fall_046_w0015,gmncsa24_gmncsa_fall_046,fall,train,/Users/varunreddyseelam/Desktop/Gen_ai/final_pipeline/data/windows/train/fall/gmncsa24_gmncsa_fall_046/gmncsa24_gmncsa_fall_046_w0015.json
gmncsa24_gmncsa_fall_046_w0019,gmncsa24_gmncsa_fall_046,fall,train,/Users/varunreddyseelam/Desktop/Gen_ai/final_pipeline/data/windows/train/fall/gmncsa24_gmncsa_fall_046/gmncsa24_gmncsa_fall_046_w0019.json
gmncsa24_gmncsa_fall_046_w0012,gmncsa24_gmncsa_fall_046,fall,train,/Users/varunreddyseelam/Desktop/Gen_ai/final_pipeline/data/windows/train/fall/gmncsa24_gmncsa_fall_046/gmncsa24_gmncsa_fall_046_w0012.json
gmncsa24_gmncsa_fall_046_w0004,gmncsa24_gmncsa_fall_046,fall,train,/Users/varunreddyseelam/Desktop/Gen_ai/final_pipeline/data/windows/train/fall/gmncsa24_gmncsa_fall_046/gmncsa24_gmncsa_fall_046_w0004.json
gmncsa24_gmncsa_fall_046_w0008,gmncsa24_gmncsa_fall_046,fall,train,/Users/varunreddyseelam/Desktop/Gen_ai/final_pipeline/data/windows/train/fall/gmncsa24_gmncsa_fall_046/gmncsa24_gmncsa_fall_046_w0008.json
gmncsa24_gmncsa_fall_046_w0009,gmncsa24_gmncsa_fall_046,fall,train,/Users/varunreddyseelam/Desktop/Gen_ai/final_pipeline/data/windows/train/fall/gmncsa24_gmncsa_fall_046/gmncsa24_gmncsa_fall_046_w0009.json
gmncsa24_gmncsa_fall_046_w0005,gmncsa24_gmncsa_fall_046,fall,train,/Users/varunreddyseelam/Desktop/Gen_ai/final_pipeline/data/windows/train/fall/gmncsa24_gmncsa_fall_046/gmncsa24_gmncsa_fall_046_w0005.json
gmncsa24_gmncsa_fall_046_w0013,gmncsa24_gmncsa_fall_046,fall,train,/Users/varunreddyseelam/Desktop/Gen_ai/final_pipeline/data/windows/train/fall/gmncsa24_gmncsa_fall_046/gmncsa24_gmncsa_fall_046_w0013.json
gmncsa24_gmncsa_fall_046_w0006,gmncsa24_gmncsa_fall_046,fall,train,/Users/varunreddyseelam/Desktop/Gen_ai/final_pipeline/data/windows/train/fall/gmncsa24_gmncsa_fall_046/gmncsa24_gmncsa_fall_046_w0006.json
gmncsa24_gmncsa_fall_046_w0010,gmncsa24_gmncsa_fall_046,fall,train,/Users/varunreddyseelam/Desktop/Gen_ai/final_pipeline/data/windows/train/fall/gmncsa24_gmncsa_fall_046/gmncsa24_gmncsa_fall_046_w0010.json
gmncsa24_gmncsa_fall_046_w0011,gmncsa24_gmncsa_fall_046,fall,train,/Users/varunreddyseelam/Desktop/Gen_ai/final_pipeline/data/windows/train/fall/gmncsa24_gmncsa_fall_046/gmncsa24_gmncsa_fall_046_w0011.json
gmncsa24_gmncsa_fall_046_w0007,gmncsa24_gmncsa_fall_046,fall,train,/Users/varunreddyseelam/Desktop/Gen_ai/final_pipeline/data/windows/train/fall/gmncsa24_gmncsa_fall_046/gmncsa24_gmncsa_fall_046_w0007.json
gmncsa24_gmncsa_fall_046_w0020,gmncsa24_gmncsa_fall_046,fall,train,/Users/varunreddyseelam/Desktop/Gen_ai/final_pipeline/data/windows/train/fall/gmncsa24_gmncsa_fall_046/gmncsa24_gmncsa_fall_046_w0020.json
gmncsa24_gmncsa_fall_046_w0000,gmncsa24_gmncsa_fall_046,fall,train,/Users/varunreddyseelam/Desktop/Gen_ai/final_pipeline/data/windows/train/fall/gmncsa24_gmncsa_fall_046/gmncsa24_gmncsa_fall_046_w0000.json
gmncsa24_gmncsa_fall_046_w0016,gmncsa24_gmncsa_fall_046,fall,train,/Users/varunreddyseelam/Desktop/Gen_ai/final_pipeline/data/windows/train/fall/gmncsa24_gmncsa_fall_046/gmncsa24_gmncsa_fall_046_w0016.json
gmncsa24_gmncsa_fall_046_w0017,gmncsa24_gmncsa_fall_046,fall,train,/Users/varunreddyseelam/Desktop/Gen_ai/final_pipeline/data/windows/train/fall/gmncsa24_gmncsa_fall_046/gmncsa24_gmncsa_fall_046_w0017.json
gmncsa24_gmncsa_fall_046_w0001,gmncsa24_gmncsa_fall_046,fall,train,/Users/varunreddyseelam/Desktop/Gen_ai/final_pipeline/data/windows/train/fall/gmncsa24_gmncsa_fall_046/gmncsa24_gmncsa_fall_046_w0001.json
gmncsa24_gmncsa_fall_046_w0021,gmncsa24_gmncsa_fall_046,fall,train,/Users/varunreddyseelam/Desktop/Gen_ai/final_pipeline/data/windows/train/fall/gmncsa24_gmncsa_fall_046/gmncsa24_gmncsa_fall_046_w0021.json
gmncsa24_gmncsa_fall_079_w0003,gmncsa24_gmncsa_fall_079,fall,train,/Users/varunreddyseelam/Desktop/Gen_ai/final_pipeline/data/windows/train/fall/gmncsa24_gmncsa_fall_079/gmncsa24_gmncsa_fall_079_w0003.json
gmncsa24_gmncsa_fall_079_w0015,gmncsa24_gmncsa_fall_079,fall,train,/Users/varunreddyseelam/Desktop/Gen_ai/final_pipeline/data/windows/train/fall/gmncsa24_gmncsa_fall_079/gmncsa24_gmncsa_fall_079_w0015.json
gmncsa24_gmncsa_fall_079_w0023,gmncsa24_gmncsa_fall_079,fall,train,/Users/varunreddyseelam/Desktop/Gen_ai/final_pipeline/data/windows/train/fall/gmncsa24_gmncsa_fall_079/gmncsa24_gmncsa_fall_079_w0023.json
gmncsa24_gmncsa_fall_079_w0019,gmncsa24_gmncsa_fall_079,fall,train,/Users/varunreddyseelam/Desktop/Gen_ai/final_pipeline/data/windows/train/fall/gmncsa24_gmncsa_fall_079/gmncsa24_gmncsa_fall_079_w0019.json
gmncsa24_gmncsa_fall_079_w0018,gmncsa24_gmncsa_fall_079,fall,train,/Users/varunreddyseelam/Desktop/Gen_ai/final_pipeline/data/windows/train/fall/gmncsa24_gmncsa_fall_079/gmncsa24_gmncsa_fall_079_w0018.json
gmncsa24_gmncsa_fall_079_w0022,gmncsa24_gmncsa_fall_079,fall,train,/Users/varunreddyseelam/Desktop/Gen_ai/final_pipeline/data/windows/train/fall/gmncsa24_gmncsa_fall_079/gmncsa24_gmncsa_fall_079_w0022.json
gmncsa24_gmncsa_fall_079_w0014,gmncsa24_gmncsa_fall_079,fall,train,/Users/varunreddyseelam/Desktop/Gen_ai/final_pipeline/data/windows/train/fall/gmncsa24_gmncsa_fall_079/gmncsa24_gmncsa_fall_079_w0014.json
gmncsa24_gmncsa_fall_079_w0002,gmncsa24_gmncsa_fall_079,fall,train,/Users/varunreddyseelam/Desktop/Gen_ai/final_pipeline/data/windows/train/fall/gmncsa24_gmncsa_fall_079/gmncsa24_gmncsa_fall_079_w0002.json
gmncsa24_gmncsa_fall_079_w0009,gmncsa24_gmncsa_fall_079,fall,train,/Users/varunreddyseelam/Desktop/Gen_ai/final_pipeline/data/windows/train/fall/gmncsa24_gmncsa_fall_079/gmncsa24_gmncsa_fall_079_w0009.json
gmncsa24_gmncsa_fall_079_w0005,gmncsa24_gmncsa_fall_079,fall,train,/Users/varunreddyseelam/Desktop/Gen_ai/final_pipeline/data/windows/train/fall/gmncsa24_gmncsa_fall_079/gmncsa24_gmncsa_fall_079_w0005.json
gmncsa24_gmncsa_fall_079_w0013,gmncsa24_gmncsa_fall_079,fall,train,/Users/varunreddyseelam/Desktop/Gen_ai/final_pipeline/data/windows/train/fall/gmncsa24_gmncsa_fall_079/gmncsa24_gmncsa_fall_079_w0013.json
gmncsa24_gmncsa_fall_079_w0012,gmncsa24_gmncsa_fall_079,fall,train,/Users/varunreddyseelam/Desktop/Gen_ai/final_pipeline/data/windows/train/fall/gmncsa24_gmncsa_fall_079/gmncsa24_gmncsa_fall_079_w0012.json
gmncsa24_gmncsa_fall_079_w0004,gmncsa24_gmncsa_fall_079,fall,train,/Users/varunreddyseelam/Desktop/Gen_ai/final_pipeline/data/windows/train/fall/gmncsa24_gmncsa_fall_079/gmncsa24_gmncsa_fall_079_w0004.json
gmncsa24_gmncsa_fall_079_w0008,gmncsa24_gmncsa_fall_079,fall,train,/Users/varunreddyseelam/Desktop/Gen_ai/final_pipeline/data/windows/train/fall/gmncsa24_gmncsa_fall_079/gmncsa24_gmncsa_fall_079_w0008.json
gmncsa24_gmncsa_fall_079_w0011,gmncsa24_gmncsa_fall_079,fall,train,/Users/varunreddyseelam/Desktop/Gen_ai/final_pipeline/data/windows/train/fall/gmncsa24_gmncsa_fall_079/gmncsa24_gmncsa_fall_079_w0011.json
gmncsa24_gmncsa_fall_079_w0007,gmncsa24_gmncsa_fall_079,fall,train,/Users/varunreddyseelam/Desktop/Gen_ai/final_pipeline/data/windows/train/fall/gmncsa24_gmncsa_fall_079/gmncsa24_gmncsa_fall_079_w0007.json
gmncsa24_gmncsa_fall_079_w0006,gmncsa24_gmncsa_fall_079,fall,train,/Users/varunreddyseelam/Desktop/Gen_ai/final_pipeline/data/windows/train/fall/gmncsa24_gmncsa_fall_079/gmncsa24_gmncsa_fall_079_w0006.json
gmncsa24_gmncsa_fall_079_w0010,gmncsa24_gmncsa_fall_079,fall,train,/Users/varunreddyseelam/Desktop/Gen_ai/final_pipeline/data/windows/train/fall/gmncsa24_gmncsa_fall_079/gmncsa24_gmncsa_fall_079_w0010.json
gmncsa24_gmncsa_fall_079_w0017,gmncsa24_gmncsa_fall_079,fall,train,/Users/varunreddyseelam/Desktop/Gen_ai/final_pipeline/data/windows/train/fall/gmncsa24_gmncsa_fall_079/gmncsa24_gmncsa_fall_079_w0017.json
gmncsa24_gmncsa_fall_079_w0001,gmncsa24_gmncsa_fall_079,fall,train,/Users/varunreddyseelam/Desktop/Gen_ai/final_pipeline/data/windows/train/fall/gmncsa24_gmncsa_fall_079/gmncsa24_gmncsa_fall_079_w0001.json
gmncsa24_gmncsa_fall_079_w0021,gmncsa24_gmncsa_fall_079,fall,train,/Users/varunreddyseelam/Desktop/Gen_ai/final_pipeline/data/windows/train/fall/gmncsa24_gmncsa_fall_079/gmncsa24_gmncsa_fall_079_w0021.json
gmncsa24_gmncsa_fall_079_w0020,gmncsa24_gmncsa_fall_079,fall,train,/Users/varunreddyseelam/Desktop/Gen_ai/final_pipeline/data/windows/train/fall/gmncsa24_gmncsa_fall_079/gmncsa24_gmncsa_fall_079_w0020.json
gmncsa24_gmncsa_fall_079_w0000,gmncsa24_gmncsa_fall_079,fall,train,/Users/varunreddyseelam/Desktop/Gen_ai/final_pipeline/data/windows/train/fall/gmncsa24_gmncsa_fall_079/gmncsa24_gmncsa_fall_079_w0000.json
gmncsa24_gmncsa_fall_079_w0016,gmncsa24_gmncsa_fall_079,fall,train,/Users/varunreddyseelam/Desktop/Gen_ai/final_pipeline/data/windows/train/fall/gmncsa24_gmncsa_fall_079/gmncsa24_gmncsa_fall_079_w0016.json
le2i_CR01_video_12_fall_w0002,le2i_CR01_video_12_fall,fall,train,/Users/varunreddyseelam/Desktop/Gen_ai/final_pipeline/data/windows/train/fall/le2i_CR01_video_12_fall/le2i_CR01_video_12_fall_w0002.json
le2i_CR01_video_12_fall_w0000,le2i_CR01_video_12_fall,fall,train,/Users/varunreddyseelam/Desktop/Gen_ai/final_pipeline/data/windows/train/fall/le2i_CR01_video_12_fall/le2i_CR01_video_12_fall_w0000.json
le2i_CR01_video_12_fall_w0001,le2i_CR01_video_12_fall,fall,train,/Users/varunreddyseelam/Desktop/Gen_ai/final_pipeline/data/windows/train/fall/le2i_CR01_video_12_fall/le2i_CR01_video_12_fall_w0001.json
gmncsa24_gmncsa_fall_041_w0013,gmncsa24_gmncsa_fall_041,fall,train,/Users/varunreddyseelam/Desktop/Gen_ai/final_pipeline/data/windows/train/fall/gmncsa24_gmncsa_fall_041/gmncsa24_gmncsa_fall_041_w0013.json
gmncsa24_gmncsa_fall_041_w0005,gmncsa24_gmncsa_fall_041,fall,train,/Users/varunreddyseelam/Desktop/Gen_ai/final_pipeline/data/windows/train/fall/gmncsa24_gmncsa_fall_041/gmncsa24_gmncsa_fall_041_w0005.json
gmncsa24_gmncsa_fall_041_w0009,gmncsa24_gmncsa_fall_041,fall,train,/Users/varunreddyseelam/Desktop/Gen_ai/final_pipeline/data/windows/train/fall/gmncsa24_gmncsa_fall_041/gmncsa24_gmncsa_fall_041_w0009.json
gmncsa24_gmncsa_fall_041_w0024,gmncsa24_gmncsa_fall_041,fall,train,/Users/varunreddyseelam/Desktop/Gen_ai/final_pipeline/data/windows/train/fall/gmncsa24_gmncsa_fall_041/gmncsa24_gmncsa_fall_041_w0024.json
gmncsa24_gmncsa_fall_041_w0008,gmncsa24_gmncsa_fall_041,fall,train,/Users/varunreddyseelam/Desktop/Gen_ai/final_pipeline/data/windows/train/fall/gmncsa24_gmncsa_fall_041/gmncsa24_gmncsa_fall_041_w0008.json
gmncsa24_gmncsa_fall_041_w0004,gmncsa24_gmncsa_fall_041,fall,train,/Users/varunreddyseelam/Desktop/Gen_ai/final_pipeline/data/windows/train/fall/gmncsa24_gmncsa_fall_041/gmncsa24_gmncsa_fall_041_w0004.json
gmncsa24_gmncsa_fall_041_w0012,gmncsa24_gmncsa_fall_041,fall,train,/Users/varunreddyseelam/Desktop/Gen_ai/final_pipeline/data/windows/train/fall/gmncsa24_gmncsa_fall_041/gmncsa24_gmncsa_fall_041_w0012.json
gmncsa24_gmncsa_fall_041_w0019,gmncsa24_gmncsa_fall_041,fall,train,/Users/varunreddyseelam/Desktop/Gen_ai/final_pipeline/data/windows/train/fall/gmncsa24_gmncsa_fall_041/gmncsa24_gmncsa_fall_041_w0019.json
gmncsa24_gmncsa_fall_041_w0023,gmncsa24_gmncsa_fall_041,fall,train,/Users/varunreddyseelam/Desktop/Gen_ai/final_pipeline/data/windows/train/fall/gmncsa24_gmncsa_fall_041/gmncsa24_gmncsa_fall_041_w0023.json
gmncsa24_gmncsa_fall_041_w0015,gmncsa24_gmncsa_fall_041,fall,train,/Users/varunreddyseelam/Desktop/Gen_ai/final_pipeline/data/windows/train/fall/gmncsa24_gmncsa_fall_041/gmncsa24_gmncsa_fall_041_w0015.json
gmncsa24_gmncsa_fall_041_w0003,gmncsa24_gmncsa_fall_041,fall,train,/Users/varunreddyseelam/Desktop/Gen_ai/final_pipeline/data/windows/train/fall/gmncsa24_gmncsa_fall_041/gmncsa24_gmncsa_fall_041_w0003.json
gmncsa24_gmncsa_fall_041_w0002,gmncsa24_gmncsa_fall_041,fall,train,/Users/varunreddyseelam/Desktop/Gen_ai/final_pipeline/data/windows/train/fall/gmncsa24_gmncsa_fall_041/gmncsa24_gmncsa_fall_041_w0002.json
gmncsa24_gmncsa_fall_041_w0014,gmncsa24_gmncsa_fall_041,fall,train,/Users/varunreddyseelam/Desktop/Gen_ai/final_pipeline/data/windows/train/fall/gmncsa24_gmncsa_fall_041/gmncsa24_gmncsa_fall_041_w0014.json
gmncsa24_gmncsa_fall_041_w0022,gmncsa24_gmncsa_fall_041,fall,train,/Users/varunreddyseelam/Desktop/Gen_ai/final_pipeline/data/windows/train/fall/gmncsa24_gmncsa_fall_041/gmncsa24_gmncsa_fall_041_w0022.json
gmncsa24_gmncsa_fall_041_w0018,gmncsa24_gmncsa_fall_041,fall,train,/Users/varunreddyseelam/Desktop/Gen_ai/final_pipeline/data/windows/train/fall/gmncsa24_gmncsa_fall_041/gmncsa24_gmncsa_fall_041_w0018.json
gmncsa24_gmncsa_fall_041_w0021,gmncsa24_gmncsa_fall_041,fall,train,/Users/varunreddyseelam/Desktop/Gen_ai/final_pipeline/data/windows/train/fall/gmncsa24_gmncsa_fall_041/gmncsa24_gmncsa_fall_041_w0021.json
gmncsa24_gmncsa_fall_041_w0001,gmncsa24_gmncsa_fall_041,fall,train,/Users/varunreddyseelam/Desktop/Gen_ai/final_pipeline/data/windows/train/fall/gmncsa24_gmncsa_fall_041/gmncsa24_gmncsa_fall_041_w0001.json
gmncsa24_gmncsa_fall_041_w0017,gmncsa24_gmncsa_fall_041,fall,train,/Users/varunreddyseelam/Desktop/Gen_ai/final_pipeline/data/windows/train/fall/gmncsa24_gmncsa_fall_041/gmncsa24_gmncsa_fall_041_w0017.json
gmncsa24_gmncsa_fall_041_w0016,gmncsa24_gmncsa_fall_041,fall,train,/Users/varunreddyseelam/Desktop/Gen_ai/final_pipeline/data/windows/train/fall/gmncsa24_gmncsa_fall_041/gmncsa24_gmncsa_fall_041_w0016.json
gmncsa24_gmncsa_fall_041_w0000,gmncsa24_gmncsa_fall_041,fall,train,/Users/varunreddyseelam/Desktop/Gen_ai/final_pipeline/data/windows/train/fall/gmncsa24_gmncsa_fall_041/gmncsa24_gmncsa_fall_041_w0000.json
gmncsa24_gmncsa_fall_041_w0020,gmncsa24_gmncsa_fall_041,fall,train,/Users/varunreddyseelam/Desktop/Gen_ai/final_pipeline/data/windows/train/fall/gmncsa24_gmncsa_fall_041/gmncsa24_gmncsa_fall_041_w0020.json
gmncsa24_gmncsa_fall_041_w0007,gmncsa24_gmncsa_fall_041,fall,train,/Users/varunreddyseelam/Desktop/Gen_ai/final_pipeline/data/windows/train/fall/gmncsa24_gmncsa_fall_041/gmncsa24_gmncsa_fall_041_w0007.json
gmncsa24_gmncsa_fall_041_w0011,gmncsa24_gmncsa_fall_041,fall,train,/Users/varunreddyseelam/Desktop/Gen_ai/final_pipeline/data/windows/train/fall/gmncsa24_gmncsa_fall_041/gmncsa24_gmncsa_fall_041_w0011.json
gmncsa24_gmncsa_fall_041_w0010,gmncsa24_gmncsa_fall_041,fall,train,/Users/varunreddyseelam/Desktop/Gen_ai/final_pipeline/data/windows/train/fall/gmncsa24_gmncsa_fall_041/gmncsa24_gmncsa_fall_041_w0010.json
gmncsa24_gmncsa_fall_041_w0006,gmncsa24_gmncsa_fall_041,fall,train,/Users/varunreddyseelam/Desktop/Gen_ai/final_pipeline/data/windows/train/fall/gmncsa24_gmncsa_fall_041/gmncsa24_gmncsa_fall_041_w0006.json
le2i_CR01_video_7_fall_w0004,le2i_CR01_video_7_fall,fall,train,/Users/varunreddyseelam/Desktop/Gen_ai/final_pipeline/data/windows/train/fall/le2i_CR01_video_7_fall/le2i_CR01_video_7_fall_w0004.json
le2i_CR01_video_7_fall_w0003,le2i_CR01_video_7_fall,fall,train,/Users/varunreddyseelam/Desktop/Gen_ai/final_pipeline/data/windows/train/fall/le2i_CR01_video_7_fall/le2i_CR01_video_7_fall_w0003.json
le2i_CR01_video_7_fall_w0002,le2i_CR01_video_7_fall,fall,train,/Users/varunreddyseelam/Desktop/Gen_ai/final_pipeline/data/windows/train/fall/le2i_CR01_video_7_fall/le2i_CR01_video_7_fall_w0002.json
le2i_CR01_video_7_fall_w0001,le2i_CR01_video_7_fall,fall,train,/Users/varunreddyseelam/Desktop/Gen_ai/final_pipeline/data/windows/train/fall/le2i_CR01_video_7_fall/le2i_CR01_video_7_fall_w0001.json
le2i_CR01_video_7_fall_w0000,le2i_CR01_video_7_fall,fall,train,/Users/varunreddyseelam/Desktop/Gen_ai/final_pipeline/data/windows/train/fall/le2i_CR01_video_7_fall/le2i_CR01_video_7_fall_w0000.json
gmncsa24_gmncsa_fall_015_w0000,gmncsa24_gmncsa_fall_015,fall,train,/Users/varunreddyseelam/Desktop/Gen_ai/final_pipeline/data/windows/train/fall/gmncsa24_gmncsa_fall_015/gmncsa24_gmncsa_fall_015_w0000.json
gmncsa24_gmncsa_fall_015_w0016,gmncsa24_gmncsa_fall_015,fall,train,/Users/varunreddyseelam/Desktop/Gen_ai/final_pipeline/data/windows/train/fall/gmncsa24_gmncsa_fall_015/gmncsa24_gmncsa_fall_015_w0016.json
gmncsa24_gmncsa_fall_015_w0020,gmncsa24_gmncsa_fall_015,fall,train,/Users/varunreddyseelam/Desktop/Gen_ai/final_pipeline/data/windows/train/fall/gmncsa24_gmncsa_fall_015/gmncsa24_gmncsa_fall_015_w0020.json
gmncsa24_gmncsa_fall_015_w0021,gmncsa24_gmncsa_fall_015,fall,train,/Users/varunreddyseelam/Desktop/Gen_ai/final_pipeline/data/windows/train/fall/gmncsa24_gmncsa_fall_015/gmncsa24_gmncsa_fall_015_w0021.json
gmncsa24_gmncsa_fall_015_w0017,gmncsa24_gmncsa_fall_015,fall,train,/Users/varunreddyseelam/Desktop/Gen_ai/final_pipeline/data/windows/train/fall/gmncsa24_gmncsa_fall_015/gmncsa24_gmncsa_fall_015_w0017.json
gmncsa24_gmncsa_fall_015_w0001,gmncsa24_gmncsa_fall_015,fall,train,/Users/varunreddyseelam/Desktop/Gen_ai/final_pipeline/data/windows/train/fall/gmncsa24_gmncsa_fall_015/gmncsa24_gmncsa_fall_015_w0001.json
gmncsa24_gmncsa_fall_015_w0030,gmncsa24_gmncsa_fall_015,fall,train,/Users/varunreddyseelam/Desktop/Gen_ai/final_pipeline/data/windows/train/fall/gmncsa24_gmncsa_fall_015/gmncsa24_gmncsa_fall_015_w0030.json
gmncsa24_gmncsa_fall_015_w0026,gmncsa24_gmncsa_fall_015,fall,train,/Users/varunreddyseelam/Desktop/Gen_ai/final_pipeline/data/windows/train/fall/gmncsa24_gmncsa_fall_015/gmncsa24_gmncsa_fall_015_w0026.json
gmncsa24_gmncsa_fall_015_w0006,gmncsa24_gmncsa_fall_015,fall,train,/Users/varunreddyseelam/Desktop/Gen_ai/final_pipeline/data/windows/train/fall/gmncsa24_gmncsa_fall_015/gmncsa24_gmncsa_fall_015_w0006.json
gmncsa24_gmncsa_fall_015_w0010,gmncsa24_gmncsa_fall_015,fall,train,/Users/varunreddyseelam/Desktop/Gen_ai/final_pipeline/data/windows/train/fall/gmncsa24_gmncsa_fall_015/gmncsa24_gmncsa_fall_015_w0010.json
gmncsa24_gmncsa_fall_015_w0011,gmncsa24_gmncsa_fall_015,fall,train,/Users/varunreddyseelam/Desktop/Gen_ai/final_pipeline/data/windows/train/fall/gmncsa24_gmncsa_fall_015/gmncsa24_gmncsa_fall_015_w0011.json
gmncsa24_gmncsa_fall_015_w0007,gmncsa24_gmncsa_fall_015,fall,train,/Users/varunreddyseelam/Desktop/Gen_ai/final_pipeline/data/windows/train/fall/gmncsa24_gmncsa_fall_015/gmncsa24_gmncsa_fall_015_w0007.json
gmncsa24_gmncsa_fall_015_w0027,gmncsa24_gmncsa_fall_015,fall,train,/Users/varunreddyseelam/Desktop/Gen_ai/final_pipeline/data/windows/train/fall/gmncsa24_gmncsa_fall_015/gmncsa24_gmncsa_fall_015_w0027.json
gmncsa24_gmncsa_fall_015_w0031,gmncsa24_gmncsa_fall_015,fall,train,/Users/varunreddyseelam/Desktop/Gen_ai/final_pipeline/data/windows/train/fall/gmncsa24_gmncsa_fall_015/gmncsa24_gmncsa_fall_015_w0031.json
gmncsa24_gmncsa_fall_015_w0024,gmncsa24_gmncsa_fall_015,fall,train,/Users/varunreddyseelam/Desktop/Gen_ai/final_pipeline/data/windows/train/fall/gmncsa24_gmncsa_fall_015/gmncsa24_gmncsa_fall_015_w0024.json
gmncsa24_gmncsa_fall_015_w0008,gmncsa24_gmncsa_fall_015,fall,train,/Users/varunreddyseelam/Desktop/Gen_ai/final_pipeline/data/windows/train/fall/gmncsa24_gmncsa_fall_015/gmncsa24_gmncsa_fall_015_w0008.json
gmncsa24_gmncsa_fall_015_w0028,gmncsa24_gmncsa_fall_015,fall,train,/Users/varunreddyseelam/Desktop/Gen_ai/final_pipeline/data/windows/train/fall/gmncsa24_gmncsa_fall_015/gmncsa24_gmncsa_fall_015_w0028.json
gmncsa24_gmncsa_fall_015_w0012,gmncsa24_gmncsa_fall_015,fall,train,/Users/varunreddyseelam/Desktop/Gen_ai/final_pipeline/data/windows/train/fall/gmncsa24_gmncsa_fall_015/gmncsa24_gmncsa_fall_015_w0012.json
gmncsa24_gmncsa_fall_015_w0004,gmncsa24_gmncsa_fall_015,fall,train,/Users/varunreddyseelam/Desktop/Gen_ai/final_pipeline/data/windows/train/fall/gmncsa24_gmncsa_fall_015/gmncsa24_gmncsa_fall_015_w0004.json
gmncsa24_gmncsa_fall_015_w0005,gmncsa24_gmncsa_fall_015,fall,train,/Users/varunreddyseelam/Desktop/Gen_ai/final_pipeline/data/windows/train/fall/gmncsa24_gmncsa_fall_015/gmncsa24_gmncsa_fall_015_w0005.json
gmncsa24_gmncsa_fall_015_w0013,gmncsa24_gmncsa_fall_015,fall,train,/Users/varunreddyseelam/Desktop/Gen_ai/final_pipeline/data/windows/train/fall/gmncsa24_gmncsa_fall_015/gmncsa24_gmncsa_fall_015_w0013.json
gmncsa24_gmncsa_fall_015_w0029,gmncsa24_gmncsa_fall_015,fall,train,/Users/varunreddyseelam/Desktop/Gen_ai/final_pipeline/data/windows/train/fall/gmncsa24_gmncsa_fall_015/gmncsa24_gmncsa_fall_015_w0029.json
gmncsa24_gmncsa_fall_015_w0009,gmncsa24_gmncsa_fall_015,fall,train,/Users/varunreddyseelam/Desktop/Gen_ai/final_pipeline/data/windows/train/fall/gmncsa24_gmncsa_fall_015/gmncsa24_gmncsa_fall_015_w0009.json
gmncsa24_gmncsa_fall_015_w0025,gmncsa24_gmncsa_fall_015,fall,train,/Users/varunreddyseelam/Desktop/Gen_ai/final_pipeline/data/windows/train/fall/gmncsa24_gmncsa_fall_015/gmncsa24_gmncsa_fall_015_w0025.json
gmncsa24_gmncsa_fall_015_w0014,gmncsa24_gmncsa_fall_015,fall,train,/Users/varunreddyseelam/Desktop/Gen_ai/final_pipeline/data/windows/train/fall/gmncsa24_gmncsa_fall_015/gmncsa24_gmncsa_fall_015_w0014.json
gmncsa24_gmncsa_fall_015_w0002,gmncsa24_gmncsa_fall_015,fall,train,/Users/varunreddyseelam/Desktop/Gen_ai/final_pipeline/data/windows/train/fall/gmncsa24_gmncsa_fall_015/gmncsa24_gmncsa_fall_015_w0002.json
gmncsa24_gmncsa_fall_015_w0022,gmncsa24_gmncsa_fall_015,fall,train,/Users/varunreddyseelam/Desktop/Gen_ai/final_pipeline/data/windows/train/fall/gmncsa24_gmncsa_fall_015/gmncsa24_gmncsa_fall_015_w0022.json
gmncsa24_gmncsa_fall_015_w0018,gmncsa24_gmncsa_fall_015,fall,train,/Users/varunreddyseelam/Desktop/Gen_ai/final_pipeline/data/windows/train/fall/gmncsa24_gmncsa_fall_015/gmncsa24_gmncsa_fall_015_w0018.json
gmncsa24_gmncsa_fall_015_w0019,gmncsa24_gmncsa_fall_015,fall,train,/Users/varunreddyseelam/Desktop/Gen_ai/final_pipeline/data/windows/train/fall/gmncsa24_gmncsa_fall_015/gmncsa24_gmncsa_fall_015_w0019.json
gmncsa24_gmncsa_fall_015_w0023,gmncsa24_gmncsa_fall_015,fall,train,/Users/varunreddyseelam/Desktop/Gen_ai/final_pipeline/data/windows/train/fall/gmncsa24_gmncsa_fall_015/gmncsa24_gmncsa_fall_015_w0023.json
gmncsa24_gmncsa_fall_015_w0003,gmncsa24_gmncsa_fall_015,fall,train,/Users/varunreddyseelam/Desktop/Gen_ai/final_pipeline/data/windows/train/fall/gmncsa24_gmncsa_fall_015/gmncsa24_gmncsa_fall_015_w0003.json
gmncsa24_gmncsa_fall_015_w0015,gmncsa24_gmncsa_fall_015,fall,train,/Users/varunreddyseelam/Desktop/Gen_ai/final_pipeline/data/windows/train/fall/gmncsa24_gmncsa_fall_015/gmncsa24_gmncsa_fall_015_w0015.json
gmncsa24_gmncsa_fall_012_w0031,gmncsa24_gmncsa_fall_012,fall,train,/Users/varunreddyseelam/Desktop/Gen_ai/final_pipeline/data/windows/train/fall/gmncsa24_gmncsa_fall_012/gmncsa24_gmncsa_fall_012_w0031.json
gmncsa24_gmncsa_fall_012_w0027,gmncsa24_gmncsa_fall_012,fall,train,/Users/varunreddyseelam/Desktop/Gen_ai/final_pipeline/data/windows/train/fall/gmncsa24_gmncsa_fall_012/gmncsa24_gmncsa_fall_012_w0027.json
gmncsa24_gmncsa_fall_012_w0007,gmncsa24_gmncsa_fall_012,fall,train,/Users/varunreddyseelam/Desktop/Gen_ai/final_pipeline/data/windows/train/fall/gmncsa24_gmncsa_fall_012/gmncsa24_gmncsa_fall_012_w0007.json
gmncsa24_gmncsa_fall_012_w0011,gmncsa24_gmncsa_fall_012,fall,train,/Users/varunreddyseelam/Desktop/Gen_ai/final_pipeline/data/windows/train/fall/gmncsa24_gmncsa_fall_012/gmncsa24_gmncsa_fall_012_w0011.json
gmncsa24_gmncsa_fall_012_w0010,gmncsa24_gmncsa_fall_012,fall,train,/Users/varunreddyseelam/Desktop/Gen_ai/final_pipeline/data/windows/train/fall/gmncsa24_gmncsa_fall_012/gmncsa24_gmncsa_fall_012_w0010.json
gmncsa24_gmncsa_fall_012_w0006,gmncsa24_gmncsa_fall_012,fall,train,/Users/varunreddyseelam/Desktop/Gen_ai/final_pipeline/data/windows/train/fall/gmncsa24_gmncsa_fall_012/gmncsa24_gmncsa_fall_012_w0006.json
gmncsa24_gmncsa_fall_012_w0026,gmncsa24_gmncsa_fall_012,fall,train,/Users/varunreddyseelam/Desktop/Gen_ai/final_pipeline/data/windows/train/fall/gmncsa24_gmncsa_fall_012/gmncsa24_gmncsa_fall_012_w0026.json
gmncsa24_gmncsa_fall_012_w0030,gmncsa24_gmncsa_fall_012,fall,train,/Users/varunreddyseelam/Desktop/Gen_ai/final_pipeline/data/windows/train/fall/gmncsa24_gmncsa_fall_012/gmncsa24_gmncsa_fall_012_w0030.json
gmncsa24_gmncsa_fall_012_w0001,gmncsa24_gmncsa_fall_012,fall,train,/Users/varunreddyseelam/Desktop/Gen_ai/final_pipeline/data/windows/train/fall/gmncsa24_gmncsa_fall_012/gmncsa24_gmncsa_fall_012_w0001.json
gmncsa24_gmncsa_fall_012_w0017,gmncsa24_gmncsa_fall_012,fall,train,/Users/varunreddyseelam/Desktop/Gen_ai/final_pipeline/data/windows/train/fall/gmncsa24_gmncsa_fall_012/gmncsa24_gmncsa_fall_012_w0017.json
gmncsa24_gmncsa_fall_012_w0037,gmncsa24_gmncsa_fall_012,fall,train,/Users/varunreddyseelam/Desktop/Gen_ai/final_pipeline/data/windows/train/fall/gmncsa24_gmncsa_fall_012/gmncsa24_gmncsa_fall_012_w0037.json
gmncsa24_gmncsa_fall_012_w0021,gmncsa24_gmncsa_fall_012,fall,train,/Users/varunreddyseelam/Desktop/Gen_ai/final_pipeline/data/windows/train/fall/gmncsa24_gmncsa_fall_012/gmncsa24_gmncsa_fall_012_w0021.json
gmncsa24_gmncsa_fall_012_w0020,gmncsa24_gmncsa_fall_012,fall,train,/Users/varunreddyseelam/Desktop/Gen_ai/final_pipeline/data/windows/train/fall/gmncsa24_gmncsa_fall_012/gmncsa24_gmncsa_fall_012_w0020.json
gmncsa24_gmncsa_fall_012_w0036,gmncsa24_gmncsa_fall_012,fall,train,/Users/varunreddyseelam/Desktop/Gen_ai/final_pipeline/data/windows/train/fall/gmncsa24_gmncsa_fall_012/gmncsa24_gmncsa_fall_012_w0036.json
gmncsa24_gmncsa_fall_012_w0016,gmncsa24_gmncsa_fall_012,fall,train,/Users/varunreddyseelam/Desktop/Gen_ai/final_pipeline/data/windows/train/fall/gmncsa24_gmncsa_fall_012/gmncsa24_gmncsa_fall_012_w0016.json
gmncsa24_gmncsa_fall_012_w0000,gmncsa24_gmncsa_fall_012,fall,train,/Users/varunreddyseelam/Desktop/Gen_ai/final_pipeline/data/windows/train/fall/gmncsa24_gmncsa_fall_012/gmncsa24_gmncsa_fall_012_w0000.json
gmncsa24_gmncsa_fall_012_w0039,gmncsa24_gmncsa_fall_012,fall,train,/Users/varunreddyseelam/Desktop/Gen_ai/final_pipeline/data/windows/train/fall/gmncsa24_gmncsa_fall_012/gmncsa24_gmncsa_fall_012_w0039.json
gmncsa24_gmncsa_fall_012_w0015,gmncsa24_gmncsa_fall_012,fall,train,/Users/varunreddyseelam/Desktop/Gen_ai/final_pipeline/data/windows/train/fall/gmncsa24_gmncsa_fall_012/gmncsa24_gmncsa_fall_012_w0015.json
gmncsa24_gmncsa_fall_012_w0003,gmncsa24_gmncsa_fall_012,fall,train,/Users/varunreddyseelam/Desktop/Gen_ai/final_pipeline/data/windows/train/fall/gmncsa24_gmncsa_fall_012/gmncsa24_gmncsa_fall_012_w0003.json
gmncsa24_gmncsa_fall_012_w0023,gmncsa24_gmncsa_fall_012,fall,train,/Users/varunreddyseelam/Desktop/Gen_ai/final_pipeline/data/windows/train/fall/gmncsa24_gmncsa_fall_012/gmncsa24_gmncsa_fall_012_w0023.json
gmncsa24_gmncsa_fall_012_w0035,gmncsa24_gmncsa_fall_012,fall,train,/Users/varunreddyseelam/Desktop/Gen_ai/final_pipeline/data/windows/train/fall/gmncsa24_gmncsa_fall_012/gmncsa24_gmncsa_fall_012_w0035.json
gmncsa24_gmncsa_fall_012_w0019,gmncsa24_gmncsa_fall_012,fall,train,/Users/varunreddyseelam/Desktop/Gen_ai/final_pipeline/data/windows/train/fall/gmncsa24_gmncsa_fall_012/gmncsa24_gmncsa_fall_012_w0019.json
gmncsa24_gmncsa_fall_012_w0018,gmncsa24_gmncsa_fall_012,fall,train,/Users/varunreddyseelam/Desktop/Gen_ai/final_pipeline/data/windows/train/fall/gmncsa24_gmncsa_fall_012/gmncsa24_gmncsa_fall_012_w0018.json
gmncsa24_gmncsa_fall_012_w0034,gmncsa24_gmncsa_fall_012,fall,train,/Users/varunreddyseelam/Desktop/Gen_ai/final_pipeline/data/windows/train/fall/gmncsa24_gmncsa_fall_012/gmncsa24_gmncsa_fall_012_w0034.json
gmncsa24_gmncsa_fall_012_w0022,gmncsa24_gmncsa_fall_012,fall,train,/Users/varunreddyseelam/Desktop/Gen_ai/final_pipeline/data/windows/train/fall/gmncsa24_gmncsa_fall_012/gmncsa24_gmncsa_fall_012_w0022.json
gmncsa24_gmncsa_fall_012_w0002,gmncsa24_gmncsa_fall_012,fall,train,/Users/varunreddyseelam/Desktop/Gen_ai/final_pipeline/data/windows/train/fall/gmncsa24_gmncsa_fall_012/gmncsa24_gmncsa_fall_012_w0002.json
gmncsa24_gmncsa_fall_012_w0014,gmncsa24_gmncsa_fall_012,fall,train,/Users/varunreddyseelam/Desktop/Gen_ai/final_pipeline/data/windows/train/fall/gmncsa24_gmncsa_fall_012/gmncsa24_gmncsa_fall_012_w0014.json
gmncsa24_gmncsa_fall_012_w0038,gmncsa24_gmncsa_fall_012,fall,train,/Users/varunreddyseelam/Desktop/Gen_ai/final_pipeline/data/windows/train/fall/gmncsa24_gmncsa_fall_012/gmncsa24_gmncsa_fall_012_w0038.json
gmncsa24_gmncsa_fall_012_w0025,gmncsa24_gmncsa_fall_012,fall,train,/Users/varunreddyseelam/Desktop/Gen_ai/final_pipeline/data/windows/train/fall/gmncsa24_gmncsa_fall_012/gmncsa24_gmncsa_fall_012_w0025.json
gmncsa24_gmncsa_fall_012_w0033,gmncsa24_gmncsa_fall_012,fall,train,/Users/varunreddyseelam/Desktop/Gen_ai/final_pipeline/data/windows/train/fall/gmncsa24_gmncsa_fall_012/gmncsa24_gmncsa_fall_012_w0033.json
gmncsa24_gmncsa_fall_012_w0009,gmncsa24_gmncsa_fall_012,fall,train,/Users/varunreddyseelam/Desktop/Gen_ai/final_pipeline/data/windows/train/fall/gmncsa24_gmncsa_fall_012/gmncsa24_gmncsa_fall_012_w0009.json
gmncsa24_gmncsa_fall_012_w0029,gmncsa24_gmncsa_fall_012,fall,train,/Users/varunreddyseelam/Desktop/Gen_ai/final_pipeline/data/windows/train/fall/gmncsa24_gmncsa_fall_012/gmncsa24_gmncsa_fall_012_w0029.json
gmncsa24_gmncsa_fall_012_w0013,gmncsa24_gmncsa_fall_012,fall,train,/Users/varunreddyseelam/Desktop/Gen_ai/final_pipeline/data/windows/train/fall/gmncsa24_gmncsa_fall_012/gmncsa24_gmncsa_fall_012_w0013.json
gmncsa24_gmncsa_fall_012_w0005,gmncsa24_gmncsa_fall_012,fall,train,/Users/varunreddyseelam/Desktop/Gen_ai/final_pipeline/data/windows/train/fall/gmncsa24_gmncsa_fall_012/gmncsa24_gmncsa_fall_012_w0005.json
gmncsa24_gmncsa_fall_012_w0004,gmncsa24_gmncsa_fall_012,fall,train,/Users/varunreddyseelam/Desktop/Gen_ai/final_pipeline/data/windows/train/fall/gmncsa24_gmncsa_fall_012/gmncsa24_gmncsa_fall_012_w0004.json
gmncsa24_gmncsa_fall_012_w0012,gmncsa24_gmncsa_fall_012,fall,train,/Users/varunreddyseelam/Desktop/Gen_ai/final_pipeline/data/windows/train/fall/gmncsa24_gmncsa_fall_012/gmncsa24_gmncsa_fall_012_w0012.json
gmncsa24_gmncsa_fall_012_w0028,gmncsa24_gmncsa_fall_012,fall,train,/Users/varunreddyseelam/Desktop/Gen_ai/final_pipeline/data/windows/train/fall/gmncsa24_gmncsa_fall_012/gmncsa24_gmncsa_fall_012_w0028.json
gmncsa24_gmncsa_fall_012_w0008,gmncsa24_gmncsa_fall_012,fall,train,/Users/varunreddyseelam/Desktop/Gen_ai/final_pipeline/data/windows/train/fall/gmncsa24_gmncsa_fall_012/gmncsa24_gmncsa_fall_012_w0008.json
gmncsa24_gmncsa_fall_012_w0032,gmncsa24_gmncsa_fall_012,fall,train,/Users/varunreddyseelam/Desktop/Gen_ai/final_pipeline/data/windows/train/fall/gmncsa24_gmncsa_fall_012/gmncsa24_gmncsa_fall_012_w0032.json
gmncsa24_gmncsa_fall_012_w0024,gmncsa24_gmncsa_fall_012,fall,train,/Users/varunreddyseelam/Desktop/Gen_ai/final_pipeline/data/windows/train/fall/gmncsa24_gmncsa_fall_012/gmncsa24_gmncsa_fall_012_w0024.json
le2i_CR01_video_28_fall_w0003,le2i_CR01_video_28_fall,fall,train,/Users/varunreddyseelam/Desktop/Gen_ai/final_pipeline/data/windows/train/fall/le2i_CR01_video_28_fall/le2i_CR01_video_28_fall_w0003.json
le2i_CR01_video_28_fall_w0002,le2i_CR01_video_28_fall,fall,train,/Users/varunreddyseelam/Desktop/Gen_ai/final_pipeline/data/windows/train/fall/le2i_CR01_video_28_fall/le2i_CR01_video_28_fall_w0002.json
le2i_CR01_video_28_fall_w0004,le2i_CR01_video_28_fall,fall,train,/Users/varunreddyseelam/Desktop/Gen_ai/final_pipeline/data/windows/train/fall/le2i_CR01_video_28_fall/le2i_CR01_video_28_fall_w0004.json
le2i_CR01_video_28_fall_w0001,le2i_CR01_video_28_fall,fall,train,/Users/varunreddyseelam/Desktop/Gen_ai/final_pipeline/data/windows/train/fall/le2i_CR01_video_28_fall/le2i_CR01_video_28_fall_w0001.json
le2i_CR01_video_28_fall_w0000,le2i_CR01_video_28_fall,fall,train,/Users/varunreddyseelam/Desktop/Gen_ai/final_pipeline/data/windows/train/fall/le2i_CR01_video_28_fall/le2i_CR01_video_28_fall_w0000.json
gmncsa24_gmncsa_fall_024_w0018,gmncsa24_gmncsa_fall_024,fall,train,/Users/varunreddyseelam/Desktop/Gen_ai/final_pipeline/data/windows/train/fall/gmncsa24_gmncsa_fall_024/gmncsa24_gmncsa_fall_024_w0018.json
gmncsa24_gmncsa_fall_024_w0022,gmncsa24_gmncsa_fall_024,fall,train,/Users/varunreddyseelam/Desktop/Gen_ai/final_pipeline/data/windows/train/fall/gmncsa24_gmncsa_fall_024/gmncsa24_gmncsa_fall_024_w0022.json
gmncsa24_gmncsa_fall_024_w0014,gmncsa24_gmncsa_fall_024,fall,train,/Users/varunreddyseelam/Desktop/Gen_ai/final_pipeline/data/windows/train/fall/gmncsa24_gmncsa_fall_024/gmncsa24_gmncsa_fall_024_w0014.json
gmncsa24_gmncsa_fall_024_w0002,gmncsa24_gmncsa_fall_024,fall,train,/Users/varunreddyseelam/Desktop/Gen_ai/final_pipeline/data/windows/train/fall/gmncsa24_gmncsa_fall_024/gmncsa24_gmncsa_fall_024_w0002.json
gmncsa24_gmncsa_fall_024_w0003,gmncsa24_gmncsa_fall_024,fall,train,/Users/varunreddyseelam/Desktop/Gen_ai/final_pipeline/data/windows/train/fall/gmncsa24_gmncsa_fall_024/gmncsa24_gmncsa_fall_024_w0003.json
gmncsa24_gmncsa_fall_024_w0015,gmncsa24_gmncsa_fall_024,fall,train,/Users/varunreddyseelam/Desktop/Gen_ai/final_pipeline/data/windows/train/fall/gmncsa24_gmncsa_fall_024/gmncsa24_gmncsa_fall_024_w0015.json
gmncsa24_gmncsa_fall_024_w0023,gmncsa24_gmncsa_fall_024,fall,train,/Users/varunreddyseelam/Desktop/Gen_ai/final_pipeline/data/windows/train/fall/gmncsa24_gmncsa_fall_024/gmncsa24_gmncsa_fall_024_w0023.json
gmncsa24_gmncsa_fall_024_w0019,gmncsa24_gmncsa_fall_024,fall,train,/Users/varunreddyseelam/Desktop/Gen_ai/final_pipeline/data/windows/train/fall/gmncsa24_gmncsa_fall_024/gmncsa24_gmncsa_fall_024_w0019.json
gmncsa24_gmncsa_fall_024_w0012,gmncsa24_gmncsa_fall_024,fall,train,/Users/varunreddyseelam/Desktop/Gen_ai/final_pipeline/data/windows/train/fall/gmncsa24_gmncsa_fall_024/gmncsa24_gmncsa_fall_024_w0012.json
gmncsa24_gmncsa_fall_024_w0004,gmncsa24_gmncsa_fall_024,fall,train,/Users/varunreddyseelam/Desktop/Gen_ai/final_pipeline/data/windows/train/fall/gmncsa24_gmncsa_fall_024/gmncsa24_gmncsa_fall_024_w0004.json
gmncsa24_gmncsa_fall_024_w0008,gmncsa24_gmncsa_fall_024,fall,train,/Users/varunreddyseelam/Desktop/Gen_ai/final_pipeline/data/windows/train/fall/gmncsa24_gmncsa_fall_024/gmncsa24_gmncsa_fall_024_w0008.json
gmncsa24_gmncsa_fall_024_w0024,gmncsa24_gmncsa_fall_024,fall,train,/Users/varunreddyseelam/Desktop/Gen_ai/final_pipeline/data/windows/train/fall/gmncsa24_gmncsa_fall_024/gmncsa24_gmncsa_fall_024_w0024.json
gmncsa24_gmncsa_fall_024_w0009,gmncsa24_gmncsa_fall_024,fall,train,/Users/varunreddyseelam/Desktop/Gen_ai/final_pipeline/data/windows/train/fall/gmncsa24_gmncsa_fall_024/gmncsa24_gmncsa_fall_024_w0009.json
gmncsa24_gmncsa_fall_024_w0005,gmncsa24_gmncsa_fall_024,fall,train,/Users/varunreddyseelam/Desktop/Gen_ai/final_pipeline/data/windows/train/fall/gmncsa24_gmncsa_fall_024/gmncsa24_gmncsa_fall_024_w0005.json
gmncsa24_gmncsa_fall_024_w0013,gmncsa24_gmncsa_fall_024,fall,train,/Users/varunreddyseelam/Desktop/Gen_ai/final_pipeline/data/windows/train/fall/gmncsa24_gmncsa_fall_024/gmncsa24_gmncsa_fall_024_w0013.json
gmncsa24_gmncsa_fall_024_w0006,gmncsa24_gmncsa_fall_024,fall,train,/Users/varunreddyseelam/Desktop/Gen_ai/final_pipeline/data/windows/train/fall/gmncsa24_gmncsa_fall_024/gmncsa24_gmncsa_fall_024_w0006.json
gmncsa24_gmncsa_fall_024_w0010,gmncsa24_gmncsa_fall_024,fall,train,/Users/varunreddyseelam/Desktop/Gen_ai/final_pipeline/data/windows/train/fall/gmncsa24_gmncsa_fall_024/gmncsa24_gmncsa_fall_024_w0010.json
gmncsa24_gmncsa_fall_024_w0011,gmncsa24_gmncsa_fall_024,fall,train,/Users/varunreddyseelam/Desktop/Gen_ai/final_pipeline/data/windows/train/fall/gmncsa24_gmncsa_fall_024/gmncsa24_gmncsa_fall_024_w0011.json
gmncsa24_gmncsa_fall_024_w0007,gmncsa24_gmncsa_fall_024,fall,train,/Users/varunreddyseelam/Desktop/Gen_ai/final_pipeline/data/windows/train/fall/gmncsa24_gmncsa_fall_024/gmncsa24_gmncsa_fall_024_w0007.json
gmncsa24_gmncsa_fall_024_w0020,gmncsa24_gmncsa_fall_024,fall,train,/Users/varunreddyseelam/Desktop/Gen_ai/final_pipeline/data/windows/train/fall/gmncsa24_gmncsa_fall_024/gmncsa24_gmncsa_fall_024_w0020.json
gmncsa24_gmncsa_fall_024_w0000,gmncsa24_gmncsa_fall_024,fall,train,/Users/varunreddyseelam/Desktop/Gen_ai/final_pipeline/data/windows/train/fall/gmncsa24_gmncsa_fall_024/gmncsa24_gmncsa_fall_024_w0000.json
gmncsa24_gmncsa_fall_024_w0016,gmncsa24_gmncsa_fall_024,fall,train,/Users/varunreddyseelam/Desktop/Gen_ai/final_pipeline/data/windows/train/fall/gmncsa24_gmncsa_fall_024/gmncsa24_gmncsa_fall_024_w0016.json
gmncsa24_gmncsa_fall_024_w0017,gmncsa24_gmncsa_fall_024,fall,train,/Users/varunreddyseelam/Desktop/Gen_ai/final_pipeline/data/windows/train/fall/gmncsa24_gmncsa_fall_024/gmncsa24_gmncsa_fall_024_w0017.json
gmncsa24_gmncsa_fall_024_w0001,gmncsa24_gmncsa_fall_024,fall,train,/Users/varunreddyseelam/Desktop/Gen_ai/final_pipeline/data/windows/train/fall/gmncsa24_gmncsa_fall_024/gmncsa24_gmncsa_fall_024_w0001.json
gmncsa24_gmncsa_fall_024_w0021,gmncsa24_gmncsa_fall_024,fall,train,/Users/varunreddyseelam/Desktop/Gen_ai/final_pipeline/data/windows/train/fall/gmncsa24_gmncsa_fall_024/gmncsa24_gmncsa_fall_024_w0021.json
urfd_fall-18-cam0_w0001,urfd_fall-18-cam0,fall,train,/Users/varunreddyseelam/Desktop/Gen_ai/final_pipeline/data/windows/train/fall/urfd_fall-18-cam0/urfd_fall-18-cam0_w0001.json
urfd_fall-18-cam0_w0000,urfd_fall-18-cam0,fall,train,/Users/varunreddyseelam/Desktop/Gen_ai/final_pipeline/data/windows/train/fall/urfd_fall-18-cam0/urfd_fall-18-cam0_w0000.json
urfd_fall-18-cam0_w0007,urfd_fall-18-cam0,fall,train,/Users/varunreddyseelam/Desktop/Gen_ai/final_pipeline/data/windows/train/fall/urfd_fall-18-cam0/urfd_fall-18-cam0_w0007.json
urfd_fall-18-cam0_w0010,urfd_fall-18-cam0,fall,train,/Users/varunreddyseelam/Desktop/Gen_ai/final_pipeline/data/windows/train/fall/urfd_fall-18-cam0/urfd_fall-18-cam0_w0010.json
urfd_fall-18-cam0_w0006,urfd_fall-18-cam0,fall,train,/Users/varunreddyseelam/Desktop/Gen_ai/final_pipeline/data/windows/train/fall/urfd_fall-18-cam0/urfd_fall-18-cam0_w0006.json
urfd_fall-18-cam0_w0005,urfd_fall-18-cam0,fall,train,/Users/varunreddyseelam/Desktop/Gen_ai/final_pipeline/data/windows/train/fall/urfd_fall-18-cam0/urfd_fall-18-cam0_w0005.json
urfd_fall-18-cam0_w0009,urfd_fall-18-cam0,fall,train,/Users/varunreddyseelam/Desktop/Gen_ai/final_pipeline/data/windows/train/fall/urfd_fall-18-cam0/urfd_fall-18-cam0_w0009.json
urfd_fall-18-cam0_w0008,urfd_fall-18-cam0,fall,train,/Users/varunreddyseelam/Desktop/Gen_ai/final_pipeline/data/windows/train/fall/urfd_fall-18-cam0/urfd_fall-18-cam0_w0008.json
urfd_fall-18-cam0_w0004,urfd_fall-18-cam0,fall,train,/Users/varunreddyseelam/Desktop/Gen_ai/final_pipeline/data/windows/train/fall/urfd_fall-18-cam0/urfd_fall-18-cam0_w0004.json
urfd_fall-18-cam0_w0003,urfd_fall-18-cam0,fall,train,/Users/varunreddyseelam/Desktop/Gen_ai/final_pipeline/data/windows/train/fall/urfd_fall-18-cam0/urfd_fall-18-cam0_w0003.json
urfd_fall-18-cam0_w0002,urfd_fall-18-cam0,fall,train,/Users/varunreddyseelam/Desktop/Gen_ai/final_pipeline/data/windows/train/fall/urfd_fall-18-cam0/urfd_fall-18-cam0_w0002.json
le2i_CR02_video_52_fall_w0010,le2i_CR02_video_52_fall,fall,train,/Users/varunreddyseelam/Desktop/Gen_ai/final_pipeline/data/windows/train/fall/le2i_CR02_video_52_fall/le2i_CR02_video_52_fall_w0010.json
le2i_CR02_video_52_fall_w0006,le2i_CR02_video_52_fall,fall,train,/Users/varunreddyseelam/Desktop/Gen_ai/final_pipeline/data/windows/train/fall/le2i_CR02_video_52_fall/le2i_CR02_video_52_fall_w0006.json
le2i_CR02_video_52_fall_w0026,le2i_CR02_video_52_fall,fall,train,/Users/varunreddyseelam/Desktop/Gen_ai/final_pipeline/data/windows/train/fall/le2i_CR02_video_52_fall/le2i_CR02_video_52_fall_w0026.json
le2i_CR02_video_52_fall_w0030,le2i_CR02_video_52_fall,fall,train,/Users/varunreddyseelam/Desktop/Gen_ai/final_pipeline/data/windows/train/fall/le2i_CR02_video_52_fall/le2i_CR02_video_52_fall_w0030.json
le2i_CR02_video_52_fall_w0031,le2i_CR02_video_52_fall,fall,train,/Users/varunreddyseelam/Desktop/Gen_ai/final_pipeline/data/windows/train/fall/le2i_CR02_video_52_fall/le2i_CR02_video_52_fall_w0031.json
le2i_CR02_video_52_fall_w0027,le2i_CR02_video_52_fall,fall,train,/Users/varunreddyseelam/Desktop/Gen_ai/final_pipeline/data/windows/train/fall/le2i_CR02_video_52_fall/le2i_CR02_video_52_fall_w0027.json
le2i_CR02_video_52_fall_w0007,le2i_CR02_video_52_fall,fall,train,/Users/varunreddyseelam/Desktop/Gen_ai/final_pipeline/data/windows/train/fall/le2i_CR02_video_52_fall/le2i_CR02_video_52_fall_w0007.json
le2i_CR02_video_52_fall_w0011,le2i_CR02_video_52_fall,fall,train,/Users/varunreddyseelam/Desktop/Gen_ai/final_pipeline/data/windows/train/fall/le2i_CR02_video_52_fall/le2i_CR02_video_52_fall_w0011.json
le2i_CR02_video_52_fall_w0020,le2i_CR02_video_52_fall,fall,train,/Users/varunreddyseelam/Desktop/Gen_ai/final_pipeline/data/windows/train/fall/le2i_CR02_video_52_fall/le2i_CR02_video_52_fall_w0020.json
le2i_CR02_video_52_fall_w0036,le2i_CR02_video_52_fall,fall,train,/Users/varunreddyseelam/Desktop/Gen_ai/final_pipeline/data/windows/train/fall/le2i_CR02_video_52_fall/le2i_CR02_video_52_fall_w0036.json
le2i_CR02_video_52_fall_w0016,le2i_CR02_video_52_fall,fall,train,/Users/varunreddyseelam/Desktop/Gen_ai/final_pipeline/data/windows/train/fall/le2i_CR02_video_52_fall/le2i_CR02_video_52_fall_w0016.json
le2i_CR02_video_52_fall_w0000,le2i_CR02_video_52_fall,fall,train,/Users/varunreddyseelam/Desktop/Gen_ai/final_pipeline/data/windows/train/fall/le2i_CR02_video_52_fall/le2i_CR02_video_52_fall_w0000.json
le2i_CR02_video_52_fall_w0001,le2i_CR02_video_52_fall,fall,train,/Users/varunreddyseelam/Desktop/Gen_ai/final_pipeline/data/windows/train/fall/le2i_CR02_video_52_fall/le2i_CR02_video_52_fall_w0001.json
le2i_CR02_video_52_fall_w0040,le2i_CR02_video_52_fall,fall,train,/Users/varunreddyseelam/Desktop/Gen_ai/final_pipeline/data/windows/train/fall/le2i_CR02_video_52_fall/le2i_CR02_video_52_fall_w0040.json
le2i_CR02_video_52_fall_w0017,le2i_CR02_video_52_fall,fall,train,/Users/varunreddyseelam/Desktop/Gen_ai/final_pipeline/data/windows/train/fall/le2i_CR02_video_52_fall/le2i_CR02_video_52_fall_w0017.json
le2i_CR02_video_52_fall_w0037,le2i_CR02_video_52_fall,fall,train,/Users/varunreddyseelam/Desktop/Gen_ai/final_pipeline/data/windows/train/fall/le2i_CR02_video_52_fall/le2i_CR02_video_52_fall_w0037.json
le2i_CR02_video_52_fall_w0021,le2i_CR02_video_52_fall,fall,train,/Users/varunreddyseelam/Desktop/Gen_ai/final_pipeline/data/windows/train/fall/le2i_CR02_video_52_fall/le2i_CR02_video_52_fall_w0021.json
le2i_CR02_video_52_fall_w0034,le2i_CR02_video_52_fall,fall,train,/Users/varunreddyseelam/Desktop/Gen_ai/final_pipeline/data/windows/train/fall/le2i_CR02_video_52_fall/le2i_CR02_video_52_fall_w0034.json
le2i_CR02_video_52_fall_w0022,le2i_CR02_video_52_fall,fall,train,/Users/varunreddyseelam/Desktop/Gen_ai/final_pipeline/data/windows/train/fall/le2i_CR02_video_52_fall/le2i_CR02_video_52_fall_w0022.json
le2i_CR02_video_52_fall_w0018,le2i_CR02_video_52_fall,fall,train,/Users/varunreddyseelam/Desktop/Gen_ai/final_pipeline/data/windows/train/fall/le2i_CR02_video_52_fall/le2i_CR02_video_52_fall_w0018.json
le2i_CR02_video_52_fall_w0038,le2i_CR02_video_52_fall,fall,train,/Users/varunreddyseelam/Desktop/Gen_ai/final_pipeline/data/windows/train/fall/le2i_CR02_video_52_fall/le2i_CR02_video_52_fall_w0038.json
le2i_CR02_video_52_fall_w0002,le2i_CR02_video_52_fall,fall,train,/Users/varunreddyseelam/Desktop/Gen_ai/final_pipeline/data/windows/train/fall/le2i_CR02_video_52_fall/le2i_CR02_video_52_fall_w0002.json
le2i_CR02_video_52_fall_w0014,le2i_CR02_video_52_fall,fall,train,/Users/varunreddyseelam/Desktop/Gen_ai/final_pipeline/data/windows/train/fall/le2i_CR02_video_52_fall/le2i_CR02_video_52_fall_w0014.json
le2i_CR02_video_52_fall_w0015,le2i_CR02_video_52_fall,fall,train,/Users/varunreddyseelam/Desktop/Gen_ai/final_pipeline/data/windows/train/fall/le2i_CR02_video_52_fall/le2i_CR02_video_52_fall_w0015.json
le2i_CR02_video_52_fall_w0003,le2i_CR02_video_52_fall,fall,train,/Users/varunreddyseelam/Desktop/Gen_ai/final_pipeline/data/windows/train/fall/le2i_CR02_video_52_fall/le2i_CR02_video_52_fall_w0003.json
le2i_CR02_video_52_fall_w0039,le2i_CR02_video_52_fall,fall,train,/Users/varunreddyseelam/Desktop/Gen_ai/final_pipeline/data/windows/train/fall/le2i_CR02_video_52_fall/le2i_CR02_video_52_fall_w0039.json
le2i_CR02_video_52_fall_w0019,le2i_CR02_video_52_fall,fall,train,/Users/varunreddyseelam/Desktop/Gen_ai/final_pipeline/data/windows/train/fall/le2i_CR02_video_52_fall/le2i_CR02_video_52_fall_w0019.json
le2i_CR02_video_52_fall_w0023,le2i_CR02_video_52_fall,fall,train,/Users/varunreddyseelam/Desktop/Gen_ai/final_pipeline/data/windows/train/fall/le2i_CR02_video_52_fall/le2i_CR02_video_52_fall_w0023.json
le2i_CR02_video_52_fall_w0035,le2i_CR02_video_52_fall,fall,train,/Users/varunreddyseelam/Desktop/Gen_ai/final_pipeline/data/windows/train/fall/le2i_CR02_video_52_fall/le2i_CR02_video_52_fall_w0035.json
le2i_CR02_video_52_fall_w0028,le2i_CR02_video_52_fall,fall,train,/Users/varunreddyseelam/Desktop/Gen_ai/final_pipeline/data/windows/train/fall/le2i_CR02_video_52_fall/le2i_CR02_video_52_fall_w0028.json
le2i_CR02_video_52_fall_w0004,le2i_CR02_video_52_fall,fall,train,/Users/varunreddyseelam/Desktop/Gen_ai/final_pipeline/data/windows/train/fall/le2i_CR02_video_52_fall/le2i_CR02_video_52_fall_w0004.json
le2i_CR02_video_52_fall_w0012,le2i_CR02_video_52_fall,fall,train,/Users/varunreddyseelam/Desktop/Gen_ai/final_pipeline/data/windows/train/fall/le2i_CR02_video_52_fall/le2i_CR02_video_52_fall_w0012.json
le2i_CR02_video_52_fall_w0032,le2i_CR02_video_52_fall,fall,train,/Users/varunreddyseelam/Desktop/Gen_ai/final_pipeline/data/windows/train/fall/le2i_CR02_video_52_fall/le2i_CR02_video_52_fall_w0032.json
le2i_CR02_video_52_fall_w0024,le2i_CR02_video_52_fall,fall,train,/Users/varunreddyseelam/Desktop/Gen_ai/final_pipeline/data/windows/train/fall/le2i_CR02_video_52_fall/le2i_CR02_video_52_fall_w0024.json
le2i_CR02_video_52_fall_w0008,le2i_CR02_video_52_fall,fall,train,/Users/varunreddyseelam/Desktop/Gen_ai/final_pipeline/data/windows/train/fall/le2i_CR02_video_52_fall/le2i_CR02_video_52_fall_w0008.json
le2i_CR02_video_52_fall_w0009,le2i_CR02_video_52_fall,fall,train,/Users/varunreddyseelam/Desktop/Gen_ai/final_pipeline/data/windows/train/fall/le2i_CR02_video_52_fall/le2i_CR02_video_52_fall_w0009.json
le2i_CR02_video_52_fall_w0025,le2i_CR02_video_52_fall,fall,train,/Users/varunreddyseelam/Desktop/Gen_ai/final_pipeline/data/windows/train/fall/le2i_CR02_video_52_fall/le2i_CR02_video_52_fall_w0025.json
le2i_CR02_video_52_fall_w0033,le2i_CR02_video_52_fall,fall,train,/Users/varunreddyseelam/Desktop/Gen_ai/final_pipeline/data/windows/train/fall/le2i_CR02_video_52_fall/le2i_CR02_video_52_fall_w0033.json
le2i_CR02_video_52_fall_w0013,le2i_CR02_video_52_fall,fall,train,/Users/varunreddyseelam/Desktop/Gen_ai/final_pipeline/data/windows/train/fall/le2i_CR02_video_52_fall/le2i_CR02_video_52_fall_w0013.json
le2i_CR02_video_52_fall_w0005,le2i_CR02_video_52_fall,fall,train,/Users/varunreddyseelam/Desktop/Gen_ai/final_pipeline/data/windows/train/fall/le2i_CR02_video_52_fall/le2i_CR02_video_52_fall_w0005.json
le2i_CR02_video_52_fall_w0029,le2i_CR02_video_52_fall,fall,train,/Users/varunreddyseelam/Desktop/Gen_ai/final_pipeline/data/windows/train/fall/le2i_CR02_video_52_fall/le2i_CR02_video_52_fall_w0029.json
gmncsa24_gmncsa_fall_040_w0000,gmncsa24_gmncsa_fall_040,fall,train,/Users/varunreddyseelam/Desktop/Gen_ai/final_pipeline/data/windows/train/fall/gmncsa24_gmncsa_fall_040/gmncsa24_gmncsa_fall_040_w0000.json
gmncsa24_gmncsa_fall_040_w0041,gmncsa24_gmncsa_fall_040,fall,train,/Users/varunreddyseelam/Desktop/Gen_ai/final_pipeline/data/windows/train/fall/gmncsa24_gmncsa_fall_040/gmncsa24_gmncsa_fall_040_w0041.json
gmncsa24_gmncsa_fall_040_w0016,gmncsa24_gmncsa_fall_040,fall,train,/Users/varunreddyseelam/Desktop/Gen_ai/final_pipeline/data/windows/train/fall/gmncsa24_gmncsa_fall_040/gmncsa24_gmncsa_fall_040_w0016.json
gmncsa24_gmncsa_fall_040_w0036,gmncsa24_gmncsa_fall_040,fall,train,/Users/varunreddyseelam/Desktop/Gen_ai/final_pipeline/data/windows/train/fall/gmncsa24_gmncsa_fall_040/gmncsa24_gmncsa_fall_040_w0036.json
gmncsa24_gmncsa_fall_040_w0020,gmncsa24_gmncsa_fall_040,fall,train,/Users/varunreddyseelam/Desktop/Gen_ai/final_pipeline/data/windows/train/fall/gmncsa24_gmncsa_fall_040/gmncsa24_gmncsa_fall_040_w0020.json
gmncsa24_gmncsa_fall_040_w0021,gmncsa24_gmncsa_fall_040,fall,train,/Users/varunreddyseelam/Desktop/Gen_ai/final_pipeline/data/windows/train/fall/gmncsa24_gmncsa_fall_040/gmncsa24_gmncsa_fall_040_w0021.json
gmncsa24_gmncsa_fall_040_w0037,gmncsa24_gmncsa_fall_040,fall,train,/Users/varunreddyseelam/Desktop/Gen_ai/final_pipeline/data/windows/train/fall/gmncsa24_gmncsa_fall_040/gmncsa24_gmncsa_fall_040_w0037.json
gmncsa24_gmncsa_fall_040_w0017,gmncsa24_gmncsa_fall_040,fall,train,/Users/varunreddyseelam/Desktop/Gen_ai/final_pipeline/data/windows/train/fall/gmncsa24_gmncsa_fall_040/gmncsa24_gmncsa_fall_040_w0017.json
gmncsa24_gmncsa_fall_040_w0040,gmncsa24_gmncsa_fall_040,fall,train,/Users/varunreddyseelam/Desktop/Gen_ai/final_pipeline/data/windows/train/fall/gmncsa24_gmncsa_fall_040/gmncsa24_gmncsa_fall_040_w0040.json
gmncsa24_gmncsa_fall_040_w0001,gmncsa24_gmncsa_fall_040,fall,train,/Users/varunreddyseelam/Desktop/Gen_ai/final_pipeline/data/windows/train/fall/gmncsa24_gmncsa_fall_040/gmncsa24_gmncsa_fall_040_w0001.json
gmncsa24_gmncsa_fall_040_w0030,gmncsa24_gmncsa_fall_040,fall,train,/Users/varunreddyseelam/Desktop/Gen_ai/final_pipeline/data/windows/train/fall/gmncsa24_gmncsa_fall_040/gmncsa24_gmncsa_fall_040_w0030.json
gmncsa24_gmncsa_fall_040_w0026,gmncsa24_gmncsa_fall_040,fall,train,/Users/varunreddyseelam/Desktop/Gen_ai/final_pipeline/data/windows/train/fall/gmncsa24_gmncsa_fall_040/gmncsa24_gmncsa_fall_040_w0026.json
gmncsa24_gmncsa_fall_040_w0006,gmncsa24_gmncsa_fall_040,fall,train,/Users/varunreddyseelam/Desktop/Gen_ai/final_pipeline/data/windows/train/fall/gmncsa24_gmncsa_fall_040/gmncsa24_gmncsa_fall_040_w0006.json
gmncsa24_gmncsa_fall_040_w0051,gmncsa24_gmncsa_fall_040,fall,train,/Users/varunreddyseelam/Desktop/Gen_ai/final_pipeline/data/windows/train/fall/gmncsa24_gmncsa_fall_040/gmncsa24_gmncsa_fall_040_w0051.json
gmncsa24_gmncsa_fall_040_w0047,gmncsa24_gmncsa_fall_040,fall,train,/Users/varunreddyseelam/Desktop/Gen_ai/final_pipeline/data/windows/train/fall/gmncsa24_gmncsa_fall_040/gmncsa24_gmncsa_fall_040_w0047.json
gmncsa24_gmncsa_fall_040_w0010,gmncsa24_gmncsa_fall_040,fall,train,/Users/varunreddyseelam/Desktop/Gen_ai/final_pipeline/data/windows/train/fall/gmncsa24_gmncsa_fall_040/gmncsa24_gmncsa_fall_040_w0010.json
gmncsa24_gmncsa_fall_040_w0011,gmncsa24_gmncsa_fall_040,fall,train,/Users/varunreddyseelam/Desktop/Gen_ai/final_pipeline/data/windows/train/fall/gmncsa24_gmncsa_fall_040/gmncsa24_gmncsa_fall_040_w0011.json
gmncsa24_gmncsa_fall_040_w0046,gmncsa24_gmncsa_fall_040,fall,train,/Users/varunreddyseelam/Desktop/Gen_ai/final_pipeline/data/windows/train/fall/gmncsa24_gmncsa_fall_040/gmncsa24_gmncsa_fall_040_w0046.json
gmncsa24_gmncsa_fall_040_w0050,gmncsa24_gmncsa_fall_040,fall,train,/Users/varunreddyseelam/Desktop/Gen_ai/final_pipeline/data/windows/train/fall/gmncsa24_gmncsa_fall_040/gmncsa24_gmncsa_fall_040_w0050.json
gmncsa24_gmncsa_fall_040_w0007,gmncsa24_gmncsa_fall_040,fall,train,/Users/varunreddyseelam/Desktop/Gen_ai/final_pipeline/data/windows/train/fall/gmncsa24_gmncsa_fall_040/gmncsa24_gmncsa_fall_040_w0007.json
gmncsa24_gmncsa_fall_040_w0027,gmncsa24_gmncsa_fall_040,fall,train,/Users/varunreddyseelam/Desktop/Gen_ai/final_pipeline/data/windows/train/fall/gmncsa24_gmncsa_fall_040/gmncsa24_gmncsa_fall_040_w0027.json
gmncsa24_gmncsa_fall_040_w0031,gmncsa24_gmncsa_fall_040,fall,train,/Users/varunreddyseelam/Desktop/Gen_ai/final_pipeline/data/windows/train/fall/gmncsa24_gmncsa_fall_040/gmncsa24_gmncsa_fall_040_w0031.json
gmncsa24_gmncsa_fall_040_w0024,gmncsa24_gmncsa_fall_040,fall,train,/Users/varunreddyseelam/Desktop/Gen_ai/final_pipeline/data/windows/train/fall/gmncsa24_gmncsa_fall_040/gmncsa24_gmncsa_fall_040_w0024.json
gmncsa24_gmncsa_fall_040_w0032,gmncsa24_gmncsa_fall_040,fall,train,/Users/varunreddyseelam/Desktop/Gen_ai/final_pipeline/data/windows/train/fall/gmncsa24_gmncsa_fall_040/gmncsa24_gmncsa_fall_040_w0032.json
gmncsa24_gmncsa_fall_040_w0049,gmncsa24_gmncsa_fall_040,fall,train,/Users/varunreddyseelam/Desktop/Gen_ai/final_pipeline/data/windows/train/fall/gmncsa24_gmncsa_fall_040/gmncsa24_gmncsa_fall_040_w0049.json
gmncsa24_gmncsa_fall_040_w0008,gmncsa24_gmncsa_fall_040,fall,train,/Users/varunreddyseelam/Desktop/Gen_ai/final_pipeline/data/windows/train/fall/gmncsa24_gmncsa_fall_040/gmncsa24_gmncsa_fall_040_w0008.json
gmncsa24_gmncsa_fall_040_w0028,gmncsa24_gmncsa_fall_040,fall,train,/Users/varunreddyseelam/Desktop/Gen_ai/final_pipeline/data/windows/train/fall/gmncsa24_gmncsa_fall_040/gmncsa24_gmncsa_fall_040_w0028.json
gmncsa24_gmncsa_fall_040_w0012,gmncsa24_gmncsa_fall_040,fall,train,/Users/varunreddyseelam/Desktop/Gen_ai/final_pipeline/data/windows/train/fall/gmncsa24_gmncsa_fall_040/gmncsa24_gmncsa_fall_040_w0012.json
gmncsa24_gmncsa_fall_040_w0045,gmncsa24_gmncsa_fall_040,fall,train,/Users/varunreddyseelam/Desktop/Gen_ai/final_pipeline/data/windows/train/fall/gmncsa24_gmncsa_fall_040/gmncsa24_gmncsa_fall_040_w0045.json
gmncsa24_gmncsa_fall_040_w0004,gmncsa24_gmncsa_fall_040,fall,train,/Users/varunreddyseelam/Desktop/Gen_ai/final_pipeline/data/windows/train/fall/gmncsa24_gmncsa_fall_040/gmncsa24_gmncsa_fall_040_w0004.json
gmncsa24_gmncsa_fall_040_w0005,gmncsa24_gmncsa_fall_040,fall,train,/Users/varunreddyseelam/Desktop/Gen_ai/final_pipeline/data/windows/train/fall/gmncsa24_gmncsa_fall_040/gmncsa24_gmncsa_fall_040_w0005.json
gmncsa24_gmncsa_fall_040_w0044,gmncsa24_gmncsa_fall_040,fall,train,/Users/varunreddyseelam/Desktop/Gen_ai/final_pipeline/data/windows/train/fall/gmncsa24_gmncsa_fall_040/gmncsa24_gmncsa_fall_040_w0044.json
gmncsa24_gmncsa_fall_040_w0013,gmncsa24_gmncsa_fall_040,fall,train,/Users/varunreddyseelam/Desktop/Gen_ai/final_pipeline/data/windows/train/fall/gmncsa24_gmncsa_fall_040/gmncsa24_gmncsa_fall_040_w0013.json
gmncsa24_gmncsa_fall_040_w0029,gmncsa24_gmncsa_fall_040,fall,train,/Users/varunreddyseelam/Desktop/Gen_ai/final_pipeline/data/windows/train/fall/gmncsa24_gmncsa_fall_040/gmncsa24_gmncsa_fall_040_w0029.json
gmncsa24_gmncsa_fall_040_w0009,gmncsa24_gmncsa_fall_040,fall,train,/Users/varunreddyseelam/Desktop/Gen_ai/final_pipeline/data/windows/train/fall/gmncsa24_gmncsa_fall_040/gmncsa24_gmncsa_fall_040_w0009.json
gmncsa24_gmncsa_fall_040_w0048,gmncsa24_gmncsa_fall_040,fall,train,/Users/varunreddyseelam/Desktop/Gen_ai/final_pipeline/data/windows/train/fall/gmncsa24_gmncsa_fall_040/gmncsa24_gmncsa_fall_040_w0048.json
gmncsa24_gmncsa_fall_040_w0033,gmncsa24_gmncsa_fall_040,fall,train,/Users/varunreddyseelam/Desktop/Gen_ai/final_pipeline/data/windows/train/fall/gmncsa24_gmncsa_fall_040/gmncsa24_gmncsa_fall_040_w0033.json
gmncsa24_gmncsa_fall_040_w0025,gmncsa24_gmncsa_fall_040,fall,train,/Users/varunreddyseelam/Desktop/Gen_ai/final_pipeline/data/windows/train/fall/gmncsa24_gmncsa_fall_040/gmncsa24_gmncsa_fall_040_w0025.json
gmncsa24_gmncsa_fall_040_w0038,gmncsa24_gmncsa_fall_040,fall,train,/Users/varunreddyseelam/Desktop/Gen_ai/final_pipeline/data/windows/train/fall/gmncsa24_gmncsa_fall_040/gmncsa24_gmncsa_fall_040_w0038.json
gmncsa24_gmncsa_fall_040_w0014,gmncsa24_gmncsa_fall_040,fall,train,/Users/varunreddyseelam/Desktop/Gen_ai/final_pipeline/data/windows/train/fall/gmncsa24_gmncsa_fall_040/gmncsa24_gmncsa_fall_040_w0014.json
gmncsa24_gmncsa_fall_040_w0043,gmncsa24_gmncsa_fall_040,fall,train,/Users/varunreddyseelam/Desktop/Gen_ai/final_pipeline/data/windows/train/fall/gmncsa24_gmncsa_fall_040/gmncsa24_gmncsa_fall_040_w0043.json
gmncsa24_gmncsa_fall_040_w0002,gmncsa24_gmncsa_fall_040,fall,train,/Users/varunreddyseelam/Desktop/Gen_ai/final_pipeline/data/windows/train/fall/gmncsa24_gmncsa_fall_040/gmncsa24_gmncsa_fall_040_w0002.json
gmncsa24_gmncsa_fall_040_w0022,gmncsa24_gmncsa_fall_040,fall,train,/Users/varunreddyseelam/Desktop/Gen_ai/final_pipeline/data/windows/train/fall/gmncsa24_gmncsa_fall_040/gmncsa24_gmncsa_fall_040_w0022.json
gmncsa24_gmncsa_fall_040_w0034,gmncsa24_gmncsa_fall_040,fall,train,/Users/varunreddyseelam/Desktop/Gen_ai/final_pipeline/data/windows/train/fall/gmncsa24_gmncsa_fall_040/gmncsa24_gmncsa_fall_040_w0034.json
gmncsa24_gmncsa_fall_040_w0018,gmncsa24_gmncsa_fall_040,fall,train,/Users/varunreddyseelam/Desktop/Gen_ai/final_pipeline/data/windows/train/fall/gmncsa24_gmncsa_fall_040/gmncsa24_gmncsa_fall_040_w0018.json
gmncsa24_gmncsa_fall_040_w0019,gmncsa24_gmncsa_fall_040,fall,train,/Users/varunreddyseelam/Desktop/Gen_ai/final_pipeline/data/windows/train/fall/gmncsa24_gmncsa_fall_040/gmncsa24_gmncsa_fall_040_w0019.json
gmncsa24_gmncsa_fall_040_w0035,gmncsa24_gmncsa_fall_040,fall,train,/Users/varunreddyseelam/Desktop/Gen_ai/final_pipeline/data/windows/train/fall/gmncsa24_gmncsa_fall_040/gmncsa24_gmncsa_fall_040_w0035.json
gmncsa24_gmncsa_fall_040_w0023,gmncsa24_gmncsa_fall_040,fall,train,/Users/varunreddyseelam/Desktop/Gen_ai/final_pipeline/data/windows/train/fall/gmncsa24_gmncsa_fall_040/gmncsa24_gmncsa_fall_040_w0023.json
gmncsa24_gmncsa_fall_040_w0003,gmncsa24_gmncsa_fall_040,fall,train,/Users/varunreddyseelam/Desktop/Gen_ai/final_pipeline/data/windows/train/fall/gmncsa24_gmncsa_fall_040/gmncsa24_gmncsa_fall_040_w0003.json
gmncsa24_gmncsa_fall_040_w0042,gmncsa24_gmncsa_fall_040,fall,train,/Users/varunreddyseelam/Desktop/Gen_ai/final_pipeline/data/windows/train/fall/gmncsa24_gmncsa_fall_040/gmncsa24_gmncsa_fall_040_w0042.json
gmncsa24_gmncsa_fall_040_w0015,gmncsa24_gmncsa_fall_040,fall,train,/Users/varunreddyseelam/Desktop/Gen_ai/final_pipeline/data/windows/train/fall/gmncsa24_gmncsa_fall_040/gmncsa24_gmncsa_fall_040_w0015.json
gmncsa24_gmncsa_fall_040_w0039,gmncsa24_gmncsa_fall_040,fall,train,/Users/varunreddyseelam/Desktop/Gen_ai/final_pipeline/data/windows/train/fall/gmncsa24_gmncsa_fall_040/gmncsa24_gmncsa_fall_040_w0039.json
gmncsa24_gmncsa_fall_047_w0031,gmncsa24_gmncsa_fall_047,fall,train,/Users/varunreddyseelam/Desktop/Gen_ai/final_pipeline/data/windows/train/fall/gmncsa24_gmncsa_fall_047/gmncsa24_gmncsa_fall_047_w0031.json
gmncsa24_gmncsa_fall_047_w0027,gmncsa24_gmncsa_fall_047,fall,train,/Users/varunreddyseelam/Desktop/Gen_ai/final_pipeline/data/windows/train/fall/gmncsa24_gmncsa_fall_047/gmncsa24_gmncsa_fall_047_w0027.json
gmncsa24_gmncsa_fall_047_w0007,gmncsa24_gmncsa_fall_047,fall,train,/Users/varunreddyseelam/Desktop/Gen_ai/final_pipeline/data/windows/train/fall/gmncsa24_gmncsa_fall_047/gmncsa24_gmncsa_fall_047_w0007.json
gmncsa24_gmncsa_fall_047_w0011,gmncsa24_gmncsa_fall_047,fall,train,/Users/varunreddyseelam/Desktop/Gen_ai/final_pipeline/data/windows/train/fall/gmncsa24_gmncsa_fall_047/gmncsa24_gmncsa_fall_047_w0011.json
gmncsa24_gmncsa_fall_047_w0010,gmncsa24_gmncsa_fall_047,fall,train,/Users/varunreddyseelam/Desktop/Gen_ai/final_pipeline/data/windows/train/fall/gmncsa24_gmncsa_fall_047/gmncsa24_gmncsa_fall_047_w0010.json
gmncsa24_gmncsa_fall_047_w0006,gmncsa24_gmncsa_fall_047,fall,train,/Users/varunreddyseelam/Desktop/Gen_ai/final_pipeline/data/windows/train/fall/gmncsa24_gmncsa_fall_047/gmncsa24_gmncsa_fall_047_w0006.json
gmncsa24_gmncsa_fall_047_w0026,gmncsa24_gmncsa_fall_047,fall,train,/Users/varunreddyseelam/Desktop/Gen_ai/final_pipeline/data/windows/train/fall/gmncsa24_gmncsa_fall_047/gmncsa24_gmncsa_fall_047_w0026.json
gmncsa24_gmncsa_fall_047_w0030,gmncsa24_gmncsa_fall_047,fall,train,/Users/varunreddyseelam/Desktop/Gen_ai/final_pipeline/data/windows/train/fall/gmncsa24_gmncsa_fall_047/gmncsa24_gmncsa_fall_047_w0030.json
gmncsa24_gmncsa_fall_047_w0001,gmncsa24_gmncsa_fall_047,fall,train,/Users/varunreddyseelam/Desktop/Gen_ai/final_pipeline/data/windows/train/fall/gmncsa24_gmncsa_fall_047/gmncsa24_gmncsa_fall_047_w0001.json
gmncsa24_gmncsa_fall_047_w0017,gmncsa24_gmncsa_fall_047,fall,train,/Users/varunreddyseelam/Desktop/Gen_ai/final_pipeline/data/windows/train/fall/gmncsa24_gmncsa_fall_047/gmncsa24_gmncsa_fall_047_w0017.json
gmncsa24_gmncsa_fall_047_w0021,gmncsa24_gmncsa_fall_047,fall,train,/Users/varunreddyseelam/Desktop/Gen_ai/final_pipeline/data/windows/train/fall/gmncsa24_gmncsa_fall_047/gmncsa24_gmncsa_fall_047_w0021.json
gmncsa24_gmncsa_fall_047_w0020,gmncsa24_gmncsa_fall_047,fall,train,/Users/varunreddyseelam/Desktop/Gen_ai/final_pipeline/data/windows/train/fall/gmncsa24_gmncsa_fall_047/gmncsa24_gmncsa_fall_047_w0020.json
gmncsa24_gmncsa_fall_047_w0016,gmncsa24_gmncsa_fall_047,fall,train,/Users/varunreddyseelam/Desktop/Gen_ai/final_pipeline/data/windows/train/fall/gmncsa24_gmncsa_fall_047/gmncsa24_gmncsa_fall_047_w0016.json
gmncsa24_gmncsa_fall_047_w0000,gmncsa24_gmncsa_fall_047,fall,train,/Users/varunreddyseelam/Desktop/Gen_ai/final_pipeline/data/windows/train/fall/gmncsa24_gmncsa_fall_047/gmncsa24_gmncsa_fall_047_w0000.json
gmncsa24_gmncsa_fall_047_w0015,gmncsa24_gmncsa_fall_047,fall,train,/Users/varunreddyseelam/Desktop/Gen_ai/final_pipeline/data/windows/train/fall/gmncsa24_gmncsa_fall_047/gmncsa24_gmncsa_fall_047_w0015.json
gmncsa24_gmncsa_fall_047_w0003,gmncsa24_gmncsa_fall_047,fall,train,/Users/varunreddyseelam/Desktop/Gen_ai/final_pipeline/data/windows/train/fall/gmncsa24_gmncsa_fall_047/gmncsa24_gmncsa_fall_047_w0003.json
gmncsa24_gmncsa_fall_047_w0023,gmncsa24_gmncsa_fall_047,fall,train,/Users/varunreddyseelam/Desktop/Gen_ai/final_pipeline/data/windows/train/fall/gmncsa24_gmncsa_fall_047/gmncsa24_gmncsa_fall_047_w0023.json
gmncsa24_gmncsa_fall_047_w0019,gmncsa24_gmncsa_fall_047,fall,train,/Users/varunreddyseelam/Desktop/Gen_ai/final_pipeline/data/windows/train/fall/gmncsa24_gmncsa_fall_047/gmncsa24_gmncsa_fall_047_w0019.json
gmncsa24_gmncsa_fall_047_w0018,gmncsa24_gmncsa_fall_047,fall,train,/Users/varunreddyseelam/Desktop/Gen_ai/final_pipeline/data/windows/train/fall/gmncsa24_gmncsa_fall_047/gmncsa24_gmncsa_fall_047_w0018.json
gmncsa24_gmncsa_fall_047_w0034,gmncsa24_gmncsa_fall_047,fall,train,/Users/varunreddyseelam/Desktop/Gen_ai/final_pipeline/data/windows/train/fall/gmncsa24_gmncsa_fall_047/gmncsa24_gmncsa_fall_047_w0034.json
gmncsa24_gmncsa_fall_047_w0022,gmncsa24_gmncsa_fall_047,fall,train,/Users/varunreddyseelam/Desktop/Gen_ai/final_pipeline/data/windows/train/fall/gmncsa24_gmncsa_fall_047/gmncsa24_gmncsa_fall_047_w0022.json
gmncsa24_gmncsa_fall_047_w0002,gmncsa24_gmncsa_fall_047,fall,train,/Users/varunreddyseelam/Desktop/Gen_ai/final_pipeline/data/windows/train/fall/gmncsa24_gmncsa_fall_047/gmncsa24_gmncsa_fall_047_w0002.json
gmncsa24_gmncsa_fall_047_w0014,gmncsa24_gmncsa_fall_047,fall,train,/Users/varunreddyseelam/Desktop/Gen_ai/final_pipeline/data/windows/train/fall/gmncsa24_gmncsa_fall_047/gmncsa24_gmncsa_fall_047_w0014.json
gmncsa24_gmncsa_fall_047_w0025,gmncsa24_gmncsa_fall_047,fall,train,/Users/varunreddyseelam/Desktop/Gen_ai/final_pipeline/data/windows/train/fall/gmncsa24_gmncsa_fall_047/gmncsa24_gmncsa_fall_047_w0025.json
gmncsa24_gmncsa_fall_047_w0033,gmncsa24_gmncsa_fall_047,fall,train,/Users/varunreddyseelam/Desktop/Gen_ai/final_pipeline/data/windows/train/fall/gmncsa24_gmncsa_fall_047/gmncsa24_gmncsa_fall_047_w0033.json
gmncsa24_gmncsa_fall_047_w0009,gmncsa24_gmncsa_fall_047,fall,train,/Users/varunreddyseelam/Desktop/Gen_ai/final_pipeline/data/windows/train/fall/gmncsa24_gmncsa_fall_047/gmncsa24_gmncsa_fall_047_w0009.json
gmncsa24_gmncsa_fall_047_w0029,gmncsa24_gmncsa_fall_047,fall,train,/Users/varunreddyseelam/Desktop/Gen_ai/final_pipeline/data/windows/train/fall/gmncsa24_gmncsa_fall_047/gmncsa24_gmncsa_fall_047_w0029.json
gmncsa24_gmncsa_fall_047_w0013,gmncsa24_gmncsa_fall_047,fall,train,/Users/varunreddyseelam/Desktop/Gen_ai/final_pipeline/data/windows/train/fall/gmncsa24_gmncsa_fall_047/gmncsa24_gmncsa_fall_047_w0013.json
gmncsa24_gmncsa_fall_047_w0005,gmncsa24_gmncsa_fall_047,fall,train,/Users/varunreddyseelam/Desktop/Gen_ai/final_pipeline/data/windows/train/fall/gmncsa24_gmncsa_fall_047/gmncsa24_gmncsa_fall_047_w0005.json
gmncsa24_gmncsa_fall_047_w0004,gmncsa24_gmncsa_fall_047,fall,train,/Users/varunreddyseelam/Desktop/Gen_ai/final_pipeline/data/windows/train/fall/gmncsa24_gmncsa_fall_047/gmncsa24_gmncsa_fall_047_w0004.json
gmncsa24_gmncsa_fall_047_w0012,gmncsa24_gmncsa_fall_047,fall,train,/Users/varunreddyseelam/Desktop/Gen_ai/final_pipeline/data/windows/train/fall/gmncsa24_gmncsa_fall_047/gmncsa24_gmncsa_fall_047_w0012.json
gmncsa24_gmncsa_fall_047_w0028,gmncsa24_gmncsa_fall_047,fall,train,/Users/varunreddyseelam/Desktop/Gen_ai/final_pipeline/data/windows/train/fall/gmncsa24_gmncsa_fall_047/gmncsa24_gmncsa_fall_047_w0028.json
gmncsa24_gmncsa_fall_047_w0008,gmncsa24_gmncsa_fall_047,fall,train,/Users/varunreddyseelam/Desktop/Gen_ai/final_pipeline/data/windows/train/fall/gmncsa24_gmncsa_fall_047/gmncsa24_gmncsa_fall_047_w0008.json
gmncsa24_gmncsa_fall_047_w0032,gmncsa24_gmncsa_fall_047,fall,train,/Users/varunreddyseelam/Desktop/Gen_ai/final_pipeline/data/windows/train/fall/gmncsa24_gmncsa_fall_047/gmncsa24_gmncsa_fall_047_w0032.json
gmncsa24_gmncsa_fall_047_w0024,gmncsa24_gmncsa_fall_047,fall,train,/Users/varunreddyseelam/Desktop/Gen_ai/final_pipeline/data/windows/train/fall/gmncsa24_gmncsa_fall_047/gmncsa24_gmncsa_fall_047_w0024.json
gmncsa24_gmncsa_fall_078_w0010,gmncsa24_gmncsa_fall_078,fall,train,/Users/varunreddyseelam/Desktop/Gen_ai/final_pipeline/data/windows/train/fall/gmncsa24_gmncsa_fall_078/gmncsa24_gmncsa_fall_078_w0010.json
gmncsa24_gmncsa_fall_078_w0006,gmncsa24_gmncsa_fall_078,fall,train,/Users/varunreddyseelam/Desktop/Gen_ai/final_pipeline/data/windows/train/fall/gmncsa24_gmncsa_fall_078/gmncsa24_gmncsa_fall_078_w0006.json
gmncsa24_gmncsa_fall_078_w0026,gmncsa24_gmncsa_fall_078,fall,train,/Users/varunreddyseelam/Desktop/Gen_ai/final_pipeline/data/windows/train/fall/gmncsa24_gmncsa_fall_078/gmncsa24_gmncsa_fall_078_w0026.json
gmncsa24_gmncsa_fall_078_w0027,gmncsa24_gmncsa_fall_078,fall,train,/Users/varunreddyseelam/Desktop/Gen_ai/final_pipeline/data/windows/train/fall/gmncsa24_gmncsa_fall_078/gmncsa24_gmncsa_fall_078_w0027.json
gmncsa24_gmncsa_fall_078_w0007,gmncsa24_gmncsa_fall_078,fall,train,/Users/varunreddyseelam/Desktop/Gen_ai/final_pipeline/data/windows/train/fall/gmncsa24_gmncsa_fall_078/gmncsa24_gmncsa_fall_078_w0007.json
gmncsa24_gmncsa_fall_078_w0011,gmncsa24_gmncsa_fall_078,fall,train,/Users/varunreddyseelam/Desktop/Gen_ai/final_pipeline/data/windows/train/fall/gmncsa24_gmncsa_fall_078/gmncsa24_gmncsa_fall_078_w0011.json
gmncsa24_gmncsa_fall_078_w0020,gmncsa24_gmncsa_fall_078,fall,train,/Users/varunreddyseelam/Desktop/Gen_ai/final_pipeline/data/windows/train/fall/gmncsa24_gmncsa_fall_078/gmncsa24_gmncsa_fall_078_w0020.json
gmncsa24_gmncsa_fall_078_w0016,gmncsa24_gmncsa_fall_078,fall,train,/Users/varunreddyseelam/Desktop/Gen_ai/final_pipeline/data/windows/train/fall/gmncsa24_gmncsa_fall_078/gmncsa24_gmncsa_fall_078_w0016.json
gmncsa24_gmncsa_fall_078_w0000,gmncsa24_gmncsa_fall_078,fall,train,/Users/varunreddyseelam/Desktop/Gen_ai/final_pipeline/data/windows/train/fall/gmncsa24_gmncsa_fall_078/gmncsa24_gmncsa_fall_078_w0000.json
gmncsa24_gmncsa_fall_078_w0001,gmncsa24_gmncsa_fall_078,fall,train,/Users/varunreddyseelam/Desktop/Gen_ai/final_pipeline/data/windows/train/fall/gmncsa24_gmncsa_fall_078/gmncsa24_gmncsa_fall_078_w0001.json
gmncsa24_gmncsa_fall_078_w0017,gmncsa24_gmncsa_fall_078,fall,train,/Users/varunreddyseelam/Desktop/Gen_ai/final_pipeline/data/windows/train/fall/gmncsa24_gmncsa_fall_078/gmncsa24_gmncsa_fall_078_w0017.json
gmncsa24_gmncsa_fall_078_w0021,gmncsa24_gmncsa_fall_078,fall,train,/Users/varunreddyseelam/Desktop/Gen_ai/final_pipeline/data/windows/train/fall/gmncsa24_gmncsa_fall_078/gmncsa24_gmncsa_fall_078_w0021.json
gmncsa24_gmncsa_fall_078_w0018,gmncsa24_gmncsa_fall_078,fall,train,/Users/varunreddyseelam/Desktop/Gen_ai/final_pipeline/data/windows/train/fall/gmncsa24_gmncsa_fall_078/gmncsa24_gmncsa_fall_078_w0018.json
gmncsa24_gmncsa_fall_078_w0022,gmncsa24_gmncsa_fall_078,fall,train,/Users/varunreddyseelam/Desktop/Gen_ai/final_pipeline/data/windows/train/fall/gmncsa24_gmncsa_fall_078/gmncsa24_gmncsa_fall_078_w0022.json
gmncsa24_gmncsa_fall_078_w0002,gmncsa24_gmncsa_fall_078,fall,train,/Users/varunreddyseelam/Desktop/Gen_ai/final_pipeline/data/windows/train/fall/gmncsa24_gmncsa_fall_078/gmncsa24_gmncsa_fall_078_w0002.json
gmncsa24_gmncsa_fall_078_w0014,gmncsa24_gmncsa_fall_078,fall,train,/Users/varunreddyseelam/Desktop/Gen_ai/final_pipeline/data/windows/train/fall/gmncsa24_gmncsa_fall_078/gmncsa24_gmncsa_fall_078_w0014.json
gmncsa24_gmncsa_fall_078_w0015,gmncsa24_gmncsa_fall_078,fall,train,/Users/varunreddyseelam/Desktop/Gen_ai/final_pipeline/data/windows/train/fall/gmncsa24_gmncsa_fall_078/gmncsa24_gmncsa_fall_078_w0015.json
gmncsa24_gmncsa_fall_078_w0003,gmncsa24_gmncsa_fall_078,fall,train,/Users/varunreddyseelam/Desktop/Gen_ai/final_pipeline/data/windows/train/fall/gmncsa24_gmncsa_fall_078/gmncsa24_gmncsa_fall_078_w0003.json
gmncsa24_gmncsa_fall_078_w0023,gmncsa24_gmncsa_fall_078,fall,train,/Users/varunreddyseelam/Desktop/Gen_ai/final_pipeline/data/windows/train/fall/gmncsa24_gmncsa_fall_078/gmncsa24_gmncsa_fall_078_w0023.json
gmncsa24_gmncsa_fall_078_w0019,gmncsa24_gmncsa_fall_078,fall,train,/Users/varunreddyseelam/Desktop/Gen_ai/final_pipeline/data/windows/train/fall/gmncsa24_gmncsa_fall_078/gmncsa24_gmncsa_fall_078_w0019.json
gmncsa24_gmncsa_fall_078_w0004,gmncsa24_gmncsa_fall_078,fall,train,/Users/varunreddyseelam/Desktop/Gen_ai/final_pipeline/data/windows/train/fall/gmncsa24_gmncsa_fall_078/gmncsa24_gmncsa_fall_078_w0004.json
gmncsa24_gmncsa_fall_078_w0012,gmncsa24_gmncsa_fall_078,fall,train,/Users/varunreddyseelam/Desktop/Gen_ai/final_pipeline/data/windows/train/fall/gmncsa24_gmncsa_fall_078/gmncsa24_gmncsa_fall_078_w0012.json
gmncsa24_gmncsa_fall_078_w0028,gmncsa24_gmncsa_fall_078,fall,train,/Users/varunreddyseelam/Desktop/Gen_ai/final_pipeline/data/windows/train/fall/gmncsa24_gmncsa_fall_078/gmncsa24_gmncsa_fall_078_w0028.json
gmncsa24_gmncsa_fall_078_w0008,gmncsa24_gmncsa_fall_078,fall,train,/Users/varunreddyseelam/Desktop/Gen_ai/final_pipeline/data/windows/train/fall/gmncsa24_gmncsa_fall_078/gmncsa24_gmncsa_fall_078_w0008.json
gmncsa24_gmncsa_fall_078_w0024,gmncsa24_gmncsa_fall_078,fall,train,/Users/varunreddyseelam/Desktop/Gen_ai/final_pipeline/data/windows/train/fall/gmncsa24_gmncsa_fall_078/gmncsa24_gmncsa_fall_078_w0024.json
gmncsa24_gmncsa_fall_078_w0025,gmncsa24_gmncsa_fall_078,fall,train,/Users/varunreddyseelam/Desktop/Gen_ai/final_pipeline/data/windows/train/fall/gmncsa24_gmncsa_fall_078/gmncsa24_gmncsa_fall_078_w0025.json
gmncsa24_gmncsa_fall_078_w0009,gmncsa24_gmncsa_fall_078,fall,train,/Users/varunreddyseelam/Desktop/Gen_ai/final_pipeline/data/windows/train/fall/gmncsa24_gmncsa_fall_078/gmncsa24_gmncsa_fall_078_w0009.json
gmncsa24_gmncsa_fall_078_w0013,gmncsa24_gmncsa_fall_078,fall,train,/Users/varunreddyseelam/Desktop/Gen_ai/final_pipeline/data/windows/train/fall/gmncsa24_gmncsa_fall_078/gmncsa24_gmncsa_fall_078_w0013.json
gmncsa24_gmncsa_fall_078_w0005,gmncsa24_gmncsa_fall_078,fall,train,/Users/varunreddyseelam/Desktop/Gen_ai/final_pipeline/data/windows/train/fall/gmncsa24_gmncsa_fall_078/gmncsa24_gmncsa_fall_078_w0005.json
le2i_CR02_video_64_fall_w0002,le2i_CR02_video_64_fall,fall,train,/Users/varunreddyseelam/Desktop/Gen_ai/final_pipeline/data/windows/train/fall/le2i_CR02_video_64_fall/le2i_CR02_video_64_fall_w0002.json
le2i_CR02_video_64_fall_w0003,le2i_CR02_video_64_fall,fall,train,/Users/varunreddyseelam/Desktop/Gen_ai/final_pipeline/data/windows/train/fall/le2i_CR02_video_64_fall/le2i_CR02_video_64_fall_w0003.json
le2i_CR02_video_64_fall_w0000,le2i_CR02_video_64_fall,fall,train,/Users/varunreddyseelam/Desktop/Gen_ai/final_pipeline/data/windows/train/fall/le2i_CR02_video_64_fall/le2i_CR02_video_64_fall_w0000.json
le2i_CR02_video_64_fall_w0001,le2i_CR02_video_64_fall,fall,train,/Users/varunreddyseelam/Desktop/Gen_ai/final_pipeline/data/windows/train/fall/le2i_CR02_video_64_fall/le2i_CR02_video_64_fall_w0001.json
le2i_H02_video_31_fall_w0000,le2i_H02_video_31_fall,fall,train,/Users/varunreddyseelam/Desktop/Gen_ai/final_pipeline/data/windows/train/fall/le2i_H02_video_31_fall/le2i_H02_video_31_fall_w0000.json
le2i_H02_video_31_fall_w0001,le2i_H02_video_31_fall,fall,train,/Users/varunreddyseelam/Desktop/Gen_ai/final_pipeline/data/windows/train/fall/le2i_H02_video_31_fall/le2i_H02_video_31_fall_w0001.json
gmncsa24_gmncsa_fall_049_w0032,gmncsa24_gmncsa_fall_049,fall,train,/Users/varunreddyseelam/Desktop/Gen_ai/final_pipeline/data/windows/train/fall/gmncsa24_gmncsa_fall_049/gmncsa24_gmncsa_fall_049_w0032.json
gmncsa24_gmncsa_fall_049_w0024,gmncsa24_gmncsa_fall_049,fall,train,/Users/varunreddyseelam/Desktop/Gen_ai/final_pipeline/data/windows/train/fall/gmncsa24_gmncsa_fall_049/gmncsa24_gmncsa_fall_049_w0024.json
gmncsa24_gmncsa_fall_049_w0008,gmncsa24_gmncsa_fall_049,fall,train,/Users/varunreddyseelam/Desktop/Gen_ai/final_pipeline/data/windows/train/fall/gmncsa24_gmncsa_fall_049/gmncsa24_gmncsa_fall_049_w0008.json
gmncsa24_gmncsa_fall_049_w0028,gmncsa24_gmncsa_fall_049,fall,train,/Users/varunreddyseelam/Desktop/Gen_ai/final_pipeline/data/windows/train/fall/gmncsa24_gmncsa_fall_049/gmncsa24_gmncsa_fall_049_w0028.json
gmncsa24_gmncsa_fall_049_w0004,gmncsa24_gmncsa_fall_049,fall,train,/Users/varunreddyseelam/Desktop/Gen_ai/final_pipeline/data/windows/train/fall/gmncsa24_gmncsa_fall_049/gmncsa24_gmncsa_fall_049_w0004.json
gmncsa24_gmncsa_fall_049_w0012,gmncsa24_gmncsa_fall_049,fall,train,/Users/varunreddyseelam/Desktop/Gen_ai/final_pipeline/data/windows/train/fall/gmncsa24_gmncsa_fall_049/gmncsa24_gmncsa_fall_049_w0012.json
gmncsa24_gmncsa_fall_049_w0013,gmncsa24_gmncsa_fall_049,fall,train,/Users/varunreddyseelam/Desktop/Gen_ai/final_pipeline/data/windows/train/fall/gmncsa24_gmncsa_fall_049/gmncsa24_gmncsa_fall_049_w0013.json
gmncsa24_gmncsa_fall_049_w0005,gmncsa24_gmncsa_fall_049,fall,train,/Users/varunreddyseelam/Desktop/Gen_ai/final_pipeline/data/windows/train/fall/gmncsa24_gmncsa_fall_049/gmncsa24_gmncsa_fall_049_w0005.json
gmncsa24_gmncsa_fall_049_w0029,gmncsa24_gmncsa_fall_049,fall,train,/Users/varunreddyseelam/Desktop/Gen_ai/final_pipeline/data/windows/train/fall/gmncsa24_gmncsa_fall_049/gmncsa24_gmncsa_fall_049_w0029.json
gmncsa24_gmncsa_fall_049_w0009,gmncsa24_gmncsa_fall_049,fall,train,/Users/varunreddyseelam/Desktop/Gen_ai/final_pipeline/data/windows/train/fall/gmncsa24_gmncsa_fall_049/gmncsa24_gmncsa_fall_049_w0009.json
gmncsa24_gmncsa_fall_049_w0025,gmncsa24_gmncsa_fall_049,fall,train,/Users/varunreddyseelam/Desktop/Gen_ai/final_pipeline/data/windows/train/fall/gmncsa24_gmncsa_fall_049/gmncsa24_gmncsa_fall_049_w0025.json
gmncsa24_gmncsa_fall_049_w0033,gmncsa24_gmncsa_fall_049,fall,train,/Users/varunreddyseelam/Desktop/Gen_ai/final_pipeline/data/windows/train/fall/gmncsa24_gmncsa_fall_049/gmncsa24_gmncsa_fall_049_w0033.json
gmncsa24_gmncsa_fall_049_w0038,gmncsa24_gmncsa_fall_049,fall,train,/Users/varunreddyseelam/Desktop/Gen_ai/final_pipeline/data/windows/train/fall/gmncsa24_gmncsa_fall_049/gmncsa24_gmncsa_fall_049_w0038.json
gmncsa24_gmncsa_fall_049_w0002,gmncsa24_gmncsa_fall_049,fall,train,/Users/varunreddyseelam/Desktop/Gen_ai/final_pipeline/data/windows/train/fall/gmncsa24_gmncsa_fall_049/gmncsa24_gmncsa_fall_049_w0002.json
gmncsa24_gmncsa_fall_049_w0014,gmncsa24_gmncsa_fall_049,fall,train,/Users/varunreddyseelam/Desktop/Gen_ai/final_pipeline/data/windows/train/fall/gmncsa24_gmncsa_fall_049/gmncsa24_gmncsa_fall_049_w0014.json
gmncsa24_gmncsa_fall_049_w0034,gmncsa24_gmncsa_fall_049,fall,train,/Users/varunreddyseelam/Desktop/Gen_ai/final_pipeline/data/windows/train/fall/gmncsa24_gmncsa_fall_049/gmncsa24_gmncsa_fall_049_w0034.json
gmncsa24_gmncsa_fall_049_w0022,gmncsa24_gmncsa_fall_049,fall,train,/Users/varunreddyseelam/Desktop/Gen_ai/final_pipeline/data/windows/train/fall/gmncsa24_gmncsa_fall_049/gmncsa24_gmncsa_fall_049_w0022.json
gmncsa24_gmncsa_fall_049_w0018,gmncsa24_gmncsa_fall_049,fall,train,/Users/varunreddyseelam/Desktop/Gen_ai/final_pipeline/data/windows/train/fall/gmncsa24_gmncsa_fall_049/gmncsa24_gmncsa_fall_049_w0018.json
gmncsa24_gmncsa_fall_049_w0019,gmncsa24_gmncsa_fall_049,fall,train,/Users/varunreddyseelam/Desktop/Gen_ai/final_pipeline/data/windows/train/fall/gmncsa24_gmncsa_fall_049/gmncsa24_gmncsa_fall_049_w0019.json
gmncsa24_gmncsa_fall_049_w0023,gmncsa24_gmncsa_fall_049,fall,train,/Users/varunreddyseelam/Desktop/Gen_ai/final_pipeline/data/windows/train/fall/gmncsa24_gmncsa_fall_049/gmncsa24_gmncsa_fall_049_w0023.json
gmncsa24_gmncsa_fall_049_w0035,gmncsa24_gmncsa_fall_049,fall,train,/Users/varunreddyseelam/Desktop/Gen_ai/final_pipeline/data/windows/train/fall/gmncsa24_gmncsa_fall_049/gmncsa24_gmncsa_fall_049_w0035.json
gmncsa24_gmncsa_fall_049_w0015,gmncsa24_gmncsa_fall_049,fall,train,/Users/varunreddyseelam/Desktop/Gen_ai/final_pipeline/data/windows/train/fall/gmncsa24_gmncsa_fall_049/gmncsa24_gmncsa_fall_049_w0015.json
gmncsa24_gmncsa_fall_049_w0003,gmncsa24_gmncsa_fall_049,fall,train,/Users/varunreddyseelam/Desktop/Gen_ai/final_pipeline/data/windows/train/fall/gmncsa24_gmncsa_fall_049/gmncsa24_gmncsa_fall_049_w0003.json
gmncsa24_gmncsa_fall_049_w0039,gmncsa24_gmncsa_fall_049,fall,train,/Users/varunreddyseelam/Desktop/Gen_ai/final_pipeline/data/windows/train/fall/gmncsa24_gmncsa_fall_049/gmncsa24_gmncsa_fall_049_w0039.json
gmncsa24_gmncsa_fall_049_w0016,gmncsa24_gmncsa_fall_049,fall,train,/Users/varunreddyseelam/Desktop/Gen_ai/final_pipeline/data/windows/train/fall/gmncsa24_gmncsa_fall_049/gmncsa24_gmncsa_fall_049_w0016.json
gmncsa24_gmncsa_fall_049_w0000,gmncsa24_gmncsa_fall_049,fall,train,/Users/varunreddyseelam/Desktop/Gen_ai/final_pipeline/data/windows/train/fall/gmncsa24_gmncsa_fall_049/gmncsa24_gmncsa_fall_049_w0000.json
gmncsa24_gmncsa_fall_049_w0020,gmncsa24_gmncsa_fall_049,fall,train,/Users/varunreddyseelam/Desktop/Gen_ai/final_pipeline/data/windows/train/fall/gmncsa24_gmncsa_fall_049/gmncsa24_gmncsa_fall_049_w0020.json
gmncsa24_gmncsa_fall_049_w0036,gmncsa24_gmncsa_fall_049,fall,train,/Users/varunreddyseelam/Desktop/Gen_ai/final_pipeline/data/windows/train/fall/gmncsa24_gmncsa_fall_049/gmncsa24_gmncsa_fall_049_w0036.json
gmncsa24_gmncsa_fall_049_w0037,gmncsa24_gmncsa_fall_049,fall,train,/Users/varunreddyseelam/Desktop/Gen_ai/final_pipeline/data/windows/train/fall/gmncsa24_gmncsa_fall_049/gmncsa24_gmncsa_fall_049_w0037.json
gmncsa24_gmncsa_fall_049_w0021,gmncsa24_gmncsa_fall_049,fall,train,/Users/varunreddyseelam/Desktop/Gen_ai/final_pipeline/data/windows/train/fall/gmncsa24_gmncsa_fall_049/gmncsa24_gmncsa_fall_049_w0021.json
gmncsa24_gmncsa_fall_049_w0001,gmncsa24_gmncsa_fall_049,fall,train,/Users/varunreddyseelam/Desktop/Gen_ai/final_pipeline/data/windows/train/fall/gmncsa24_gmncsa_fall_049/gmncsa24_gmncsa_fall_049_w0001.json
gmncsa24_gmncsa_fall_049_w0017,gmncsa24_gmncsa_fall_049,fall,train,/Users/varunreddyseelam/Desktop/Gen_ai/final_pipeline/data/windows/train/fall/gmncsa24_gmncsa_fall_049/gmncsa24_gmncsa_fall_049_w0017.json
gmncsa24_gmncsa_fall_049_w0026,gmncsa24_gmncsa_fall_049,fall,train,/Users/varunreddyseelam/Desktop/Gen_ai/final_pipeline/data/windows/train/fall/gmncsa24_gmncsa_fall_049/gmncsa24_gmncsa_fall_049_w0026.json
gmncsa24_gmncsa_fall_049_w0030,gmncsa24_gmncsa_fall_049,fall,train,/Users/varunreddyseelam/Desktop/Gen_ai/final_pipeline/data/windows/train/fall/gmncsa24_gmncsa_fall_049/gmncsa24_gmncsa_fall_049_w0030.json
gmncsa24_gmncsa_fall_049_w0010,gmncsa24_gmncsa_fall_049,fall,train,/Users/varunreddyseelam/Desktop/Gen_ai/final_pipeline/data/windows/train/fall/gmncsa24_gmncsa_fall_049/gmncsa24_gmncsa_fall_049_w0010.json
gmncsa24_gmncsa_fall_049_w0006,gmncsa24_gmncsa_fall_049,fall,train,/Users/varunreddyseelam/Desktop/Gen_ai/final_pipeline/data/windows/train/fall/gmncsa24_gmncsa_fall_049/gmncsa24_gmncsa_fall_049_w0006.json
gmncsa24_gmncsa_fall_049_w0007,gmncsa24_gmncsa_fall_049,fall,train,/Users/varunreddyseelam/Desktop/Gen_ai/final_pipeline/data/windows/train/fall/gmncsa24_gmncsa_fall_049/gmncsa24_gmncsa_fall_049_w0007.json
gmncsa24_gmncsa_fall_049_w0011,gmncsa24_gmncsa_fall_049,fall,train,/Users/varunreddyseelam/Desktop/Gen_ai/final_pipeline/data/windows/train/fall/gmncsa24_gmncsa_fall_049/gmncsa24_gmncsa_fall_049_w0011.json
gmncsa24_gmncsa_fall_049_w0031,gmncsa24_gmncsa_fall_049,fall,train,/Users/varunreddyseelam/Desktop/Gen_ai/final_pipeline/data/windows/train/fall/gmncsa24_gmncsa_fall_049/gmncsa24_gmncsa_fall_049_w0031.json
gmncsa24_gmncsa_fall_049_w0027,gmncsa24_gmncsa_fall_049,fall,train,/Users/varunreddyseelam/Desktop/Gen_ai/final_pipeline/data/windows/train/fall/gmncsa24_gmncsa_fall_049/gmncsa24_gmncsa_fall_049_w0027.json
gmncsa24_gmncsa_fall_022_w0000,gmncsa24_gmncsa_fall_022,fall,train,/Users/varunreddyseelam/Desktop/Gen_ai/final_pipeline/data/windows/train/fall/gmncsa24_gmncsa_fall_022/gmncsa24_gmncsa_fall_022_w0000.json
gmncsa24_gmncsa_fall_022_w0016,gmncsa24_gmncsa_fall_022,fall,train,/Users/varunreddyseelam/Desktop/Gen_ai/final_pipeline/data/windows/train/fall/gmncsa24_gmncsa_fall_022/gmncsa24_gmncsa_fall_022_w0016.json
gmncsa24_gmncsa_fall_022_w0020,gmncsa24_gmncsa_fall_022,fall,train,/Users/varunreddyseelam/Desktop/Gen_ai/final_pipeline/data/windows/train/fall/gmncsa24_gmncsa_fall_022/gmncsa24_gmncsa_fall_022_w0020.json
gmncsa24_gmncsa_fall_022_w0021,gmncsa24_gmncsa_fall_022,fall,train,/Users/varunreddyseelam/Desktop/Gen_ai/final_pipeline/data/windows/train/fall/gmncsa24_gmncsa_fall_022/gmncsa24_gmncsa_fall_022_w0021.json
gmncsa24_gmncsa_fall_022_w0017,gmncsa24_gmncsa_fall_022,fall,train,/Users/varunreddyseelam/Desktop/Gen_ai/final_pipeline/data/windows/train/fall/gmncsa24_gmncsa_fall_022/gmncsa24_gmncsa_fall_022_w0017.json
gmncsa24_gmncsa_fall_022_w0001,gmncsa24_gmncsa_fall_022,fall,train,/Users/varunreddyseelam/Desktop/Gen_ai/final_pipeline/data/windows/train/fall/gmncsa24_gmncsa_fall_022/gmncsa24_gmncsa_fall_022_w0001.json
gmncsa24_gmncsa_fall_022_w0030,gmncsa24_gmncsa_fall_022,fall,train,/Users/varunreddyseelam/Desktop/Gen_ai/final_pipeline/data/windows/train/fall/gmncsa24_gmncsa_fall_022/gmncsa24_gmncsa_fall_022_w0030.json
gmncsa24_gmncsa_fall_022_w0026,gmncsa24_gmncsa_fall_022,fall,train,/Users/varunreddyseelam/Desktop/Gen_ai/final_pipeline/data/windows/train/fall/gmncsa24_gmncsa_fall_022/gmncsa24_gmncsa_fall_022_w0026.json
gmncsa24_gmncsa_fall_022_w0006,gmncsa24_gmncsa_fall_022,fall,train,/Users/varunreddyseelam/Desktop/Gen_ai/final_pipeline/data/windows/train/fall/gmncsa24_gmncsa_fall_022/gmncsa24_gmncsa_fall_022_w0006.json
gmncsa24_gmncsa_fall_022_w0010,gmncsa24_gmncsa_fall_022,fall,train,/Users/varunreddyseelam/Desktop/Gen_ai/final_pipeline/data/windows/train/fall/gmncsa24_gmncsa_fall_022/gmncsa24_gmncsa_fall_022_w0010.json
gmncsa24_gmncsa_fall_022_w0011,gmncsa24_gmncsa_fall_022,fall,train,/Users/varunreddyseelam/Desktop/Gen_ai/final_pipeline/data/windows/train/fall/gmncsa24_gmncsa_fall_022/gmncsa24_gmncsa_fall_022_w0011.json
gmncsa24_gmncsa_fall_022_w0007,gmncsa24_gmncsa_fall_022,fall,train,/Users/varunreddyseelam/Desktop/Gen_ai/final_pipeline/data/windows/train/fall/gmncsa24_gmncsa_fall_022/gmncsa24_gmncsa_fall_022_w0007.json
gmncsa24_gmncsa_fall_022_w0027,gmncsa24_gmncsa_fall_022,fall,train,/Users/varunreddyseelam/Desktop/Gen_ai/final_pipeline/data/windows/train/fall/gmncsa24_gmncsa_fall_022/gmncsa24_gmncsa_fall_022_w0027.json
gmncsa24_gmncsa_fall_022_w0031,gmncsa24_gmncsa_fall_022,fall,train,/Users/varunreddyseelam/Desktop/Gen_ai/final_pipeline/data/windows/train/fall/gmncsa24_gmncsa_fall_022/gmncsa24_gmncsa_fall_022_w0031.json
gmncsa24_gmncsa_fall_022_w0024,gmncsa24_gmncsa_fall_022,fall,train,/Users/varunreddyseelam/Desktop/Gen_ai/final_pipeline/data/windows/train/fall/gmncsa24_gmncsa_fall_022/gmncsa24_gmncsa_fall_022_w0024.json
gmncsa24_gmncsa_fall_022_w0032,gmncsa24_gmncsa_fall_022,fall,train,/Users/varunreddyseelam/Desktop/Gen_ai/final_pipeline/data/windows/train/fall/gmncsa24_gmncsa_fall_022/gmncsa24_gmncsa_fall_022_w0032.json
gmncsa24_gmncsa_fall_022_w0008,gmncsa24_gmncsa_fall_022,fall,train,/Users/varunreddyseelam/Desktop/Gen_ai/final_pipeline/data/windows/train/fall/gmncsa24_gmncsa_fall_022/gmncsa24_gmncsa_fall_022_w0008.json
gmncsa24_gmncsa_fall_022_w0028,gmncsa24_gmncsa_fall_022,fall,train,/Users/varunreddyseelam/Desktop/Gen_ai/final_pipeline/data/windows/train/fall/gmncsa24_gmncsa_fall_022/gmncsa24_gmncsa_fall_022_w0028.json
gmncsa24_gmncsa_fall_022_w0012,gmncsa24_gmncsa_fall_022,fall,train,/Users/varunreddyseelam/Desktop/Gen_ai/final_pipeline/data/windows/train/fall/gmncsa24_gmncsa_fall_022/gmncsa24_gmncsa_fall_022_w0012.json
gmncsa24_gmncsa_fall_022_w0004,gmncsa24_gmncsa_fall_022,fall,train,/Users/varunreddyseelam/Desktop/Gen_ai/final_pipeline/data/windows/train/fall/gmncsa24_gmncsa_fall_022/gmncsa24_gmncsa_fall_022_w0004.json
gmncsa24_gmncsa_fall_022_w0005,gmncsa24_gmncsa_fall_022,fall,train,/Users/varunreddyseelam/Desktop/Gen_ai/final_pipeline/data/windows/train/fall/gmncsa24_gmncsa_fall_022/gmncsa24_gmncsa_fall_022_w0005.json
gmncsa24_gmncsa_fall_022_w0013,gmncsa24_gmncsa_fall_022,fall,train,/Users/varunreddyseelam/Desktop/Gen_ai/final_pipeline/data/windows/train/fall/gmncsa24_gmncsa_fall_022/gmncsa24_gmncsa_fall_022_w0013.json
gmncsa24_gmncsa_fall_022_w0029,gmncsa24_gmncsa_fall_022,fall,train,/Users/varunreddyseelam/Desktop/Gen_ai/final_pipeline/data/windows/train/fall/gmncsa24_gmncsa_fall_022/gmncsa24_gmncsa_fall_022_w0029.json
gmncsa24_gmncsa_fall_022_w0009,gmncsa24_gmncsa_fall_022,fall,train,/Users/varunreddyseelam/Desktop/Gen_ai/final_pipeline/data/windows/train/fall/gmncsa24_gmncsa_fall_022/gmncsa24_gmncsa_fall_022_w0009.json
gmncsa24_gmncsa_fall_022_w0033,gmncsa24_gmncsa_fall_022,fall,train,/Users/varunreddyseelam/Desktop/Gen_ai/final_pipeline/data/windows/train/fall/gmncsa24_gmncsa_fall_022/gmncsa24_gmncsa_fall_022_w0033.json
gmncsa24_gmncsa_fall_022_w0025,gmncsa24_gmncsa_fall_022,fall,train,/Users/varunreddyseelam/Desktop/Gen_ai/final_pipeline/data/windows/train/fall/gmncsa24_gmncsa_fall_022/gmncsa24_gmncsa_fall_022_w0025.json
gmncsa24_gmncsa_fall_022_w0014,gmncsa24_gmncsa_fall_022,fall,train,/Users/varunreddyseelam/Desktop/Gen_ai/final_pipeline/data/windows/train/fall/gmncsa24_gmncsa_fall_022/gmncsa24_gmncsa_fall_022_w0014.json
gmncsa24_gmncsa_fall_022_w0002,gmncsa24_gmncsa_fall_022,fall,train,/Users/varunreddyseelam/Desktop/Gen_ai/final_pipeline/data/windows/train/fall/gmncsa24_gmncsa_fall_022/gmncsa24_gmncsa_fall_022_w0002.json
gmncsa24_gmncsa_fall_022_w0022,gmncsa24_gmncsa_fall_022,fall,train,/Users/varunreddyseelam/Desktop/Gen_ai/final_pipeline/data/windows/train/fall/gmncsa24_gmncsa_fall_022/gmncsa24_gmncsa_fall_022_w0022.json
gmncsa24_gmncsa_fall_022_w0034,gmncsa24_gmncsa_fall_022,fall,train,/Users/varunreddyseelam/Desktop/Gen_ai/final_pipeline/data/windows/train/fall/gmncsa24_gmncsa_fall_022/gmncsa24_gmncsa_fall_022_w0034.json
gmncsa24_gmncsa_fall_022_w0018,gmncsa24_gmncsa_fall_022,fall,train,/Users/varunreddyseelam/Desktop/Gen_ai/final_pipeline/data/windows/train/fall/gmncsa24_gmncsa_fall_022/gmncsa24_gmncsa_fall_022_w0018.json
gmncsa24_gmncsa_fall_022_w0019,gmncsa24_gmncsa_fall_022,fall,train,/Users/varunreddyseelam/Desktop/Gen_ai/final_pipeline/data/windows/train/fall/gmncsa24_gmncsa_fall_022/gmncsa24_gmncsa_fall_022_w0019.json
gmncsa24_gmncsa_fall_022_w0023,gmncsa24_gmncsa_fall_022,fall,train,/Users/varunreddyseelam/Desktop/Gen_ai/final_pipeline/data/windows/train/fall/gmncsa24_gmncsa_fall_022/gmncsa24_gmncsa_fall_022_w0023.json
gmncsa24_gmncsa_fall_022_w0003,gmncsa24_gmncsa_fall_022,fall,train,/Users/varunreddyseelam/Desktop/Gen_ai/final_pipeline/data/windows/train/fall/gmncsa24_gmncsa_fall_022/gmncsa24_gmncsa_fall_022_w0003.json
gmncsa24_gmncsa_fall_022_w0015,gmncsa24_gmncsa_fall_022,fall,train,/Users/varunreddyseelam/Desktop/Gen_ai/final_pipeline/data/windows/train/fall/gmncsa24_gmncsa_fall_022/gmncsa24_gmncsa_fall_022_w0015.json
urfd_fall-02-cam0_w0008,urfd_fall-02-cam0,fall,train,/Users/varunreddyseelam/Desktop/Gen_ai/final_pipeline/data/windows/train/fall/urfd_fall-02-cam0/urfd_fall-02-cam0_w0008.json
urfd_fall-02-cam0_w0004,urfd_fall-02-cam0,fall,train,/Users/varunreddyseelam/Desktop/Gen_ai/final_pipeline/data/windows/train/fall/urfd_fall-02-cam0/urfd_fall-02-cam0_w0004.json
urfd_fall-02-cam0_w0012,urfd_fall-02-cam0,fall,train,/Users/varunreddyseelam/Desktop/Gen_ai/final_pipeline/data/windows/train/fall/urfd_fall-02-cam0/urfd_fall-02-cam0_w0012.json
urfd_fall-02-cam0_w0013,urfd_fall-02-cam0,fall,train,/Users/varunreddyseelam/Desktop/Gen_ai/final_pipeline/data/windows/train/fall/urfd_fall-02-cam0/urfd_fall-02-cam0_w0013.json
urfd_fall-02-cam0_w0005,urfd_fall-02-cam0,fall,train,/Users/varunreddyseelam/Desktop/Gen_ai/final_pipeline/data/windows/train/fall/urfd_fall-02-cam0/urfd_fall-02-cam0_w0005.json
urfd_fall-02-cam0_w0009,urfd_fall-02-cam0,fall,train,/Users/varunreddyseelam/Desktop/Gen_ai/final_pipeline/data/windows/train/fall/urfd_fall-02-cam0/urfd_fall-02-cam0_w0009.json
urfd_fall-02-cam0_w0002,urfd_fall-02-cam0,fall,train,/Users/varunreddyseelam/Desktop/Gen_ai/final_pipeline/data/windows/train/fall/urfd_fall-02-cam0/urfd_fall-02-cam0_w0002.json
urfd_fall-02-cam0_w0014,urfd_fall-02-cam0,fall,train,/Users/varunreddyseelam/Desktop/Gen_ai/final_pipeline/data/windows/train/fall/urfd_fall-02-cam0/urfd_fall-02-cam0_w0014.json
urfd_fall-02-cam0_w0018,urfd_fall-02-cam0,fall,train,/Users/varunreddyseelam/Desktop/Gen_ai/final_pipeline/data/windows/train/fall/urfd_fall-02-cam0/urfd_fall-02-cam0_w0018.json
urfd_fall-02-cam0_w0019,urfd_fall-02-cam0,fall,train,/Users/varunreddyseelam/Desktop/Gen_ai/final_pipeline/data/windows/train/fall/urfd_fall-02-cam0/urfd_fall-02-cam0_w0019.json
urfd_fall-02-cam0_w0015,urfd_fall-02-cam0,fall,train,/Users/varunreddyseelam/Desktop/Gen_ai/final_pipeline/data/windows/train/fall/urfd_fall-02-cam0/urfd_fall-02-cam0_w0015.json
urfd_fall-02-cam0_w0003,urfd_fall-02-cam0,fall,train,/Users/varunreddyseelam/Desktop/Gen_ai/final_pipeline/data/windows/train/fall/urfd_fall-02-cam0/urfd_fall-02-cam0_w0003.json
urfd_fall-02-cam0_w0016,urfd_fall-02-cam0,fall,train,/Users/varunreddyseelam/Desktop/Gen_ai/final_pipeline/data/windows/train/fall/urfd_fall-02-cam0/urfd_fall-02-cam0_w0016.json
urfd_fall-02-cam0_w0000,urfd_fall-02-cam0,fall,train,/Users/varunreddyseelam/Desktop/Gen_ai/final_pipeline/data/windows/train/fall/urfd_fall-02-cam0/urfd_fall-02-cam0_w0000.json
urfd_fall-02-cam0_w0001,urfd_fall-02-cam0,fall,train,/Users/varunreddyseelam/Desktop/Gen_ai/final_pipeline/data/windows/train/fall/urfd_fall-02-cam0/urfd_fall-02-cam0_w0001.json
urfd_fall-02-cam0_w0017,urfd_fall-02-cam0,fall,train,/Users/varunreddyseelam/Desktop/Gen_ai/final_pipeline/data/windows/train/fall/urfd_fall-02-cam0/urfd_fall-02-cam0_w0017.json
urfd_fall-02-cam0_w0010,urfd_fall-02-cam0,fall,train,/Users/varunreddyseelam/Desktop/Gen_ai/final_pipeline/data/windows/train/fall/urfd_fall-02-cam0/urfd_fall-02-cam0_w0010.json
urfd_fall-02-cam0_w0006,urfd_fall-02-cam0,fall,train,/Users/varunreddyseelam/Desktop/Gen_ai/final_pipeline/data/windows/train/fall/urfd_fall-02-cam0/urfd_fall-02-cam0_w0006.json
urfd_fall-02-cam0_w0007,urfd_fall-02-cam0,fall,train,/Users/varunreddyseelam/Desktop/Gen_ai/final_pipeline/data/windows/train/fall/urfd_fall-02-cam0/urfd_fall-02-cam0_w0007.json
urfd_fall-02-cam0_w0011,urfd_fall-02-cam0,fall,train,/Users/varunreddyseelam/Desktop/Gen_ai/final_pipeline/data/windows/train/fall/urfd_fall-02-cam0/urfd_fall-02-cam0_w0011.json
le2i_H01_video_30_fall_w0000,le2i_H01_video_30_fall,fall,train,/Users/varunreddyseelam/Desktop/Gen_ai/final_pipeline/data/windows/train/fall/le2i_H01_video_30_fall/le2i_H01_video_30_fall_w0000.json
gmncsa24_gmncsa_fall_025_w0007,gmncsa24_gmncsa_fall_025,fall,train,/Users/varunreddyseelam/Desktop/Gen_ai/final_pipeline/data/windows/train/fall/gmncsa24_gmncsa_fall_025/gmncsa24_gmncsa_fall_025_w0007.json
gmncsa24_gmncsa_fall_025_w0011,gmncsa24_gmncsa_fall_025,fall,train,/Users/varunreddyseelam/Desktop/Gen_ai/final_pipeline/data/windows/train/fall/gmncsa24_gmncsa_fall_025/gmncsa24_gmncsa_fall_025_w0011.json
gmncsa24_gmncsa_fall_025_w0010,gmncsa24_gmncsa_fall_025,fall,train,/Users/varunreddyseelam/Desktop/Gen_ai/final_pipeline/data/windows/train/fall/gmncsa24_gmncsa_fall_025/gmncsa24_gmncsa_fall_025_w0010.json
gmncsa24_gmncsa_fall_025_w0006,gmncsa24_gmncsa_fall_025,fall,train,/Users/varunreddyseelam/Desktop/Gen_ai/final_pipeline/data/windows/train/fall/gmncsa24_gmncsa_fall_025/gmncsa24_gmncsa_fall_025_w0006.json
gmncsa24_gmncsa_fall_025_w0001,gmncsa24_gmncsa_fall_025,fall,train,/Users/varunreddyseelam/Desktop/Gen_ai/final_pipeline/data/windows/train/fall/gmncsa24_gmncsa_fall_025/gmncsa24_gmncsa_fall_025_w0001.json
gmncsa24_gmncsa_fall_025_w0017,gmncsa24_gmncsa_fall_025,fall,train,/Users/varunreddyseelam/Desktop/Gen_ai/final_pipeline/data/windows/train/fall/gmncsa24_gmncsa_fall_025/gmncsa24_gmncsa_fall_025_w0017.json
gmncsa24_gmncsa_fall_025_w0021,gmncsa24_gmncsa_fall_025,fall,train,/Users/varunreddyseelam/Desktop/Gen_ai/final_pipeline/data/windows/train/fall/gmncsa24_gmncsa_fall_025/gmncsa24_gmncsa_fall_025_w0021.json
gmncsa24_gmncsa_fall_025_w0020,gmncsa24_gmncsa_fall_025,fall,train,/Users/varunreddyseelam/Desktop/Gen_ai/final_pipeline/data/windows/train/fall/gmncsa24_gmncsa_fall_025/gmncsa24_gmncsa_fall_025_w0020.json
gmncsa24_gmncsa_fall_025_w0016,gmncsa24_gmncsa_fall_025,fall,train,/Users/varunreddyseelam/Desktop/Gen_ai/final_pipeline/data/windows/train/fall/gmncsa24_gmncsa_fall_025/gmncsa24_gmncsa_fall_025_w0016.json
gmncsa24_gmncsa_fall_025_w0000,gmncsa24_gmncsa_fall_025,fall,train,/Users/varunreddyseelam/Desktop/Gen_ai/final_pipeline/data/windows/train/fall/gmncsa24_gmncsa_fall_025/gmncsa24_gmncsa_fall_025_w0000.json
gmncsa24_gmncsa_fall_025_w0015,gmncsa24_gmncsa_fall_025,fall,train,/Users/varunreddyseelam/Desktop/Gen_ai/final_pipeline/data/windows/train/fall/gmncsa24_gmncsa_fall_025/gmncsa24_gmncsa_fall_025_w0015.json
gmncsa24_gmncsa_fall_025_w0003,gmncsa24_gmncsa_fall_025,fall,train,/Users/varunreddyseelam/Desktop/Gen_ai/final_pipeline/data/windows/train/fall/gmncsa24_gmncsa_fall_025/gmncsa24_gmncsa_fall_025_w0003.json
gmncsa24_gmncsa_fall_025_w0023,gmncsa24_gmncsa_fall_025,fall,train,/Users/varunreddyseelam/Desktop/Gen_ai/final_pipeline/data/windows/train/fall/gmncsa24_gmncsa_fall_025/gmncsa24_gmncsa_fall_025_w0023.json
gmncsa24_gmncsa_fall_025_w0019,gmncsa24_gmncsa_fall_025,fall,train,/Users/varunreddyseelam/Desktop/Gen_ai/final_pipeline/data/windows/train/fall/gmncsa24_gmncsa_fall_025/gmncsa24_gmncsa_fall_025_w0019.json
gmncsa24_gmncsa_fall_025_w0018,gmncsa24_gmncsa_fall_025,fall,train,/Users/varunreddyseelam/Desktop/Gen_ai/final_pipeline/data/windows/train/fall/gmncsa24_gmncsa_fall_025/gmncsa24_gmncsa_fall_025_w0018.json
gmncsa24_gmncsa_fall_025_w0022,gmncsa24_gmncsa_fall_025,fall,train,/Users/varunreddyseelam/Desktop/Gen_ai/final_pipeline/data/windows/train/fall/gmncsa24_gmncsa_fall_025/gmncsa24_gmncsa_fall_025_w0022.json
gmncsa24_gmncsa_fall_025_w0002,gmncsa24_gmncsa_fall_025,fall,train,/Users/varunreddyseelam/Desktop/Gen_ai/final_pipeline/data/windows/train/fall/gmncsa24_gmncsa_fall_025/gmncsa24_gmncsa_fall_025_w0002.json
gmncsa24_gmncsa_fall_025_w0014,gmncsa24_gmncsa_fall_025,fall,train,/Users/varunreddyseelam/Desktop/Gen_ai/final_pipeline/data/windows/train/fall/gmncsa24_gmncsa_fall_025/gmncsa24_gmncsa_fall_025_w0014.json
gmncsa24_gmncsa_fall_025_w0009,gmncsa24_gmncsa_fall_025,fall,train,/Users/varunreddyseelam/Desktop/Gen_ai/final_pipeline/data/windows/train/fall/gmncsa24_gmncsa_fall_025/gmncsa24_gmncsa_fall_025_w0009.json
gmncsa24_gmncsa_fall_025_w0013,gmncsa24_gmncsa_fall_025,fall,train,/Users/varunreddyseelam/Desktop/Gen_ai/final_pipeline/data/windows/train/fall/gmncsa24_gmncsa_fall_025/gmncsa24_gmncsa_fall_025_w0013.json
gmncsa24_gmncsa_fall_025_w0005,gmncsa24_gmncsa_fall_025,fall,train,/Users/varunreddyseelam/Desktop/Gen_ai/final_pipeline/data/windows/train/fall/gmncsa24_gmncsa_fall_025/gmncsa24_gmncsa_fall_025_w0005.json
gmncsa24_gmncsa_fall_025_w0004,gmncsa24_gmncsa_fall_025,fall,train,/Users/varunreddyseelam/Desktop/Gen_ai/final_pipeline/data/windows/train/fall/gmncsa24_gmncsa_fall_025/gmncsa24_gmncsa_fall_025_w0004.json
gmncsa24_gmncsa_fall_025_w0012,gmncsa24_gmncsa_fall_025,fall,train,/Users/varunreddyseelam/Desktop/Gen_ai/final_pipeline/data/windows/train/fall/gmncsa24_gmncsa_fall_025/gmncsa24_gmncsa_fall_025_w0012.json
gmncsa24_gmncsa_fall_025_w0008,gmncsa24_gmncsa_fall_025,fall,train,/Users/varunreddyseelam/Desktop/Gen_ai/final_pipeline/data/windows/train/fall/gmncsa24_gmncsa_fall_025/gmncsa24_gmncsa_fall_025_w0008.json
gmncsa24_gmncsa_fall_025_w0024,gmncsa24_gmncsa_fall_025,fall,train,/Users/varunreddyseelam/Desktop/Gen_ai/final_pipeline/data/windows/train/fall/gmncsa24_gmncsa_fall_025/gmncsa24_gmncsa_fall_025_w0024.json
le2i_CR01_video_32_fall_w0000,le2i_CR01_video_32_fall,fall,train,/Users/varunreddyseelam/Desktop/Gen_ai/final_pipeline/data/windows/train/fall/le2i_CR01_video_32_fall/le2i_CR01_video_32_fall_w0000.json
le2i_CR01_video_32_fall_w0001,le2i_CR01_video_32_fall,fall,train,/Users/varunreddyseelam/Desktop/Gen_ai/final_pipeline/data/windows/train/fall/le2i_CR01_video_32_fall/le2i_CR01_video_32_fall_w0001.json
le2i_CR01_video_32_fall_w0002,le2i_CR01_video_32_fall,fall,train,/Users/varunreddyseelam/Desktop/Gen_ai/final_pipeline/data/windows/train/fall/le2i_CR01_video_32_fall/le2i_CR01_video_32_fall_w0002.json
le2i_H01_video_26_fall_w0000,le2i_H01_video_26_fall,fall,train,/Users/varunreddyseelam/Desktop/Gen_ai/final_pipeline/data/windows/train/fall/le2i_H01_video_26_fall/le2i_H01_video_26_fall_w0000.json
gmncsa24_gmncsa_fall_013_w0018,gmncsa24_gmncsa_fall_013,fall,train,/Users/varunreddyseelam/Desktop/Gen_ai/final_pipeline/data/windows/train/fall/gmncsa24_gmncsa_fall_013/gmncsa24_gmncsa_fall_013_w0018.json
gmncsa24_gmncsa_fall_013_w0022,gmncsa24_gmncsa_fall_013,fall,train,/Users/varunreddyseelam/Desktop/Gen_ai/final_pipeline/data/windows/train/fall/gmncsa24_gmncsa_fall_013/gmncsa24_gmncsa_fall_013_w0022.json
gmncsa24_gmncsa_fall_013_w0034,gmncsa24_gmncsa_fall_013,fall,train,/Users/varunreddyseelam/Desktop/Gen_ai/final_pipeline/data/windows/train/fall/gmncsa24_gmncsa_fall_013/gmncsa24_gmncsa_fall_013_w0034.json
gmncsa24_gmncsa_fall_013_w0043,gmncsa24_gmncsa_fall_013,fall,train,/Users/varunreddyseelam/Desktop/Gen_ai/final_pipeline/data/windows/train/fall/gmncsa24_gmncsa_fall_013/gmncsa24_gmncsa_fall_013_w0043.json
gmncsa24_gmncsa_fall_013_w0014,gmncsa24_gmncsa_fall_013,fall,train,/Users/varunreddyseelam/Desktop/Gen_ai/final_pipeline/data/windows/train/fall/gmncsa24_gmncsa_fall_013/gmncsa24_gmncsa_fall_013_w0014.json
gmncsa24_gmncsa_fall_013_w0002,gmncsa24_gmncsa_fall_013,fall,train,/Users/varunreddyseelam/Desktop/Gen_ai/final_pipeline/data/windows/train/fall/gmncsa24_gmncsa_fall_013/gmncsa24_gmncsa_fall_013_w0002.json
gmncsa24_gmncsa_fall_013_w0038,gmncsa24_gmncsa_fall_013,fall,train,/Users/varunreddyseelam/Desktop/Gen_ai/final_pipeline/data/windows/train/fall/gmncsa24_gmncsa_fall_013/gmncsa24_gmncsa_fall_013_w0038.json
gmncsa24_gmncsa_fall_013_w0039,gmncsa24_gmncsa_fall_013,fall,train,/Users/varunreddyseelam/Desktop/Gen_ai/final_pipeline/data/windows/train/fall/gmncsa24_gmncsa_fall_013/gmncsa24_gmncsa_fall_013_w0039.json
gmncsa24_gmncsa_fall_013_w0003,gmncsa24_gmncsa_fall_013,fall,train,/Users/varunreddyseelam/Desktop/Gen_ai/final_pipeline/data/windows/train/fall/gmncsa24_gmncsa_fall_013/gmncsa24_gmncsa_fall_013_w0003.json
gmncsa24_gmncsa_fall_013_w0015,gmncsa24_gmncsa_fall_013,fall,train,/Users/varunreddyseelam/Desktop/Gen_ai/final_pipeline/data/windows/train/fall/gmncsa24_gmncsa_fall_013/gmncsa24_gmncsa_fall_013_w0015.json
gmncsa24_gmncsa_fall_013_w0042,gmncsa24_gmncsa_fall_013,fall,train,/Users/varunreddyseelam/Desktop/Gen_ai/final_pipeline/data/windows/train/fall/gmncsa24_gmncsa_fall_013/gmncsa24_gmncsa_fall_013_w0042.json
gmncsa24_gmncsa_fall_013_w0035,gmncsa24_gmncsa_fall_013,fall,train,/Users/varunreddyseelam/Desktop/Gen_ai/final_pipeline/data/windows/train/fall/gmncsa24_gmncsa_fall_013/gmncsa24_gmncsa_fall_013_w0035.json
gmncsa24_gmncsa_fall_013_w0023,gmncsa24_gmncsa_fall_013,fall,train,/Users/varunreddyseelam/Desktop/Gen_ai/final_pipeline/data/windows/train/fall/gmncsa24_gmncsa_fall_013/gmncsa24_gmncsa_fall_013_w0023.json
gmncsa24_gmncsa_fall_013_w0019,gmncsa24_gmncsa_fall_013,fall,train,/Users/varunreddyseelam/Desktop/Gen_ai/final_pipeline/data/windows/train/fall/gmncsa24_gmncsa_fall_013/gmncsa24_gmncsa_fall_013_w0019.json
gmncsa24_gmncsa_fall_013_w0045,gmncsa24_gmncsa_fall_013,fall,train,/Users/varunreddyseelam/Desktop/Gen_ai/final_pipeline/data/windows/train/fall/gmncsa24_gmncsa_fall_013/gmncsa24_gmncsa_fall_013_w0045.json
gmncsa24_gmncsa_fall_013_w0012,gmncsa24_gmncsa_fall_013,fall,train,/Users/varunreddyseelam/Desktop/Gen_ai/final_pipeline/data/windows/train/fall/gmncsa24_gmncsa_fall_013/gmncsa24_gmncsa_fall_013_w0012.json
gmncsa24_gmncsa_fall_013_w0004,gmncsa24_gmncsa_fall_013,fall,train,/Users/varunreddyseelam/Desktop/Gen_ai/final_pipeline/data/windows/train/fall/gmncsa24_gmncsa_fall_013/gmncsa24_gmncsa_fall_013_w0004.json
gmncsa24_gmncsa_fall_013_w0028,gmncsa24_gmncsa_fall_013,fall,train,/Users/varunreddyseelam/Desktop/Gen_ai/final_pipeline/data/windows/train/fall/gmncsa24_gmncsa_fall_013/gmncsa24_gmncsa_fall_013_w0028.json
gmncsa24_gmncsa_fall_013_w0008,gmncsa24_gmncsa_fall_013,fall,train,/Users/varunreddyseelam/Desktop/Gen_ai/final_pipeline/data/windows/train/fall/gmncsa24_gmncsa_fall_013/gmncsa24_gmncsa_fall_013_w0008.json
gmncsa24_gmncsa_fall_013_w0024,gmncsa24_gmncsa_fall_013,fall,train,/Users/varunreddyseelam/Desktop/Gen_ai/final_pipeline/data/windows/train/fall/gmncsa24_gmncsa_fall_013/gmncsa24_gmncsa_fall_013_w0024.json
gmncsa24_gmncsa_fall_013_w0032,gmncsa24_gmncsa_fall_013,fall,train,/Users/varunreddyseelam/Desktop/Gen_ai/final_pipeline/data/windows/train/fall/gmncsa24_gmncsa_fall_013/gmncsa24_gmncsa_fall_013_w0032.json
gmncsa24_gmncsa_fall_013_w0033,gmncsa24_gmncsa_fall_013,fall,train,/Users/varunreddyseelam/Desktop/Gen_ai/final_pipeline/data/windows/train/fall/gmncsa24_gmncsa_fall_013/gmncsa24_gmncsa_fall_013_w0033.json
gmncsa24_gmncsa_fall_013_w0025,gmncsa24_gmncsa_fall_013,fall,train,/Users/varunreddyseelam/Desktop/Gen_ai/final_pipeline/data/windows/train/fall/gmncsa24_gmncsa_fall_013/gmncsa24_gmncsa_fall_013_w0025.json
gmncsa24_gmncsa_fall_013_w0009,gmncsa24_gmncsa_fall_013,fall,train,/Users/varunreddyseelam/Desktop/Gen_ai/final_pipeline/data/windows/train/fall/gmncsa24_gmncsa_fall_013/gmncsa24_gmncsa_fall_013_w0009.json
gmncsa24_gmncsa_fall_013_w0048,gmncsa24_gmncsa_fall_013,fall,train,/Users/varunreddyseelam/Desktop/Gen_ai/final_pipeline/data/windows/train/fall/gmncsa24_gmncsa_fall_013/gmncsa24_gmncsa_fall_013_w0048.json
gmncsa24_gmncsa_fall_013_w0029,gmncsa24_gmncsa_fall_013,fall,train,/Users/varunreddyseelam/Desktop/Gen_ai/final_pipeline/data/windows/train/fall/gmncsa24_gmncsa_fall_013/gmncsa24_gmncsa_fall_013_w0029.json
gmncsa24_gmncsa_fall_013_w0005,gmncsa24_gmncsa_fall_013,fall,train,/Users/varunreddyseelam/Desktop/Gen_ai/final_pipeline/data/windows/train/fall/gmncsa24_gmncsa_fall_013/gmncsa24_gmncsa_fall_013_w0005.json
gmncsa24_gmncsa_fall_013_w0013,gmncsa24_gmncsa_fall_013,fall,train,/Users/varunreddyseelam/Desktop/Gen_ai/final_pipeline/data/windows/train/fall/gmncsa24_gmncsa_fall_013/gmncsa24_gmncsa_fall_013_w0013.json
gmncsa24_gmncsa_fall_013_w0044,gmncsa24_gmncsa_fall_013,fall,train,/Users/varunreddyseelam/Desktop/Gen_ai/final_pipeline/data/windows/train/fall/gmncsa24_gmncsa_fall_013/gmncsa24_gmncsa_fall_013_w0044.json
gmncsa24_gmncsa_fall_013_w0006,gmncsa24_gmncsa_fall_013,fall,train,/Users/varunreddyseelam/Desktop/Gen_ai/final_pipeline/data/windows/train/fall/gmncsa24_gmncsa_fall_013/gmncsa24_gmncsa_fall_013_w0006.json
gmncsa24_gmncsa_fall_013_w0010,gmncsa24_gmncsa_fall_013,fall,train,/Users/varunreddyseelam/Desktop/Gen_ai/final_pipeline/data/windows/train/fall/gmncsa24_gmncsa_fall_013/gmncsa24_gmncsa_fall_013_w0010.json
gmncsa24_gmncsa_fall_013_w0047,gmncsa24_gmncsa_fall_013,fall,train,/Users/varunreddyseelam/Desktop/Gen_ai/final_pipeline/data/windows/train/fall/gmncsa24_gmncsa_fall_013/gmncsa24_gmncsa_fall_013_w0047.json
gmncsa24_gmncsa_fall_013_w0030,gmncsa24_gmncsa_fall_013,fall,train,/Users/varunreddyseelam/Desktop/Gen_ai/final_pipeline/data/windows/train/fall/gmncsa24_gmncsa_fall_013/gmncsa24_gmncsa_fall_013_w0030.json
gmncsa24_gmncsa_fall_013_w0026,gmncsa24_gmncsa_fall_013,fall,train,/Users/varunreddyseelam/Desktop/Gen_ai/final_pipeline/data/windows/train/fall/gmncsa24_gmncsa_fall_013/gmncsa24_gmncsa_fall_013_w0026.json
gmncsa24_gmncsa_fall_013_w0027,gmncsa24_gmncsa_fall_013,fall,train,/Users/varunreddyseelam/Desktop/Gen_ai/final_pipeline/data/windows/train/fall/gmncsa24_gmncsa_fall_013/gmncsa24_gmncsa_fall_013_w0027.json
gmncsa24_gmncsa_fall_013_w0031,gmncsa24_gmncsa_fall_013,fall,train,/Users/varunreddyseelam/Desktop/Gen_ai/final_pipeline/data/windows/train/fall/gmncsa24_gmncsa_fall_013/gmncsa24_gmncsa_fall_013_w0031.json
gmncsa24_gmncsa_fall_013_w0046,gmncsa24_gmncsa_fall_013,fall,train,/Users/varunreddyseelam/Desktop/Gen_ai/final_pipeline/data/windows/train/fall/gmncsa24_gmncsa_fall_013/gmncsa24_gmncsa_fall_013_w0046.json
gmncsa24_gmncsa_fall_013_w0011,gmncsa24_gmncsa_fall_013,fall,train,/Users/varunreddyseelam/Desktop/Gen_ai/final_pipeline/data/windows/train/fall/gmncsa24_gmncsa_fall_013/gmncsa24_gmncsa_fall_013_w0011.json
gmncsa24_gmncsa_fall_013_w0007,gmncsa24_gmncsa_fall_013,fall,train,/Users/varunreddyseelam/Desktop/Gen_ai/final_pipeline/data/windows/train/fall/gmncsa24_gmncsa_fall_013/gmncsa24_gmncsa_fall_013_w0007.json
gmncsa24_gmncsa_fall_013_w0036,gmncsa24_gmncsa_fall_013,fall,train,/Users/varunreddyseelam/Desktop/Gen_ai/final_pipeline/data/windows/train/fall/gmncsa24_gmncsa_fall_013/gmncsa24_gmncsa_fall_013_w0036.json
gmncsa24_gmncsa_fall_013_w0020,gmncsa24_gmncsa_fall_013,fall,train,/Users/varunreddyseelam/Desktop/Gen_ai/final_pipeline/data/windows/train/fall/gmncsa24_gmncsa_fall_013/gmncsa24_gmncsa_fall_013_w0020.json
gmncsa24_gmncsa_fall_013_w0000,gmncsa24_gmncsa_fall_013,fall,train,/Users/varunreddyseelam/Desktop/Gen_ai/final_pipeline/data/windows/train/fall/gmncsa24_gmncsa_fall_013/gmncsa24_gmncsa_fall_013_w0000.json
gmncsa24_gmncsa_fall_013_w0016,gmncsa24_gmncsa_fall_013,fall,train,/Users/varunreddyseelam/Desktop/Gen_ai/final_pipeline/data/windows/train/fall/gmncsa24_gmncsa_fall_013/gmncsa24_gmncsa_fall_013_w0016.json
gmncsa24_gmncsa_fall_013_w0041,gmncsa24_gmncsa_fall_013,fall,train,/Users/varunreddyseelam/Desktop/Gen_ai/final_pipeline/data/windows/train/fall/gmncsa24_gmncsa_fall_013/gmncsa24_gmncsa_fall_013_w0041.json
gmncsa24_gmncsa_fall_013_w0040,gmncsa24_gmncsa_fall_013,fall,train,/Users/varunreddyseelam/Desktop/Gen_ai/final_pipeline/data/windows/train/fall/gmncsa24_gmncsa_fall_013/gmncsa24_gmncsa_fall_013_w0040.json
gmncsa24_gmncsa_fall_013_w0017,gmncsa24_gmncsa_fall_013,fall,train,/Users/varunreddyseelam/Desktop/Gen_ai/final_pipeline/data/windows/train/fall/gmncsa24_gmncsa_fall_013/gmncsa24_gmncsa_fall_013_w0017.json
gmncsa24_gmncsa_fall_013_w0001,gmncsa24_gmncsa_fall_013,fall,train,/Users/varunreddyseelam/Desktop/Gen_ai/final_pipeline/data/windows/train/fall/gmncsa24_gmncsa_fall_013/gmncsa24_gmncsa_fall_013_w0001.json
gmncsa24_gmncsa_fall_013_w0021,gmncsa24_gmncsa_fall_013,fall,train,/Users/varunreddyseelam/Desktop/Gen_ai/final_pipeline/data/windows/train/fall/gmncsa24_gmncsa_fall_013/gmncsa24_gmncsa_fall_013_w0021.json
gmncsa24_gmncsa_fall_013_w0037,gmncsa24_gmncsa_fall_013,fall,train,/Users/varunreddyseelam/Desktop/Gen_ai/final_pipeline/data/windows/train/fall/gmncsa24_gmncsa_fall_013/gmncsa24_gmncsa_fall_013_w0037.json
le2i_CR01_video_24_fall_w0000,le2i_CR01_video_24_fall,fall,train,/Users/varunreddyseelam/Desktop/Gen_ai/final_pipeline/data/windows/train/fall/le2i_CR01_video_24_fall/le2i_CR01_video_24_fall_w0000.json
le2i_CR01_video_24_fall_w0001,le2i_CR01_video_24_fall,fall,train,/Users/varunreddyseelam/Desktop/Gen_ai/final_pipeline/data/windows/train/fall/le2i_CR01_video_24_fall/le2i_CR01_video_24_fall_w0001.json
le2i_CR01_video_24_fall_w0002,le2i_CR01_video_24_fall,fall,train,/Users/varunreddyseelam/Desktop/Gen_ai/final_pipeline/data/windows/train/fall/le2i_CR01_video_24_fall/le2i_CR01_video_24_fall_w0002.json
le2i_CR01_video_24_fall_w0003,le2i_CR01_video_24_fall,fall,train,/Users/varunreddyseelam/Desktop/Gen_ai/final_pipeline/data/windows/train/fall/le2i_CR01_video_24_fall/le2i_CR01_video_24_fall_w0003.json
gmncsa24_gmncsa_adl_009_w0002,gmncsa24_gmncsa_adl_009,no_fall,train,/Users/varunreddyseelam/Desktop/Gen_ai/final_pipeline/data/windows/train/no_fall/gmncsa24_gmncsa_adl_009/gmncsa24_gmncsa_adl_009_w0002.json
gmncsa24_gmncsa_adl_009_w0003,gmncsa24_gmncsa_adl_009,no_fall,train,/Users/varunreddyseelam/Desktop/Gen_ai/final_pipeline/data/windows/train/no_fall/gmncsa24_gmncsa_adl_009/gmncsa24_gmncsa_adl_009_w0003.json
gmncsa24_gmncsa_adl_009_w0000,gmncsa24_gmncsa_adl_009,no_fall,train,/Users/varunreddyseelam/Desktop/Gen_ai/final_pipeline/data/windows/train/no_fall/gmncsa24_gmncsa_adl_009/gmncsa24_gmncsa_adl_009_w0000.json
gmncsa24_gmncsa_adl_009_w0001,gmncsa24_gmncsa_adl_009,no_fall,train,/Users/varunreddyseelam/Desktop/Gen_ai/final_pipeline/data/windows/train/no_fall/gmncsa24_gmncsa_adl_009/gmncsa24_gmncsa_adl_009_w0001.json
gmncsa24_gmncsa_adl_031_w0002,gmncsa24_gmncsa_adl_031,no_fall,train,/Users/varunreddyseelam/Desktop/Gen_ai/final_pipeline/data/windows/train/no_fall/gmncsa24_gmncsa_adl_031/gmncsa24_gmncsa_adl_031_w0002.json
gmncsa24_gmncsa_adl_031_w0003,gmncsa24_gmncsa_adl_031,no_fall,train,/Users/varunreddyseelam/Desktop/Gen_ai/final_pipeline/data/windows/train/no_fall/gmncsa24_gmncsa_adl_031/gmncsa24_gmncsa_adl_031_w0003.json
gmncsa24_gmncsa_adl_031_w0000,gmncsa24_gmncsa_adl_031,no_fall,train,/Users/varunreddyseelam/Desktop/Gen_ai/final_pipeline/data/windows/train/no_fall/gmncsa24_gmncsa_adl_031/gmncsa24_gmncsa_adl_031_w0000.json
gmncsa24_gmncsa_adl_031_w0001,gmncsa24_gmncsa_adl_031,no_fall,train,/Users/varunreddyseelam/Desktop/Gen_ai/final_pipeline/data/windows/train/no_fall/gmncsa24_gmncsa_adl_031/gmncsa24_gmncsa_adl_031_w0001.json
urfd_adl-03-cam0_w0003,urfd_adl-03-cam0,no_fall,train,/Users/varunreddyseelam/Desktop/Gen_ai/final_pipeline/data/windows/train/no_fall/urfd_adl-03-cam0/urfd_adl-03-cam0_w0003.json
urfd_adl-03-cam0_w0002,urfd_adl-03-cam0,no_fall,train,/Users/varunreddyseelam/Desktop/Gen_ai/final_pipeline/data/windows/train/no_fall/urfd_adl-03-cam0/urfd_adl-03-cam0_w0002.json
urfd_adl-03-cam0_w0001,urfd_adl-03-cam0,no_fall,train,/Users/varunreddyseelam/Desktop/Gen_ai/final_pipeline/data/windows/train/no_fall/urfd_adl-03-cam0/urfd_adl-03-cam0_w0001.json
urfd_adl-03-cam0_w0000,urfd_adl-03-cam0,no_fall,train,/Users/varunreddyseelam/Desktop/Gen_ai/final_pipeline/data/windows/train/no_fall/urfd_adl-03-cam0/urfd_adl-03-cam0_w0000.json
gmncsa24_gmncsa_adl_007_w0001,gmncsa24_gmncsa_adl_007,no_fall,train,/Users/varunreddyseelam/Desktop/Gen_ai/final_pipeline/data/windows/train/no_fall/gmncsa24_gmncsa_adl_007/gmncsa24_gmncsa_adl_007_w0001.json
gmncsa24_gmncsa_adl_007_w0000,gmncsa24_gmncsa_adl_007,no_fall,train,/Users/varunreddyseelam/Desktop/Gen_ai/final_pipeline/data/windows/train/no_fall/gmncsa24_gmncsa_adl_007/gmncsa24_gmncsa_adl_007_w0000.json
gmncsa24_gmncsa_adl_007_w0003,gmncsa24_gmncsa_adl_007,no_fall,train,/Users/varunreddyseelam/Desktop/Gen_ai/final_pipeline/data/windows/train/no_fall/gmncsa24_gmncsa_adl_007/gmncsa24_gmncsa_adl_007_w0003.json
gmncsa24_gmncsa_adl_007_w0002,gmncsa24_gmncsa_adl_007,no_fall,train,/Users/varunreddyseelam/Desktop/Gen_ai/final_pipeline/data/windows/train/no_fall/gmncsa24_gmncsa_adl_007/gmncsa24_gmncsa_adl_007_w0002.json
gmncsa24_gmncsa_adl_038_w0000,gmncsa24_gmncsa_adl_038,no_fall,train,/Users/varunreddyseelam/Desktop/Gen_ai/final_pipeline/data/windows/train/no_fall/gmncsa24_gmncsa_adl_038/gmncsa24_gmncsa_adl_038_w0000.json
gmncsa24_gmncsa_adl_038_w0001,gmncsa24_gmncsa_adl_038,no_fall,train,/Users/varunreddyseelam/Desktop/Gen_ai/final_pipeline/data/windows/train/no_fall/gmncsa24_gmncsa_adl_038/gmncsa24_gmncsa_adl_038_w0001.json
gmncsa24_gmncsa_adl_038_w0002,gmncsa24_gmncsa_adl_038,no_fall,train,/Users/varunreddyseelam/Desktop/Gen_ai/final_pipeline/data/windows/train/no_fall/gmncsa24_gmncsa_adl_038/gmncsa24_gmncsa_adl_038_w0002.json
le2i_H01_video_27_adl_w0002,le2i_H01_video_27_adl,no_fall,train,/Users/varunreddyseelam/Desktop/Gen_ai/final_pipeline/data/windows/train/no_fall/le2i_H01_video_27_adl/le2i_H01_video_27_adl_w0002.json
le2i_H01_video_27_adl_w0000,le2i_H01_video_27_adl,no_fall,train,/Users/varunreddyseelam/Desktop/Gen_ai/final_pipeline/data/windows/train/no_fall/le2i_H01_video_27_adl/le2i_H01_video_27_adl_w0000.json
le2i_H01_video_27_adl_w0001,le2i_H01_video_27_adl,no_fall,train,/Users/varunreddyseelam/Desktop/Gen_ai/final_pipeline/data/windows/train/no_fall/le2i_H01_video_27_adl/le2i_H01_video_27_adl_w0001.json
urfd_adl-39-cam0_w0004,urfd_adl-39-cam0,no_fall,train,/Users/varunreddyseelam/Desktop/Gen_ai/final_pipeline/data/windows/train/no_fall/urfd_adl-39-cam0/urfd_adl-39-cam0_w0004.json
urfd_adl-39-cam0_w0005,urfd_adl-39-cam0,no_fall,train,/Users/varunreddyseelam/Desktop/Gen_ai/final_pipeline/data/windows/train/no_fall/urfd_adl-39-cam0/urfd_adl-39-cam0_w0005.json
urfd_adl-39-cam0_w0002,urfd_adl-39-cam0,no_fall,train,/Users/varunreddyseelam/Desktop/Gen_ai/final_pipeline/data/windows/train/no_fall/urfd_adl-39-cam0/urfd_adl-39-cam0_w0002.json
urfd_adl-39-cam0_w0003,urfd_adl-39-cam0,no_fall,train,/Users/varunreddyseelam/Desktop/Gen_ai/final_pipeline/data/windows/train/no_fall/urfd_adl-39-cam0/urfd_adl-39-cam0_w0003.json
urfd_adl-39-cam0_w0000,urfd_adl-39-cam0,no_fall,train,/Users/varunreddyseelam/Desktop/Gen_ai/final_pipeline/data/windows/train/no_fall/urfd_adl-39-cam0/urfd_adl-39-cam0_w0000.json
urfd_adl-39-cam0_w0001,urfd_adl-39-cam0,no_fall,train,/Users/varunreddyseelam/Desktop/Gen_ai/final_pipeline/data/windows/train/no_fall/urfd_adl-39-cam0/urfd_adl-39-cam0_w0001.json
gmncsa24_gmncsa_adl_054_w0003,gmncsa24_gmncsa_adl_054,no_fall,train,/Users/varunreddyseelam/Desktop/Gen_ai/final_pipeline/data/windows/train/no_fall/gmncsa24_gmncsa_adl_054/gmncsa24_gmncsa_adl_054_w0003.json
gmncsa24_gmncsa_adl_054_w0002,gmncsa24_gmncsa_adl_054,no_fall,train,/Users/varunreddyseelam/Desktop/Gen_ai/final_pipeline/data/windows/train/no_fall/gmncsa24_gmncsa_adl_054/gmncsa24_gmncsa_adl_054_w0002.json
gmncsa24_gmncsa_adl_054_w0004,gmncsa24_gmncsa_adl_054,no_fall,train,/Users/varunreddyseelam/Desktop/Gen_ai/final_pipeline/data/windows/train/no_fall/gmncsa24_gmncsa_adl_054/gmncsa24_gmncsa_adl_054_w0004.json
gmncsa24_gmncsa_adl_054_w0001,gmncsa24_gmncsa_adl_054,no_fall,train,/Users/varunreddyseelam/Desktop/Gen_ai/final_pipeline/data/windows/train/no_fall/gmncsa24_gmncsa_adl_054/gmncsa24_gmncsa_adl_054_w0001.json
gmncsa24_gmncsa_adl_054_w0000,gmncsa24_gmncsa_adl_054,no_fall,train,/Users/varunreddyseelam/Desktop/Gen_ai/final_pipeline/data/windows/train/no_fall/gmncsa24_gmncsa_adl_054/gmncsa24_gmncsa_adl_054_w0000.json
le2i_CR01_video_22_adl_w0002,le2i_CR01_video_22_adl,no_fall,train,/Users/varunreddyseelam/Desktop/Gen_ai/final_pipeline/data/windows/train/no_fall/le2i_CR01_video_22_adl/le2i_CR01_video_22_adl_w0002.json
le2i_CR01_video_22_adl_w0000,le2i_CR01_video_22_adl,no_fall,train,/Users/varunreddyseelam/Desktop/Gen_ai/final_pipeline/data/windows/train/no_fall/le2i_CR01_video_22_adl/le2i_CR01_video_22_adl_w0000.json
le2i_CR01_video_22_adl_w0001,le2i_CR01_video_22_adl,no_fall,train,/Users/varunreddyseelam/Desktop/Gen_ai/final_pipeline/data/windows/train/no_fall/le2i_CR01_video_22_adl/le2i_CR01_video_22_adl_w0001.json
le2i_CR01_video_36_adl_w0009,le2i_CR01_video_36_adl,no_fall,train,/Users/varunreddyseelam/Desktop/Gen_ai/final_pipeline/data/windows/train/no_fall/le2i_CR01_video_36_adl/le2i_CR01_video_36_adl_w0009.json
le2i_CR01_video_36_adl_w0005,le2i_CR01_video_36_adl,no_fall,train,/Users/varunreddyseelam/Desktop/Gen_ai/final_pipeline/data/windows/train/no_fall/le2i_CR01_video_36_adl/le2i_CR01_video_36_adl_w0005.json
le2i_CR01_video_36_adl_w0004,le2i_CR01_video_36_adl,no_fall,train,/Users/varunreddyseelam/Desktop/Gen_ai/final_pipeline/data/windows/train/no_fall/le2i_CR01_video_36_adl/le2i_CR01_video_36_adl_w0004.json
le2i_CR01_video_36_adl_w0008,le2i_CR01_video_36_adl,no_fall,train,/Users/varunreddyseelam/Desktop/Gen_ai/final_pipeline/data/windows/train/no_fall/le2i_CR01_video_36_adl/le2i_CR01_video_36_adl_w0008.json
le2i_CR01_video_36_adl_w0003,le2i_CR01_video_36_adl,no_fall,train,/Users/varunreddyseelam/Desktop/Gen_ai/final_pipeline/data/windows/train/no_fall/le2i_CR01_video_36_adl/le2i_CR01_video_36_adl_w0003.json
le2i_CR01_video_36_adl_w0002,le2i_CR01_video_36_adl,no_fall,train,/Users/varunreddyseelam/Desktop/Gen_ai/final_pipeline/data/windows/train/no_fall/le2i_CR01_video_36_adl/le2i_CR01_video_36_adl_w0002.json
le2i_CR01_video_36_adl_w0001,le2i_CR01_video_36_adl,no_fall,train,/Users/varunreddyseelam/Desktop/Gen_ai/final_pipeline/data/windows/train/no_fall/le2i_CR01_video_36_adl/le2i_CR01_video_36_adl_w0001.json
le2i_CR01_video_36_adl_w0000,le2i_CR01_video_36_adl,no_fall,train,/Users/varunreddyseelam/Desktop/Gen_ai/final_pipeline/data/windows/train/no_fall/le2i_CR01_video_36_adl/le2i_CR01_video_36_adl_w0000.json
le2i_CR01_video_36_adl_w0007,le2i_CR01_video_36_adl,no_fall,train,/Users/varunreddyseelam/Desktop/Gen_ai/final_pipeline/data/windows/train/no_fall/le2i_CR01_video_36_adl/le2i_CR01_video_36_adl_w0007.json
le2i_CR01_video_36_adl_w0006,le2i_CR01_video_36_adl,no_fall,train,/Users/varunreddyseelam/Desktop/Gen_ai/final_pipeline/data/windows/train/no_fall/le2i_CR01_video_36_adl/le2i_CR01_video_36_adl_w0006.json
gmncsa24_gmncsa_adl_053_w0004,gmncsa24_gmncsa_adl_053,no_fall,train,/Users/varunreddyseelam/Desktop/Gen_ai/final_pipeline/data/windows/train/no_fall/gmncsa24_gmncsa_adl_053/gmncsa24_gmncsa_adl_053_w0004.json
gmncsa24_gmncsa_adl_053_w0005,gmncsa24_gmncsa_adl_053,no_fall,train,/Users/varunreddyseelam/Desktop/Gen_ai/final_pipeline/data/windows/train/no_fall/gmncsa24_gmncsa_adl_053/gmncsa24_gmncsa_adl_053_w0005.json
gmncsa24_gmncsa_adl_053_w0002,gmncsa24_gmncsa_adl_053,no_fall,train,/Users/varunreddyseelam/Desktop/Gen_ai/final_pipeline/data/windows/train/no_fall/gmncsa24_gmncsa_adl_053/gmncsa24_gmncsa_adl_053_w0002.json
gmncsa24_gmncsa_adl_053_w0003,gmncsa24_gmncsa_adl_053,no_fall,train,/Users/varunreddyseelam/Desktop/Gen_ai/final_pipeline/data/windows/train/no_fall/gmncsa24_gmncsa_adl_053/gmncsa24_gmncsa_adl_053_w0003.json
gmncsa24_gmncsa_adl_053_w0000,gmncsa24_gmncsa_adl_053,no_fall,train,/Users/varunreddyseelam/Desktop/Gen_ai/final_pipeline/data/windows/train/no_fall/gmncsa24_gmncsa_adl_053/gmncsa24_gmncsa_adl_053_w0000.json
gmncsa24_gmncsa_adl_053_w0001,gmncsa24_gmncsa_adl_053,no_fall,train,/Users/varunreddyseelam/Desktop/Gen_ai/final_pipeline/data/windows/train/no_fall/gmncsa24_gmncsa_adl_053/gmncsa24_gmncsa_adl_053_w0001.json
gmncsa24_gmncsa_adl_053_w0006,gmncsa24_gmncsa_adl_053,no_fall,train,/Users/varunreddyseelam/Desktop/Gen_ai/final_pipeline/data/windows/train/no_fall/gmncsa24_gmncsa_adl_053/gmncsa24_gmncsa_adl_053_w0006.json
gmncsa24_gmncsa_adl_001_w0003,gmncsa24_gmncsa_adl_001,no_fall,train,/Users/varunreddyseelam/Desktop/Gen_ai/final_pipeline/data/windows/train/no_fall/gmncsa24_gmncsa_adl_001/gmncsa24_gmncsa_adl_001_w0003.json
gmncsa24_gmncsa_adl_001_w0002,gmncsa24_gmncsa_adl_001,no_fall,train,/Users/varunreddyseelam/Desktop/Gen_ai/final_pipeline/data/windows/train/no_fall/gmncsa24_gmncsa_adl_001/gmncsa24_gmncsa_adl_001_w0002.json
gmncsa24_gmncsa_adl_001_w0001,gmncsa24_gmncsa_adl_001,no_fall,train,/Users/varunreddyseelam/Desktop/Gen_ai/final_pipeline/data/windows/train/no_fall/gmncsa24_gmncsa_adl_001/gmncsa24_gmncsa_adl_001_w0001.json
gmncsa24_gmncsa_adl_001_w0000,gmncsa24_gmncsa_adl_001,no_fall,train,/Users/varunreddyseelam/Desktop/Gen_ai/final_pipeline/data/windows/train/no_fall/gmncsa24_gmncsa_adl_001/gmncsa24_gmncsa_adl_001_w0000.json
gmncsa24_gmncsa_adl_039_w0005,gmncsa24_gmncsa_adl_039,no_fall,train,/Users/varunreddyseelam/Desktop/Gen_ai/final_pipeline/data/windows/train/no_fall/gmncsa24_gmncsa_adl_039/gmncsa24_gmncsa_adl_039_w0005.json
gmncsa24_gmncsa_adl_039_w0004,gmncsa24_gmncsa_adl_039,no_fall,train,/Users/varunreddyseelam/Desktop/Gen_ai/final_pipeline/data/windows/train/no_fall/gmncsa24_gmncsa_adl_039/gmncsa24_gmncsa_adl_039_w0004.json
gmncsa24_gmncsa_adl_039_w0003,gmncsa24_gmncsa_adl_039,no_fall,train,/Users/varunreddyseelam/Desktop/Gen_ai/final_pipeline/data/windows/train/no_fall/gmncsa24_gmncsa_adl_039/gmncsa24_gmncsa_adl_039_w0003.json
gmncsa24_gmncsa_adl_039_w0002,gmncsa24_gmncsa_adl_039,no_fall,train,/Users/varunreddyseelam/Desktop/Gen_ai/final_pipeline/data/windows/train/no_fall/gmncsa24_gmncsa_adl_039/gmncsa24_gmncsa_adl_039_w0002.json
gmncsa24_gmncsa_adl_039_w0001,gmncsa24_gmncsa_adl_039,no_fall,train,/Users/varunreddyseelam/Desktop/Gen_ai/final_pipeline/data/windows/train/no_fall/gmncsa24_gmncsa_adl_039/gmncsa24_gmncsa_adl_039_w0001.json
gmncsa24_gmncsa_adl_039_w0000,gmncsa24_gmncsa_adl_039,no_fall,train,/Users/varunreddyseelam/Desktop/Gen_ai/final_pipeline/data/windows/train/no_fall/gmncsa24_gmncsa_adl_039/gmncsa24_gmncsa_adl_039_w0000.json
gmncsa24_gmncsa_adl_039_w0007,gmncsa24_gmncsa_adl_039,no_fall,train,/Users/varunreddyseelam/Desktop/Gen_ai/final_pipeline/data/windows/train/no_fall/gmncsa24_gmncsa_adl_039/gmncsa24_gmncsa_adl_039_w0007.json
gmncsa24_gmncsa_adl_039_w0006,gmncsa24_gmncsa_adl_039,no_fall,train,/Users/varunreddyseelam/Desktop/Gen_ai/final_pipeline/data/windows/train/no_fall/gmncsa24_gmncsa_adl_039/gmncsa24_gmncsa_adl_039_w0006.json
gmncsa24_gmncsa_adl_030_w0001,gmncsa24_gmncsa_adl_030,no_fall,train,/Users/varunreddyseelam/Desktop/Gen_ai/final_pipeline/data/windows/train/no_fall/gmncsa24_gmncsa_adl_030/gmncsa24_gmncsa_adl_030_w0001.json
gmncsa24_gmncsa_adl_030_w0000,gmncsa24_gmncsa_adl_030,no_fall,train,/Users/varunreddyseelam/Desktop/Gen_ai/final_pipeline/data/windows/train/no_fall/gmncsa24_gmncsa_adl_030/gmncsa24_gmncsa_adl_030_w0000.json
urfd_adl-19-cam0_w0000,urfd_adl-19-cam0,no_fall,train,/Users/varunreddyseelam/Desktop/Gen_ai/final_pipeline/data/windows/train/no_fall/urfd_adl-19-cam0/urfd_adl-19-cam0_w0000.json
urfd_adl-19-cam0_w0001,urfd_adl-19-cam0,no_fall,train,/Users/varunreddyseelam/Desktop/Gen_ai/final_pipeline/data/windows/train/no_fall/urfd_adl-19-cam0/urfd_adl-19-cam0_w0001.json
urfd_adl-19-cam0_w0004,urfd_adl-19-cam0,no_fall,train,/Users/varunreddyseelam/Desktop/Gen_ai/final_pipeline/data/windows/train/no_fall/urfd_adl-19-cam0/urfd_adl-19-cam0_w0004.json
urfd_adl-19-cam0_w0002,urfd_adl-19-cam0,no_fall,train,/Users/varunreddyseelam/Desktop/Gen_ai/final_pipeline/data/windows/train/no_fall/urfd_adl-19-cam0/urfd_adl-19-cam0_w0002.json
urfd_adl-19-cam0_w0003,urfd_adl-19-cam0,no_fall,train,/Users/varunreddyseelam/Desktop/Gen_ai/final_pipeline/data/windows/train/no_fall/urfd_adl-19-cam0/urfd_adl-19-cam0_w0003.json
le2i_CR01_video_20_adl_w0003,le2i_CR01_video_20_adl,no_fall,train,/Users/varunreddyseelam/Desktop/Gen_ai/final_pipeline/data/windows/train/no_fall/le2i_CR01_video_20_adl/le2i_CR01_video_20_adl_w0003.json
le2i_CR01_video_20_adl_w0002,le2i_CR01_video_20_adl,no_fall,train,/Users/varunreddyseelam/Desktop/Gen_ai/final_pipeline/data/windows/train/no_fall/le2i_CR01_video_20_adl/le2i_CR01_video_20_adl_w0002.json
le2i_CR01_video_20_adl_w0005,le2i_CR01_video_20_adl,no_fall,train,/Users/varunreddyseelam/Desktop/Gen_ai/final_pipeline/data/windows/train/no_fall/le2i_CR01_video_20_adl/le2i_CR01_video_20_adl_w0005.json
le2i_CR01_video_20_adl_w0004,le2i_CR01_video_20_adl,no_fall,train,/Users/varunreddyseelam/Desktop/Gen_ai/final_pipeline/data/windows/train/no_fall/le2i_CR01_video_20_adl/le2i_CR01_video_20_adl_w0004.json
le2i_CR01_video_20_adl_w0006,le2i_CR01_video_20_adl,no_fall,train,/Users/varunreddyseelam/Desktop/Gen_ai/final_pipeline/data/windows/train/no_fall/le2i_CR01_video_20_adl/le2i_CR01_video_20_adl_w0006.json
le2i_CR01_video_20_adl_w0001,le2i_CR01_video_20_adl,no_fall,train,/Users/varunreddyseelam/Desktop/Gen_ai/final_pipeline/data/windows/train/no_fall/le2i_CR01_video_20_adl/le2i_CR01_video_20_adl_w0001.json
le2i_CR01_video_20_adl_w0000,le2i_CR01_video_20_adl,no_fall,train,/Users/varunreddyseelam/Desktop/Gen_ai/final_pipeline/data/windows/train/no_fall/le2i_CR01_video_20_adl/le2i_CR01_video_20_adl_w0000.json
le2i_CR01_video_34_adl_w0002,le2i_CR01_video_34_adl,no_fall,train,/Users/varunreddyseelam/Desktop/Gen_ai/final_pipeline/data/windows/train/no_fall/le2i_CR01_video_34_adl/le2i_CR01_video_34_adl_w0002.json
le2i_CR01_video_34_adl_w0003,le2i_CR01_video_34_adl,no_fall,train,/Users/varunreddyseelam/Desktop/Gen_ai/final_pipeline/data/windows/train/no_fall/le2i_CR01_video_34_adl/le2i_CR01_video_34_adl_w0003.json
le2i_CR01_video_34_adl_w0004,le2i_CR01_video_34_adl,no_fall,train,/Users/varunreddyseelam/Desktop/Gen_ai/final_pipeline/data/windows/train/no_fall/le2i_CR01_video_34_adl/le2i_CR01_video_34_adl_w0004.json
le2i_CR01_video_34_adl_w0005,le2i_CR01_video_34_adl,no_fall,train,/Users/varunreddyseelam/Desktop/Gen_ai/final_pipeline/data/windows/train/no_fall/le2i_CR01_video_34_adl/le2i_CR01_video_34_adl_w0005.json
le2i_CR01_video_34_adl_w0006,le2i_CR01_video_34_adl,no_fall,train,/Users/varunreddyseelam/Desktop/Gen_ai/final_pipeline/data/windows/train/no_fall/le2i_CR01_video_34_adl/le2i_CR01_video_34_adl_w0006.json
le2i_CR01_video_34_adl_w0000,le2i_CR01_video_34_adl,no_fall,train,/Users/varunreddyseelam/Desktop/Gen_ai/final_pipeline/data/windows/train/no_fall/le2i_CR01_video_34_adl/le2i_CR01_video_34_adl_w0000.json
le2i_CR01_video_34_adl_w0001,le2i_CR01_video_34_adl,no_fall,train,/Users/varunreddyseelam/Desktop/Gen_ai/final_pipeline/data/windows/train/no_fall/le2i_CR01_video_34_adl/le2i_CR01_video_34_adl_w0001.json
gmncsa24_gmncsa_adl_008_w0001,gmncsa24_gmncsa_adl_008,no_fall,train,/Users/varunreddyseelam/Desktop/Gen_ai/final_pipeline/data/windows/train/no_fall/gmncsa24_gmncsa_adl_008/gmncsa24_gmncsa_adl_008_w0001.json
gmncsa24_gmncsa_adl_008_w0000,gmncsa24_gmncsa_adl_008,no_fall,train,/Users/varunreddyseelam/Desktop/Gen_ai/final_pipeline/data/windows/train/no_fall/gmncsa24_gmncsa_adl_008/gmncsa24_gmncsa_adl_008_w0000.json
gmncsa24_gmncsa_adl_008_w0003,gmncsa24_gmncsa_adl_008,no_fall,train,/Users/varunreddyseelam/Desktop/Gen_ai/final_pipeline/data/windows/train/no_fall/gmncsa24_gmncsa_adl_008/gmncsa24_gmncsa_adl_008_w0003.json
gmncsa24_gmncsa_adl_008_w0002,gmncsa24_gmncsa_adl_008,no_fall,train,/Users/varunreddyseelam/Desktop/Gen_ai/final_pipeline/data/windows/train/no_fall/gmncsa24_gmncsa_adl_008/gmncsa24_gmncsa_adl_008_w0002.json
le2i_H01_video_25_adl_w0002,le2i_H01_video_25_adl,no_fall,train,/Users/varunreddyseelam/Desktop/Gen_ai/final_pipeline/data/windows/train/no_fall/le2i_H01_video_25_adl/le2i_H01_video_25_adl_w0002.json
le2i_H01_video_25_adl_w0001,le2i_H01_video_25_adl,no_fall,train,/Users/varunreddyseelam/Desktop/Gen_ai/final_pipeline/data/windows/train/no_fall/le2i_H01_video_25_adl/le2i_H01_video_25_adl_w0001.json
le2i_H01_video_25_adl_w0000,le2i_H01_video_25_adl,no_fall,train,/Users/varunreddyseelam/Desktop/Gen_ai/final_pipeline/data/windows/train/no_fall/le2i_H01_video_25_adl/le2i_H01_video_25_adl_w0000.json
le2i_H01_video_30_adl_w0001,le2i_H01_video_30_adl,no_fall,train,/Users/varunreddyseelam/Desktop/Gen_ai/final_pipeline/data/windows/train/no_fall/le2i_H01_video_30_adl/le2i_H01_video_30_adl_w0001.json
le2i_H01_video_30_adl_w0000,le2i_H01_video_30_adl,no_fall,train,/Users/varunreddyseelam/Desktop/Gen_ai/final_pipeline/data/windows/train/no_fall/le2i_H01_video_30_adl/le2i_H01_video_30_adl_w0000.json
le2i_H01_video_18_adl_w0001,le2i_H01_video_18_adl,no_fall,train,/Users/varunreddyseelam/Desktop/Gen_ai/final_pipeline/data/windows/train/no_fall/le2i_H01_video_18_adl/le2i_H01_video_18_adl_w0001.json
le2i_H01_video_18_adl_w0000,le2i_H01_video_18_adl,no_fall,train,/Users/varunreddyseelam/Desktop/Gen_ai/final_pipeline/data/windows/train/no_fall/le2i_H01_video_18_adl/le2i_H01_video_18_adl_w0000.json
le2i_H01_video_18_adl_w0002,le2i_H01_video_18_adl,no_fall,train,/Users/varunreddyseelam/Desktop/Gen_ai/final_pipeline/data/windows/train/no_fall/le2i_H01_video_18_adl/le2i_H01_video_18_adl_w0002.json
urfd_adl-35-cam0_w0001,urfd_adl-35-cam0,no_fall,train,/Users/varunreddyseelam/Desktop/Gen_ai/final_pipeline/data/windows/train/no_fall/urfd_adl-35-cam0/urfd_adl-35-cam0_w0001.json
urfd_adl-35-cam0_w0000,urfd_adl-35-cam0,no_fall,train,/Users/varunreddyseelam/Desktop/Gen_ai/final_pipeline/data/windows/train/no_fall/urfd_adl-35-cam0/urfd_adl-35-cam0_w0000.json
urfd_adl-35-cam0_w0005,urfd_adl-35-cam0,no_fall,train,/Users/varunreddyseelam/Desktop/Gen_ai/final_pipeline/data/windows/train/no_fall/urfd_adl-35-cam0/urfd_adl-35-cam0_w0005.json
urfd_adl-35-cam0_w0004,urfd_adl-35-cam0,no_fall,train,/Users/varunreddyseelam/Desktop/Gen_ai/final_pipeline/data/windows/train/no_fall/urfd_adl-35-cam0/urfd_adl-35-cam0_w0004.json
urfd_adl-35-cam0_w0003,urfd_adl-35-cam0,no_fall,train,/Users/varunreddyseelam/Desktop/Gen_ai/final_pipeline/data/windows/train/no_fall/urfd_adl-35-cam0/urfd_adl-35-cam0_w0003.json
urfd_adl-35-cam0_w0002,urfd_adl-35-cam0,no_fall,train,/Users/varunreddyseelam/Desktop/Gen_ai/final_pipeline/data/windows/train/no_fall/urfd_adl-35-cam0/urfd_adl-35-cam0_w0002.json
gmncsa24_gmncsa_adl_063_w0003,gmncsa24_gmncsa_adl_063,no_fall,train,/Users/varunreddyseelam/Desktop/Gen_ai/final_pipeline/data/windows/train/no_fall/gmncsa24_gmncsa_adl_063/gmncsa24_gmncsa_adl_063_w0003.json
gmncsa24_gmncsa_adl_063_w0002,gmncsa24_gmncsa_adl_063,no_fall,train,/Users/varunreddyseelam/Desktop/Gen_ai/final_pipeline/data/windows/train/no_fall/gmncsa24_gmncsa_adl_063/gmncsa24_gmncsa_adl_063_w0002.json
gmncsa24_gmncsa_adl_063_w0001,gmncsa24_gmncsa_adl_063,no_fall,train,/Users/varunreddyseelam/Desktop/Gen_ai/final_pipeline/data/windows/train/no_fall/gmncsa24_gmncsa_adl_063/gmncsa24_gmncsa_adl_063_w0001.json
gmncsa24_gmncsa_adl_063_w0000,gmncsa24_gmncsa_adl_063,no_fall,train,/Users/varunreddyseelam/Desktop/Gen_ai/final_pipeline/data/windows/train/no_fall/gmncsa24_gmncsa_adl_063/gmncsa24_gmncsa_adl_063_w0000.json
le2i_CR01_video_35_adl_w0000,le2i_CR01_video_35_adl,no_fall,train,/Users/varunreddyseelam/Desktop/Gen_ai/final_pipeline/data/windows/train/no_fall/le2i_CR01_video_35_adl/le2i_CR01_video_35_adl_w0000.json
le2i_CR01_video_21_adl_w0000,le2i_CR01_video_21_adl,no_fall,train,/Users/varunreddyseelam/Desktop/Gen_ai/final_pipeline/data/windows/train/no_fall/le2i_CR01_video_21_adl/le2i_CR01_video_21_adl_w0000.json
le2i_CR01_video_21_adl_w0001,le2i_CR01_video_21_adl,no_fall,train,/Users/varunreddyseelam/Desktop/Gen_ai/final_pipeline/data/windows/train/no_fall/le2i_CR01_video_21_adl/le2i_CR01_video_21_adl_w0001.json
gmncsa24_gmncsa_adl_055_w0000,gmncsa24_gmncsa_adl_055,no_fall,train,/Users/varunreddyseelam/Desktop/Gen_ai/final_pipeline/data/windows/train/no_fall/gmncsa24_gmncsa_adl_055/gmncsa24_gmncsa_adl_055_w0000.json
gmncsa24_gmncsa_adl_055_w0001,gmncsa24_gmncsa_adl_055,no_fall,train,/Users/varunreddyseelam/Desktop/Gen_ai/final_pipeline/data/windows/train/no_fall/gmncsa24_gmncsa_adl_055/gmncsa24_gmncsa_adl_055_w0001.json
gmncsa24_gmncsa_adl_055_w0002,gmncsa24_gmncsa_adl_055,no_fall,train,/Users/varunreddyseelam/Desktop/Gen_ai/final_pipeline/data/windows/train/no_fall/gmncsa24_gmncsa_adl_055/gmncsa24_gmncsa_adl_055_w0002.json
gmncsa24_gmncsa_adl_055_w0003,gmncsa24_gmncsa_adl_055,no_fall,train,/Users/varunreddyseelam/Desktop/Gen_ai/final_pipeline/data/windows/train/no_fall/gmncsa24_gmncsa_adl_055/gmncsa24_gmncsa_adl_055_w0003.json
gmncsa24_gmncsa_adl_055_w0004,gmncsa24_gmncsa_adl_055,no_fall,train,/Users/varunreddyseelam/Desktop/Gen_ai/final_pipeline/data/windows/train/no_fall/gmncsa24_gmncsa_adl_055/gmncsa24_gmncsa_adl_055_w0004.json
le2i_CR01_video_19_adl_w0001,le2i_CR01_video_19_adl,no_fall,train,/Users/varunreddyseelam/Desktop/Gen_ai/final_pipeline/data/windows/train/no_fall/le2i_CR01_video_19_adl/le2i_CR01_video_19_adl_w0001.json
le2i_CR01_video_19_adl_w0000,le2i_CR01_video_19_adl,no_fall,train,/Users/varunreddyseelam/Desktop/Gen_ai/final_pipeline/data/windows/train/no_fall/le2i_CR01_video_19_adl/le2i_CR01_video_19_adl_w0000.json
le2i_CR01_video_31_adl_w0002,le2i_CR01_video_31_adl,no_fall,train,/Users/varunreddyseelam/Desktop/Gen_ai/final_pipeline/data/windows/train/no_fall/le2i_CR01_video_31_adl/le2i_CR01_video_31_adl_w0002.json
le2i_CR01_video_31_adl_w0001,le2i_CR01_video_31_adl,no_fall,train,/Users/varunreddyseelam/Desktop/Gen_ai/final_pipeline/data/windows/train/no_fall/le2i_CR01_video_31_adl/le2i_CR01_video_31_adl_w0001.json
le2i_CR01_video_31_adl_w0000,le2i_CR01_video_31_adl,no_fall,train,/Users/varunreddyseelam/Desktop/Gen_ai/final_pipeline/data/windows/train/no_fall/le2i_CR01_video_31_adl/le2i_CR01_video_31_adl_w0000.json
le2i_H01_video_20_adl_w0002,le2i_H01_video_20_adl,no_fall,train,/Users/varunreddyseelam/Desktop/Gen_ai/final_pipeline/data/windows/train/no_fall/le2i_H01_video_20_adl/le2i_H01_video_20_adl_w0002.json
le2i_H01_video_20_adl_w0000,le2i_H01_video_20_adl,no_fall,train,/Users/varunreddyseelam/Desktop/Gen_ai/final_pipeline/data/windows/train/no_fall/le2i_H01_video_20_adl/le2i_H01_video_20_adl_w0000.json
le2i_H01_video_20_adl_w0001,le2i_H01_video_20_adl,no_fall,train,/Users/varunreddyseelam/Desktop/Gen_ai/final_pipeline/data/windows/train/no_fall/le2i_H01_video_20_adl/le2i_H01_video_20_adl_w0001.json
le2i_CR01_video_30_adl_w0000,le2i_CR01_video_30_adl,no_fall,train,/Users/varunreddyseelam/Desktop/Gen_ai/final_pipeline/data/windows/train/no_fall/le2i_CR01_video_30_adl/le2i_CR01_video_30_adl_w0000.json
le2i_CR01_video_30_adl_w0001,le2i_CR01_video_30_adl,no_fall,train,/Users/varunreddyseelam/Desktop/Gen_ai/final_pipeline/data/windows/train/no_fall/le2i_CR01_video_30_adl/le2i_CR01_video_30_adl_w0001.json
le2i_CR01_video_24_adl_w0003,le2i_CR01_video_24_adl,no_fall,train,/Users/varunreddyseelam/Desktop/Gen_ai/final_pipeline/data/windows/train/no_fall/le2i_CR01_video_24_adl/le2i_CR01_video_24_adl_w0003.json
le2i_CR01_video_24_adl_w0002,le2i_CR01_video_24_adl,no_fall,train,/Users/varunreddyseelam/Desktop/Gen_ai/final_pipeline/data/windows/train/no_fall/le2i_CR01_video_24_adl/le2i_CR01_video_24_adl_w0002.json
le2i_CR01_video_24_adl_w0001,le2i_CR01_video_24_adl,no_fall,train,/Users/varunreddyseelam/Desktop/Gen_ai/final_pipeline/data/windows/train/no_fall/le2i_CR01_video_24_adl/le2i_CR01_video_24_adl_w0001.json
le2i_CR01_video_24_adl_w0000,le2i_CR01_video_24_adl,no_fall,train,/Users/varunreddyseelam/Desktop/Gen_ai/final_pipeline/data/windows/train/no_fall/le2i_CR01_video_24_adl/le2i_CR01_video_24_adl_w0000.json
le2i_CR01_video_18_adl_w0000,le2i_CR01_video_18_adl,no_fall,train,/Users/varunreddyseelam/Desktop/Gen_ai/final_pipeline/data/windows/train/no_fall/le2i_CR01_video_18_adl/le2i_CR01_video_18_adl_w0000.json
le2i_CR01_video_18_adl_w0001,le2i_CR01_video_18_adl,no_fall,train,/Users/varunreddyseelam/Desktop/Gen_ai/final_pipeline/data/windows/train/no_fall/le2i_CR01_video_18_adl/le2i_CR01_video_18_adl_w0001.json
le2i_CR01_video_18_adl_w0002,le2i_CR01_video_18_adl,no_fall,train,/Users/varunreddyseelam/Desktop/Gen_ai/final_pipeline/data/windows/train/no_fall/le2i_CR01_video_18_adl/le2i_CR01_video_18_adl_w0002.json
le2i_CR01_video_32_adl_w0003,le2i_CR01_video_32_adl,no_fall,train,/Users/varunreddyseelam/Desktop/Gen_ai/final_pipeline/data/windows/train/no_fall/le2i_CR01_video_32_adl/le2i_CR01_video_32_adl_w0003.json
le2i_CR01_video_32_adl_w0002,le2i_CR01_video_32_adl,no_fall,train,/Users/varunreddyseelam/Desktop/Gen_ai/final_pipeline/data/windows/train/no_fall/le2i_CR01_video_32_adl/le2i_CR01_video_32_adl_w0002.json
le2i_CR01_video_32_adl_w0001,le2i_CR01_video_32_adl,no_fall,train,/Users/varunreddyseelam/Desktop/Gen_ai/final_pipeline/data/windows/train/no_fall/le2i_CR01_video_32_adl/le2i_CR01_video_32_adl_w0001.json
le2i_CR01_video_32_adl_w0000,le2i_CR01_video_32_adl,no_fall,train,/Users/varunreddyseelam/Desktop/Gen_ai/final_pipeline/data/windows/train/no_fall/le2i_CR01_video_32_adl/le2i_CR01_video_32_adl_w0000.json
le2i_H01_video_23_adl_w0002,le2i_H01_video_23_adl,no_fall,train,/Users/varunreddyseelam/Desktop/Gen_ai/final_pipeline/data/windows/train/no_fall/le2i_H01_video_23_adl/le2i_H01_video_23_adl_w0002.json
le2i_H01_video_23_adl_w0000,le2i_H01_video_23_adl,no_fall,train,/Users/varunreddyseelam/Desktop/Gen_ai/final_pipeline/data/windows/train/no_fall/le2i_H01_video_23_adl/le2i_H01_video_23_adl_w0000.json
le2i_H01_video_23_adl_w0001,le2i_H01_video_23_adl,no_fall,train,/Users/varunreddyseelam/Desktop/Gen_ai/final_pipeline/data/windows/train/no_fall/le2i_H01_video_23_adl/le2i_H01_video_23_adl_w0001.json
urfd_adl-38-cam0_w0003,urfd_adl-38-cam0,no_fall,train,/Users/varunreddyseelam/Desktop/Gen_ai/final_pipeline/data/windows/train/no_fall/urfd_adl-38-cam0/urfd_adl-38-cam0_w0003.json
urfd_adl-38-cam0_w0002,urfd_adl-38-cam0,no_fall,train,/Users/varunreddyseelam/Desktop/Gen_ai/final_pipeline/data/windows/train/no_fall/urfd_adl-38-cam0/urfd_adl-38-cam0_w0002.json
urfd_adl-38-cam0_w0005,urfd_adl-38-cam0,no_fall,train,/Users/varunreddyseelam/Desktop/Gen_ai/final_pipeline/data/windows/train/no_fall/urfd_adl-38-cam0/urfd_adl-38-cam0_w0005.json
urfd_adl-38-cam0_w0004,urfd_adl-38-cam0,no_fall,train,/Users/varunreddyseelam/Desktop/Gen_ai/final_pipeline/data/windows/train/no_fall/urfd_adl-38-cam0/urfd_adl-38-cam0_w0004.json
urfd_adl-38-cam0_w0006,urfd_adl-38-cam0,no_fall,train,/Users/varunreddyseelam/Desktop/Gen_ai/final_pipeline/data/windows/train/no_fall/urfd_adl-38-cam0/urfd_adl-38-cam0_w0006.json
urfd_adl-38-cam0_w0001,urfd_adl-38-cam0,no_fall,train,/Users/varunreddyseelam/Desktop/Gen_ai/final_pipeline/data/windows/train/no_fall/urfd_adl-38-cam0/urfd_adl-38-cam0_w0001.json
urfd_adl-38-cam0_w0000,urfd_adl-38-cam0,no_fall,train,/Users/varunreddyseelam/Desktop/Gen_ai/final_pipeline/data/windows/train/no_fall/urfd_adl-38-cam0/urfd_adl-38-cam0_w0000.json
le2i_H01_video_22_adl_w0002,le2i_H01_video_22_adl,no_fall,train,/Users/varunreddyseelam/Desktop/Gen_ai/final_pipeline/data/windows/train/no_fall/le2i_H01_video_22_adl/le2i_H01_video_22_adl_w0002.json
le2i_H01_video_22_adl_w0001,le2i_H01_video_22_adl,no_fall,train,/Users/varunreddyseelam/Desktop/Gen_ai/final_pipeline/data/windows/train/no_fall/le2i_H01_video_22_adl/le2i_H01_video_22_adl_w0001.json
le2i_H01_video_22_adl_w0000,le2i_H01_video_22_adl,no_fall,train,/Users/varunreddyseelam/Desktop/Gen_ai/final_pipeline/data/windows/train/no_fall/le2i_H01_video_22_adl/le2i_H01_video_22_adl_w0000.json
le2i_CR01_video_27_adl_w0002,le2i_CR01_video_27_adl,no_fall,train,/Users/varunreddyseelam/Desktop/Gen_ai/final_pipeline/data/windows/train/no_fall/le2i_CR01_video_27_adl/le2i_CR01_video_27_adl_w0002.json
le2i_CR01_video_27_adl_w0001,le2i_CR01_video_27_adl,no_fall,train,/Users/varunreddyseelam/Desktop/Gen_ai/final_pipeline/data/windows/train/no_fall/le2i_CR01_video_27_adl/le2i_CR01_video_27_adl_w0001.json
le2i_CR01_video_27_adl_w0000,le2i_CR01_video_27_adl,no_fall,train,/Users/varunreddyseelam/Desktop/Gen_ai/final_pipeline/data/windows/train/no_fall/le2i_CR01_video_27_adl/le2i_CR01_video_27_adl_w0000.json
le2i_CR01_video_33_adl_w0000,le2i_CR01_video_33_adl,no_fall,train,/Users/varunreddyseelam/Desktop/Gen_ai/final_pipeline/data/windows/train/no_fall/le2i_CR01_video_33_adl/le2i_CR01_video_33_adl_w0000.json
le2i_CR01_video_33_adl_w0001,le2i_CR01_video_33_adl,no_fall,train,/Users/varunreddyseelam/Desktop/Gen_ai/final_pipeline/data/windows/train/no_fall/le2i_CR01_video_33_adl/le2i_CR01_video_33_adl_w0001.json
urfd_adl-14-cam0_w0002,urfd_adl-14-cam0,no_fall,train,/Users/varunreddyseelam/Desktop/Gen_ai/final_pipeline/data/windows/train/no_fall/urfd_adl-14-cam0/urfd_adl-14-cam0_w0002.json
urfd_adl-14-cam0_w0003,urfd_adl-14-cam0,no_fall,train,/Users/varunreddyseelam/Desktop/Gen_ai/final_pipeline/data/windows/train/no_fall/urfd_adl-14-cam0/urfd_adl-14-cam0_w0003.json
urfd_adl-14-cam0_w0004,urfd_adl-14-cam0,no_fall,train,/Users/varunreddyseelam/Desktop/Gen_ai/final_pipeline/data/windows/train/no_fall/urfd_adl-14-cam0/urfd_adl-14-cam0_w0004.json
urfd_adl-14-cam0_w0000,urfd_adl-14-cam0,no_fall,train,/Users/varunreddyseelam/Desktop/Gen_ai/final_pipeline/data/windows/train/no_fall/urfd_adl-14-cam0/urfd_adl-14-cam0_w0000.json
urfd_adl-14-cam0_w0001,urfd_adl-14-cam0,no_fall,train,/Users/varunreddyseelam/Desktop/Gen_ai/final_pipeline/data/windows/train/no_fall/urfd_adl-14-cam0/urfd_adl-14-cam0_w0001.json
urfd_adl-02-cam0_w0002,urfd_adl-02-cam0,no_fall,train,/Users/varunreddyseelam/Desktop/Gen_ai/final_pipeline/data/windows/train/no_fall/urfd_adl-02-cam0/urfd_adl-02-cam0_w0002.json
urfd_adl-02-cam0_w0003,urfd_adl-02-cam0,no_fall,train,/Users/varunreddyseelam/Desktop/Gen_ai/final_pipeline/data/windows/train/no_fall/urfd_adl-02-cam0/urfd_adl-02-cam0_w0003.json
urfd_adl-02-cam0_w0000,urfd_adl-02-cam0,no_fall,train,/Users/varunreddyseelam/Desktop/Gen_ai/final_pipeline/data/windows/train/no_fall/urfd_adl-02-cam0/urfd_adl-02-cam0_w0000.json
urfd_adl-02-cam0_w0001,urfd_adl-02-cam0,no_fall,train,/Users/varunreddyseelam/Desktop/Gen_ai/final_pipeline/data/windows/train/no_fall/urfd_adl-02-cam0/urfd_adl-02-cam0_w0001.json
urfd_adl-09-cam0_w0000,urfd_adl-09-cam0,no_fall,train,/Users/varunreddyseelam/Desktop/Gen_ai/final_pipeline/data/windows/train/no_fall/urfd_adl-09-cam0/urfd_adl-09-cam0_w0000.json
urfd_adl-09-cam0_w0001,urfd_adl-09-cam0,no_fall,train,/Users/varunreddyseelam/Desktop/Gen_ai/final_pipeline/data/windows/train/no_fall/urfd_adl-09-cam0/urfd_adl-09-cam0_w0001.json
urfd_adl-09-cam0_w0002,urfd_adl-09-cam0,no_fall,train,/Users/varunreddyseelam/Desktop/Gen_ai/final_pipeline/data/windows/train/no_fall/urfd_adl-09-cam0/urfd_adl-09-cam0_w0002.json
le2i_CR02_video_60_adl_w0000,le2i_CR02_video_60_adl,no_fall,train,/Users/varunreddyseelam/Desktop/Gen_ai/final_pipeline/data/windows/train/no_fall/le2i_CR02_video_60_adl/le2i_CR02_video_60_adl_w0000.json
le2i_CR02_video_60_adl_w0001,le2i_CR02_video_60_adl,no_fall,train,/Users/varunreddyseelam/Desktop/Gen_ai/final_pipeline/data/windows/train/no_fall/le2i_CR02_video_60_adl/le2i_CR02_video_60_adl_w0001.json
le2i_CR02_video_60_adl_w0002,le2i_CR02_video_60_adl,no_fall,train,/Users/varunreddyseelam/Desktop/Gen_ai/final_pipeline/data/windows/train/no_fall/le2i_CR02_video_60_adl/le2i_CR02_video_60_adl_w0002.json
le2i_CR01_video_40_adl_w0005,le2i_CR01_video_40_adl,no_fall,train,/Users/varunreddyseelam/Desktop/Gen_ai/final_pipeline/data/windows/train/no_fall/le2i_CR01_video_40_adl/le2i_CR01_video_40_adl_w0005.json
le2i_CR01_video_40_adl_w0004,le2i_CR01_video_40_adl,no_fall,train,/Users/varunreddyseelam/Desktop/Gen_ai/final_pipeline/data/windows/train/no_fall/le2i_CR01_video_40_adl/le2i_CR01_video_40_adl_w0004.json
le2i_CR01_video_40_adl_w0003,le2i_CR01_video_40_adl,no_fall,train,/Users/varunreddyseelam/Desktop/Gen_ai/final_pipeline/data/windows/train/no_fall/le2i_CR01_video_40_adl/le2i_CR01_video_40_adl_w0003.json
le2i_CR01_video_40_adl_w0002,le2i_CR01_video_40_adl,no_fall,train,/Users/varunreddyseelam/Desktop/Gen_ai/final_pipeline/data/windows/train/no_fall/le2i_CR01_video_40_adl/le2i_CR01_video_40_adl_w0002.json
le2i_CR01_video_40_adl_w0001,le2i_CR01_video_40_adl,no_fall,train,/Users/varunreddyseelam/Desktop/Gen_ai/final_pipeline/data/windows/train/no_fall/le2i_CR01_video_40_adl/le2i_CR01_video_40_adl_w0001.json
le2i_CR01_video_40_adl_w0000,le2i_CR01_video_40_adl,no_fall,train,/Users/varunreddyseelam/Desktop/Gen_ai/final_pipeline/data/windows/train/no_fall/le2i_CR01_video_40_adl/le2i_CR01_video_40_adl_w0000.json
urfd_adl-33-cam0_w0001,urfd_adl-33-cam0,no_fall,train,/Users/varunreddyseelam/Desktop/Gen_ai/final_pipeline/data/windows/train/no_fall/urfd_adl-33-cam0/urfd_adl-33-cam0_w0001.json
urfd_adl-33-cam0_w0000,urfd_adl-33-cam0,no_fall,train,/Users/varunreddyseelam/Desktop/Gen_ai/final_pipeline/data/windows/train/no_fall/urfd_adl-33-cam0/urfd_adl-33-cam0_w0000.json
urfd_adl-33-cam0_w0003,urfd_adl-33-cam0,no_fall,train,/Users/varunreddyseelam/Desktop/Gen_ai/final_pipeline/data/windows/train/no_fall/urfd_adl-33-cam0/urfd_adl-33-cam0_w0003.json
urfd_adl-33-cam0_w0002,urfd_adl-33-cam0,no_fall,train,/Users/varunreddyseelam/Desktop/Gen_ai/final_pipeline/data/windows/train/no_fall/urfd_adl-33-cam0/urfd_adl-33-cam0_w0002.json
le2i_CR02_video_49_adl_w0003,le2i_CR02_video_49_adl,no_fall,train,/Users/varunreddyseelam/Desktop/Gen_ai/final_pipeline/data/windows/train/no_fall/le2i_CR02_video_49_adl/le2i_CR02_video_49_adl_w0003.json
le2i_CR02_video_49_adl_w0002,le2i_CR02_video_49_adl,no_fall,train,/Users/varunreddyseelam/Desktop/Gen_ai/final_pipeline/data/windows/train/no_fall/le2i_CR02_video_49_adl/le2i_CR02_video_49_adl_w0002.json
le2i_CR02_video_49_adl_w0005,le2i_CR02_video_49_adl,no_fall,train,/Users/varunreddyseelam/Desktop/Gen_ai/final_pipeline/data/windows/train/no_fall/le2i_CR02_video_49_adl/le2i_CR02_video_49_adl_w0005.json
le2i_CR02_video_49_adl_w0008,le2i_CR02_video_49_adl,no_fall,train,/Users/varunreddyseelam/Desktop/Gen_ai/final_pipeline/data/windows/train/no_fall/le2i_CR02_video_49_adl/le2i_CR02_video_49_adl_w0008.json
le2i_CR02_video_49_adl_w0004,le2i_CR02_video_49_adl,no_fall,train,/Users/varunreddyseelam/Desktop/Gen_ai/final_pipeline/data/windows/train/no_fall/le2i_CR02_video_49_adl/le2i_CR02_video_49_adl_w0004.json
le2i_CR02_video_49_adl_w0007,le2i_CR02_video_49_adl,no_fall,train,/Users/varunreddyseelam/Desktop/Gen_ai/final_pipeline/data/windows/train/no_fall/le2i_CR02_video_49_adl/le2i_CR02_video_49_adl_w0007.json
le2i_CR02_video_49_adl_w0006,le2i_CR02_video_49_adl,no_fall,train,/Users/varunreddyseelam/Desktop/Gen_ai/final_pipeline/data/windows/train/no_fall/le2i_CR02_video_49_adl/le2i_CR02_video_49_adl_w0006.json
le2i_CR02_video_49_adl_w0001,le2i_CR02_video_49_adl,no_fall,train,/Users/varunreddyseelam/Desktop/Gen_ai/final_pipeline/data/windows/train/no_fall/le2i_CR02_video_49_adl/le2i_CR02_video_49_adl_w0001.json
le2i_CR02_video_49_adl_w0000,le2i_CR02_video_49_adl,no_fall,train,/Users/varunreddyseelam/Desktop/Gen_ai/final_pipeline/data/windows/train/no_fall/le2i_CR02_video_49_adl/le2i_CR02_video_49_adl_w0000.json
le2i_CR01_video_2_adl_w0000,le2i_CR01_video_2_adl,no_fall,train,/Users/varunreddyseelam/Desktop/Gen_ai/final_pipeline/data/windows/train/no_fall/le2i_CR01_video_2_adl/le2i_CR01_video_2_adl_w0000.json
le2i_CR01_video_2_adl_w0001,le2i_CR01_video_2_adl,no_fall,train,/Users/varunreddyseelam/Desktop/Gen_ai/final_pipeline/data/windows/train/no_fall/le2i_CR01_video_2_adl/le2i_CR01_video_2_adl_w0001.json
le2i_CR01_video_2_adl_w0002,le2i_CR01_video_2_adl,no_fall,train,/Users/varunreddyseelam/Desktop/Gen_ai/final_pipeline/data/windows/train/no_fall/le2i_CR01_video_2_adl/le2i_CR01_video_2_adl_w0002.json
le2i_CR01_video_2_adl_w0003,le2i_CR01_video_2_adl,no_fall,train,/Users/varunreddyseelam/Desktop/Gen_ai/final_pipeline/data/windows/train/no_fall/le2i_CR01_video_2_adl/le2i_CR01_video_2_adl_w0003.json
urfd_adl-25-cam0_w0001,urfd_adl-25-cam0,no_fall,train,/Users/varunreddyseelam/Desktop/Gen_ai/final_pipeline/data/windows/train/no_fall/urfd_adl-25-cam0/urfd_adl-25-cam0_w0001.json
urfd_adl-25-cam0_w0000,urfd_adl-25-cam0,no_fall,train,/Users/varunreddyseelam/Desktop/Gen_ai/final_pipeline/data/windows/train/no_fall/urfd_adl-25-cam0/urfd_adl-25-cam0_w0000.json
urfd_adl-05-cam0_w0003,urfd_adl-05-cam0,no_fall,train,/Users/varunreddyseelam/Desktop/Gen_ai/final_pipeline/data/windows/train/no_fall/urfd_adl-05-cam0/urfd_adl-05-cam0_w0003.json
urfd_adl-05-cam0_w0002,urfd_adl-05-cam0,no_fall,train,/Users/varunreddyseelam/Desktop/Gen_ai/final_pipeline/data/windows/train/no_fall/urfd_adl-05-cam0/urfd_adl-05-cam0_w0002.json
urfd_adl-05-cam0_w0001,urfd_adl-05-cam0,no_fall,train,/Users/varunreddyseelam/Desktop/Gen_ai/final_pipeline/data/windows/train/no_fall/urfd_adl-05-cam0/urfd_adl-05-cam0_w0001.json
urfd_adl-05-cam0_w0000,urfd_adl-05-cam0,no_fall,train,/Users/varunreddyseelam/Desktop/Gen_ai/final_pipeline/data/windows/train/no_fall/urfd_adl-05-cam0/urfd_adl-05-cam0_w0000.json
urfd_adl-13-cam0_w0003,urfd_adl-13-cam0,no_fall,train,/Users/varunreddyseelam/Desktop/Gen_ai/final_pipeline/data/windows/train/no_fall/urfd_adl-13-cam0/urfd_adl-13-cam0_w0003.json
urfd_adl-13-cam0_w0002,urfd_adl-13-cam0,no_fall,train,/Users/varunreddyseelam/Desktop/Gen_ai/final_pipeline/data/windows/train/no_fall/urfd_adl-13-cam0/urfd_adl-13-cam0_w0002.json
urfd_adl-13-cam0_w0005,urfd_adl-13-cam0,no_fall,train,/Users/varunreddyseelam/Desktop/Gen_ai/final_pipeline/data/windows/train/no_fall/urfd_adl-13-cam0/urfd_adl-13-cam0_w0005.json
urfd_adl-13-cam0_w0004,urfd_adl-13-cam0,no_fall,train,/Users/varunreddyseelam/Desktop/Gen_ai/final_pipeline/data/windows/train/no_fall/urfd_adl-13-cam0/urfd_adl-13-cam0_w0004.json
urfd_adl-13-cam0_w0001,urfd_adl-13-cam0,no_fall,train,/Users/varunreddyseelam/Desktop/Gen_ai/final_pipeline/data/windows/train/no_fall/urfd_adl-13-cam0/urfd_adl-13-cam0_w0001.json
urfd_adl-13-cam0_w0000,urfd_adl-13-cam0,no_fall,train,/Users/varunreddyseelam/Desktop/Gen_ai/final_pipeline/data/windows/train/no_fall/urfd_adl-13-cam0/urfd_adl-13-cam0_w0000.json
le2i_CR02_video_62_adl_w0001,le2i_CR02_video_62_adl,no_fall,train,/Users/varunreddyseelam/Desktop/Gen_ai/final_pipeline/data/windows/train/no_fall/le2i_CR02_video_62_adl/le2i_CR02_video_62_adl_w0001.json
le2i_CR02_video_62_adl_w0000,le2i_CR02_video_62_adl,no_fall,train,/Users/varunreddyseelam/Desktop/Gen_ai/final_pipeline/data/windows/train/no_fall/le2i_CR02_video_62_adl/le2i_CR02_video_62_adl_w0000.json
le2i_CR02_video_62_adl_w0003,le2i_CR02_video_62_adl,no_fall,train,/Users/varunreddyseelam/Desktop/Gen_ai/final_pipeline/data/windows/train/no_fall/le2i_CR02_video_62_adl/le2i_CR02_video_62_adl_w0003.json
le2i_CR02_video_62_adl_w0002,le2i_CR02_video_62_adl,no_fall,train,/Users/varunreddyseelam/Desktop/Gen_ai/final_pipeline/data/windows/train/no_fall/le2i_CR02_video_62_adl/le2i_CR02_video_62_adl_w0002.json
urfd_adl-29-cam0_w0002,urfd_adl-29-cam0,no_fall,train,/Users/varunreddyseelam/Desktop/Gen_ai/final_pipeline/data/windows/train/no_fall/urfd_adl-29-cam0/urfd_adl-29-cam0_w0002.json
urfd_adl-29-cam0_w0000,urfd_adl-29-cam0,no_fall,train,/Users/varunreddyseelam/Desktop/Gen_ai/final_pipeline/data/windows/train/no_fall/urfd_adl-29-cam0/urfd_adl-29-cam0_w0000.json
urfd_adl-29-cam0_w0001,urfd_adl-29-cam0,no_fall,train,/Users/varunreddyseelam/Desktop/Gen_ai/final_pipeline/data/windows/train/no_fall/urfd_adl-29-cam0/urfd_adl-29-cam0_w0001.json
le2i_CR01_video_1_adl_w0000,le2i_CR01_video_1_adl,no_fall,train,/Users/varunreddyseelam/Desktop/Gen_ai/final_pipeline/data/windows/train/no_fall/le2i_CR01_video_1_adl/le2i_CR01_video_1_adl_w0000.json
gmncsa24_gmncsa_adl_077_w0002,gmncsa24_gmncsa_adl_077,no_fall,train,/Users/varunreddyseelam/Desktop/Gen_ai/final_pipeline/data/windows/train/no_fall/gmncsa24_gmncsa_adl_077/gmncsa24_gmncsa_adl_077_w0002.json
gmncsa24_gmncsa_adl_077_w0003,gmncsa24_gmncsa_adl_077,no_fall,train,/Users/varunreddyseelam/Desktop/Gen_ai/final_pipeline/data/windows/train/no_fall/gmncsa24_gmncsa_adl_077/gmncsa24_gmncsa_adl_077_w0003.json
gmncsa24_gmncsa_adl_077_w0000,gmncsa24_gmncsa_adl_077,no_fall,train,/Users/varunreddyseelam/Desktop/Gen_ai/final_pipeline/data/windows/train/no_fall/gmncsa24_gmncsa_adl_077/gmncsa24_gmncsa_adl_077_w0000.json
gmncsa24_gmncsa_adl_077_w0001,gmncsa24_gmncsa_adl_077,no_fall,train,/Users/varunreddyseelam/Desktop/Gen_ai/final_pipeline/data/windows/train/no_fall/gmncsa24_gmncsa_adl_077/gmncsa24_gmncsa_adl_077_w0001.json
le2i_CR01_video_5_adl_w0000,le2i_CR01_video_5_adl,no_fall,train,/Users/varunreddyseelam/Desktop/Gen_ai/final_pipeline/data/windows/train/no_fall/le2i_CR01_video_5_adl/le2i_CR01_video_5_adl_w0000.json
le2i_CR01_video_5_adl_w0001,le2i_CR01_video_5_adl,no_fall,train,/Users/varunreddyseelam/Desktop/Gen_ai/final_pipeline/data/windows/train/no_fall/le2i_CR01_video_5_adl/le2i_CR01_video_5_adl_w0001.json
le2i_CR01_video_5_adl_w0002,le2i_CR01_video_5_adl,no_fall,train,/Users/varunreddyseelam/Desktop/Gen_ai/final_pipeline/data/windows/train/no_fall/le2i_CR01_video_5_adl/le2i_CR01_video_5_adl_w0002.json
gmncsa24_gmncsa_adl_070_w0001,gmncsa24_gmncsa_adl_070,no_fall,train,/Users/varunreddyseelam/Desktop/Gen_ai/final_pipeline/data/windows/train/no_fall/gmncsa24_gmncsa_adl_070/gmncsa24_gmncsa_adl_070_w0001.json
gmncsa24_gmncsa_adl_070_w0000,gmncsa24_gmncsa_adl_070,no_fall,train,/Users/varunreddyseelam/Desktop/Gen_ai/final_pipeline/data/windows/train/no_fall/gmncsa24_gmncsa_adl_070/gmncsa24_gmncsa_adl_070_w0000.json
gmncsa24_gmncsa_adl_079_w0001,gmncsa24_gmncsa_adl_079,no_fall,train,/Users/varunreddyseelam/Desktop/Gen_ai/final_pipeline/data/windows/train/no_fall/gmncsa24_gmncsa_adl_079/gmncsa24_gmncsa_adl_079_w0001.json
gmncsa24_gmncsa_adl_079_w0000,gmncsa24_gmncsa_adl_079,no_fall,train,/Users/varunreddyseelam/Desktop/Gen_ai/final_pipeline/data/windows/train/no_fall/gmncsa24_gmncsa_adl_079/gmncsa24_gmncsa_adl_079_w0000.json
gmncsa24_gmncsa_adl_079_w0007,gmncsa24_gmncsa_adl_079,no_fall,train,/Users/varunreddyseelam/Desktop/Gen_ai/final_pipeline/data/windows/train/no_fall/gmncsa24_gmncsa_adl_079/gmncsa24_gmncsa_adl_079_w0007.json
gmncsa24_gmncsa_adl_079_w0006,gmncsa24_gmncsa_adl_079,no_fall,train,/Users/varunreddyseelam/Desktop/Gen_ai/final_pipeline/data/windows/train/no_fall/gmncsa24_gmncsa_adl_079/gmncsa24_gmncsa_adl_079_w0006.json
gmncsa24_gmncsa_adl_079_w0005,gmncsa24_gmncsa_adl_079,no_fall,train,/Users/varunreddyseelam/Desktop/Gen_ai/final_pipeline/data/windows/train/no_fall/gmncsa24_gmncsa_adl_079/gmncsa24_gmncsa_adl_079_w0005.json
gmncsa24_gmncsa_adl_079_w0004,gmncsa24_gmncsa_adl_079,no_fall,train,/Users/varunreddyseelam/Desktop/Gen_ai/final_pipeline/data/windows/train/no_fall/gmncsa24_gmncsa_adl_079/gmncsa24_gmncsa_adl_079_w0004.json
gmncsa24_gmncsa_adl_079_w0003,gmncsa24_gmncsa_adl_079,no_fall,train,/Users/varunreddyseelam/Desktop/Gen_ai/final_pipeline/data/windows/train/no_fall/gmncsa24_gmncsa_adl_079/gmncsa24_gmncsa_adl_079_w0003.json
gmncsa24_gmncsa_adl_079_w0002,gmncsa24_gmncsa_adl_079,no_fall,train,/Users/varunreddyseelam/Desktop/Gen_ai/final_pipeline/data/windows/train/no_fall/gmncsa24_gmncsa_adl_079/gmncsa24_gmncsa_adl_079_w0002.json
gmncsa24_gmncsa_adl_041_w0001,gmncsa24_gmncsa_adl_041,no_fall,train,/Users/varunreddyseelam/Desktop/Gen_ai/final_pipeline/data/windows/train/no_fall/gmncsa24_gmncsa_adl_041/gmncsa24_gmncsa_adl_041_w0001.json
gmncsa24_gmncsa_adl_041_w0000,gmncsa24_gmncsa_adl_041,no_fall,train,/Users/varunreddyseelam/Desktop/Gen_ai/final_pipeline/data/windows/train/no_fall/gmncsa24_gmncsa_adl_041/gmncsa24_gmncsa_adl_041_w0000.json
gmncsa24_gmncsa_adl_041_w0003,gmncsa24_gmncsa_adl_041,no_fall,train,/Users/varunreddyseelam/Desktop/Gen_ai/final_pipeline/data/windows/train/no_fall/gmncsa24_gmncsa_adl_041/gmncsa24_gmncsa_adl_041_w0003.json
gmncsa24_gmncsa_adl_041_w0002,gmncsa24_gmncsa_adl_041,no_fall,train,/Users/varunreddyseelam/Desktop/Gen_ai/final_pipeline/data/windows/train/no_fall/gmncsa24_gmncsa_adl_041/gmncsa24_gmncsa_adl_041_w0002.json
gmncsa24_gmncsa_adl_041_w0005,gmncsa24_gmncsa_adl_041,no_fall,train,/Users/varunreddyseelam/Desktop/Gen_ai/final_pipeline/data/windows/train/no_fall/gmncsa24_gmncsa_adl_041/gmncsa24_gmncsa_adl_041_w0005.json
gmncsa24_gmncsa_adl_041_w0004,gmncsa24_gmncsa_adl_041,no_fall,train,/Users/varunreddyseelam/Desktop/Gen_ai/final_pipeline/data/windows/train/no_fall/gmncsa24_gmncsa_adl_041/gmncsa24_gmncsa_adl_041_w0004.json
le2i_CR01_video_46_adl_w0002,le2i_CR01_video_46_adl,no_fall,train,/Users/varunreddyseelam/Desktop/Gen_ai/final_pipeline/data/windows/train/no_fall/le2i_CR01_video_46_adl/le2i_CR01_video_46_adl_w0002.json
le2i_CR01_video_46_adl_w0000,le2i_CR01_video_46_adl,no_fall,train,/Users/varunreddyseelam/Desktop/Gen_ai/final_pipeline/data/windows/train/no_fall/le2i_CR01_video_46_adl/le2i_CR01_video_46_adl_w0000.json
le2i_CR01_video_46_adl_w0001,le2i_CR01_video_46_adl,no_fall,train,/Users/varunreddyseelam/Desktop/Gen_ai/final_pipeline/data/windows/train/no_fall/le2i_CR01_video_46_adl/le2i_CR01_video_46_adl_w0001.json
le2i_CR01_video_47_adl_w0009,le2i_CR01_video_47_adl,no_fall,train,/Users/varunreddyseelam/Desktop/Gen_ai/final_pipeline/data/windows/train/no_fall/le2i_CR01_video_47_adl/le2i_CR01_video_47_adl_w0009.json
le2i_CR01_video_47_adl_w0005,le2i_CR01_video_47_adl,no_fall,train,/Users/varunreddyseelam/Desktop/Gen_ai/final_pipeline/data/windows/train/no_fall/le2i_CR01_video_47_adl/le2i_CR01_video_47_adl_w0005.json
le2i_CR01_video_47_adl_w0004,le2i_CR01_video_47_adl,no_fall,train,/Users/varunreddyseelam/Desktop/Gen_ai/final_pipeline/data/windows/train/no_fall/le2i_CR01_video_47_adl/le2i_CR01_video_47_adl_w0004.json
le2i_CR01_video_47_adl_w0008,le2i_CR01_video_47_adl,no_fall,train,/Users/varunreddyseelam/Desktop/Gen_ai/final_pipeline/data/windows/train/no_fall/le2i_CR01_video_47_adl/le2i_CR01_video_47_adl_w0008.json
le2i_CR01_video_47_adl_w0003,le2i_CR01_video_47_adl,no_fall,train,/Users/varunreddyseelam/Desktop/Gen_ai/final_pipeline/data/windows/train/no_fall/le2i_CR01_video_47_adl/le2i_CR01_video_47_adl_w0003.json
le2i_CR01_video_47_adl_w0002,le2i_CR01_video_47_adl,no_fall,train,/Users/varunreddyseelam/Desktop/Gen_ai/final_pipeline/data/windows/train/no_fall/le2i_CR01_video_47_adl/le2i_CR01_video_47_adl_w0002.json
le2i_CR01_video_47_adl_w0001,le2i_CR01_video_47_adl,no_fall,train,/Users/varunreddyseelam/Desktop/Gen_ai/final_pipeline/data/windows/train/no_fall/le2i_CR01_video_47_adl/le2i_CR01_video_47_adl_w0001.json
le2i_CR01_video_47_adl_w0000,le2i_CR01_video_47_adl,no_fall,train,/Users/varunreddyseelam/Desktop/Gen_ai/final_pipeline/data/windows/train/no_fall/le2i_CR01_video_47_adl/le2i_CR01_video_47_adl_w0000.json
le2i_CR01_video_47_adl_w0007,le2i_CR01_video_47_adl,no_fall,train,/Users/varunreddyseelam/Desktop/Gen_ai/final_pipeline/data/windows/train/no_fall/le2i_CR01_video_47_adl/le2i_CR01_video_47_adl_w0007.json
le2i_CR01_video_47_adl_w0006,le2i_CR01_video_47_adl,no_fall,train,/Users/varunreddyseelam/Desktop/Gen_ai/final_pipeline/data/windows/train/no_fall/le2i_CR01_video_47_adl/le2i_CR01_video_47_adl_w0006.json
urfd_adl-12-cam0_w0004,urfd_adl-12-cam0,no_fall,train,/Users/varunreddyseelam/Desktop/Gen_ai/final_pipeline/data/windows/train/no_fall/urfd_adl-12-cam0/urfd_adl-12-cam0_w0004.json
urfd_adl-12-cam0_w0002,urfd_adl-12-cam0,no_fall,train,/Users/varunreddyseelam/Desktop/Gen_ai/final_pipeline/data/windows/train/no_fall/urfd_adl-12-cam0/urfd_adl-12-cam0_w0002.json
urfd_adl-12-cam0_w0003,urfd_adl-12-cam0,no_fall,train,/Users/varunreddyseelam/Desktop/Gen_ai/final_pipeline/data/windows/train/no_fall/urfd_adl-12-cam0/urfd_adl-12-cam0_w0003.json
urfd_adl-12-cam0_w0000,urfd_adl-12-cam0,no_fall,train,/Users/varunreddyseelam/Desktop/Gen_ai/final_pipeline/data/windows/train/no_fall/urfd_adl-12-cam0/urfd_adl-12-cam0_w0000.json
urfd_adl-12-cam0_w0001,urfd_adl-12-cam0,no_fall,train,/Users/varunreddyseelam/Desktop/Gen_ai/final_pipeline/data/windows/train/no_fall/urfd_adl-12-cam0/urfd_adl-12-cam0_w0001.json
gmncsa24_gmncsa_adl_012_w0003,gmncsa24_gmncsa_adl_012,no_fall,train,/Users/varunreddyseelam/Desktop/Gen_ai/final_pipeline/data/windows/train/no_fall/gmncsa24_gmncsa_adl_012/gmncsa24_gmncsa_adl_012_w0003.json
gmncsa24_gmncsa_adl_012_w0002,gmncsa24_gmncsa_adl_012,no_fall,train,/Users/varunreddyseelam/Desktop/Gen_ai/final_pipeline/data/windows/train/no_fall/gmncsa24_gmncsa_adl_012/gmncsa24_gmncsa_adl_012_w0002.json
gmncsa24_gmncsa_adl_012_w0001,gmncsa24_gmncsa_adl_012,no_fall,train,/Users/varunreddyseelam/Desktop/Gen_ai/final_pipeline/data/windows/train/no_fall/gmncsa24_gmncsa_adl_012/gmncsa24_gmncsa_adl_012_w0001.json
gmncsa24_gmncsa_adl_012_w0000,gmncsa24_gmncsa_adl_012,no_fall,train,/Users/varunreddyseelam/Desktop/Gen_ai/final_pipeline/data/windows/train/no_fall/gmncsa24_gmncsa_adl_012/gmncsa24_gmncsa_adl_012_w0000.json
gmncsa24_gmncsa_adl_024_w0000,gmncsa24_gmncsa_adl_024,no_fall,train,/Users/varunreddyseelam/Desktop/Gen_ai/final_pipeline/data/windows/train/no_fall/gmncsa24_gmncsa_adl_024/gmncsa24_gmncsa_adl_024_w0000.json
gmncsa24_gmncsa_adl_024_w0001,gmncsa24_gmncsa_adl_024,no_fall,train,/Users/varunreddyseelam/Desktop/Gen_ai/final_pipeline/data/windows/train/no_fall/gmncsa24_gmncsa_adl_024/gmncsa24_gmncsa_adl_024_w0001.json
gmncsa24_gmncsa_adl_024_w0004,gmncsa24_gmncsa_adl_024,no_fall,train,/Users/varunreddyseelam/Desktop/Gen_ai/final_pipeline/data/windows/train/no_fall/gmncsa24_gmncsa_adl_024/gmncsa24_gmncsa_adl_024_w0004.json
gmncsa24_gmncsa_adl_024_w0005,gmncsa24_gmncsa_adl_024,no_fall,train,/Users/varunreddyseelam/Desktop/Gen_ai/final_pipeline/data/windows/train/no_fall/gmncsa24_gmncsa_adl_024/gmncsa24_gmncsa_adl_024_w0005.json
gmncsa24_gmncsa_adl_024_w0002,gmncsa24_gmncsa_adl_024,no_fall,train,/Users/varunreddyseelam/Desktop/Gen_ai/final_pipeline/data/windows/train/no_fall/gmncsa24_gmncsa_adl_024/gmncsa24_gmncsa_adl_024_w0002.json
gmncsa24_gmncsa_adl_024_w0003,gmncsa24_gmncsa_adl_024,no_fall,train,/Users/varunreddyseelam/Desktop/Gen_ai/final_pipeline/data/windows/train/no_fall/gmncsa24_gmncsa_adl_024/gmncsa24_gmncsa_adl_024_w0003.json
le2i_CR01_video_4_adl_w0001,le2i_CR01_video_4_adl,no_fall,train,/Users/varunreddyseelam/Desktop/Gen_ai/final_pipeline/data/windows/train/no_fall/le2i_CR01_video_4_adl/le2i_CR01_video_4_adl_w0001.json
le2i_CR01_video_4_adl_w0000,le2i_CR01_video_4_adl,no_fall,train,/Users/varunreddyseelam/Desktop/Gen_ai/final_pipeline/data/windows/train/no_fall/le2i_CR01_video_4_adl/le2i_CR01_video_4_adl_w0000.json
le2i_CR01_video_4_adl_w0002,le2i_CR01_video_4_adl,no_fall,train,/Users/varunreddyseelam/Desktop/Gen_ai/final_pipeline/data/windows/train/no_fall/le2i_CR01_video_4_adl/le2i_CR01_video_4_adl_w0002.json
urfd_adl-24-cam0_w0000,urfd_adl-24-cam0,no_fall,train,/Users/varunreddyseelam/Desktop/Gen_ai/final_pipeline/data/windows/train/no_fall/urfd_adl-24-cam0/urfd_adl-24-cam0_w0000.json
gmncsa24_gmncsa_adl_040_w0002,gmncsa24_gmncsa_adl_040,no_fall,train,/Users/varunreddyseelam/Desktop/Gen_ai/final_pipeline/data/windows/train/no_fall/gmncsa24_gmncsa_adl_040/gmncsa24_gmncsa_adl_040_w0002.json
gmncsa24_gmncsa_adl_040_w0003,gmncsa24_gmncsa_adl_040,no_fall,train,/Users/varunreddyseelam/Desktop/Gen_ai/final_pipeline/data/windows/train/no_fall/gmncsa24_gmncsa_adl_040/gmncsa24_gmncsa_adl_040_w0003.json
gmncsa24_gmncsa_adl_040_w0004,gmncsa24_gmncsa_adl_040,no_fall,train,/Users/varunreddyseelam/Desktop/Gen_ai/final_pipeline/data/windows/train/no_fall/gmncsa24_gmncsa_adl_040/gmncsa24_gmncsa_adl_040_w0004.json
gmncsa24_gmncsa_adl_040_w0005,gmncsa24_gmncsa_adl_040,no_fall,train,/Users/varunreddyseelam/Desktop/Gen_ai/final_pipeline/data/windows/train/no_fall/gmncsa24_gmncsa_adl_040/gmncsa24_gmncsa_adl_040_w0005.json
gmncsa24_gmncsa_adl_040_w0006,gmncsa24_gmncsa_adl_040,no_fall,train,/Users/varunreddyseelam/Desktop/Gen_ai/final_pipeline/data/windows/train/no_fall/gmncsa24_gmncsa_adl_040/gmncsa24_gmncsa_adl_040_w0006.json
gmncsa24_gmncsa_adl_040_w0007,gmncsa24_gmncsa_adl_040,no_fall,train,/Users/varunreddyseelam/Desktop/Gen_ai/final_pipeline/data/windows/train/no_fall/gmncsa24_gmncsa_adl_040/gmncsa24_gmncsa_adl_040_w0007.json
gmncsa24_gmncsa_adl_040_w0000,gmncsa24_gmncsa_adl_040,no_fall,train,/Users/varunreddyseelam/Desktop/Gen_ai/final_pipeline/data/windows/train/no_fall/gmncsa24_gmncsa_adl_040/gmncsa24_gmncsa_adl_040_w0000.json
gmncsa24_gmncsa_adl_040_w0001,gmncsa24_gmncsa_adl_040,no_fall,train,/Users/varunreddyseelam/Desktop/Gen_ai/final_pipeline/data/windows/train/no_fall/gmncsa24_gmncsa_adl_040/gmncsa24_gmncsa_adl_040_w0001.json
le2i_CR01_video_6_adl_w0000,le2i_CR01_video_6_adl,no_fall,train,/Users/varunreddyseelam/Desktop/Gen_ai/final_pipeline/data/windows/train/no_fall/le2i_CR01_video_6_adl/le2i_CR01_video_6_adl_w0000.json
le2i_CR01_video_6_adl_w0001,le2i_CR01_video_6_adl,no_fall,train,/Users/varunreddyseelam/Desktop/Gen_ai/final_pipeline/data/windows/train/no_fall/le2i_CR01_video_6_adl/le2i_CR01_video_6_adl_w0001.json
le2i_CR01_video_6_adl_w0002,le2i_CR01_video_6_adl,no_fall,train,/Users/varunreddyseelam/Desktop/Gen_ai/final_pipeline/data/windows/train/no_fall/le2i_CR01_video_6_adl/le2i_CR01_video_6_adl_w0002.json
gmncsa24_gmncsa_adl_047_w0005,gmncsa24_gmncsa_adl_047,no_fall,train,/Users/varunreddyseelam/Desktop/Gen_ai/final_pipeline/data/windows/train/no_fall/gmncsa24_gmncsa_adl_047/gmncsa24_gmncsa_adl_047_w0005.json
gmncsa24_gmncsa_adl_047_w0004,gmncsa24_gmncsa_adl_047,no_fall,train,/Users/varunreddyseelam/Desktop/Gen_ai/final_pipeline/data/windows/train/no_fall/gmncsa24_gmncsa_adl_047/gmncsa24_gmncsa_adl_047_w0004.json
gmncsa24_gmncsa_adl_047_w0003,gmncsa24_gmncsa_adl_047,no_fall,train,/Users/varunreddyseelam/Desktop/Gen_ai/final_pipeline/data/windows/train/no_fall/gmncsa24_gmncsa_adl_047/gmncsa24_gmncsa_adl_047_w0003.json
gmncsa24_gmncsa_adl_047_w0002,gmncsa24_gmncsa_adl_047,no_fall,train,/Users/varunreddyseelam/Desktop/Gen_ai/final_pipeline/data/windows/train/no_fall/gmncsa24_gmncsa_adl_047/gmncsa24_gmncsa_adl_047_w0002.json
gmncsa24_gmncsa_adl_047_w0001,gmncsa24_gmncsa_adl_047,no_fall,train,/Users/varunreddyseelam/Desktop/Gen_ai/final_pipeline/data/windows/train/no_fall/gmncsa24_gmncsa_adl_047/gmncsa24_gmncsa_adl_047_w0001.json
gmncsa24_gmncsa_adl_047_w0000,gmncsa24_gmncsa_adl_047,no_fall,train,/Users/varunreddyseelam/Desktop/Gen_ai/final_pipeline/data/windows/train/no_fall/gmncsa24_gmncsa_adl_047/gmncsa24_gmncsa_adl_047_w0000.json
gmncsa24_gmncsa_adl_047_w0007,gmncsa24_gmncsa_adl_047,no_fall,train,/Users/varunreddyseelam/Desktop/Gen_ai/final_pipeline/data/windows/train/no_fall/gmncsa24_gmncsa_adl_047/gmncsa24_gmncsa_adl_047_w0007.json
gmncsa24_gmncsa_adl_047_w0006,gmncsa24_gmncsa_adl_047,no_fall,train,/Users/varunreddyseelam/Desktop/Gen_ai/final_pipeline/data/windows/train/no_fall/gmncsa24_gmncsa_adl_047/gmncsa24_gmncsa_adl_047_w0006.json
gmncsa24_gmncsa_adl_071_w0000,gmncsa24_gmncsa_adl_071,no_fall,train,/Users/varunreddyseelam/Desktop/Gen_ai/final_pipeline/data/windows/train/no_fall/gmncsa24_gmncsa_adl_071/gmncsa24_gmncsa_adl_071_w0000.json
gmncsa24_gmncsa_adl_071_w0001,gmncsa24_gmncsa_adl_071,no_fall,train,/Users/varunreddyseelam/Desktop/Gen_ai/final_pipeline/data/windows/train/no_fall/gmncsa24_gmncsa_adl_071/gmncsa24_gmncsa_adl_071_w0001.json
gmncsa24_gmncsa_adl_071_w0002,gmncsa24_gmncsa_adl_071,no_fall,train,/Users/varunreddyseelam/Desktop/Gen_ai/final_pipeline/data/windows/train/no_fall/gmncsa24_gmncsa_adl_071/gmncsa24_gmncsa_adl_071_w0002.json
gmncsa24_gmncsa_adl_071_w0003,gmncsa24_gmncsa_adl_071,no_fall,train,/Users/varunreddyseelam/Desktop/Gen_ai/final_pipeline/data/windows/train/no_fall/gmncsa24_gmncsa_adl_071/gmncsa24_gmncsa_adl_071_w0003.json
urfd_adl-32-cam0_w0000,urfd_adl-32-cam0,no_fall,train,/Users/varunreddyseelam/Desktop/Gen_ai/final_pipeline/data/windows/train/no_fall/urfd_adl-32-cam0/urfd_adl-32-cam0_w0000.json
urfd_adl-32-cam0_w0001,urfd_adl-32-cam0,no_fall,train,/Users/varunreddyseelam/Desktop/Gen_ai/final_pipeline/data/windows/train/no_fall/urfd_adl-32-cam0/urfd_adl-32-cam0_w0001.json
urfd_adl-32-cam0_w0002,urfd_adl-32-cam0,no_fall,train,/Users/varunreddyseelam/Desktop/Gen_ai/final_pipeline/data/windows/train/no_fall/urfd_adl-32-cam0/urfd_adl-32-cam0_w0002.json
urfd_adl-32-cam0_w0003,urfd_adl-32-cam0,no_fall,train,/Users/varunreddyseelam/Desktop/Gen_ai/final_pipeline/data/windows/train/no_fall/urfd_adl-32-cam0/urfd_adl-32-cam0_w0003.json
le2i_CR01_video_45_adl_w0000,le2i_CR01_video_45_adl,no_fall,train,/Users/varunreddyseelam/Desktop/Gen_ai/final_pipeline/data/windows/train/no_fall/le2i_CR01_video_45_adl/le2i_CR01_video_45_adl_w0000.json
le2i_CR01_video_45_adl_w0001,le2i_CR01_video_45_adl,no_fall,train,/Users/varunreddyseelam/Desktop/Gen_ai/final_pipeline/data/windows/train/no_fall/le2i_CR01_video_45_adl/le2i_CR01_video_45_adl_w0001.json
le2i_CR01_video_44_adl_w0000,le2i_CR01_video_44_adl,no_fall,train,/Users/varunreddyseelam/Desktop/Gen_ai/final_pipeline/data/windows/train/no_fall/le2i_CR01_video_44_adl/le2i_CR01_video_44_adl_w0000.json
gmncsa24_gmncsa_adl_022_w0002,gmncsa24_gmncsa_adl_022,no_fall,train,/Users/varunreddyseelam/Desktop/Gen_ai/final_pipeline/data/windows/train/no_fall/gmncsa24_gmncsa_adl_022/gmncsa24_gmncsa_adl_022_w0002.json
gmncsa24_gmncsa_adl_022_w0003,gmncsa24_gmncsa_adl_022,no_fall,train,/Users/varunreddyseelam/Desktop/Gen_ai/final_pipeline/data/windows/train/no_fall/gmncsa24_gmncsa_adl_022/gmncsa24_gmncsa_adl_022_w0003.json
gmncsa24_gmncsa_adl_022_w0004,gmncsa24_gmncsa_adl_022,no_fall,train,/Users/varunreddyseelam/Desktop/Gen_ai/final_pipeline/data/windows/train/no_fall/gmncsa24_gmncsa_adl_022/gmncsa24_gmncsa_adl_022_w0004.json
gmncsa24_gmncsa_adl_022_w0005,gmncsa24_gmncsa_adl_022,no_fall,train,/Users/varunreddyseelam/Desktop/Gen_ai/final_pipeline/data/windows/train/no_fall/gmncsa24_gmncsa_adl_022/gmncsa24_gmncsa_adl_022_w0005.json
gmncsa24_gmncsa_adl_022_w0006,gmncsa24_gmncsa_adl_022,no_fall,train,/Users/varunreddyseelam/Desktop/Gen_ai/final_pipeline/data/windows/train/no_fall/gmncsa24_gmncsa_adl_022/gmncsa24_gmncsa_adl_022_w0006.json
gmncsa24_gmncsa_adl_022_w0007,gmncsa24_gmncsa_adl_022,no_fall,train,/Users/varunreddyseelam/Desktop/Gen_ai/final_pipeline/data/windows/train/no_fall/gmncsa24_gmncsa_adl_022/gmncsa24_gmncsa_adl_022_w0007.json
gmncsa24_gmncsa_adl_022_w0000,gmncsa24_gmncsa_adl_022,no_fall,train,/Users/varunreddyseelam/Desktop/Gen_ai/final_pipeline/data/windows/train/no_fall/gmncsa24_gmncsa_adl_022/gmncsa24_gmncsa_adl_022_w0000.json
gmncsa24_gmncsa_adl_022_w0001,gmncsa24_gmncsa_adl_022,no_fall,train,/Users/varunreddyseelam/Desktop/Gen_ai/final_pipeline/data/windows/train/no_fall/gmncsa24_gmncsa_adl_022/gmncsa24_gmncsa_adl_022_w0001.json
le2i_CR02_video_58_adl_w0003,le2i_CR02_video_58_adl,no_fall,train,/Users/varunreddyseelam/Desktop/Gen_ai/final_pipeline/data/windows/train/no_fall/le2i_CR02_video_58_adl/le2i_CR02_video_58_adl_w0003.json
le2i_CR02_video_58_adl_w0002,le2i_CR02_video_58_adl,no_fall,train,/Users/varunreddyseelam/Desktop/Gen_ai/final_pipeline/data/windows/train/no_fall/le2i_CR02_video_58_adl/le2i_CR02_video_58_adl_w0002.json
le2i_CR02_video_58_adl_w0001,le2i_CR02_video_58_adl,no_fall,train,/Users/varunreddyseelam/Desktop/Gen_ai/final_pipeline/data/windows/train/no_fall/le2i_CR02_video_58_adl/le2i_CR02_video_58_adl_w0001.json
le2i_CR02_video_58_adl_w0000,le2i_CR02_video_58_adl,no_fall,train,/Users/varunreddyseelam/Desktop/Gen_ai/final_pipeline/data/windows/train/no_fall/le2i_CR02_video_58_adl/le2i_CR02_video_58_adl_w0000.json
le2i_CR02_video_64_adl_w0000,le2i_CR02_video_64_adl,no_fall,train,/Users/varunreddyseelam/Desktop/Gen_ai/final_pipeline/data/windows/train/no_fall/le2i_CR02_video_64_adl/le2i_CR02_video_64_adl_w0000.json
le2i_CR02_video_64_adl_w0001,le2i_CR02_video_64_adl,no_fall,train,/Users/varunreddyseelam/Desktop/Gen_ai/final_pipeline/data/windows/train/no_fall/le2i_CR02_video_64_adl/le2i_CR02_video_64_adl_w0001.json
le2i_CR02_video_64_adl_w0002,le2i_CR02_video_64_adl,no_fall,train,/Users/varunreddyseelam/Desktop/Gen_ai/final_pipeline/data/windows/train/no_fall/le2i_CR02_video_64_adl/le2i_CR02_video_64_adl_w0002.json
urfd_adl-08-cam0_w0001,urfd_adl-08-cam0,no_fall,train,/Users/varunreddyseelam/Desktop/Gen_ai/final_pipeline/data/windows/train/no_fall/urfd_adl-08-cam0/urfd_adl-08-cam0_w0001.json
urfd_adl-08-cam0_w0000,urfd_adl-08-cam0,no_fall,train,/Users/varunreddyseelam/Desktop/Gen_ai/final_pipeline/data/windows/train/no_fall/urfd_adl-08-cam0/urfd_adl-08-cam0_w0000.json
urfd_adl-08-cam0_w0003,urfd_adl-08-cam0,no_fall,train,/Users/varunreddyseelam/Desktop/Gen_ai/final_pipeline/data/windows/train/no_fall/urfd_adl-08-cam0/urfd_adl-08-cam0_w0003.json
urfd_adl-08-cam0_w0002,urfd_adl-08-cam0,no_fall,train,/Users/varunreddyseelam/Desktop/Gen_ai/final_pipeline/data/windows/train/no_fall/urfd_adl-08-cam0/urfd_adl-08-cam0_w0002.json
gmncsa24_gmncsa_adl_013_w0000,gmncsa24_gmncsa_adl_013,no_fall,train,/Users/varunreddyseelam/Desktop/Gen_ai/final_pipeline/data/windows/train/no_fall/gmncsa24_gmncsa_adl_013/gmncsa24_gmncsa_adl_013_w0000.json
gmncsa24_gmncsa_adl_013_w0001,gmncsa24_gmncsa_adl_013,no_fall,train,/Users/varunreddyseelam/Desktop/Gen_ai/final_pipeline/data/windows/train/no_fall/gmncsa24_gmncsa_adl_013/gmncsa24_gmncsa_adl_013_w0001.json
gmncsa24_gmncsa_adl_013_w0002,gmncsa24_gmncsa_adl_013,no_fall,train,/Users/varunreddyseelam/Desktop/Gen_ai/final_pipeline/data/windows/train/no_fall/gmncsa24_gmncsa_adl_013/gmncsa24_gmncsa_adl_013_w0002.json
gmncsa24_gmncsa_adl_013_w0003,gmncsa24_gmncsa_adl_013,no_fall,train,/Users/varunreddyseelam/Desktop/Gen_ai/final_pipeline/data/windows/train/no_fall/gmncsa24_gmncsa_adl_013/gmncsa24_gmncsa_adl_013_w0003.json
le2i_CR01_video_7_adl_w0001,le2i_CR01_video_7_adl,no_fall,train,/Users/varunreddyseelam/Desktop/Gen_ai/final_pipeline/data/windows/train/no_fall/le2i_CR01_video_7_adl/le2i_CR01_video_7_adl_w0001.json
le2i_CR01_video_7_adl_w0000,le2i_CR01_video_7_adl,no_fall,train,/Users/varunreddyseelam/Desktop/Gen_ai/final_pipeline/data/windows/train/no_fall/le2i_CR01_video_7_adl/le2i_CR01_video_7_adl_w0000.json
gmncsa24_gmncsa_adl_014_w0001,gmncsa24_gmncsa_adl_014,no_fall,train,/Users/varunreddyseelam/Desktop/Gen_ai/final_pipeline/data/windows/train/no_fall/gmncsa24_gmncsa_adl_014/gmncsa24_gmncsa_adl_014_w0001.json
gmncsa24_gmncsa_adl_014_w0000,gmncsa24_gmncsa_adl_014,no_fall,train,/Users/varunreddyseelam/Desktop/Gen_ai/final_pipeline/data/windows/train/no_fall/gmncsa24_gmncsa_adl_014/gmncsa24_gmncsa_adl_014_w0000.json
gmncsa24_gmncsa_adl_014_w0003,gmncsa24_gmncsa_adl_014,no_fall,train,/Users/varunreddyseelam/Desktop/Gen_ai/final_pipeline/data/windows/train/no_fall/gmncsa24_gmncsa_adl_014/gmncsa24_gmncsa_adl_014_w0003.json
gmncsa24_gmncsa_adl_014_w0002,gmncsa24_gmncsa_adl_014,no_fall,train,/Users/varunreddyseelam/Desktop/Gen_ai/final_pipeline/data/windows/train/no_fall/gmncsa24_gmncsa_adl_014/gmncsa24_gmncsa_adl_014_w0002.json
gmncsa24_gmncsa_adl_050_w0001,gmncsa24_gmncsa_adl_050,no_fall,train,/Users/varunreddyseelam/Desktop/Gen_ai/final_pipeline/data/windows/train/no_fall/gmncsa24_gmncsa_adl_050/gmncsa24_gmncsa_adl_050_w0001.json
gmncsa24_gmncsa_adl_050_w0000,gmncsa24_gmncsa_adl_050,no_fall,train,/Users/varunreddyseelam/Desktop/Gen_ai/final_pipeline/data/windows/train/no_fall/gmncsa24_gmncsa_adl_050/gmncsa24_gmncsa_adl_050_w0000.json
gmncsa24_gmncsa_adl_050_w0003,gmncsa24_gmncsa_adl_050,no_fall,train,/Users/varunreddyseelam/Desktop/Gen_ai/final_pipeline/data/windows/train/no_fall/gmncsa24_gmncsa_adl_050/gmncsa24_gmncsa_adl_050_w0003.json
gmncsa24_gmncsa_adl_050_w0002,gmncsa24_gmncsa_adl_050,no_fall,train,/Users/varunreddyseelam/Desktop/Gen_ai/final_pipeline/data/windows/train/no_fall/gmncsa24_gmncsa_adl_050/gmncsa24_gmncsa_adl_050_w0002.json
gmncsa24_gmncsa_adl_050_w0005,gmncsa24_gmncsa_adl_050,no_fall,train,/Users/varunreddyseelam/Desktop/Gen_ai/final_pipeline/data/windows/train/no_fall/gmncsa24_gmncsa_adl_050/gmncsa24_gmncsa_adl_050_w0005.json
gmncsa24_gmncsa_adl_050_w0004,gmncsa24_gmncsa_adl_050,no_fall,train,/Users/varunreddyseelam/Desktop/Gen_ai/final_pipeline/data/windows/train/no_fall/gmncsa24_gmncsa_adl_050/gmncsa24_gmncsa_adl_050_w0004.json
gmncsa24_gmncsa_adl_057_w0000,gmncsa24_gmncsa_adl_057,no_fall,train,/Users/varunreddyseelam/Desktop/Gen_ai/final_pipeline/data/windows/train/no_fall/gmncsa24_gmncsa_adl_057/gmncsa24_gmncsa_adl_057_w0000.json
gmncsa24_gmncsa_adl_057_w0001,gmncsa24_gmncsa_adl_057,no_fall,train,/Users/varunreddyseelam/Desktop/Gen_ai/final_pipeline/data/windows/train/no_fall/gmncsa24_gmncsa_adl_057/gmncsa24_gmncsa_adl_057_w0001.json
gmncsa24_gmncsa_adl_057_w0006,gmncsa24_gmncsa_adl_057,no_fall,train,/Users/varunreddyseelam/Desktop/Gen_ai/final_pipeline/data/windows/train/no_fall/gmncsa24_gmncsa_adl_057/gmncsa24_gmncsa_adl_057_w0006.json
gmncsa24_gmncsa_adl_057_w0007,gmncsa24_gmncsa_adl_057,no_fall,train,/Users/varunreddyseelam/Desktop/Gen_ai/final_pipeline/data/windows/train/no_fall/gmncsa24_gmncsa_adl_057/gmncsa24_gmncsa_adl_057_w0007.json
gmncsa24_gmncsa_adl_057_w0004,gmncsa24_gmncsa_adl_057,no_fall,train,/Users/varunreddyseelam/Desktop/Gen_ai/final_pipeline/data/windows/train/no_fall/gmncsa24_gmncsa_adl_057/gmncsa24_gmncsa_adl_057_w0004.json
gmncsa24_gmncsa_adl_057_w0005,gmncsa24_gmncsa_adl_057,no_fall,train,/Users/varunreddyseelam/Desktop/Gen_ai/final_pipeline/data/windows/train/no_fall/gmncsa24_gmncsa_adl_057/gmncsa24_gmncsa_adl_057_w0005.json
gmncsa24_gmncsa_adl_057_w0002,gmncsa24_gmncsa_adl_057,no_fall,train,/Users/varunreddyseelam/Desktop/Gen_ai/final_pipeline/data/windows/train/no_fall/gmncsa24_gmncsa_adl_057/gmncsa24_gmncsa_adl_057_w0002.json
gmncsa24_gmncsa_adl_057_w0003,gmncsa24_gmncsa_adl_057,no_fall,train,/Users/varunreddyseelam/Desktop/Gen_ai/final_pipeline/data/windows/train/no_fall/gmncsa24_gmncsa_adl_057/gmncsa24_gmncsa_adl_057_w0003.json
le2i_CR02_video_55_adl_w0002,le2i_CR02_video_55_adl,no_fall,train,/Users/varunreddyseelam/Desktop/Gen_ai/final_pipeline/data/windows/train/no_fall/le2i_CR02_video_55_adl/le2i_CR02_video_55_adl_w0002.json
le2i_CR02_video_55_adl_w0003,le2i_CR02_video_55_adl,no_fall,train,/Users/varunreddyseelam/Desktop/Gen_ai/final_pipeline/data/windows/train/no_fall/le2i_CR02_video_55_adl/le2i_CR02_video_55_adl_w0003.json
le2i_CR02_video_55_adl_w0004,le2i_CR02_video_55_adl,no_fall,train,/Users/varunreddyseelam/Desktop/Gen_ai/final_pipeline/data/windows/train/no_fall/le2i_CR02_video_55_adl/le2i_CR02_video_55_adl_w0004.json
le2i_CR02_video_55_adl_w0000,le2i_CR02_video_55_adl,no_fall,train,/Users/varunreddyseelam/Desktop/Gen_ai/final_pipeline/data/windows/train/no_fall/le2i_CR02_video_55_adl/le2i_CR02_video_55_adl_w0000.json
le2i_CR02_video_55_adl_w0001,le2i_CR02_video_55_adl,no_fall,train,/Users/varunreddyseelam/Desktop/Gen_ai/final_pipeline/data/windows/train/no_fall/le2i_CR02_video_55_adl/le2i_CR02_video_55_adl_w0001.json
gmncsa24_gmncsa_adl_061_w0005,gmncsa24_gmncsa_adl_061,no_fall,train,/Users/varunreddyseelam/Desktop/Gen_ai/final_pipeline/data/windows/train/no_fall/gmncsa24_gmncsa_adl_061/gmncsa24_gmncsa_adl_061_w0005.json
gmncsa24_gmncsa_adl_061_w0004,gmncsa24_gmncsa_adl_061,no_fall,train,/Users/varunreddyseelam/Desktop/Gen_ai/final_pipeline/data/windows/train/no_fall/gmncsa24_gmncsa_adl_061/gmncsa24_gmncsa_adl_061_w0004.json
gmncsa24_gmncsa_adl_061_w0003,gmncsa24_gmncsa_adl_061,no_fall,train,/Users/varunreddyseelam/Desktop/Gen_ai/final_pipeline/data/windows/train/no_fall/gmncsa24_gmncsa_adl_061/gmncsa24_gmncsa_adl_061_w0003.json
gmncsa24_gmncsa_adl_061_w0002,gmncsa24_gmncsa_adl_061,no_fall,train,/Users/varunreddyseelam/Desktop/Gen_ai/final_pipeline/data/windows/train/no_fall/gmncsa24_gmncsa_adl_061/gmncsa24_gmncsa_adl_061_w0002.json
gmncsa24_gmncsa_adl_061_w0001,gmncsa24_gmncsa_adl_061,no_fall,train,/Users/varunreddyseelam/Desktop/Gen_ai/final_pipeline/data/windows/train/no_fall/gmncsa24_gmncsa_adl_061/gmncsa24_gmncsa_adl_061_w0001.json
gmncsa24_gmncsa_adl_061_w0000,gmncsa24_gmncsa_adl_061,no_fall,train,/Users/varunreddyseelam/Desktop/Gen_ai/final_pipeline/data/windows/train/no_fall/gmncsa24_gmncsa_adl_061/gmncsa24_gmncsa_adl_061_w0000.json
gmncsa24_gmncsa_adl_061_w0007,gmncsa24_gmncsa_adl_061,no_fall,train,/Users/varunreddyseelam/Desktop/Gen_ai/final_pipeline/data/windows/train/no_fall/gmncsa24_gmncsa_adl_061/gmncsa24_gmncsa_adl_061_w0007.json
gmncsa24_gmncsa_adl_061_w0006,gmncsa24_gmncsa_adl_061,no_fall,train,/Users/varunreddyseelam/Desktop/Gen_ai/final_pipeline/data/windows/train/no_fall/gmncsa24_gmncsa_adl_061/gmncsa24_gmncsa_adl_061_w0006.json
gmncsa24_gmncsa_adl_059_w0003,gmncsa24_gmncsa_adl_059,no_fall,train,/Users/varunreddyseelam/Desktop/Gen_ai/final_pipeline/data/windows/train/no_fall/gmncsa24_gmncsa_adl_059/gmncsa24_gmncsa_adl_059_w0003.json
gmncsa24_gmncsa_adl_059_w0002,gmncsa24_gmncsa_adl_059,no_fall,train,/Users/varunreddyseelam/Desktop/Gen_ai/final_pipeline/data/windows/train/no_fall/gmncsa24_gmncsa_adl_059/gmncsa24_gmncsa_adl_059_w0002.json
gmncsa24_gmncsa_adl_059_w0005,gmncsa24_gmncsa_adl_059,no_fall,train,/Users/varunreddyseelam/Desktop/Gen_ai/final_pipeline/data/windows/train/no_fall/gmncsa24_gmncsa_adl_059/gmncsa24_gmncsa_adl_059_w0005.json
gmncsa24_gmncsa_adl_059_w0004,gmncsa24_gmncsa_adl_059,no_fall,train,/Users/varunreddyseelam/Desktop/Gen_ai/final_pipeline/data/windows/train/no_fall/gmncsa24_gmncsa_adl_059/gmncsa24_gmncsa_adl_059_w0004.json
gmncsa24_gmncsa_adl_059_w0006,gmncsa24_gmncsa_adl_059,no_fall,train,/Users/varunreddyseelam/Desktop/Gen_ai/final_pipeline/data/windows/train/no_fall/gmncsa24_gmncsa_adl_059/gmncsa24_gmncsa_adl_059_w0006.json
gmncsa24_gmncsa_adl_059_w0001,gmncsa24_gmncsa_adl_059,no_fall,train,/Users/varunreddyseelam/Desktop/Gen_ai/final_pipeline/data/windows/train/no_fall/gmncsa24_gmncsa_adl_059/gmncsa24_gmncsa_adl_059_w0001.json
gmncsa24_gmncsa_adl_059_w0000,gmncsa24_gmncsa_adl_059,no_fall,train,/Users/varunreddyseelam/Desktop/Gen_ai/final_pipeline/data/windows/train/no_fall/gmncsa24_gmncsa_adl_059/gmncsa24_gmncsa_adl_059_w0000.json
urfd_adl-31-cam0_w0004,urfd_adl-31-cam0,no_fall,train,/Users/varunreddyseelam/Desktop/Gen_ai/final_pipeline/data/windows/train/no_fall/urfd_adl-31-cam0/urfd_adl-31-cam0_w0004.json
urfd_adl-31-cam0_w0003,urfd_adl-31-cam0,no_fall,train,/Users/varunreddyseelam/Desktop/Gen_ai/final_pipeline/data/windows/train/no_fall/urfd_adl-31-cam0/urfd_adl-31-cam0_w0003.json
urfd_adl-31-cam0_w0002,urfd_adl-31-cam0,no_fall,train,/Users/varunreddyseelam/Desktop/Gen_ai/final_pipeline/data/windows/train/no_fall/urfd_adl-31-cam0/urfd_adl-31-cam0_w0002.json
urfd_adl-31-cam0_w0001,urfd_adl-31-cam0,no_fall,train,/Users/varunreddyseelam/Desktop/Gen_ai/final_pipeline/data/windows/train/no_fall/urfd_adl-31-cam0/urfd_adl-31-cam0_w0001.json
urfd_adl-31-cam0_w0000,urfd_adl-31-cam0,no_fall,train,/Users/varunreddyseelam/Desktop/Gen_ai/final_pipeline/data/windows/train/no_fall/urfd_adl-31-cam0/urfd_adl-31-cam0_w0000.json
gmncsa24_gmncsa_adl_066_w0002,gmncsa24_gmncsa_adl_066,no_fall,train,/Users/varunreddyseelam/Desktop/Gen_ai/final_pipeline/data/windows/train/no_fall/gmncsa24_gmncsa_adl_066/gmncsa24_gmncsa_adl_066_w0002.json
gmncsa24_gmncsa_adl_066_w0000,gmncsa24_gmncsa_adl_066,no_fall,train,/Users/varunreddyseelam/Desktop/Gen_ai/final_pipeline/data/windows/train/no_fall/gmncsa24_gmncsa_adl_066/gmncsa24_gmncsa_adl_066_w0000.json
gmncsa24_gmncsa_adl_066_w0001,gmncsa24_gmncsa_adl_066,no_fall,train,/Users/varunreddyseelam/Desktop/Gen_ai/final_pipeline/data/windows/train/no_fall/gmncsa24_gmncsa_adl_066/gmncsa24_gmncsa_adl_066_w0001.json
le2i_H01_video_1_adl_w0000,le2i_H01_video_1_adl,no_fall,train,/Users/varunreddyseelam/Desktop/Gen_ai/final_pipeline/data/windows/train/no_fall/le2i_H01_video_1_adl/le2i_H01_video_1_adl_w0000.json
le2i_H01_video_1_adl_w0001,le2i_H01_video_1_adl,no_fall,train,/Users/varunreddyseelam/Desktop/Gen_ai/final_pipeline/data/windows/train/no_fall/le2i_H01_video_1_adl/le2i_H01_video_1_adl_w0001.json
le2i_H01_video_1_adl_w0002,le2i_H01_video_1_adl,no_fall,train,/Users/varunreddyseelam/Desktop/Gen_ai/final_pipeline/data/windows/train/no_fall/le2i_H01_video_1_adl/le2i_H01_video_1_adl_w0002.json
gmncsa24_gmncsa_adl_032_w0001,gmncsa24_gmncsa_adl_032,no_fall,train,/Users/varunreddyseelam/Desktop/Gen_ai/final_pipeline/data/windows/train/no_fall/gmncsa24_gmncsa_adl_032/gmncsa24_gmncsa_adl_032_w0001.json
gmncsa24_gmncsa_adl_032_w0000,gmncsa24_gmncsa_adl_032,no_fall,train,/Users/varunreddyseelam/Desktop/Gen_ai/final_pipeline/data/windows/train/no_fall/gmncsa24_gmncsa_adl_032/gmncsa24_gmncsa_adl_032_w0000.json
gmncsa24_gmncsa_adl_032_w0003,gmncsa24_gmncsa_adl_032,no_fall,train,/Users/varunreddyseelam/Desktop/Gen_ai/final_pipeline/data/windows/train/no_fall/gmncsa24_gmncsa_adl_032/gmncsa24_gmncsa_adl_032_w0003.json
gmncsa24_gmncsa_adl_032_w0002,gmncsa24_gmncsa_adl_032,no_fall,train,/Users/varunreddyseelam/Desktop/Gen_ai/final_pipeline/data/windows/train/no_fall/gmncsa24_gmncsa_adl_032/gmncsa24_gmncsa_adl_032_w0002.json
gmncsa24_gmncsa_adl_032_w0005,gmncsa24_gmncsa_adl_032,no_fall,train,/Users/varunreddyseelam/Desktop/Gen_ai/final_pipeline/data/windows/train/no_fall/gmncsa24_gmncsa_adl_032/gmncsa24_gmncsa_adl_032_w0005.json
gmncsa24_gmncsa_adl_032_w0004,gmncsa24_gmncsa_adl_032,no_fall,train,/Users/varunreddyseelam/Desktop/Gen_ai/final_pipeline/data/windows/train/no_fall/gmncsa24_gmncsa_adl_032/gmncsa24_gmncsa_adl_032_w0004.json
le2i_CR01_video_48_adl_w0005,le2i_CR01_video_48_adl,no_fall,train,/Users/varunreddyseelam/Desktop/Gen_ai/final_pipeline/data/windows/train/no_fall/le2i_CR01_video_48_adl/le2i_CR01_video_48_adl_w0005.json
le2i_CR01_video_48_adl_w0009,le2i_CR01_video_48_adl,no_fall,train,/Users/varunreddyseelam/Desktop/Gen_ai/final_pipeline/data/windows/train/no_fall/le2i_CR01_video_48_adl/le2i_CR01_video_48_adl_w0009.json
le2i_CR01_video_48_adl_w0008,le2i_CR01_video_48_adl,no_fall,train,/Users/varunreddyseelam/Desktop/Gen_ai/final_pipeline/data/windows/train/no_fall/le2i_CR01_video_48_adl/le2i_CR01_video_48_adl_w0008.json
le2i_CR01_video_48_adl_w0004,le2i_CR01_video_48_adl,no_fall,train,/Users/varunreddyseelam/Desktop/Gen_ai/final_pipeline/data/windows/train/no_fall/le2i_CR01_video_48_adl/le2i_CR01_video_48_adl_w0004.json
le2i_CR01_video_48_adl_w0003,le2i_CR01_video_48_adl,no_fall,train,/Users/varunreddyseelam/Desktop/Gen_ai/final_pipeline/data/windows/train/no_fall/le2i_CR01_video_48_adl/le2i_CR01_video_48_adl_w0003.json
le2i_CR01_video_48_adl_w0002,le2i_CR01_video_48_adl,no_fall,train,/Users/varunreddyseelam/Desktop/Gen_ai/final_pipeline/data/windows/train/no_fall/le2i_CR01_video_48_adl/le2i_CR01_video_48_adl_w0002.json
le2i_CR01_video_48_adl_w0001,le2i_CR01_video_48_adl,no_fall,train,/Users/varunreddyseelam/Desktop/Gen_ai/final_pipeline/data/windows/train/no_fall/le2i_CR01_video_48_adl/le2i_CR01_video_48_adl_w0001.json
le2i_CR01_video_48_adl_w0000,le2i_CR01_video_48_adl,no_fall,train,/Users/varunreddyseelam/Desktop/Gen_ai/final_pipeline/data/windows/train/no_fall/le2i_CR01_video_48_adl/le2i_CR01_video_48_adl_w0000.json
le2i_CR01_video_48_adl_w0007,le2i_CR01_video_48_adl,no_fall,train,/Users/varunreddyseelam/Desktop/Gen_ai/final_pipeline/data/windows/train/no_fall/le2i_CR01_video_48_adl/le2i_CR01_video_48_adl_w0007.json
le2i_CR01_video_48_adl_w0006,le2i_CR01_video_48_adl,no_fall,train,/Users/varunreddyseelam/Desktop/Gen_ai/final_pipeline/data/windows/train/no_fall/le2i_CR01_video_48_adl/le2i_CR01_video_48_adl_w0006.json
le2i_CR02_video_54_adl_w0002,le2i_CR02_video_54_adl,no_fall,train,/Users/varunreddyseelam/Desktop/Gen_ai/final_pipeline/data/windows/train/no_fall/le2i_CR02_video_54_adl/le2i_CR02_video_54_adl_w0002.json
le2i_CR02_video_54_adl_w0001,le2i_CR02_video_54_adl,no_fall,train,/Users/varunreddyseelam/Desktop/Gen_ai/final_pipeline/data/windows/train/no_fall/le2i_CR02_video_54_adl/le2i_CR02_video_54_adl_w0001.json
le2i_CR02_video_54_adl_w0000,le2i_CR02_video_54_adl,no_fall,train,/Users/varunreddyseelam/Desktop/Gen_ai/final_pipeline/data/windows/train/no_fall/le2i_CR02_video_54_adl/le2i_CR02_video_54_adl_w0000.json
gmncsa24_gmncsa_adl_035_w0000,gmncsa24_gmncsa_adl_035,no_fall,train,/Users/varunreddyseelam/Desktop/Gen_ai/final_pipeline/data/windows/train/no_fall/gmncsa24_gmncsa_adl_035/gmncsa24_gmncsa_adl_035_w0000.json
gmncsa24_gmncsa_adl_035_w0001,gmncsa24_gmncsa_adl_035,no_fall,train,/Users/varunreddyseelam/Desktop/Gen_ai/final_pipeline/data/windows/train/no_fall/gmncsa24_gmncsa_adl_035/gmncsa24_gmncsa_adl_035_w0001.json
gmncsa24_gmncsa_adl_035_w0002,gmncsa24_gmncsa_adl_035,no_fall,train,/Users/varunreddyseelam/Desktop/Gen_ai/final_pipeline/data/windows/train/no_fall/gmncsa24_gmncsa_adl_035/gmncsa24_gmncsa_adl_035_w0002.json
gmncsa24_gmncsa_adl_003_w0002,gmncsa24_gmncsa_adl_003,no_fall,train,/Users/varunreddyseelam/Desktop/Gen_ai/final_pipeline/data/windows/train/no_fall/gmncsa24_gmncsa_adl_003/gmncsa24_gmncsa_adl_003_w0002.json
gmncsa24_gmncsa_adl_003_w0001,gmncsa24_gmncsa_adl_003,no_fall,train,/Users/varunreddyseelam/Desktop/Gen_ai/final_pipeline/data/windows/train/no_fall/gmncsa24_gmncsa_adl_003/gmncsa24_gmncsa_adl_003_w0001.json
gmncsa24_gmncsa_adl_003_w0000,gmncsa24_gmncsa_adl_003,no_fall,train,/Users/varunreddyseelam/Desktop/Gen_ai/final_pipeline/data/windows/train/no_fall/gmncsa24_gmncsa_adl_003/gmncsa24_gmncsa_adl_003_w0000.json
gmncsa24_gmncsa_adl_058_w0000,gmncsa24_gmncsa_adl_058,no_fall,train,/Users/varunreddyseelam/Desktop/Gen_ai/final_pipeline/data/windows/train/no_fall/gmncsa24_gmncsa_adl_058/gmncsa24_gmncsa_adl_058_w0000.json
gmncsa24_gmncsa_adl_058_w0001,gmncsa24_gmncsa_adl_058,no_fall,train,/Users/varunreddyseelam/Desktop/Gen_ai/final_pipeline/data/windows/train/no_fall/gmncsa24_gmncsa_adl_058/gmncsa24_gmncsa_adl_058_w0001.json
gmncsa24_gmncsa_adl_058_w0002,gmncsa24_gmncsa_adl_058,no_fall,train,/Users/varunreddyseelam/Desktop/Gen_ai/final_pipeline/data/windows/train/no_fall/gmncsa24_gmncsa_adl_058/gmncsa24_gmncsa_adl_058_w0002.json
gmncsa24_gmncsa_adl_058_w0003,gmncsa24_gmncsa_adl_058,no_fall,train,/Users/varunreddyseelam/Desktop/Gen_ai/final_pipeline/data/windows/train/no_fall/gmncsa24_gmncsa_adl_058/gmncsa24_gmncsa_adl_058_w0003.json
gmncsa24_gmncsa_adl_058_w0004,gmncsa24_gmncsa_adl_058,no_fall,train,/Users/varunreddyseelam/Desktop/Gen_ai/final_pipeline/data/windows/train/no_fall/gmncsa24_gmncsa_adl_058/gmncsa24_gmncsa_adl_058_w0004.json
gmncsa24_gmncsa_adl_067_w0001,gmncsa24_gmncsa_adl_067,no_fall,train,/Users/varunreddyseelam/Desktop/Gen_ai/final_pipeline/data/windows/train/no_fall/gmncsa24_gmncsa_adl_067/gmncsa24_gmncsa_adl_067_w0001.json
gmncsa24_gmncsa_adl_067_w0000,gmncsa24_gmncsa_adl_067,no_fall,train,/Users/varunreddyseelam/Desktop/Gen_ai/final_pipeline/data/windows/train/no_fall/gmncsa24_gmncsa_adl_067/gmncsa24_gmncsa_adl_067_w0000.json
gmncsa24_gmncsa_adl_067_w0003,gmncsa24_gmncsa_adl_067,no_fall,train,/Users/varunreddyseelam/Desktop/Gen_ai/final_pipeline/data/windows/train/no_fall/gmncsa24_gmncsa_adl_067/gmncsa24_gmncsa_adl_067_w0003.json
gmncsa24_gmncsa_adl_067_w0002,gmncsa24_gmncsa_adl_067,no_fall,train,/Users/varunreddyseelam/Desktop/Gen_ai/final_pipeline/data/windows/train/no_fall/gmncsa24_gmncsa_adl_067/gmncsa24_gmncsa_adl_067_w0002.json
le2i_CR01_video_9_adl_w0000,le2i_CR01_video_9_adl,no_fall,train,/Users/varunreddyseelam/Desktop/Gen_ai/final_pipeline/data/windows/train/no_fall/le2i_CR01_video_9_adl/le2i_CR01_video_9_adl_w0000.json
le2i_CR01_video_9_adl_w0001,le2i_CR01_video_9_adl,no_fall,train,/Users/varunreddyseelam/Desktop/Gen_ai/final_pipeline/data/windows/train/no_fall/le2i_CR01_video_9_adl/le2i_CR01_video_9_adl_w0001.json
gmncsa24_gmncsa_adl_069_w0002,gmncsa24_gmncsa_adl_069,no_fall,train,/Users/varunreddyseelam/Desktop/Gen_ai/final_pipeline/data/windows/train/no_fall/gmncsa24_gmncsa_adl_069/gmncsa24_gmncsa_adl_069_w0002.json
gmncsa24_gmncsa_adl_069_w0003,gmncsa24_gmncsa_adl_069,no_fall,train,/Users/varunreddyseelam/Desktop/Gen_ai/final_pipeline/data/windows/train/no_fall/gmncsa24_gmncsa_adl_069/gmncsa24_gmncsa_adl_069_w0003.json
gmncsa24_gmncsa_adl_069_w0000,gmncsa24_gmncsa_adl_069,no_fall,train,/Users/varunreddyseelam/Desktop/Gen_ai/final_pipeline/data/windows/train/no_fall/gmncsa24_gmncsa_adl_069/gmncsa24_gmncsa_adl_069_w0000.json
gmncsa24_gmncsa_adl_069_w0001,gmncsa24_gmncsa_adl_069,no_fall,train,/Users/varunreddyseelam/Desktop/Gen_ai/final_pipeline/data/windows/train/no_fall/gmncsa24_gmncsa_adl_069/gmncsa24_gmncsa_adl_069_w0001.json
le2i_H01_video_2_adl_w0000,le2i_H01_video_2_adl,no_fall,train,/Users/varunreddyseelam/Desktop/Gen_ai/final_pipeline/data/windows/train/no_fall/le2i_H01_video_2_adl/le2i_H01_video_2_adl_w0000.json
le2i_H01_video_2_adl_w0001,le2i_H01_video_2_adl,no_fall,train,/Users/varunreddyseelam/Desktop/Gen_ai/final_pipeline/data/windows/train/no_fall/le2i_H01_video_2_adl/le2i_H01_video_2_adl_w0001.json
gmncsa24_gmncsa_adl_051_w0002,gmncsa24_gmncsa_adl_051,no_fall,train,/Users/varunreddyseelam/Desktop/Gen_ai/final_pipeline/data/windows/train/no_fall/gmncsa24_gmncsa_adl_051/gmncsa24_gmncsa_adl_051_w0002.json
gmncsa24_gmncsa_adl_051_w0003,gmncsa24_gmncsa_adl_051,no_fall,train,/Users/varunreddyseelam/Desktop/Gen_ai/final_pipeline/data/windows/train/no_fall/gmncsa24_gmncsa_adl_051/gmncsa24_gmncsa_adl_051_w0003.json
gmncsa24_gmncsa_adl_051_w0000,gmncsa24_gmncsa_adl_051,no_fall,train,/Users/varunreddyseelam/Desktop/Gen_ai/final_pipeline/data/windows/train/no_fall/gmncsa24_gmncsa_adl_051/gmncsa24_gmncsa_adl_051_w0000.json
gmncsa24_gmncsa_adl_051_w0001,gmncsa24_gmncsa_adl_051,no_fall,train,/Users/varunreddyseelam/Desktop/Gen_ai/final_pipeline/data/windows/train/no_fall/gmncsa24_gmncsa_adl_051/gmncsa24_gmncsa_adl_051_w0001.json
le2i_H01_video_3_adl_w0001,le2i_H01_video_3_adl,no_fall,train,/Users/varunreddyseelam/Desktop/Gen_ai/final_pipeline/data/windows/train/no_fall/le2i_H01_video_3_adl/le2i_H01_video_3_adl_w0001.json
le2i_H01_video_3_adl_w0000,le2i_H01_video_3_adl,no_fall,train,/Users/varunreddyseelam/Desktop/Gen_ai/final_pipeline/data/windows/train/no_fall/le2i_H01_video_3_adl/le2i_H01_video_3_adl_w0000.json
gmncsa24_gmncsa_adl_002_w0000,gmncsa24_gmncsa_adl_002,no_fall,train,/Users/varunreddyseelam/Desktop/Gen_ai/final_pipeline/data/windows/train/no_fall/gmncsa24_gmncsa_adl_002/gmncsa24_gmncsa_adl_002_w0000.json
gmncsa24_gmncsa_adl_002_w0001,gmncsa24_gmncsa_adl_002,no_fall,train,/Users/varunreddyseelam/Desktop/Gen_ai/final_pipeline/data/windows/train/no_fall/gmncsa24_gmncsa_adl_002/gmncsa24_gmncsa_adl_002_w0001.json
le2i_CR02_video_57_adl_w0005,le2i_CR02_video_57_adl,no_fall,train,/Users/varunreddyseelam/Desktop/Gen_ai/final_pipeline/data/windows/train/no_fall/le2i_CR02_video_57_adl/le2i_CR02_video_57_adl_w0005.json
le2i_CR02_video_57_adl_w0009,le2i_CR02_video_57_adl,no_fall,train,/Users/varunreddyseelam/Desktop/Gen_ai/final_pipeline/data/windows/train/no_fall/le2i_CR02_video_57_adl/le2i_CR02_video_57_adl_w0009.json
le2i_CR02_video_57_adl_w0008,le2i_CR02_video_57_adl,no_fall,train,/Users/varunreddyseelam/Desktop/Gen_ai/final_pipeline/data/windows/train/no_fall/le2i_CR02_video_57_adl/le2i_CR02_video_57_adl_w0008.json
le2i_CR02_video_57_adl_w0004,le2i_CR02_video_57_adl,no_fall,train,/Users/varunreddyseelam/Desktop/Gen_ai/final_pipeline/data/windows/train/no_fall/le2i_CR02_video_57_adl/le2i_CR02_video_57_adl_w0004.json
le2i_CR02_video_57_adl_w0003,le2i_CR02_video_57_adl,no_fall,train,/Users/varunreddyseelam/Desktop/Gen_ai/final_pipeline/data/windows/train/no_fall/le2i_CR02_video_57_adl/le2i_CR02_video_57_adl_w0003.json
le2i_CR02_video_57_adl_w0002,le2i_CR02_video_57_adl,no_fall,train,/Users/varunreddyseelam/Desktop/Gen_ai/final_pipeline/data/windows/train/no_fall/le2i_CR02_video_57_adl/le2i_CR02_video_57_adl_w0002.json
le2i_CR02_video_57_adl_w0001,le2i_CR02_video_57_adl,no_fall,train,/Users/varunreddyseelam/Desktop/Gen_ai/final_pipeline/data/windows/train/no_fall/le2i_CR02_video_57_adl/le2i_CR02_video_57_adl_w0001.json
le2i_CR02_video_57_adl_w0000,le2i_CR02_video_57_adl,no_fall,train,/Users/varunreddyseelam/Desktop/Gen_ai/final_pipeline/data/windows/train/no_fall/le2i_CR02_video_57_adl/le2i_CR02_video_57_adl_w0000.json
le2i_CR02_video_57_adl_w0007,le2i_CR02_video_57_adl,no_fall,train,/Users/varunreddyseelam/Desktop/Gen_ai/final_pipeline/data/windows/train/no_fall/le2i_CR02_video_57_adl/le2i_CR02_video_57_adl_w0007.json
le2i_CR02_video_57_adl_w0006,le2i_CR02_video_57_adl,no_fall,train,/Users/varunreddyseelam/Desktop/Gen_ai/final_pipeline/data/windows/train/no_fall/le2i_CR02_video_57_adl/le2i_CR02_video_57_adl_w0006.json
gmncsa24_gmncsa_adl_034_w0005,gmncsa24_gmncsa_adl_034,no_fall,train,/Users/varunreddyseelam/Desktop/Gen_ai/final_pipeline/data/windows/train/no_fall/gmncsa24_gmncsa_adl_034/gmncsa24_gmncsa_adl_034_w0005.json
gmncsa24_gmncsa_adl_034_w0004,gmncsa24_gmncsa_adl_034,no_fall,train,/Users/varunreddyseelam/Desktop/Gen_ai/final_pipeline/data/windows/train/no_fall/gmncsa24_gmncsa_adl_034/gmncsa24_gmncsa_adl_034_w0004.json
gmncsa24_gmncsa_adl_034_w0003,gmncsa24_gmncsa_adl_034,no_fall,train,/Users/varunreddyseelam/Desktop/Gen_ai/final_pipeline/data/windows/train/no_fall/gmncsa24_gmncsa_adl_034/gmncsa24_gmncsa_adl_034_w0003.json
gmncsa24_gmncsa_adl_034_w0002,gmncsa24_gmncsa_adl_034,no_fall,train,/Users/varunreddyseelam/Desktop/Gen_ai/final_pipeline/data/windows/train/no_fall/gmncsa24_gmncsa_adl_034/gmncsa24_gmncsa_adl_034_w0002.json
gmncsa24_gmncsa_adl_034_w0001,gmncsa24_gmncsa_adl_034,no_fall,train,/Users/varunreddyseelam/Desktop/Gen_ai/final_pipeline/data/windows/train/no_fall/gmncsa24_gmncsa_adl_034/gmncsa24_gmncsa_adl_034_w0001.json
gmncsa24_gmncsa_adl_034_w0000,gmncsa24_gmncsa_adl_034,no_fall,train,/Users/varunreddyseelam/Desktop/Gen_ai/final_pipeline/data/windows/train/no_fall/gmncsa24_gmncsa_adl_034/gmncsa24_gmncsa_adl_034_w0000.json
gmncsa24_gmncsa_adl_034_w0006,gmncsa24_gmncsa_adl_034,no_fall,train,/Users/varunreddyseelam/Desktop/Gen_ai/final_pipeline/data/windows/train/no_fall/gmncsa24_gmncsa_adl_034/gmncsa24_gmncsa_adl_034_w0006.json
le2i_CR01_video_8_adl_w0001,le2i_CR01_video_8_adl,no_fall,train,/Users/varunreddyseelam/Desktop/Gen_ai/final_pipeline/data/windows/train/no_fall/le2i_CR01_video_8_adl/le2i_CR01_video_8_adl_w0001.json
le2i_CR01_video_8_adl_w0000,le2i_CR01_video_8_adl,no_fall,train,/Users/varunreddyseelam/Desktop/Gen_ai/final_pipeline/data/windows/train/no_fall/le2i_CR01_video_8_adl/le2i_CR01_video_8_adl_w0000.json
le2i_CR01_video_8_adl_w0002,le2i_CR01_video_8_adl,no_fall,train,/Users/varunreddyseelam/Desktop/Gen_ai/final_pipeline/data/windows/train/no_fall/le2i_CR01_video_8_adl/le2i_CR01_video_8_adl_w0002.json
gmncsa24_gmncsa_adl_033_w0002,gmncsa24_gmncsa_adl_033,no_fall,train,/Users/varunreddyseelam/Desktop/Gen_ai/final_pipeline/data/windows/train/no_fall/gmncsa24_gmncsa_adl_033/gmncsa24_gmncsa_adl_033_w0002.json
gmncsa24_gmncsa_adl_033_w0003,gmncsa24_gmncsa_adl_033,no_fall,train,/Users/varunreddyseelam/Desktop/Gen_ai/final_pipeline/data/windows/train/no_fall/gmncsa24_gmncsa_adl_033/gmncsa24_gmncsa_adl_033_w0003.json
gmncsa24_gmncsa_adl_033_w0004,gmncsa24_gmncsa_adl_033,no_fall,train,/Users/varunreddyseelam/Desktop/Gen_ai/final_pipeline/data/windows/train/no_fall/gmncsa24_gmncsa_adl_033/gmncsa24_gmncsa_adl_033_w0004.json
gmncsa24_gmncsa_adl_033_w0005,gmncsa24_gmncsa_adl_033,no_fall,train,/Users/varunreddyseelam/Desktop/Gen_ai/final_pipeline/data/windows/train/no_fall/gmncsa24_gmncsa_adl_033/gmncsa24_gmncsa_adl_033_w0005.json
gmncsa24_gmncsa_adl_033_w0000,gmncsa24_gmncsa_adl_033,no_fall,train,/Users/varunreddyseelam/Desktop/Gen_ai/final_pipeline/data/windows/train/no_fall/gmncsa24_gmncsa_adl_033/gmncsa24_gmncsa_adl_033_w0000.json
gmncsa24_gmncsa_adl_033_w0001,gmncsa24_gmncsa_adl_033,no_fall,train,/Users/varunreddyseelam/Desktop/Gen_ai/final_pipeline/data/windows/train/no_fall/gmncsa24_gmncsa_adl_033/gmncsa24_gmncsa_adl_033_w0001.json
urfd_adl-10-cam0_w0000,urfd_adl-10-cam0,no_fall,train,/Users/varunreddyseelam/Desktop/Gen_ai/final_pipeline/data/windows/train/no_fall/urfd_adl-10-cam0/urfd_adl-10-cam0_w0000.json
urfd_adl-10-cam0_w0001,urfd_adl-10-cam0,no_fall,train,/Users/varunreddyseelam/Desktop/Gen_ai/final_pipeline/data/windows/train/no_fall/urfd_adl-10-cam0/urfd_adl-10-cam0_w0001.json
urfd_adl-10-cam0_w0002,urfd_adl-10-cam0,no_fall,train,/Users/varunreddyseelam/Desktop/Gen_ai/final_pipeline/data/windows/train/no_fall/urfd_adl-10-cam0/urfd_adl-10-cam0_w0002.json
urfd_adl-10-cam0_w0003,urfd_adl-10-cam0,no_fall,train,/Users/varunreddyseelam/Desktop/Gen_ai/final_pipeline/data/windows/train/no_fall/urfd_adl-10-cam0/urfd_adl-10-cam0_w0003.json
urfd_adl-10-cam0_w0004,urfd_adl-10-cam0,no_fall,train,/Users/varunreddyseelam/Desktop/Gen_ai/final_pipeline/data/windows/train/no_fall/urfd_adl-10-cam0/urfd_adl-10-cam0_w0004.json
urfd_adl-10-cam0_w0005,urfd_adl-10-cam0,no_fall,train,/Users/varunreddyseelam/Desktop/Gen_ai/final_pipeline/data/windows/train/no_fall/urfd_adl-10-cam0/urfd_adl-10-cam0_w0005.json
le2i_H01_video_7_adl_w0001,le2i_H01_video_7_adl,no_fall,train,/Users/varunreddyseelam/Desktop/Gen_ai/final_pipeline/data/windows/train/no_fall/le2i_H01_video_7_adl/le2i_H01_video_7_adl_w0001.json
le2i_H01_video_7_adl_w0000,le2i_H01_video_7_adl,no_fall,train,/Users/varunreddyseelam/Desktop/Gen_ai/final_pipeline/data/windows/train/no_fall/le2i_H01_video_7_adl/le2i_H01_video_7_adl_w0000.json
le2i_H01_video_7_adl_w0002,le2i_H01_video_7_adl,no_fall,train,/Users/varunreddyseelam/Desktop/Gen_ai/final_pipeline/data/windows/train/no_fall/le2i_H01_video_7_adl/le2i_H01_video_7_adl_w0002.json
le2i_H01_video_6_adl_w0000,le2i_H01_video_6_adl,no_fall,train,/Users/varunreddyseelam/Desktop/Gen_ai/final_pipeline/data/windows/train/no_fall/le2i_H01_video_6_adl/le2i_H01_video_6_adl_w0000.json
le2i_H01_video_6_adl_w0001,le2i_H01_video_6_adl,no_fall,train,/Users/varunreddyseelam/Desktop/Gen_ai/final_pipeline/data/windows/train/no_fall/le2i_H01_video_6_adl/le2i_H01_video_6_adl_w0001.json
le2i_H01_video_4_adl_w0001,le2i_H01_video_4_adl,no_fall,train,/Users/varunreddyseelam/Desktop/Gen_ai/final_pipeline/data/windows/train/no_fall/le2i_H01_video_4_adl/le2i_H01_video_4_adl_w0001.json
le2i_H01_video_4_adl_w0000,le2i_H01_video_4_adl,no_fall,train,/Users/varunreddyseelam/Desktop/Gen_ai/final_pipeline/data/windows/train/no_fall/le2i_H01_video_4_adl/le2i_H01_video_4_adl_w0000.json
le2i_H01_video_4_adl_w0002,le2i_H01_video_4_adl,no_fall,train,/Users/varunreddyseelam/Desktop/Gen_ai/final_pipeline/data/windows/train/no_fall/le2i_H01_video_4_adl/le2i_H01_video_4_adl_w0002.json
urfd_adl-30-cam0_w0002,urfd_adl-30-cam0,no_fall,train,/Users/varunreddyseelam/Desktop/Gen_ai/final_pipeline/data/windows/train/no_fall/urfd_adl-30-cam0/urfd_adl-30-cam0_w0002.json
urfd_adl-30-cam0_w0003,urfd_adl-30-cam0,no_fall,train,/Users/varunreddyseelam/Desktop/Gen_ai/final_pipeline/data/windows/train/no_fall/urfd_adl-30-cam0/urfd_adl-30-cam0_w0003.json
urfd_adl-30-cam0_w0008,urfd_adl-30-cam0,no_fall,train,/Users/varunreddyseelam/Desktop/Gen_ai/final_pipeline/data/windows/train/no_fall/urfd_adl-30-cam0/urfd_adl-30-cam0_w0008.json
urfd_adl-30-cam0_w0004,urfd_adl-30-cam0,no_fall,train,/Users/varunreddyseelam/Desktop/Gen_ai/final_pipeline/data/windows/train/no_fall/urfd_adl-30-cam0/urfd_adl-30-cam0_w0004.json
urfd_adl-30-cam0_w0005,urfd_adl-30-cam0,no_fall,train,/Users/varunreddyseelam/Desktop/Gen_ai/final_pipeline/data/windows/train/no_fall/urfd_adl-30-cam0/urfd_adl-30-cam0_w0005.json
urfd_adl-30-cam0_w0006,urfd_adl-30-cam0,no_fall,train,/Users/varunreddyseelam/Desktop/Gen_ai/final_pipeline/data/windows/train/no_fall/urfd_adl-30-cam0/urfd_adl-30-cam0_w0006.json
urfd_adl-30-cam0_w0007,urfd_adl-30-cam0,no_fall,train,/Users/varunreddyseelam/Desktop/Gen_ai/final_pipeline/data/windows/train/no_fall/urfd_adl-30-cam0/urfd_adl-30-cam0_w0007.json
urfd_adl-30-cam0_w0000,urfd_adl-30-cam0,no_fall,train,/Users/varunreddyseelam/Desktop/Gen_ai/final_pipeline/data/windows/train/no_fall/urfd_adl-30-cam0/urfd_adl-30-cam0_w0000.json
urfd_adl-30-cam0_w0001,urfd_adl-30-cam0,no_fall,train,/Users/varunreddyseelam/Desktop/Gen_ai/final_pipeline/data/windows/train/no_fall/urfd_adl-30-cam0/urfd_adl-30-cam0_w0001.json
le2i_CR02_video_51_adl_w0000,le2i_CR02_video_51_adl,no_fall,train,/Users/varunreddyseelam/Desktop/Gen_ai/final_pipeline/data/windows/train/no_fall/le2i_CR02_video_51_adl/le2i_CR02_video_51_adl_w0000.json
urfd_adl-26-cam0_w0000,urfd_adl-26-cam0,no_fall,train,/Users/varunreddyseelam/Desktop/Gen_ai/final_pipeline/data/windows/train/no_fall/urfd_adl-26-cam0/urfd_adl-26-cam0_w0000.json
urfd_adl-26-cam0_w0001,urfd_adl-26-cam0,no_fall,train,/Users/varunreddyseelam/Desktop/Gen_ai/final_pipeline/data/windows/train/no_fall/urfd_adl-26-cam0/urfd_adl-26-cam0_w0001.json
le2i_CR01_video_16_adl_w0000,le2i_CR01_video_16_adl,no_fall,train,/Users/varunreddyseelam/Desktop/Gen_ai/final_pipeline/data/windows/train/no_fall/le2i_CR01_video_16_adl/le2i_CR01_video_16_adl_w0000.json
le2i_H01_video_12_adl_w0000,le2i_H01_video_12_adl,no_fall,train,/Users/varunreddyseelam/Desktop/Gen_ai/final_pipeline/data/windows/train/no_fall/le2i_H01_video_12_adl/le2i_H01_video_12_adl_w0000.json
le2i_H01_video_12_adl_w0001,le2i_H01_video_12_adl,no_fall,train,/Users/varunreddyseelam/Desktop/Gen_ai/final_pipeline/data/windows/train/no_fall/le2i_H01_video_12_adl/le2i_H01_video_12_adl_w0001.json
le2i_H01_video_12_adl_w0002,le2i_H01_video_12_adl,no_fall,train,/Users/varunreddyseelam/Desktop/Gen_ai/final_pipeline/data/windows/train/no_fall/le2i_H01_video_12_adl/le2i_H01_video_12_adl_w0002.json
urfd_adl-40-cam0_w0001,urfd_adl-40-cam0,no_fall,train,/Users/varunreddyseelam/Desktop/Gen_ai/final_pipeline/data/windows/train/no_fall/urfd_adl-40-cam0/urfd_adl-40-cam0_w0001.json
urfd_adl-40-cam0_w0000,urfd_adl-40-cam0,no_fall,train,/Users/varunreddyseelam/Desktop/Gen_ai/final_pipeline/data/windows/train/no_fall/urfd_adl-40-cam0/urfd_adl-40-cam0_w0000.json
urfd_adl-40-cam0_w0006,urfd_adl-40-cam0,no_fall,train,/Users/varunreddyseelam/Desktop/Gen_ai/final_pipeline/data/windows/train/no_fall/urfd_adl-40-cam0/urfd_adl-40-cam0_w0006.json
urfd_adl-40-cam0_w0005,urfd_adl-40-cam0,no_fall,train,/Users/varunreddyseelam/Desktop/Gen_ai/final_pipeline/data/windows/train/no_fall/urfd_adl-40-cam0/urfd_adl-40-cam0_w0005.json
urfd_adl-40-cam0_w0004,urfd_adl-40-cam0,no_fall,train,/Users/varunreddyseelam/Desktop/Gen_ai/final_pipeline/data/windows/train/no_fall/urfd_adl-40-cam0/urfd_adl-40-cam0_w0004.json
urfd_adl-40-cam0_w0003,urfd_adl-40-cam0,no_fall,train,/Users/varunreddyseelam/Desktop/Gen_ai/final_pipeline/data/windows/train/no_fall/urfd_adl-40-cam0/urfd_adl-40-cam0_w0003.json
urfd_adl-40-cam0_w0002,urfd_adl-40-cam0,no_fall,train,/Users/varunreddyseelam/Desktop/Gen_ai/final_pipeline/data/windows/train/no_fall/urfd_adl-40-cam0/urfd_adl-40-cam0_w0002.json
urfd_adl-01-cam0_w0001,urfd_adl-01-cam0,no_fall,train,/Users/varunreddyseelam/Desktop/Gen_ai/final_pipeline/data/windows/train/no_fall/urfd_adl-01-cam0/urfd_adl-01-cam0_w0001.json
urfd_adl-01-cam0_w0000,urfd_adl-01-cam0,no_fall,train,/Users/varunreddyseelam/Desktop/Gen_ai/final_pipeline/data/windows/train/no_fall/urfd_adl-01-cam0/urfd_adl-01-cam0_w0000.json
urfd_adl-01-cam0_w0002,urfd_adl-01-cam0,no_fall,train,/Users/varunreddyseelam/Desktop/Gen_ai/final_pipeline/data/windows/train/no_fall/urfd_adl-01-cam0/urfd_adl-01-cam0_w0002.json
urfd_adl-21-cam0_w0003,urfd_adl-21-cam0,no_fall,train,/Users/varunreddyseelam/Desktop/Gen_ai/final_pipeline/data/windows/train/no_fall/urfd_adl-21-cam0/urfd_adl-21-cam0_w0003.json
urfd_adl-21-cam0_w0002,urfd_adl-21-cam0,no_fall,train,/Users/varunreddyseelam/Desktop/Gen_ai/final_pipeline/data/windows/train/no_fall/urfd_adl-21-cam0/urfd_adl-21-cam0_w0002.json
urfd_adl-21-cam0_w0005,urfd_adl-21-cam0,no_fall,train,/Users/varunreddyseelam/Desktop/Gen_ai/final_pipeline/data/windows/train/no_fall/urfd_adl-21-cam0/urfd_adl-21-cam0_w0005.json
urfd_adl-21-cam0_w0004,urfd_adl-21-cam0,no_fall,train,/Users/varunreddyseelam/Desktop/Gen_ai/final_pipeline/data/windows/train/no_fall/urfd_adl-21-cam0/urfd_adl-21-cam0_w0004.json
urfd_adl-21-cam0_w0001,urfd_adl-21-cam0,no_fall,train,/Users/varunreddyseelam/Desktop/Gen_ai/final_pipeline/data/windows/train/no_fall/urfd_adl-21-cam0/urfd_adl-21-cam0_w0001.json
urfd_adl-21-cam0_w0000,urfd_adl-21-cam0,no_fall,train,/Users/varunreddyseelam/Desktop/Gen_ai/final_pipeline/data/windows/train/no_fall/urfd_adl-21-cam0/urfd_adl-21-cam0_w0000.json
urfd_adl-37-cam0_w0003,urfd_adl-37-cam0,no_fall,train,/Users/varunreddyseelam/Desktop/Gen_ai/final_pipeline/data/windows/train/no_fall/urfd_adl-37-cam0/urfd_adl-37-cam0_w0003.json
urfd_adl-37-cam0_w0002,urfd_adl-37-cam0,no_fall,train,/Users/varunreddyseelam/Desktop/Gen_ai/final_pipeline/data/windows/train/no_fall/urfd_adl-37-cam0/urfd_adl-37-cam0_w0002.json
urfd_adl-37-cam0_w0005,urfd_adl-37-cam0,no_fall,train,/Users/varunreddyseelam/Desktop/Gen_ai/final_pipeline/data/windows/train/no_fall/urfd_adl-37-cam0/urfd_adl-37-cam0_w0005.json
urfd_adl-37-cam0_w0004,urfd_adl-37-cam0,no_fall,train,/Users/varunreddyseelam/Desktop/Gen_ai/final_pipeline/data/windows/train/no_fall/urfd_adl-37-cam0/urfd_adl-37-cam0_w0004.json
urfd_adl-37-cam0_w0007,urfd_adl-37-cam0,no_fall,train,/Users/varunreddyseelam/Desktop/Gen_ai/final_pipeline/data/windows/train/no_fall/urfd_adl-37-cam0/urfd_adl-37-cam0_w0007.json
urfd_adl-37-cam0_w0006,urfd_adl-37-cam0,no_fall,train,/Users/varunreddyseelam/Desktop/Gen_ai/final_pipeline/data/windows/train/no_fall/urfd_adl-37-cam0/urfd_adl-37-cam0_w0006.json
urfd_adl-37-cam0_w0001,urfd_adl-37-cam0,no_fall,train,/Users/varunreddyseelam/Desktop/Gen_ai/final_pipeline/data/windows/train/no_fall/urfd_adl-37-cam0/urfd_adl-37-cam0_w0001.json
urfd_adl-37-cam0_w0000,urfd_adl-37-cam0,no_fall,train,/Users/varunreddyseelam/Desktop/Gen_ai/final_pipeline/data/windows/train/no_fall/urfd_adl-37-cam0/urfd_adl-37-cam0_w0000.json
le2i_CR01_video_29_adl_w0002,le2i_CR01_video_29_adl,no_fall,train,/Users/varunreddyseelam/Desktop/Gen_ai/final_pipeline/data/windows/train/no_fall/le2i_CR01_video_29_adl/le2i_CR01_video_29_adl_w0002.json
le2i_CR01_video_29_adl_w0003,le2i_CR01_video_29_adl,no_fall,train,/Users/varunreddyseelam/Desktop/Gen_ai/final_pipeline/data/windows/train/no_fall/le2i_CR01_video_29_adl/le2i_CR01_video_29_adl_w0003.json
le2i_CR01_video_29_adl_w0004,le2i_CR01_video_29_adl,no_fall,train,/Users/varunreddyseelam/Desktop/Gen_ai/final_pipeline/data/windows/train/no_fall/le2i_CR01_video_29_adl/le2i_CR01_video_29_adl_w0004.json
le2i_CR01_video_29_adl_w0005,le2i_CR01_video_29_adl,no_fall,train,/Users/varunreddyseelam/Desktop/Gen_ai/final_pipeline/data/windows/train/no_fall/le2i_CR01_video_29_adl/le2i_CR01_video_29_adl_w0005.json
le2i_CR01_video_29_adl_w0000,le2i_CR01_video_29_adl,no_fall,train,/Users/varunreddyseelam/Desktop/Gen_ai/final_pipeline/data/windows/train/no_fall/le2i_CR01_video_29_adl/le2i_CR01_video_29_adl_w0000.json
le2i_CR01_video_29_adl_w0001,le2i_CR01_video_29_adl,no_fall,train,/Users/varunreddyseelam/Desktop/Gen_ai/final_pipeline/data/windows/train/no_fall/le2i_CR01_video_29_adl/le2i_CR01_video_29_adl_w0001.json
le2i_H01_video_10_adl_w0001,le2i_H01_video_10_adl,no_fall,train,/Users/varunreddyseelam/Desktop/Gen_ai/final_pipeline/data/windows/train/no_fall/le2i_H01_video_10_adl/le2i_H01_video_10_adl_w0001.json
le2i_H01_video_10_adl_w0000,le2i_H01_video_10_adl,no_fall,train,/Users/varunreddyseelam/Desktop/Gen_ai/final_pipeline/data/windows/train/no_fall/le2i_H01_video_10_adl/le2i_H01_video_10_adl_w0000.json
le2i_H01_video_10_adl_w0002,le2i_H01_video_10_adl,no_fall,train,/Users/varunreddyseelam/Desktop/Gen_ai/final_pipeline/data/windows/train/no_fall/le2i_H01_video_10_adl/le2i_H01_video_10_adl_w0002.json
le2i_H01_video_11_adl_w0000,le2i_H01_video_11_adl,no_fall,train,/Users/varunreddyseelam/Desktop/Gen_ai/final_pipeline/data/windows/train/no_fall/le2i_H01_video_11_adl/le2i_H01_video_11_adl_w0000.json
le2i_H01_video_11_adl_w0001,le2i_H01_video_11_adl,no_fall,train,/Users/varunreddyseelam/Desktop/Gen_ai/final_pipeline/data/windows/train/no_fall/le2i_H01_video_11_adl/le2i_H01_video_11_adl_w0001.json
le2i_H01_video_11_adl_w0002,le2i_H01_video_11_adl,no_fall,train,/Users/varunreddyseelam/Desktop/Gen_ai/final_pipeline/data/windows/train/no_fall/le2i_H01_video_11_adl/le2i_H01_video_11_adl_w0002.json
le2i_H02_video_31_adl_w0003,le2i_H02_video_31_adl,no_fall,train,/Users/varunreddyseelam/Desktop/Gen_ai/final_pipeline/data/windows/train/no_fall/le2i_H02_video_31_adl/le2i_H02_video_31_adl_w0003.json
le2i_H02_video_31_adl_w0002,le2i_H02_video_31_adl,no_fall,train,/Users/varunreddyseelam/Desktop/Gen_ai/final_pipeline/data/windows/train/no_fall/le2i_H02_video_31_adl/le2i_H02_video_31_adl_w0002.json
le2i_H02_video_31_adl_w0001,le2i_H02_video_31_adl,no_fall,train,/Users/varunreddyseelam/Desktop/Gen_ai/final_pipeline/data/windows/train/no_fall/le2i_H02_video_31_adl/le2i_H02_video_31_adl_w0001.json
le2i_H02_video_31_adl_w0000,le2i_H02_video_31_adl,no_fall,train,/Users/varunreddyseelam/Desktop/Gen_ai/final_pipeline/data/windows/train/no_fall/le2i_H02_video_31_adl/le2i_H02_video_31_adl_w0000.json
gmncsa24_gmncsa_adl_011_w0006,gmncsa24_gmncsa_adl_011,no_fall,train,/Users/varunreddyseelam/Desktop/Gen_ai/final_pipeline/data/windows/train/no_fall/gmncsa24_gmncsa_adl_011/gmncsa24_gmncsa_adl_011_w0006.json
gmncsa24_gmncsa_adl_011_w0007,gmncsa24_gmncsa_adl_011,no_fall,train,/Users/varunreddyseelam/Desktop/Gen_ai/final_pipeline/data/windows/train/no_fall/gmncsa24_gmncsa_adl_011/gmncsa24_gmncsa_adl_011_w0007.json
gmncsa24_gmncsa_adl_011_w0000,gmncsa24_gmncsa_adl_011,no_fall,train,/Users/varunreddyseelam/Desktop/Gen_ai/final_pipeline/data/windows/train/no_fall/gmncsa24_gmncsa_adl_011/gmncsa24_gmncsa_adl_011_w0000.json
gmncsa24_gmncsa_adl_011_w0001,gmncsa24_gmncsa_adl_011,no_fall,train,/Users/varunreddyseelam/Desktop/Gen_ai/final_pipeline/data/windows/train/no_fall/gmncsa24_gmncsa_adl_011/gmncsa24_gmncsa_adl_011_w0001.json
gmncsa24_gmncsa_adl_011_w0002,gmncsa24_gmncsa_adl_011,no_fall,train,/Users/varunreddyseelam/Desktop/Gen_ai/final_pipeline/data/windows/train/no_fall/gmncsa24_gmncsa_adl_011/gmncsa24_gmncsa_adl_011_w0002.json
gmncsa24_gmncsa_adl_011_w0003,gmncsa24_gmncsa_adl_011,no_fall,train,/Users/varunreddyseelam/Desktop/Gen_ai/final_pipeline/data/windows/train/no_fall/gmncsa24_gmncsa_adl_011/gmncsa24_gmncsa_adl_011_w0003.json
gmncsa24_gmncsa_adl_011_w0004,gmncsa24_gmncsa_adl_011,no_fall,train,/Users/varunreddyseelam/Desktop/Gen_ai/final_pipeline/data/windows/train/no_fall/gmncsa24_gmncsa_adl_011/gmncsa24_gmncsa_adl_011_w0004.json
gmncsa24_gmncsa_adl_011_w0005,gmncsa24_gmncsa_adl_011,no_fall,train,/Users/varunreddyseelam/Desktop/Gen_ai/final_pipeline/data/windows/train/no_fall/gmncsa24_gmncsa_adl_011/gmncsa24_gmncsa_adl_011_w0005.json
gmncsa24_gmncsa_adl_016_w0001,gmncsa24_gmncsa_adl_016,no_fall,train,/Users/varunreddyseelam/Desktop/Gen_ai/final_pipeline/data/windows/train/no_fall/gmncsa24_gmncsa_adl_016/gmncsa24_gmncsa_adl_016_w0001.json
gmncsa24_gmncsa_adl_016_w0000,gmncsa24_gmncsa_adl_016,no_fall,train,/Users/varunreddyseelam/Desktop/Gen_ai/final_pipeline/data/windows/train/no_fall/gmncsa24_gmncsa_adl_016/gmncsa24_gmncsa_adl_016_w0000.json
gmncsa24_gmncsa_adl_016_w0006,gmncsa24_gmncsa_adl_016,no_fall,train,/Users/varunreddyseelam/Desktop/Gen_ai/final_pipeline/data/windows/train/no_fall/gmncsa24_gmncsa_adl_016/gmncsa24_gmncsa_adl_016_w0006.json
gmncsa24_gmncsa_adl_016_w0005,gmncsa24_gmncsa_adl_016,no_fall,train,/Users/varunreddyseelam/Desktop/Gen_ai/final_pipeline/data/windows/train/no_fall/gmncsa24_gmncsa_adl_016/gmncsa24_gmncsa_adl_016_w0005.json
gmncsa24_gmncsa_adl_016_w0004,gmncsa24_gmncsa_adl_016,no_fall,train,/Users/varunreddyseelam/Desktop/Gen_ai/final_pipeline/data/windows/train/no_fall/gmncsa24_gmncsa_adl_016/gmncsa24_gmncsa_adl_016_w0004.json
gmncsa24_gmncsa_adl_016_w0003,gmncsa24_gmncsa_adl_016,no_fall,train,/Users/varunreddyseelam/Desktop/Gen_ai/final_pipeline/data/windows/train/no_fall/gmncsa24_gmncsa_adl_016/gmncsa24_gmncsa_adl_016_w0003.json
gmncsa24_gmncsa_adl_016_w0002,gmncsa24_gmncsa_adl_016,no_fall,train,/Users/varunreddyseelam/Desktop/Gen_ai/final_pipeline/data/windows/train/no_fall/gmncsa24_gmncsa_adl_016/gmncsa24_gmncsa_adl_016_w0002.json
le2i_H02_video_35_adl_w0002,le2i_H02_video_35_adl,no_fall,train,/Users/varunreddyseelam/Desktop/Gen_ai/final_pipeline/data/windows/train/no_fall/le2i_H02_video_35_adl/le2i_H02_video_35_adl_w0002.json
le2i_H02_video_35_adl_w0001,le2i_H02_video_35_adl,no_fall,train,/Users/varunreddyseelam/Desktop/Gen_ai/final_pipeline/data/windows/train/no_fall/le2i_H02_video_35_adl/le2i_H02_video_35_adl_w0001.json
le2i_H02_video_35_adl_w0000,le2i_H02_video_35_adl,no_fall,train,/Users/varunreddyseelam/Desktop/Gen_ai/final_pipeline/data/windows/train/no_fall/le2i_H02_video_35_adl/le2i_H02_video_35_adl_w0000.json
le2i_CR01_video_38_adl_w0004,le2i_CR01_video_38_adl,no_fall,train,/Users/varunreddyseelam/Desktop/Gen_ai/final_pipeline/data/windows/train/no_fall/le2i_CR01_video_38_adl/le2i_CR01_video_38_adl_w0004.json
le2i_CR01_video_38_adl_w0002,le2i_CR01_video_38_adl,no_fall,train,/Users/varunreddyseelam/Desktop/Gen_ai/final_pipeline/data/windows/train/no_fall/le2i_CR01_video_38_adl/le2i_CR01_video_38_adl_w0002.json
le2i_CR01_video_38_adl_w0003,le2i_CR01_video_38_adl,no_fall,train,/Users/varunreddyseelam/Desktop/Gen_ai/final_pipeline/data/windows/train/no_fall/le2i_CR01_video_38_adl/le2i_CR01_video_38_adl_w0003.json
le2i_CR01_video_38_adl_w0000,le2i_CR01_video_38_adl,no_fall,train,/Users/varunreddyseelam/Desktop/Gen_ai/final_pipeline/data/windows/train/no_fall/le2i_CR01_video_38_adl/le2i_CR01_video_38_adl_w0000.json
le2i_CR01_video_38_adl_w0001,le2i_CR01_video_38_adl,no_fall,train,/Users/varunreddyseelam/Desktop/Gen_ai/final_pipeline/data/windows/train/no_fall/le2i_CR01_video_38_adl/le2i_CR01_video_38_adl_w0001.json
gmncsa24_gmncsa_adl_018_w0002,gmncsa24_gmncsa_adl_018,no_fall,train,/Users/varunreddyseelam/Desktop/Gen_ai/final_pipeline/data/windows/train/no_fall/gmncsa24_gmncsa_adl_018/gmncsa24_gmncsa_adl_018_w0002.json
gmncsa24_gmncsa_adl_018_w0003,gmncsa24_gmncsa_adl_018,no_fall,train,/Users/varunreddyseelam/Desktop/Gen_ai/final_pipeline/data/windows/train/no_fall/gmncsa24_gmncsa_adl_018/gmncsa24_gmncsa_adl_018_w0003.json
gmncsa24_gmncsa_adl_018_w0004,gmncsa24_gmncsa_adl_018,no_fall,train,/Users/varunreddyseelam/Desktop/Gen_ai/final_pipeline/data/windows/train/no_fall/gmncsa24_gmncsa_adl_018/gmncsa24_gmncsa_adl_018_w0004.json
gmncsa24_gmncsa_adl_018_w0000,gmncsa24_gmncsa_adl_018,no_fall,train,/Users/varunreddyseelam/Desktop/Gen_ai/final_pipeline/data/windows/train/no_fall/gmncsa24_gmncsa_adl_018/gmncsa24_gmncsa_adl_018_w0000.json
gmncsa24_gmncsa_adl_018_w0001,gmncsa24_gmncsa_adl_018,no_fall,train,/Users/varunreddyseelam/Desktop/Gen_ai/final_pipeline/data/windows/train/no_fall/gmncsa24_gmncsa_adl_018/gmncsa24_gmncsa_adl_018_w0001.json
le2i_CR01_video_10_adl_w0000,le2i_CR01_video_10_adl,no_fall,train,/Users/varunreddyseelam/Desktop/Gen_ai/final_pipeline/data/windows/train/no_fall/le2i_CR01_video_10_adl/le2i_CR01_video_10_adl_w0000.json
le2i_CR01_video_10_adl_w0001,le2i_CR01_video_10_adl,no_fall,train,/Users/varunreddyseelam/Desktop/Gen_ai/final_pipeline/data/windows/train/no_fall/le2i_CR01_video_10_adl/le2i_CR01_video_10_adl_w0001.json
le2i_CR01_video_10_adl_w0002,le2i_CR01_video_10_adl,no_fall,train,/Users/varunreddyseelam/Desktop/Gen_ai/final_pipeline/data/windows/train/no_fall/le2i_CR01_video_10_adl/le2i_CR01_video_10_adl_w0002.json
le2i_CR01_video_10_adl_w0003,le2i_CR01_video_10_adl,no_fall,train,/Users/varunreddyseelam/Desktop/Gen_ai/final_pipeline/data/windows/train/no_fall/le2i_CR01_video_10_adl/le2i_CR01_video_10_adl_w0003.json
gmncsa24_gmncsa_adl_027_w0002,gmncsa24_gmncsa_adl_027,no_fall,train,/Users/varunreddyseelam/Desktop/Gen_ai/final_pipeline/data/windows/train/no_fall/gmncsa24_gmncsa_adl_027/gmncsa24_gmncsa_adl_027_w0002.json
gmncsa24_gmncsa_adl_027_w0001,gmncsa24_gmncsa_adl_027,no_fall,train,/Users/varunreddyseelam/Desktop/Gen_ai/final_pipeline/data/windows/train/no_fall/gmncsa24_gmncsa_adl_027/gmncsa24_gmncsa_adl_027_w0001.json
gmncsa24_gmncsa_adl_027_w0000,gmncsa24_gmncsa_adl_027,no_fall,train,/Users/varunreddyseelam/Desktop/Gen_ai/final_pipeline/data/windows/train/no_fall/gmncsa24_gmncsa_adl_027/gmncsa24_gmncsa_adl_027_w0000.json
le2i_H01_video_28_adl_w0002,le2i_H01_video_28_adl,no_fall,train,/Users/varunreddyseelam/Desktop/Gen_ai/final_pipeline/data/windows/train/no_fall/le2i_H01_video_28_adl/le2i_H01_video_28_adl_w0002.json
le2i_H01_video_28_adl_w0000,le2i_H01_video_28_adl,no_fall,train,/Users/varunreddyseelam/Desktop/Gen_ai/final_pipeline/data/windows/train/no_fall/le2i_H01_video_28_adl/le2i_H01_video_28_adl_w0000.json
le2i_H01_video_28_adl_w0001,le2i_H01_video_28_adl,no_fall,train,/Users/varunreddyseelam/Desktop/Gen_ai/final_pipeline/data/windows/train/no_fall/le2i_H01_video_28_adl/le2i_H01_video_28_adl_w0001.json
le2i_CR01_video_11_adl_w0007,le2i_CR01_video_11_adl,no_fall,train,/Users/varunreddyseelam/Desktop/Gen_ai/final_pipeline/data/windows/train/no_fall/le2i_CR01_video_11_adl/le2i_CR01_video_11_adl_w0007.json
le2i_CR01_video_11_adl_w0006,le2i_CR01_video_11_adl,no_fall,train,/Users/varunreddyseelam/Desktop/Gen_ai/final_pipeline/data/windows/train/no_fall/le2i_CR01_video_11_adl/le2i_CR01_video_11_adl_w0006.json
le2i_CR01_video_11_adl_w0001,le2i_CR01_video_11_adl,no_fall,train,/Users/varunreddyseelam/Desktop/Gen_ai/final_pipeline/data/windows/train/no_fall/le2i_CR01_video_11_adl/le2i_CR01_video_11_adl_w0001.json
le2i_CR01_video_11_adl_w0000,le2i_CR01_video_11_adl,no_fall,train,/Users/varunreddyseelam/Desktop/Gen_ai/final_pipeline/data/windows/train/no_fall/le2i_CR01_video_11_adl/le2i_CR01_video_11_adl_w0000.json
le2i_CR01_video_11_adl_w0003,le2i_CR01_video_11_adl,no_fall,train,/Users/varunreddyseelam/Desktop/Gen_ai/final_pipeline/data/windows/train/no_fall/le2i_CR01_video_11_adl/le2i_CR01_video_11_adl_w0003.json
le2i_CR01_video_11_adl_w0002,le2i_CR01_video_11_adl,no_fall,train,/Users/varunreddyseelam/Desktop/Gen_ai/final_pipeline/data/windows/train/no_fall/le2i_CR01_video_11_adl/le2i_CR01_video_11_adl_w0002.json
le2i_CR01_video_11_adl_w0005,le2i_CR01_video_11_adl,no_fall,train,/Users/varunreddyseelam/Desktop/Gen_ai/final_pipeline/data/windows/train/no_fall/le2i_CR01_video_11_adl/le2i_CR01_video_11_adl_w0005.json
le2i_CR01_video_11_adl_w0004,le2i_CR01_video_11_adl,no_fall,train,/Users/varunreddyseelam/Desktop/Gen_ai/final_pipeline/data/windows/train/no_fall/le2i_CR01_video_11_adl/le2i_CR01_video_11_adl_w0004.json
le2i_CR01_video_39_adl_w0000,le2i_CR01_video_39_adl,no_fall,train,/Users/varunreddyseelam/Desktop/Gen_ai/final_pipeline/data/windows/train/no_fall/le2i_CR01_video_39_adl/le2i_CR01_video_39_adl_w0000.json
urfd_adl-36-cam0_w0004,urfd_adl-36-cam0,no_fall,train,/Users/varunreddyseelam/Desktop/Gen_ai/final_pipeline/data/windows/train/no_fall/urfd_adl-36-cam0/urfd_adl-36-cam0_w0004.json
urfd_adl-36-cam0_w0005,urfd_adl-36-cam0,no_fall,train,/Users/varunreddyseelam/Desktop/Gen_ai/final_pipeline/data/windows/train/no_fall/urfd_adl-36-cam0/urfd_adl-36-cam0_w0005.json
urfd_adl-36-cam0_w0002,urfd_adl-36-cam0,no_fall,train,/Users/varunreddyseelam/Desktop/Gen_ai/final_pipeline/data/windows/train/no_fall/urfd_adl-36-cam0/urfd_adl-36-cam0_w0002.json
urfd_adl-36-cam0_w0003,urfd_adl-36-cam0,no_fall,train,/Users/varunreddyseelam/Desktop/Gen_ai/final_pipeline/data/windows/train/no_fall/urfd_adl-36-cam0/urfd_adl-36-cam0_w0003.json
urfd_adl-36-cam0_w0000,urfd_adl-36-cam0,no_fall,train,/Users/varunreddyseelam/Desktop/Gen_ai/final_pipeline/data/windows/train/no_fall/urfd_adl-36-cam0/urfd_adl-36-cam0_w0000.json
urfd_adl-36-cam0_w0001,urfd_adl-36-cam0,no_fall,train,/Users/varunreddyseelam/Desktop/Gen_ai/final_pipeline/data/windows/train/no_fall/urfd_adl-36-cam0/urfd_adl-36-cam0_w0001.json
urfd_adl-36-cam0_w0006,urfd_adl-36-cam0,no_fall,train,/Users/varunreddyseelam/Desktop/Gen_ai/final_pipeline/data/windows/train/no_fall/urfd_adl-36-cam0/urfd_adl-36-cam0_w0006.json
gmncsa24_gmncsa_adl_080_w0003,gmncsa24_gmncsa_adl_080,no_fall,train,/Users/varunreddyseelam/Desktop/Gen_ai/final_pipeline/data/windows/train/no_fall/gmncsa24_gmncsa_adl_080/gmncsa24_gmncsa_adl_080_w0003.json
gmncsa24_gmncsa_adl_080_w0002,gmncsa24_gmncsa_adl_080,no_fall,train,/Users/varunreddyseelam/Desktop/Gen_ai/final_pipeline/data/windows/train/no_fall/gmncsa24_gmncsa_adl_080/gmncsa24_gmncsa_adl_080_w0002.json
gmncsa24_gmncsa_adl_080_w0004,gmncsa24_gmncsa_adl_080,no_fall,train,/Users/varunreddyseelam/Desktop/Gen_ai/final_pipeline/data/windows/train/no_fall/gmncsa24_gmncsa_adl_080/gmncsa24_gmncsa_adl_080_w0004.json
gmncsa24_gmncsa_adl_080_w0001,gmncsa24_gmncsa_adl_080,no_fall,train,/Users/varunreddyseelam/Desktop/Gen_ai/final_pipeline/data/windows/train/no_fall/gmncsa24_gmncsa_adl_080/gmncsa24_gmncsa_adl_080_w0001.json
gmncsa24_gmncsa_adl_080_w0000,gmncsa24_gmncsa_adl_080,no_fall,train,/Users/varunreddyseelam/Desktop/Gen_ai/final_pipeline/data/windows/train/no_fall/gmncsa24_gmncsa_adl_080/gmncsa24_gmncsa_adl_080_w0000.json
le2i_H02_video_34_adl_w0002,le2i_H02_video_34_adl,no_fall,train,/Users/varunreddyseelam/Desktop/Gen_ai/final_pipeline/data/windows/train/no_fall/le2i_H02_video_34_adl/le2i_H02_video_34_adl_w0002.json
le2i_H02_video_34_adl_w0000,le2i_H02_video_34_adl,no_fall,train,/Users/varunreddyseelam/Desktop/Gen_ai/final_pipeline/data/windows/train/no_fall/le2i_H02_video_34_adl/le2i_H02_video_34_adl_w0000.json
le2i_H02_video_34_adl_w0001,le2i_H02_video_34_adl,no_fall,train,/Users/varunreddyseelam/Desktop/Gen_ai/final_pipeline/data/windows/train/no_fall/le2i_H02_video_34_adl/le2i_H02_video_34_adl_w0001.json
gmncsa24_gmncsa_adl_042_w0002,gmncsa24_gmncsa_adl_042,no_fall,train,/Users/varunreddyseelam/Desktop/Gen_ai/final_pipeline/data/windows/train/no_fall/gmncsa24_gmncsa_adl_042/gmncsa24_gmncsa_adl_042_w0002.json
gmncsa24_gmncsa_adl_042_w0000,gmncsa24_gmncsa_adl_042,no_fall,train,/Users/varunreddyseelam/Desktop/Gen_ai/final_pipeline/data/windows/train/no_fall/gmncsa24_gmncsa_adl_042/gmncsa24_gmncsa_adl_042_w0000.json
gmncsa24_gmncsa_adl_042_w0001,gmncsa24_gmncsa_adl_042,no_fall,train,/Users/varunreddyseelam/Desktop/Gen_ai/final_pipeline/data/windows/train/no_fall/gmncsa24_gmncsa_adl_042/gmncsa24_gmncsa_adl_042_w0001.json
gmncsa24_gmncsa_adl_045_w0002,gmncsa24_gmncsa_adl_045,no_fall,train,/Users/varunreddyseelam/Desktop/Gen_ai/final_pipeline/data/windows/train/no_fall/gmncsa24_gmncsa_adl_045/gmncsa24_gmncsa_adl_045_w0002.json
gmncsa24_gmncsa_adl_045_w0001,gmncsa24_gmncsa_adl_045,no_fall,train,/Users/varunreddyseelam/Desktop/Gen_ai/final_pipeline/data/windows/train/no_fall/gmncsa24_gmncsa_adl_045/gmncsa24_gmncsa_adl_045_w0001.json
gmncsa24_gmncsa_adl_045_w0000,gmncsa24_gmncsa_adl_045,no_fall,train,/Users/varunreddyseelam/Desktop/Gen_ai/final_pipeline/data/windows/train/no_fall/gmncsa24_gmncsa_adl_045/gmncsa24_gmncsa_adl_045_w0000.json
gmncsa24_gmncsa_adl_019_w0001,gmncsa24_gmncsa_adl_019,no_fall,train,/Users/varunreddyseelam/Desktop/Gen_ai/final_pipeline/data/windows/train/no_fall/gmncsa24_gmncsa_adl_019/gmncsa24_gmncsa_adl_019_w0001.json
gmncsa24_gmncsa_adl_019_w0000,gmncsa24_gmncsa_adl_019,no_fall,train,/Users/varunreddyseelam/Desktop/Gen_ai/final_pipeline/data/windows/train/no_fall/gmncsa24_gmncsa_adl_019/gmncsa24_gmncsa_adl_019_w0000.json
gmncsa24_gmncsa_adl_019_w0003,gmncsa24_gmncsa_adl_019,no_fall,train,/Users/varunreddyseelam/Desktop/Gen_ai/final_pipeline/data/windows/train/no_fall/gmncsa24_gmncsa_adl_019/gmncsa24_gmncsa_adl_019_w0003.json
gmncsa24_gmncsa_adl_019_w0002,gmncsa24_gmncsa_adl_019,no_fall,train,/Users/varunreddyseelam/Desktop/Gen_ai/final_pipeline/data/windows/train/no_fall/gmncsa24_gmncsa_adl_019/gmncsa24_gmncsa_adl_019_w0002.json
gmncsa24_gmncsa_adl_019_w0004,gmncsa24_gmncsa_adl_019,no_fall,train,/Users/varunreddyseelam/Desktop/Gen_ai/final_pipeline/data/windows/train/no_fall/gmncsa24_gmncsa_adl_019/gmncsa24_gmncsa_adl_019_w0004.json
gmncsa24_gmncsa_adl_026_w0000,gmncsa24_gmncsa_adl_026,no_fall,train,/Users/varunreddyseelam/Desktop/Gen_ai/final_pipeline/data/windows/train/no_fall/gmncsa24_gmncsa_adl_026/gmncsa24_gmncsa_adl_026_w0000.json
gmncsa24_gmncsa_adl_026_w0001,gmncsa24_gmncsa_adl_026,no_fall,train,/Users/varunreddyseelam/Desktop/Gen_ai/final_pipeline/data/windows/train/no_fall/gmncsa24_gmncsa_adl_026/gmncsa24_gmncsa_adl_026_w0001.json
gmncsa24_gmncsa_adl_026_w0002,gmncsa24_gmncsa_adl_026,no_fall,train,/Users/varunreddyseelam/Desktop/Gen_ai/final_pipeline/data/windows/train/no_fall/gmncsa24_gmncsa_adl_026/gmncsa24_gmncsa_adl_026_w0002.json
gmncsa24_gmncsa_adl_026_w0003,gmncsa24_gmncsa_adl_026,no_fall,train,/Users/varunreddyseelam/Desktop/Gen_ai/final_pipeline/data/windows/train/no_fall/gmncsa24_gmncsa_adl_026/gmncsa24_gmncsa_adl_026_w0003.json
gmncsa24_gmncsa_adl_026_w0004,gmncsa24_gmncsa_adl_026,no_fall,train,/Users/varunreddyseelam/Desktop/Gen_ai/final_pipeline/data/windows/train/no_fall/gmncsa24_gmncsa_adl_026/gmncsa24_gmncsa_adl_026_w0004.json
gmncsa24_gmncsa_adl_021_w0001,gmncsa24_gmncsa_adl_021,no_fall,train,/Users/varunreddyseelam/Desktop/Gen_ai/final_pipeline/data/windows/train/no_fall/gmncsa24_gmncsa_adl_021/gmncsa24_gmncsa_adl_021_w0001.json
gmncsa24_gmncsa_adl_021_w0000,gmncsa24_gmncsa_adl_021,no_fall,train,/Users/varunreddyseelam/Desktop/Gen_ai/final_pipeline/data/windows/train/no_fall/gmncsa24_gmncsa_adl_021/gmncsa24_gmncsa_adl_021_w0000.json
gmncsa24_gmncsa_adl_021_w0006,gmncsa24_gmncsa_adl_021,no_fall,train,/Users/varunreddyseelam/Desktop/Gen_ai/final_pipeline/data/windows/train/no_fall/gmncsa24_gmncsa_adl_021/gmncsa24_gmncsa_adl_021_w0006.json
gmncsa24_gmncsa_adl_021_w0005,gmncsa24_gmncsa_adl_021,no_fall,train,/Users/varunreddyseelam/Desktop/Gen_ai/final_pipeline/data/windows/train/no_fall/gmncsa24_gmncsa_adl_021/gmncsa24_gmncsa_adl_021_w0005.json
gmncsa24_gmncsa_adl_021_w0004,gmncsa24_gmncsa_adl_021,no_fall,train,/Users/varunreddyseelam/Desktop/Gen_ai/final_pipeline/data/windows/train/no_fall/gmncsa24_gmncsa_adl_021/gmncsa24_gmncsa_adl_021_w0004.json
gmncsa24_gmncsa_adl_021_w0003,gmncsa24_gmncsa_adl_021,no_fall,train,/Users/varunreddyseelam/Desktop/Gen_ai/final_pipeline/data/windows/train/no_fall/gmncsa24_gmncsa_adl_021/gmncsa24_gmncsa_adl_021_w0003.json
gmncsa24_gmncsa_adl_021_w0002,gmncsa24_gmncsa_adl_021,no_fall,train,/Users/varunreddyseelam/Desktop/Gen_ai/final_pipeline/data/windows/train/no_fall/gmncsa24_gmncsa_adl_021/gmncsa24_gmncsa_adl_021_w0002.json
urfd_adl-16-cam0_w0000,urfd_adl-16-cam0,no_fall,train,/Users/varunreddyseelam/Desktop/Gen_ai/final_pipeline/data/windows/train/no_fall/urfd_adl-16-cam0/urfd_adl-16-cam0_w0000.json
urfd_adl-16-cam0_w0001,urfd_adl-16-cam0,no_fall,train,/Users/varunreddyseelam/Desktop/Gen_ai/final_pipeline/data/windows/train/no_fall/urfd_adl-16-cam0/urfd_adl-16-cam0_w0001.json
urfd_adl-16-cam0_w0004,urfd_adl-16-cam0,no_fall,train,/Users/varunreddyseelam/Desktop/Gen_ai/final_pipeline/data/windows/train/no_fall/urfd_adl-16-cam0/urfd_adl-16-cam0_w0004.json
urfd_adl-16-cam0_w0002,urfd_adl-16-cam0,no_fall,train,/Users/varunreddyseelam/Desktop/Gen_ai/final_pipeline/data/windows/train/no_fall/urfd_adl-16-cam0/urfd_adl-16-cam0_w0002.json
urfd_adl-16-cam0_w0003,urfd_adl-16-cam0,no_fall,train,/Users/varunreddyseelam/Desktop/Gen_ai/final_pipeline/data/windows/train/no_fall/urfd_adl-16-cam0/urfd_adl-16-cam0_w0003.json
le2i_H02_video_36_adl_w0001,le2i_H02_video_36_adl,no_fall,train,/Users/varunreddyseelam/Desktop/Gen_ai/final_pipeline/data/windows/train/no_fall/le2i_H02_video_36_adl/le2i_H02_video_36_adl_w0001.json
le2i_H02_video_36_adl_w0000,le2i_H02_video_36_adl,no_fall,train,/Users/varunreddyseelam/Desktop/Gen_ai/final_pipeline/data/windows/train/no_fall/le2i_H02_video_36_adl/le2i_H02_video_36_adl_w0000.json
gmncsa24_gmncsa_adl_028_w0002,gmncsa24_gmncsa_adl_028,no_fall,train,/Users/varunreddyseelam/Desktop/Gen_ai/final_pipeline/data/windows/train/no_fall/gmncsa24_gmncsa_adl_028/gmncsa24_gmncsa_adl_028_w0002.json
gmncsa24_gmncsa_adl_028_w0001,gmncsa24_gmncsa_adl_028,no_fall,train,/Users/varunreddyseelam/Desktop/Gen_ai/final_pipeline/data/windows/train/no_fall/gmncsa24_gmncsa_adl_028/gmncsa24_gmncsa_adl_028_w0001.json
gmncsa24_gmncsa_adl_028_w0000,gmncsa24_gmncsa_adl_028,no_fall,train,/Users/varunreddyseelam/Desktop/Gen_ai/final_pipeline/data/windows/train/no_fall/gmncsa24_gmncsa_adl_028/gmncsa24_gmncsa_adl_028_w0000.json
gmncsa24_gmncsa_adl_017_w0004,gmncsa24_gmncsa_adl_017,no_fall,train,/Users/varunreddyseelam/Desktop/Gen_ai/final_pipeline/data/windows/train/no_fall/gmncsa24_gmncsa_adl_017/gmncsa24_gmncsa_adl_017_w0004.json
gmncsa24_gmncsa_adl_017_w0005,gmncsa24_gmncsa_adl_017,no_fall,train,/Users/varunreddyseelam/Desktop/Gen_ai/final_pipeline/data/windows/train/no_fall/gmncsa24_gmncsa_adl_017/gmncsa24_gmncsa_adl_017_w0005.json
gmncsa24_gmncsa_adl_017_w0002,gmncsa24_gmncsa_adl_017,no_fall,train,/Users/varunreddyseelam/Desktop/Gen_ai/final_pipeline/data/windows/train/no_fall/gmncsa24_gmncsa_adl_017/gmncsa24_gmncsa_adl_017_w0002.json
gmncsa24_gmncsa_adl_017_w0003,gmncsa24_gmncsa_adl_017,no_fall,train,/Users/varunreddyseelam/Desktop/Gen_ai/final_pipeline/data/windows/train/no_fall/gmncsa24_gmncsa_adl_017/gmncsa24_gmncsa_adl_017_w0003.json
gmncsa24_gmncsa_adl_017_w0000,gmncsa24_gmncsa_adl_017,no_fall,train,/Users/varunreddyseelam/Desktop/Gen_ai/final_pipeline/data/windows/train/no_fall/gmncsa24_gmncsa_adl_017/gmncsa24_gmncsa_adl_017_w0000.json
gmncsa24_gmncsa_adl_017_w0001,gmncsa24_gmncsa_adl_017,no_fall,train,/Users/varunreddyseelam/Desktop/Gen_ai/final_pipeline/data/windows/train/no_fall/gmncsa24_gmncsa_adl_017/gmncsa24_gmncsa_adl_017_w0001.json
le2i_CR01_video_13_adl_w0000,le2i_CR01_video_13_adl,no_fall,train,/Users/varunreddyseelam/Desktop/Gen_ai/final_pipeline/data/windows/train/no_fall/le2i_CR01_video_13_adl/le2i_CR01_video_13_adl_w0000.json
le2i_CR01_video_13_adl_w0001,le2i_CR01_video_13_adl,no_fall,train,/Users/varunreddyseelam/Desktop/Gen_ai/final_pipeline/data/windows/train/no_fall/le2i_CR01_video_13_adl/le2i_CR01_video_13_adl_w0001.json
le2i_H01_video_16_adl_w0000,le2i_H01_video_16_adl,no_fall,train,/Users/varunreddyseelam/Desktop/Gen_ai/final_pipeline/data/windows/train/no_fall/le2i_H01_video_16_adl/le2i_H01_video_16_adl_w0000.json
le2i_H01_video_16_adl_w0001,le2i_H01_video_16_adl,no_fall,train,/Users/varunreddyseelam/Desktop/Gen_ai/final_pipeline/data/windows/train/no_fall/le2i_H01_video_16_adl/le2i_H01_video_16_adl_w0001.json
le2i_H01_video_16_adl_w0002,le2i_H01_video_16_adl,no_fall,train,/Users/varunreddyseelam/Desktop/Gen_ai/final_pipeline/data/windows/train/no_fall/le2i_H01_video_16_adl/le2i_H01_video_16_adl_w0002.json
le2i_H01_video_16_adl_w0003,le2i_H01_video_16_adl,no_fall,train,/Users/varunreddyseelam/Desktop/Gen_ai/final_pipeline/data/windows/train/no_fall/le2i_H01_video_16_adl/le2i_H01_video_16_adl_w0003.json
gmncsa24_gmncsa_adl_044_w0000,gmncsa24_gmncsa_adl_044,no_fall,train,/Users/varunreddyseelam/Desktop/Gen_ai/final_pipeline/data/windows/train/no_fall/gmncsa24_gmncsa_adl_044/gmncsa24_gmncsa_adl_044_w0000.json
gmncsa24_gmncsa_adl_044_w0001,gmncsa24_gmncsa_adl_044,no_fall,train,/Users/varunreddyseelam/Desktop/Gen_ai/final_pipeline/data/windows/train/no_fall/gmncsa24_gmncsa_adl_044/gmncsa24_gmncsa_adl_044_w0001.json
le2i_H01_video_17_adl_w0001,le2i_H01_video_17_adl,no_fall,train,/Users/varunreddyseelam/Desktop/Gen_ai/final_pipeline/data/windows/train/no_fall/le2i_H01_video_17_adl/le2i_H01_video_17_adl_w0001.json
le2i_H01_video_17_adl_w0000,le2i_H01_video_17_adl,no_fall,train,/Users/varunreddyseelam/Desktop/Gen_ai/final_pipeline/data/windows/train/no_fall/le2i_H01_video_17_adl/le2i_H01_video_17_adl_w0000.json
le2i_H01_video_17_adl_w0002,le2i_H01_video_17_adl,no_fall,train,/Users/varunreddyseelam/Desktop/Gen_ai/final_pipeline/data/windows/train/no_fall/le2i_H01_video_17_adl/le2i_H01_video_17_adl_w0002.json
gmncsa24_gmncsa_adl_043_w0001,gmncsa24_gmncsa_adl_043,no_fall,train,/Users/varunreddyseelam/Desktop/Gen_ai/final_pipeline/data/windows/train/no_fall/gmncsa24_gmncsa_adl_043/gmncsa24_gmncsa_adl_043_w0001.json
gmncsa24_gmncsa_adl_043_w0000,gmncsa24_gmncsa_adl_043,no_fall,train,/Users/varunreddyseelam/Desktop/Gen_ai/final_pipeline/data/windows/train/no_fall/gmncsa24_gmncsa_adl_043/gmncsa24_gmncsa_adl_043_w0000.json
gmncsa24_gmncsa_adl_043_w0005,gmncsa24_gmncsa_adl_043,no_fall,train,/Users/varunreddyseelam/Desktop/Gen_ai/final_pipeline/data/windows/train/no_fall/gmncsa24_gmncsa_adl_043/gmncsa24_gmncsa_adl_043_w0005.json
gmncsa24_gmncsa_adl_043_w0004,gmncsa24_gmncsa_adl_043,no_fall,train,/Users/varunreddyseelam/Desktop/Gen_ai/final_pipeline/data/windows/train/no_fall/gmncsa24_gmncsa_adl_043/gmncsa24_gmncsa_adl_043_w0004.json
gmncsa24_gmncsa_adl_043_w0003,gmncsa24_gmncsa_adl_043,no_fall,train,/Users/varunreddyseelam/Desktop/Gen_ai/final_pipeline/data/windows/train/no_fall/gmncsa24_gmncsa_adl_043/gmncsa24_gmncsa_adl_043_w0003.json
gmncsa24_gmncsa_adl_043_w0002,gmncsa24_gmncsa_adl_043,no_fall,train,/Users/varunreddyseelam/Desktop/Gen_ai/final_pipeline/data/windows/train/no_fall/gmncsa24_gmncsa_adl_043/gmncsa24_gmncsa_adl_043_w0002.json
le2i_H02_video_37_adl_w0002,le2i_H02_video_37_adl,no_fall,train,/Users/varunreddyseelam/Desktop/Gen_ai/final_pipeline/data/windows/train/no_fall/le2i_H02_video_37_adl/le2i_H02_video_37_adl_w0002.json
le2i_H02_video_37_adl_w0000,le2i_H02_video_37_adl,no_fall,train,/Users/varunreddyseelam/Desktop/Gen_ai/final_pipeline/data/windows/train/no_fall/le2i_H02_video_37_adl/le2i_H02_video_37_adl_w0000.json
le2i_H02_video_37_adl_w0001,le2i_H02_video_37_adl,no_fall,train,/Users/varunreddyseelam/Desktop/Gen_ai/final_pipeline/data/windows/train/no_fall/le2i_H02_video_37_adl/le2i_H02_video_37_adl_w0001.json
gmncsa24_gmncsa_adl_075_w0004,gmncsa24_gmncsa_adl_075,no_fall,train,/Users/varunreddyseelam/Desktop/Gen_ai/final_pipeline/data/windows/train/no_fall/gmncsa24_gmncsa_adl_075/gmncsa24_gmncsa_adl_075_w0004.json
gmncsa24_gmncsa_adl_075_w0005,gmncsa24_gmncsa_adl_075,no_fall,train,/Users/varunreddyseelam/Desktop/Gen_ai/final_pipeline/data/windows/train/no_fall/gmncsa24_gmncsa_adl_075/gmncsa24_gmncsa_adl_075_w0005.json
gmncsa24_gmncsa_adl_075_w0002,gmncsa24_gmncsa_adl_075,no_fall,train,/Users/varunreddyseelam/Desktop/Gen_ai/final_pipeline/data/windows/train/no_fall/gmncsa24_gmncsa_adl_075/gmncsa24_gmncsa_adl_075_w0002.json
gmncsa24_gmncsa_adl_075_w0003,gmncsa24_gmncsa_adl_075,no_fall,train,/Users/varunreddyseelam/Desktop/Gen_ai/final_pipeline/data/windows/train/no_fall/gmncsa24_gmncsa_adl_075/gmncsa24_gmncsa_adl_075_w0003.json
gmncsa24_gmncsa_adl_075_w0000,gmncsa24_gmncsa_adl_075,no_fall,train,/Users/varunreddyseelam/Desktop/Gen_ai/final_pipeline/data/windows/train/no_fall/gmncsa24_gmncsa_adl_075/gmncsa24_gmncsa_adl_075_w0000.json
gmncsa24_gmncsa_adl_075_w0001,gmncsa24_gmncsa_adl_075,no_fall,train,/Users/varunreddyseelam/Desktop/Gen_ai/final_pipeline/data/windows/train/no_fall/gmncsa24_gmncsa_adl_075/gmncsa24_gmncsa_adl_075_w0001.json
le2i_CR01_video_8_fall_w0003,le2i_CR01_video_8_fall,fall,val,/Users/varunreddyseelam/Desktop/Gen_ai/final_pipeline/data/windows/val/fall/le2i_CR01_video_8_fall/le2i_CR01_video_8_fall_w0003.json
le2i_CR01_video_8_fall_w0002,le2i_CR01_video_8_fall,fall,val,/Users/varunreddyseelam/Desktop/Gen_ai/final_pipeline/data/windows/val/fall/le2i_CR01_video_8_fall/le2i_CR01_video_8_fall_w0002.json
le2i_CR01_video_8_fall_w0001,le2i_CR01_video_8_fall,fall,val,/Users/varunreddyseelam/Desktop/Gen_ai/final_pipeline/data/windows/val/fall/le2i_CR01_video_8_fall/le2i_CR01_video_8_fall_w0001.json
le2i_CR01_video_8_fall_w0000,le2i_CR01_video_8_fall,fall,val,/Users/varunreddyseelam/Desktop/Gen_ai/final_pipeline/data/windows/val/fall/le2i_CR01_video_8_fall/le2i_CR01_video_8_fall_w0000.json
gmncsa24_gmncsa_fall_066_w0020,gmncsa24_gmncsa_fall_066,fall,val,/Users/varunreddyseelam/Desktop/Gen_ai/final_pipeline/data/windows/val/fall/gmncsa24_gmncsa_fall_066/gmncsa24_gmncsa_fall_066_w0020.json
gmncsa24_gmncsa_fall_066_w0016,gmncsa24_gmncsa_fall_066,fall,val,/Users/varunreddyseelam/Desktop/Gen_ai/final_pipeline/data/windows/val/fall/gmncsa24_gmncsa_fall_066/gmncsa24_gmncsa_fall_066_w0016.json
gmncsa24_gmncsa_fall_066_w0000,gmncsa24_gmncsa_fall_066,fall,val,/Users/varunreddyseelam/Desktop/Gen_ai/final_pipeline/data/windows/val/fall/gmncsa24_gmncsa_fall_066/gmncsa24_gmncsa_fall_066_w0000.json
gmncsa24_gmncsa_fall_066_w0001,gmncsa24_gmncsa_fall_066,fall,val,/Users/varunreddyseelam/Desktop/Gen_ai/final_pipeline/data/windows/val/fall/gmncsa24_gmncsa_fall_066/gmncsa24_gmncsa_fall_066_w0001.json
gmncsa24_gmncsa_fall_066_w0017,gmncsa24_gmncsa_fall_066,fall,val,/Users/varunreddyseelam/Desktop/Gen_ai/final_pipeline/data/windows/val/fall/gmncsa24_gmncsa_fall_066/gmncsa24_gmncsa_fall_066_w0017.json
gmncsa24_gmncsa_fall_066_w0021,gmncsa24_gmncsa_fall_066,fall,val,/Users/varunreddyseelam/Desktop/Gen_ai/final_pipeline/data/windows/val/fall/gmncsa24_gmncsa_fall_066/gmncsa24_gmncsa_fall_066_w0021.json
gmncsa24_gmncsa_fall_066_w0010,gmncsa24_gmncsa_fall_066,fall,val,/Users/varunreddyseelam/Desktop/Gen_ai/final_pipeline/data/windows/val/fall/gmncsa24_gmncsa_fall_066/gmncsa24_gmncsa_fall_066_w0010.json
gmncsa24_gmncsa_fall_066_w0006,gmncsa24_gmncsa_fall_066,fall,val,/Users/varunreddyseelam/Desktop/Gen_ai/final_pipeline/data/windows/val/fall/gmncsa24_gmncsa_fall_066/gmncsa24_gmncsa_fall_066_w0006.json
gmncsa24_gmncsa_fall_066_w0026,gmncsa24_gmncsa_fall_066,fall,val,/Users/varunreddyseelam/Desktop/Gen_ai/final_pipeline/data/windows/val/fall/gmncsa24_gmncsa_fall_066/gmncsa24_gmncsa_fall_066_w0026.json
gmncsa24_gmncsa_fall_066_w0030,gmncsa24_gmncsa_fall_066,fall,val,/Users/varunreddyseelam/Desktop/Gen_ai/final_pipeline/data/windows/val/fall/gmncsa24_gmncsa_fall_066/gmncsa24_gmncsa_fall_066_w0030.json
gmncsa24_gmncsa_fall_066_w0031,gmncsa24_gmncsa_fall_066,fall,val,/Users/varunreddyseelam/Desktop/Gen_ai/final_pipeline/data/windows/val/fall/gmncsa24_gmncsa_fall_066/gmncsa24_gmncsa_fall_066_w0031.json
gmncsa24_gmncsa_fall_066_w0027,gmncsa24_gmncsa_fall_066,fall,val,/Users/varunreddyseelam/Desktop/Gen_ai/final_pipeline/data/windows/val/fall/gmncsa24_gmncsa_fall_066/gmncsa24_gmncsa_fall_066_w0027.json
gmncsa24_gmncsa_fall_066_w0007,gmncsa24_gmncsa_fall_066,fall,val,/Users/varunreddyseelam/Desktop/Gen_ai/final_pipeline/data/windows/val/fall/gmncsa24_gmncsa_fall_066/gmncsa24_gmncsa_fall_066_w0007.json
gmncsa24_gmncsa_fall_066_w0011,gmncsa24_gmncsa_fall_066,fall,val,/Users/varunreddyseelam/Desktop/Gen_ai/final_pipeline/data/windows/val/fall/gmncsa24_gmncsa_fall_066/gmncsa24_gmncsa_fall_066_w0011.json
gmncsa24_gmncsa_fall_066_w0004,gmncsa24_gmncsa_fall_066,fall,val,/Users/varunreddyseelam/Desktop/Gen_ai/final_pipeline/data/windows/val/fall/gmncsa24_gmncsa_fall_066/gmncsa24_gmncsa_fall_066_w0004.json
gmncsa24_gmncsa_fall_066_w0012,gmncsa24_gmncsa_fall_066,fall,val,/Users/varunreddyseelam/Desktop/Gen_ai/final_pipeline/data/windows/val/fall/gmncsa24_gmncsa_fall_066/gmncsa24_gmncsa_fall_066_w0012.json
gmncsa24_gmncsa_fall_066_w0028,gmncsa24_gmncsa_fall_066,fall,val,/Users/varunreddyseelam/Desktop/Gen_ai/final_pipeline/data/windows/val/fall/gmncsa24_gmncsa_fall_066/gmncsa24_gmncsa_fall_066_w0028.json
gmncsa24_gmncsa_fall_066_w0008,gmncsa24_gmncsa_fall_066,fall,val,/Users/varunreddyseelam/Desktop/Gen_ai/final_pipeline/data/windows/val/fall/gmncsa24_gmncsa_fall_066/gmncsa24_gmncsa_fall_066_w0008.json
gmncsa24_gmncsa_fall_066_w0032,gmncsa24_gmncsa_fall_066,fall,val,/Users/varunreddyseelam/Desktop/Gen_ai/final_pipeline/data/windows/val/fall/gmncsa24_gmncsa_fall_066/gmncsa24_gmncsa_fall_066_w0032.json
gmncsa24_gmncsa_fall_066_w0024,gmncsa24_gmncsa_fall_066,fall,val,/Users/varunreddyseelam/Desktop/Gen_ai/final_pipeline/data/windows/val/fall/gmncsa24_gmncsa_fall_066/gmncsa24_gmncsa_fall_066_w0024.json
gmncsa24_gmncsa_fall_066_w0025,gmncsa24_gmncsa_fall_066,fall,val,/Users/varunreddyseelam/Desktop/Gen_ai/final_pipeline/data/windows/val/fall/gmncsa24_gmncsa_fall_066/gmncsa24_gmncsa_fall_066_w0025.json
gmncsa24_gmncsa_fall_066_w0033,gmncsa24_gmncsa_fall_066,fall,val,/Users/varunreddyseelam/Desktop/Gen_ai/final_pipeline/data/windows/val/fall/gmncsa24_gmncsa_fall_066/gmncsa24_gmncsa_fall_066_w0033.json
gmncsa24_gmncsa_fall_066_w0009,gmncsa24_gmncsa_fall_066,fall,val,/Users/varunreddyseelam/Desktop/Gen_ai/final_pipeline/data/windows/val/fall/gmncsa24_gmncsa_fall_066/gmncsa24_gmncsa_fall_066_w0009.json
gmncsa24_gmncsa_fall_066_w0029,gmncsa24_gmncsa_fall_066,fall,val,/Users/varunreddyseelam/Desktop/Gen_ai/final_pipeline/data/windows/val/fall/gmncsa24_gmncsa_fall_066/gmncsa24_gmncsa_fall_066_w0029.json
gmncsa24_gmncsa_fall_066_w0013,gmncsa24_gmncsa_fall_066,fall,val,/Users/varunreddyseelam/Desktop/Gen_ai/final_pipeline/data/windows/val/fall/gmncsa24_gmncsa_fall_066/gmncsa24_gmncsa_fall_066_w0013.json
gmncsa24_gmncsa_fall_066_w0005,gmncsa24_gmncsa_fall_066,fall,val,/Users/varunreddyseelam/Desktop/Gen_ai/final_pipeline/data/windows/val/fall/gmncsa24_gmncsa_fall_066/gmncsa24_gmncsa_fall_066_w0005.json
gmncsa24_gmncsa_fall_066_w0018,gmncsa24_gmncsa_fall_066,fall,val,/Users/varunreddyseelam/Desktop/Gen_ai/final_pipeline/data/windows/val/fall/gmncsa24_gmncsa_fall_066/gmncsa24_gmncsa_fall_066_w0018.json
gmncsa24_gmncsa_fall_066_w0022,gmncsa24_gmncsa_fall_066,fall,val,/Users/varunreddyseelam/Desktop/Gen_ai/final_pipeline/data/windows/val/fall/gmncsa24_gmncsa_fall_066/gmncsa24_gmncsa_fall_066_w0022.json
gmncsa24_gmncsa_fall_066_w0002,gmncsa24_gmncsa_fall_066,fall,val,/Users/varunreddyseelam/Desktop/Gen_ai/final_pipeline/data/windows/val/fall/gmncsa24_gmncsa_fall_066/gmncsa24_gmncsa_fall_066_w0002.json
gmncsa24_gmncsa_fall_066_w0014,gmncsa24_gmncsa_fall_066,fall,val,/Users/varunreddyseelam/Desktop/Gen_ai/final_pipeline/data/windows/val/fall/gmncsa24_gmncsa_fall_066/gmncsa24_gmncsa_fall_066_w0014.json
gmncsa24_gmncsa_fall_066_w0015,gmncsa24_gmncsa_fall_066,fall,val,/Users/varunreddyseelam/Desktop/Gen_ai/final_pipeline/data/windows/val/fall/gmncsa24_gmncsa_fall_066/gmncsa24_gmncsa_fall_066_w0015.json
gmncsa24_gmncsa_fall_066_w0003,gmncsa24_gmncsa_fall_066,fall,val,/Users/varunreddyseelam/Desktop/Gen_ai/final_pipeline/data/windows/val/fall/gmncsa24_gmncsa_fall_066/gmncsa24_gmncsa_fall_066_w0003.json
gmncsa24_gmncsa_fall_066_w0023,gmncsa24_gmncsa_fall_066,fall,val,/Users/varunreddyseelam/Desktop/Gen_ai/final_pipeline/data/windows/val/fall/gmncsa24_gmncsa_fall_066/gmncsa24_gmncsa_fall_066_w0023.json
gmncsa24_gmncsa_fall_066_w0019,gmncsa24_gmncsa_fall_066,fall,val,/Users/varunreddyseelam/Desktop/Gen_ai/final_pipeline/data/windows/val/fall/gmncsa24_gmncsa_fall_066/gmncsa24_gmncsa_fall_066_w0019.json
gmncsa24_gmncsa_fall_002_w0038,gmncsa24_gmncsa_fall_002,fall,val,/Users/varunreddyseelam/Desktop/Gen_ai/final_pipeline/data/windows/val/fall/gmncsa24_gmncsa_fall_002/gmncsa24_gmncsa_fall_002_w0038.json
gmncsa24_gmncsa_fall_002_w0002,gmncsa24_gmncsa_fall_002,fall,val,/Users/varunreddyseelam/Desktop/Gen_ai/final_pipeline/data/windows/val/fall/gmncsa24_gmncsa_fall_002/gmncsa24_gmncsa_fall_002_w0002.json
gmncsa24_gmncsa_fall_002_w0014,gmncsa24_gmncsa_fall_002,fall,val,/Users/varunreddyseelam/Desktop/Gen_ai/final_pipeline/data/windows/val/fall/gmncsa24_gmncsa_fall_002/gmncsa24_gmncsa_fall_002_w0014.json
gmncsa24_gmncsa_fall_002_w0034,gmncsa24_gmncsa_fall_002,fall,val,/Users/varunreddyseelam/Desktop/Gen_ai/final_pipeline/data/windows/val/fall/gmncsa24_gmncsa_fall_002/gmncsa24_gmncsa_fall_002_w0034.json
gmncsa24_gmncsa_fall_002_w0022,gmncsa24_gmncsa_fall_002,fall,val,/Users/varunreddyseelam/Desktop/Gen_ai/final_pipeline/data/windows/val/fall/gmncsa24_gmncsa_fall_002/gmncsa24_gmncsa_fall_002_w0022.json
gmncsa24_gmncsa_fall_002_w0018,gmncsa24_gmncsa_fall_002,fall,val,/Users/varunreddyseelam/Desktop/Gen_ai/final_pipeline/data/windows/val/fall/gmncsa24_gmncsa_fall_002/gmncsa24_gmncsa_fall_002_w0018.json
gmncsa24_gmncsa_fall_002_w0019,gmncsa24_gmncsa_fall_002,fall,val,/Users/varunreddyseelam/Desktop/Gen_ai/final_pipeline/data/windows/val/fall/gmncsa24_gmncsa_fall_002/gmncsa24_gmncsa_fall_002_w0019.json
gmncsa24_gmncsa_fall_002_w0023,gmncsa24_gmncsa_fall_002,fall,val,/Users/varunreddyseelam/Desktop/Gen_ai/final_pipeline/data/windows/val/fall/gmncsa24_gmncsa_fall_002/gmncsa24_gmncsa_fall_002_w0023.json
gmncsa24_gmncsa_fall_002_w0035,gmncsa24_gmncsa_fall_002,fall,val,/Users/varunreddyseelam/Desktop/Gen_ai/final_pipeline/data/windows/val/fall/gmncsa24_gmncsa_fall_002/gmncsa24_gmncsa_fall_002_w0035.json
gmncsa24_gmncsa_fall_002_w0042,gmncsa24_gmncsa_fall_002,fall,val,/Users/varunreddyseelam/Desktop/Gen_ai/final_pipeline/data/windows/val/fall/gmncsa24_gmncsa_fall_002/gmncsa24_gmncsa_fall_002_w0042.json
gmncsa24_gmncsa_fall_002_w0015,gmncsa24_gmncsa_fall_002,fall,val,/Users/varunreddyseelam/Desktop/Gen_ai/final_pipeline/data/windows/val/fall/gmncsa24_gmncsa_fall_002/gmncsa24_gmncsa_fall_002_w0015.json
gmncsa24_gmncsa_fall_002_w0003,gmncsa24_gmncsa_fall_002,fall,val,/Users/varunreddyseelam/Desktop/Gen_ai/final_pipeline/data/windows/val/fall/gmncsa24_gmncsa_fall_002/gmncsa24_gmncsa_fall_002_w0003.json
gmncsa24_gmncsa_fall_002_w0039,gmncsa24_gmncsa_fall_002,fall,val,/Users/varunreddyseelam/Desktop/Gen_ai/final_pipeline/data/windows/val/fall/gmncsa24_gmncsa_fall_002/gmncsa24_gmncsa_fall_002_w0039.json
gmncsa24_gmncsa_fall_002_w0032,gmncsa24_gmncsa_fall_002,fall,val,/Users/varunreddyseelam/Desktop/Gen_ai/final_pipeline/data/windows/val/fall/gmncsa24_gmncsa_fall_002/gmncsa24_gmncsa_fall_002_w0032.json
gmncsa24_gmncsa_fall_002_w0024,gmncsa24_gmncsa_fall_002,fall,val,/Users/varunreddyseelam/Desktop/Gen_ai/final_pipeline/data/windows/val/fall/gmncsa24_gmncsa_fall_002/gmncsa24_gmncsa_fall_002_w0024.json
gmncsa24_gmncsa_fall_002_w0008,gmncsa24_gmncsa_fall_002,fall,val,/Users/varunreddyseelam/Desktop/Gen_ai/final_pipeline/data/windows/val/fall/gmncsa24_gmncsa_fall_002/gmncsa24_gmncsa_fall_002_w0008.json
gmncsa24_gmncsa_fall_002_w0028,gmncsa24_gmncsa_fall_002,fall,val,/Users/varunreddyseelam/Desktop/Gen_ai/final_pipeline/data/windows/val/fall/gmncsa24_gmncsa_fall_002/gmncsa24_gmncsa_fall_002_w0028.json
gmncsa24_gmncsa_fall_002_w0004,gmncsa24_gmncsa_fall_002,fall,val,/Users/varunreddyseelam/Desktop/Gen_ai/final_pipeline/data/windows/val/fall/gmncsa24_gmncsa_fall_002/gmncsa24_gmncsa_fall_002_w0004.json
gmncsa24_gmncsa_fall_002_w0012,gmncsa24_gmncsa_fall_002,fall,val,/Users/varunreddyseelam/Desktop/Gen_ai/final_pipeline/data/windows/val/fall/gmncsa24_gmncsa_fall_002/gmncsa24_gmncsa_fall_002_w0012.json
gmncsa24_gmncsa_fall_002_w0013,gmncsa24_gmncsa_fall_002,fall,val,/Users/varunreddyseelam/Desktop/Gen_ai/final_pipeline/data/windows/val/fall/gmncsa24_gmncsa_fall_002/gmncsa24_gmncsa_fall_002_w0013.json
gmncsa24_gmncsa_fall_002_w0005,gmncsa24_gmncsa_fall_002,fall,val,/Users/varunreddyseelam/Desktop/Gen_ai/final_pipeline/data/windows/val/fall/gmncsa24_gmncsa_fall_002/gmncsa24_gmncsa_fall_002_w0005.json
gmncsa24_gmncsa_fall_002_w0029,gmncsa24_gmncsa_fall_002,fall,val,/Users/varunreddyseelam/Desktop/Gen_ai/final_pipeline/data/windows/val/fall/gmncsa24_gmncsa_fall_002/gmncsa24_gmncsa_fall_002_w0029.json
gmncsa24_gmncsa_fall_002_w0009,gmncsa24_gmncsa_fall_002,fall,val,/Users/varunreddyseelam/Desktop/Gen_ai/final_pipeline/data/windows/val/fall/gmncsa24_gmncsa_fall_002/gmncsa24_gmncsa_fall_002_w0009.json
gmncsa24_gmncsa_fall_002_w0025,gmncsa24_gmncsa_fall_002,fall,val,/Users/varunreddyseelam/Desktop/Gen_ai/final_pipeline/data/windows/val/fall/gmncsa24_gmncsa_fall_002/gmncsa24_gmncsa_fall_002_w0025.json
gmncsa24_gmncsa_fall_002_w0033,gmncsa24_gmncsa_fall_002,fall,val,/Users/varunreddyseelam/Desktop/Gen_ai/final_pipeline/data/windows/val/fall/gmncsa24_gmncsa_fall_002/gmncsa24_gmncsa_fall_002_w0033.json
gmncsa24_gmncsa_fall_002_w0026,gmncsa24_gmncsa_fall_002,fall,val,/Users/varunreddyseelam/Desktop/Gen_ai/final_pipeline/data/windows/val/fall/gmncsa24_gmncsa_fall_002/gmncsa24_gmncsa_fall_002_w0026.json
gmncsa24_gmncsa_fall_002_w0030,gmncsa24_gmncsa_fall_002,fall,val,/Users/varunreddyseelam/Desktop/Gen_ai/final_pipeline/data/windows/val/fall/gmncsa24_gmncsa_fall_002/gmncsa24_gmncsa_fall_002_w0030.json
gmncsa24_gmncsa_fall_002_w0010,gmncsa24_gmncsa_fall_002,fall,val,/Users/varunreddyseelam/Desktop/Gen_ai/final_pipeline/data/windows/val/fall/gmncsa24_gmncsa_fall_002/gmncsa24_gmncsa_fall_002_w0010.json
gmncsa24_gmncsa_fall_002_w0006,gmncsa24_gmncsa_fall_002,fall,val,/Users/varunreddyseelam/Desktop/Gen_ai/final_pipeline/data/windows/val/fall/gmncsa24_gmncsa_fall_002/gmncsa24_gmncsa_fall_002_w0006.json
gmncsa24_gmncsa_fall_002_w0007,gmncsa24_gmncsa_fall_002,fall,val,/Users/varunreddyseelam/Desktop/Gen_ai/final_pipeline/data/windows/val/fall/gmncsa24_gmncsa_fall_002/gmncsa24_gmncsa_fall_002_w0007.json
gmncsa24_gmncsa_fall_002_w0011,gmncsa24_gmncsa_fall_002,fall,val,/Users/varunreddyseelam/Desktop/Gen_ai/final_pipeline/data/windows/val/fall/gmncsa24_gmncsa_fall_002/gmncsa24_gmncsa_fall_002_w0011.json
gmncsa24_gmncsa_fall_002_w0031,gmncsa24_gmncsa_fall_002,fall,val,/Users/varunreddyseelam/Desktop/Gen_ai/final_pipeline/data/windows/val/fall/gmncsa24_gmncsa_fall_002/gmncsa24_gmncsa_fall_002_w0031.json
gmncsa24_gmncsa_fall_002_w0027,gmncsa24_gmncsa_fall_002,fall,val,/Users/varunreddyseelam/Desktop/Gen_ai/final_pipeline/data/windows/val/fall/gmncsa24_gmncsa_fall_002/gmncsa24_gmncsa_fall_002_w0027.json
gmncsa24_gmncsa_fall_002_w0041,gmncsa24_gmncsa_fall_002,fall,val,/Users/varunreddyseelam/Desktop/Gen_ai/final_pipeline/data/windows/val/fall/gmncsa24_gmncsa_fall_002/gmncsa24_gmncsa_fall_002_w0041.json
gmncsa24_gmncsa_fall_002_w0016,gmncsa24_gmncsa_fall_002,fall,val,/Users/varunreddyseelam/Desktop/Gen_ai/final_pipeline/data/windows/val/fall/gmncsa24_gmncsa_fall_002/gmncsa24_gmncsa_fall_002_w0016.json
gmncsa24_gmncsa_fall_002_w0000,gmncsa24_gmncsa_fall_002,fall,val,/Users/varunreddyseelam/Desktop/Gen_ai/final_pipeline/data/windows/val/fall/gmncsa24_gmncsa_fall_002/gmncsa24_gmncsa_fall_002_w0000.json
gmncsa24_gmncsa_fall_002_w0020,gmncsa24_gmncsa_fall_002,fall,val,/Users/varunreddyseelam/Desktop/Gen_ai/final_pipeline/data/windows/val/fall/gmncsa24_gmncsa_fall_002/gmncsa24_gmncsa_fall_002_w0020.json
gmncsa24_gmncsa_fall_002_w0036,gmncsa24_gmncsa_fall_002,fall,val,/Users/varunreddyseelam/Desktop/Gen_ai/final_pipeline/data/windows/val/fall/gmncsa24_gmncsa_fall_002/gmncsa24_gmncsa_fall_002_w0036.json
gmncsa24_gmncsa_fall_002_w0037,gmncsa24_gmncsa_fall_002,fall,val,/Users/varunreddyseelam/Desktop/Gen_ai/final_pipeline/data/windows/val/fall/gmncsa24_gmncsa_fall_002/gmncsa24_gmncsa_fall_002_w0037.json
gmncsa24_gmncsa_fall_002_w0021,gmncsa24_gmncsa_fall_002,fall,val,/Users/varunreddyseelam/Desktop/Gen_ai/final_pipeline/data/windows/val/fall/gmncsa24_gmncsa_fall_002/gmncsa24_gmncsa_fall_002_w0021.json
gmncsa24_gmncsa_fall_002_w0001,gmncsa24_gmncsa_fall_002,fall,val,/Users/varunreddyseelam/Desktop/Gen_ai/final_pipeline/data/windows/val/fall/gmncsa24_gmncsa_fall_002/gmncsa24_gmncsa_fall_002_w0001.json
gmncsa24_gmncsa_fall_002_w0017,gmncsa24_gmncsa_fall_002,fall,val,/Users/varunreddyseelam/Desktop/Gen_ai/final_pipeline/data/windows/val/fall/gmncsa24_gmncsa_fall_002/gmncsa24_gmncsa_fall_002_w0017.json
gmncsa24_gmncsa_fall_002_w0040,gmncsa24_gmncsa_fall_002,fall,val,/Users/varunreddyseelam/Desktop/Gen_ai/final_pipeline/data/windows/val/fall/gmncsa24_gmncsa_fall_002/gmncsa24_gmncsa_fall_002_w0040.json
le2i_CR01_video_26_fall_w0004,le2i_CR01_video_26_fall,fall,val,/Users/varunreddyseelam/Desktop/Gen_ai/final_pipeline/data/windows/val/fall/le2i_CR01_video_26_fall/le2i_CR01_video_26_fall_w0004.json
le2i_CR01_video_26_fall_w0053,le2i_CR01_video_26_fall,fall,val,/Users/varunreddyseelam/Desktop/Gen_ai/final_pipeline/data/windows/val/fall/le2i_CR01_video_26_fall/le2i_CR01_video_26_fall_w0053.json
le2i_CR01_video_26_fall_w0045,le2i_CR01_video_26_fall,fall,val,/Users/varunreddyseelam/Desktop/Gen_ai/final_pipeline/data/windows/val/fall/le2i_CR01_video_26_fall/le2i_CR01_video_26_fall_w0045.json
le2i_CR01_video_26_fall_w0012,le2i_CR01_video_26_fall,fall,val,/Users/varunreddyseelam/Desktop/Gen_ai/final_pipeline/data/windows/val/fall/le2i_CR01_video_26_fall/le2i_CR01_video_26_fall_w0012.json
le2i_CR01_video_26_fall_w0028,le2i_CR01_video_26_fall,fall,val,/Users/varunreddyseelam/Desktop/Gen_ai/final_pipeline/data/windows/val/fall/le2i_CR01_video_26_fall/le2i_CR01_video_26_fall_w0028.json
le2i_CR01_video_26_fall_w0008,le2i_CR01_video_26_fall,fall,val,/Users/varunreddyseelam/Desktop/Gen_ai/final_pipeline/data/windows/val/fall/le2i_CR01_video_26_fall/le2i_CR01_video_26_fall_w0008.json
le2i_CR01_video_26_fall_w0049,le2i_CR01_video_26_fall,fall,val,/Users/varunreddyseelam/Desktop/Gen_ai/final_pipeline/data/windows/val/fall/le2i_CR01_video_26_fall/le2i_CR01_video_26_fall_w0049.json
le2i_CR01_video_26_fall_w0032,le2i_CR01_video_26_fall,fall,val,/Users/varunreddyseelam/Desktop/Gen_ai/final_pipeline/data/windows/val/fall/le2i_CR01_video_26_fall/le2i_CR01_video_26_fall_w0032.json
le2i_CR01_video_26_fall_w0024,le2i_CR01_video_26_fall,fall,val,/Users/varunreddyseelam/Desktop/Gen_ai/final_pipeline/data/windows/val/fall/le2i_CR01_video_26_fall/le2i_CR01_video_26_fall_w0024.json
le2i_CR01_video_26_fall_w0025,le2i_CR01_video_26_fall,fall,val,/Users/varunreddyseelam/Desktop/Gen_ai/final_pipeline/data/windows/val/fall/le2i_CR01_video_26_fall/le2i_CR01_video_26_fall_w0025.json
le2i_CR01_video_26_fall_w0033,le2i_CR01_video_26_fall,fall,val,/Users/varunreddyseelam/Desktop/Gen_ai/final_pipeline/data/windows/val/fall/le2i_CR01_video_26_fall/le2i_CR01_video_26_fall_w0033.json
le2i_CR01_video_26_fall_w0048,le2i_CR01_video_26_fall,fall,val,/Users/varunreddyseelam/Desktop/Gen_ai/final_pipeline/data/windows/val/fall/le2i_CR01_video_26_fall/le2i_CR01_video_26_fall_w0048.json
le2i_CR01_video_26_fall_w0009,le2i_CR01_video_26_fall,fall,val,/Users/varunreddyseelam/Desktop/Gen_ai/final_pipeline/data/windows/val/fall/le2i_CR01_video_26_fall/le2i_CR01_video_26_fall_w0009.json
le2i_CR01_video_26_fall_w0029,le2i_CR01_video_26_fall,fall,val,/Users/varunreddyseelam/Desktop/Gen_ai/final_pipeline/data/windows/val/fall/le2i_CR01_video_26_fall/le2i_CR01_video_26_fall_w0029.json
le2i_CR01_video_26_fall_w0013,le2i_CR01_video_26_fall,fall,val,/Users/varunreddyseelam/Desktop/Gen_ai/final_pipeline/data/windows/val/fall/le2i_CR01_video_26_fall/le2i_CR01_video_26_fall_w0013.json
le2i_CR01_video_26_fall_w0044,le2i_CR01_video_26_fall,fall,val,/Users/varunreddyseelam/Desktop/Gen_ai/final_pipeline/data/windows/val/fall/le2i_CR01_video_26_fall/le2i_CR01_video_26_fall_w0044.json
le2i_CR01_video_26_fall_w0052,le2i_CR01_video_26_fall,fall,val,/Users/varunreddyseelam/Desktop/Gen_ai/final_pipeline/data/windows/val/fall/le2i_CR01_video_26_fall/le2i_CR01_video_26_fall_w0052.json
le2i_CR01_video_26_fall_w0005,le2i_CR01_video_26_fall,fall,val,/Users/varunreddyseelam/Desktop/Gen_ai/final_pipeline/data/windows/val/fall/le2i_CR01_video_26_fall/le2i_CR01_video_26_fall_w0005.json
le2i_CR01_video_26_fall_w0018,le2i_CR01_video_26_fall,fall,val,/Users/varunreddyseelam/Desktop/Gen_ai/final_pipeline/data/windows/val/fall/le2i_CR01_video_26_fall/le2i_CR01_video_26_fall_w0018.json
le2i_CR01_video_26_fall_w0034,le2i_CR01_video_26_fall,fall,val,/Users/varunreddyseelam/Desktop/Gen_ai/final_pipeline/data/windows/val/fall/le2i_CR01_video_26_fall/le2i_CR01_video_26_fall_w0034.json
le2i_CR01_video_26_fall_w0022,le2i_CR01_video_26_fall,fall,val,/Users/varunreddyseelam/Desktop/Gen_ai/final_pipeline/data/windows/val/fall/le2i_CR01_video_26_fall/le2i_CR01_video_26_fall_w0022.json
le2i_CR01_video_26_fall_w0002,le2i_CR01_video_26_fall,fall,val,/Users/varunreddyseelam/Desktop/Gen_ai/final_pipeline/data/windows/val/fall/le2i_CR01_video_26_fall/le2i_CR01_video_26_fall_w0002.json
le2i_CR01_video_26_fall_w0043,le2i_CR01_video_26_fall,fall,val,/Users/varunreddyseelam/Desktop/Gen_ai/final_pipeline/data/windows/val/fall/le2i_CR01_video_26_fall/le2i_CR01_video_26_fall_w0043.json
le2i_CR01_video_26_fall_w0014,le2i_CR01_video_26_fall,fall,val,/Users/varunreddyseelam/Desktop/Gen_ai/final_pipeline/data/windows/val/fall/le2i_CR01_video_26_fall/le2i_CR01_video_26_fall_w0014.json
le2i_CR01_video_26_fall_w0038,le2i_CR01_video_26_fall,fall,val,/Users/varunreddyseelam/Desktop/Gen_ai/final_pipeline/data/windows/val/fall/le2i_CR01_video_26_fall/le2i_CR01_video_26_fall_w0038.json
le2i_CR01_video_26_fall_w0039,le2i_CR01_video_26_fall,fall,val,/Users/varunreddyseelam/Desktop/Gen_ai/final_pipeline/data/windows/val/fall/le2i_CR01_video_26_fall/le2i_CR01_video_26_fall_w0039.json
le2i_CR01_video_26_fall_w0015,le2i_CR01_video_26_fall,fall,val,/Users/varunreddyseelam/Desktop/Gen_ai/final_pipeline/data/windows/val/fall/le2i_CR01_video_26_fall/le2i_CR01_video_26_fall_w0015.json
le2i_CR01_video_26_fall_w0042,le2i_CR01_video_26_fall,fall,val,/Users/varunreddyseelam/Desktop/Gen_ai/final_pipeline/data/windows/val/fall/le2i_CR01_video_26_fall/le2i_CR01_video_26_fall_w0042.json
le2i_CR01_video_26_fall_w0003,le2i_CR01_video_26_fall,fall,val,/Users/varunreddyseelam/Desktop/Gen_ai/final_pipeline/data/windows/val/fall/le2i_CR01_video_26_fall/le2i_CR01_video_26_fall_w0003.json
le2i_CR01_video_26_fall_w0023,le2i_CR01_video_26_fall,fall,val,/Users/varunreddyseelam/Desktop/Gen_ai/final_pipeline/data/windows/val/fall/le2i_CR01_video_26_fall/le2i_CR01_video_26_fall_w0023.json
le2i_CR01_video_26_fall_w0035,le2i_CR01_video_26_fall,fall,val,/Users/varunreddyseelam/Desktop/Gen_ai/final_pipeline/data/windows/val/fall/le2i_CR01_video_26_fall/le2i_CR01_video_26_fall_w0035.json
le2i_CR01_video_26_fall_w0019,le2i_CR01_video_26_fall,fall,val,/Users/varunreddyseelam/Desktop/Gen_ai/final_pipeline/data/windows/val/fall/le2i_CR01_video_26_fall/le2i_CR01_video_26_fall_w0019.json
le2i_CR01_video_26_fall_w0020,le2i_CR01_video_26_fall,fall,val,/Users/varunreddyseelam/Desktop/Gen_ai/final_pipeline/data/windows/val/fall/le2i_CR01_video_26_fall/le2i_CR01_video_26_fall_w0020.json
le2i_CR01_video_26_fall_w0036,le2i_CR01_video_26_fall,fall,val,/Users/varunreddyseelam/Desktop/Gen_ai/final_pipeline/data/windows/val/fall/le2i_CR01_video_26_fall/le2i_CR01_video_26_fall_w0036.json
le2i_CR01_video_26_fall_w0016,le2i_CR01_video_26_fall,fall,val,/Users/varunreddyseelam/Desktop/Gen_ai/final_pipeline/data/windows/val/fall/le2i_CR01_video_26_fall/le2i_CR01_video_26_fall_w0016.json
le2i_CR01_video_26_fall_w0041,le2i_CR01_video_26_fall,fall,val,/Users/varunreddyseelam/Desktop/Gen_ai/final_pipeline/data/windows/val/fall/le2i_CR01_video_26_fall/le2i_CR01_video_26_fall_w0041.json
le2i_CR01_video_26_fall_w0000,le2i_CR01_video_26_fall,fall,val,/Users/varunreddyseelam/Desktop/Gen_ai/final_pipeline/data/windows/val/fall/le2i_CR01_video_26_fall/le2i_CR01_video_26_fall_w0000.json
le2i_CR01_video_26_fall_w0001,le2i_CR01_video_26_fall,fall,val,/Users/varunreddyseelam/Desktop/Gen_ai/final_pipeline/data/windows/val/fall/le2i_CR01_video_26_fall/le2i_CR01_video_26_fall_w0001.json
le2i_CR01_video_26_fall_w0040,le2i_CR01_video_26_fall,fall,val,/Users/varunreddyseelam/Desktop/Gen_ai/final_pipeline/data/windows/val/fall/le2i_CR01_video_26_fall/le2i_CR01_video_26_fall_w0040.json
le2i_CR01_video_26_fall_w0017,le2i_CR01_video_26_fall,fall,val,/Users/varunreddyseelam/Desktop/Gen_ai/final_pipeline/data/windows/val/fall/le2i_CR01_video_26_fall/le2i_CR01_video_26_fall_w0017.json
le2i_CR01_video_26_fall_w0037,le2i_CR01_video_26_fall,fall,val,/Users/varunreddyseelam/Desktop/Gen_ai/final_pipeline/data/windows/val/fall/le2i_CR01_video_26_fall/le2i_CR01_video_26_fall_w0037.json
le2i_CR01_video_26_fall_w0021,le2i_CR01_video_26_fall,fall,val,/Users/varunreddyseelam/Desktop/Gen_ai/final_pipeline/data/windows/val/fall/le2i_CR01_video_26_fall/le2i_CR01_video_26_fall_w0021.json
le2i_CR01_video_26_fall_w0010,le2i_CR01_video_26_fall,fall,val,/Users/varunreddyseelam/Desktop/Gen_ai/final_pipeline/data/windows/val/fall/le2i_CR01_video_26_fall/le2i_CR01_video_26_fall_w0010.json
le2i_CR01_video_26_fall_w0047,le2i_CR01_video_26_fall,fall,val,/Users/varunreddyseelam/Desktop/Gen_ai/final_pipeline/data/windows/val/fall/le2i_CR01_video_26_fall/le2i_CR01_video_26_fall_w0047.json
le2i_CR01_video_26_fall_w0051,le2i_CR01_video_26_fall,fall,val,/Users/varunreddyseelam/Desktop/Gen_ai/final_pipeline/data/windows/val/fall/le2i_CR01_video_26_fall/le2i_CR01_video_26_fall_w0051.json
le2i_CR01_video_26_fall_w0006,le2i_CR01_video_26_fall,fall,val,/Users/varunreddyseelam/Desktop/Gen_ai/final_pipeline/data/windows/val/fall/le2i_CR01_video_26_fall/le2i_CR01_video_26_fall_w0006.json
le2i_CR01_video_26_fall_w0026,le2i_CR01_video_26_fall,fall,val,/Users/varunreddyseelam/Desktop/Gen_ai/final_pipeline/data/windows/val/fall/le2i_CR01_video_26_fall/le2i_CR01_video_26_fall_w0026.json
le2i_CR01_video_26_fall_w0030,le2i_CR01_video_26_fall,fall,val,/Users/varunreddyseelam/Desktop/Gen_ai/final_pipeline/data/windows/val/fall/le2i_CR01_video_26_fall/le2i_CR01_video_26_fall_w0030.json
le2i_CR01_video_26_fall_w0031,le2i_CR01_video_26_fall,fall,val,/Users/varunreddyseelam/Desktop/Gen_ai/final_pipeline/data/windows/val/fall/le2i_CR01_video_26_fall/le2i_CR01_video_26_fall_w0031.json
le2i_CR01_video_26_fall_w0027,le2i_CR01_video_26_fall,fall,val,/Users/varunreddyseelam/Desktop/Gen_ai/final_pipeline/data/windows/val/fall/le2i_CR01_video_26_fall/le2i_CR01_video_26_fall_w0027.json
le2i_CR01_video_26_fall_w0007,le2i_CR01_video_26_fall,fall,val,/Users/varunreddyseelam/Desktop/Gen_ai/final_pipeline/data/windows/val/fall/le2i_CR01_video_26_fall/le2i_CR01_video_26_fall_w0007.json
le2i_CR01_video_26_fall_w0050,le2i_CR01_video_26_fall,fall,val,/Users/varunreddyseelam/Desktop/Gen_ai/final_pipeline/data/windows/val/fall/le2i_CR01_video_26_fall/le2i_CR01_video_26_fall_w0050.json
le2i_CR01_video_26_fall_w0046,le2i_CR01_video_26_fall,fall,val,/Users/varunreddyseelam/Desktop/Gen_ai/final_pipeline/data/windows/val/fall/le2i_CR01_video_26_fall/le2i_CR01_video_26_fall_w0046.json
le2i_CR01_video_26_fall_w0011,le2i_CR01_video_26_fall,fall,val,/Users/varunreddyseelam/Desktop/Gen_ai/final_pipeline/data/windows/val/fall/le2i_CR01_video_26_fall/le2i_CR01_video_26_fall_w0011.json
le2i_CR01_video_9_fall_w0002,le2i_CR01_video_9_fall,fall,val,/Users/varunreddyseelam/Desktop/Gen_ai/final_pipeline/data/windows/val/fall/le2i_CR01_video_9_fall/le2i_CR01_video_9_fall_w0002.json
le2i_CR01_video_9_fall_w0003,le2i_CR01_video_9_fall,fall,val,/Users/varunreddyseelam/Desktop/Gen_ai/final_pipeline/data/windows/val/fall/le2i_CR01_video_9_fall/le2i_CR01_video_9_fall_w0003.json
le2i_CR01_video_9_fall_w0004,le2i_CR01_video_9_fall,fall,val,/Users/varunreddyseelam/Desktop/Gen_ai/final_pipeline/data/windows/val/fall/le2i_CR01_video_9_fall/le2i_CR01_video_9_fall_w0004.json
le2i_CR01_video_9_fall_w0000,le2i_CR01_video_9_fall,fall,val,/Users/varunreddyseelam/Desktop/Gen_ai/final_pipeline/data/windows/val/fall/le2i_CR01_video_9_fall/le2i_CR01_video_9_fall_w0000.json
le2i_CR01_video_9_fall_w0001,le2i_CR01_video_9_fall,fall,val,/Users/varunreddyseelam/Desktop/Gen_ai/final_pipeline/data/windows/val/fall/le2i_CR01_video_9_fall/le2i_CR01_video_9_fall_w0001.json
le2i_CR02_video_57_fall_w0005,le2i_CR02_video_57_fall,fall,val,/Users/varunreddyseelam/Desktop/Gen_ai/final_pipeline/data/windows/val/fall/le2i_CR02_video_57_fall/le2i_CR02_video_57_fall_w0005.json
le2i_CR02_video_57_fall_w0004,le2i_CR02_video_57_fall,fall,val,/Users/varunreddyseelam/Desktop/Gen_ai/final_pipeline/data/windows/val/fall/le2i_CR02_video_57_fall/le2i_CR02_video_57_fall_w0004.json
le2i_CR02_video_57_fall_w0003,le2i_CR02_video_57_fall,fall,val,/Users/varunreddyseelam/Desktop/Gen_ai/final_pipeline/data/windows/val/fall/le2i_CR02_video_57_fall/le2i_CR02_video_57_fall_w0003.json
le2i_CR02_video_57_fall_w0002,le2i_CR02_video_57_fall,fall,val,/Users/varunreddyseelam/Desktop/Gen_ai/final_pipeline/data/windows/val/fall/le2i_CR02_video_57_fall/le2i_CR02_video_57_fall_w0002.json
le2i_CR02_video_57_fall_w0001,le2i_CR02_video_57_fall,fall,val,/Users/varunreddyseelam/Desktop/Gen_ai/final_pipeline/data/windows/val/fall/le2i_CR02_video_57_fall/le2i_CR02_video_57_fall_w0001.json
le2i_CR02_video_57_fall_w0000,le2i_CR02_video_57_fall,fall,val,/Users/varunreddyseelam/Desktop/Gen_ai/final_pipeline/data/windows/val/fall/le2i_CR02_video_57_fall/le2i_CR02_video_57_fall_w0000.json
le2i_CR02_video_57_fall_w0007,le2i_CR02_video_57_fall,fall,val,/Users/varunreddyseelam/Desktop/Gen_ai/final_pipeline/data/windows/val/fall/le2i_CR02_video_57_fall/le2i_CR02_video_57_fall_w0007.json
le2i_CR02_video_57_fall_w0006,le2i_CR02_video_57_fall,fall,val,/Users/varunreddyseelam/Desktop/Gen_ai/final_pipeline/data/windows/val/fall/le2i_CR02_video_57_fall/le2i_CR02_video_57_fall_w0006.json
le2i_CR01_video_36_fall_w0002,le2i_CR01_video_36_fall,fall,val,/Users/varunreddyseelam/Desktop/Gen_ai/final_pipeline/data/windows/val/fall/le2i_CR01_video_36_fall/le2i_CR01_video_36_fall_w0002.json
le2i_CR01_video_36_fall_w0003,le2i_CR01_video_36_fall,fall,val,/Users/varunreddyseelam/Desktop/Gen_ai/final_pipeline/data/windows/val/fall/le2i_CR01_video_36_fall/le2i_CR01_video_36_fall_w0003.json
le2i_CR01_video_36_fall_w0000,le2i_CR01_video_36_fall,fall,val,/Users/varunreddyseelam/Desktop/Gen_ai/final_pipeline/data/windows/val/fall/le2i_CR01_video_36_fall/le2i_CR01_video_36_fall_w0000.json
le2i_CR01_video_36_fall_w0001,le2i_CR01_video_36_fall,fall,val,/Users/varunreddyseelam/Desktop/Gen_ai/final_pipeline/data/windows/val/fall/le2i_CR01_video_36_fall/le2i_CR01_video_36_fall_w0001.json
gmncsa24_gmncsa_fall_020_w0030,gmncsa24_gmncsa_fall_020,fall,val,/Users/varunreddyseelam/Desktop/Gen_ai/final_pipeline/data/windows/val/fall/gmncsa24_gmncsa_fall_020/gmncsa24_gmncsa_fall_020_w0030.json
gmncsa24_gmncsa_fall_020_w0026,gmncsa24_gmncsa_fall_020,fall,val,/Users/varunreddyseelam/Desktop/Gen_ai/final_pipeline/data/windows/val/fall/gmncsa24_gmncsa_fall_020/gmncsa24_gmncsa_fall_020_w0026.json
gmncsa24_gmncsa_fall_020_w0006,gmncsa24_gmncsa_fall_020,fall,val,/Users/varunreddyseelam/Desktop/Gen_ai/final_pipeline/data/windows/val/fall/gmncsa24_gmncsa_fall_020/gmncsa24_gmncsa_fall_020_w0006.json
gmncsa24_gmncsa_fall_020_w0010,gmncsa24_gmncsa_fall_020,fall,val,/Users/varunreddyseelam/Desktop/Gen_ai/final_pipeline/data/windows/val/fall/gmncsa24_gmncsa_fall_020/gmncsa24_gmncsa_fall_020_w0010.json
gmncsa24_gmncsa_fall_020_w0011,gmncsa24_gmncsa_fall_020,fall,val,/Users/varunreddyseelam/Desktop/Gen_ai/final_pipeline/data/windows/val/fall/gmncsa24_gmncsa_fall_020/gmncsa24_gmncsa_fall_020_w0011.json
gmncsa24_gmncsa_fall_020_w0007,gmncsa24_gmncsa_fall_020,fall,val,/Users/varunreddyseelam/Desktop/Gen_ai/final_pipeline/data/windows/val/fall/gmncsa24_gmncsa_fall_020/gmncsa24_gmncsa_fall_020_w0007.json
gmncsa24_gmncsa_fall_020_w0027,gmncsa24_gmncsa_fall_020,fall,val,/Users/varunreddyseelam/Desktop/Gen_ai/final_pipeline/data/windows/val/fall/gmncsa24_gmncsa_fall_020/gmncsa24_gmncsa_fall_020_w0027.json
gmncsa24_gmncsa_fall_020_w0031,gmncsa24_gmncsa_fall_020,fall,val,/Users/varunreddyseelam/Desktop/Gen_ai/final_pipeline/data/windows/val/fall/gmncsa24_gmncsa_fall_020/gmncsa24_gmncsa_fall_020_w0031.json
gmncsa24_gmncsa_fall_020_w0000,gmncsa24_gmncsa_fall_020,fall,val,/Users/varunreddyseelam/Desktop/Gen_ai/final_pipeline/data/windows/val/fall/gmncsa24_gmncsa_fall_020/gmncsa24_gmncsa_fall_020_w0000.json
gmncsa24_gmncsa_fall_020_w0016,gmncsa24_gmncsa_fall_020,fall,val,/Users/varunreddyseelam/Desktop/Gen_ai/final_pipeline/data/windows/val/fall/gmncsa24_gmncsa_fall_020/gmncsa24_gmncsa_fall_020_w0016.json
gmncsa24_gmncsa_fall_020_w0020,gmncsa24_gmncsa_fall_020,fall,val,/Users/varunreddyseelam/Desktop/Gen_ai/final_pipeline/data/windows/val/fall/gmncsa24_gmncsa_fall_020/gmncsa24_gmncsa_fall_020_w0020.json
gmncsa24_gmncsa_fall_020_w0021,gmncsa24_gmncsa_fall_020,fall,val,/Users/varunreddyseelam/Desktop/Gen_ai/final_pipeline/data/windows/val/fall/gmncsa24_gmncsa_fall_020/gmncsa24_gmncsa_fall_020_w0021.json
gmncsa24_gmncsa_fall_020_w0017,gmncsa24_gmncsa_fall_020,fall,val,/Users/varunreddyseelam/Desktop/Gen_ai/final_pipeline/data/windows/val/fall/gmncsa24_gmncsa_fall_020/gmncsa24_gmncsa_fall_020_w0017.json
gmncsa24_gmncsa_fall_020_w0001,gmncsa24_gmncsa_fall_020,fall,val,/Users/varunreddyseelam/Desktop/Gen_ai/final_pipeline/data/windows/val/fall/gmncsa24_gmncsa_fall_020/gmncsa24_gmncsa_fall_020_w0001.json
gmncsa24_gmncsa_fall_020_w0014,gmncsa24_gmncsa_fall_020,fall,val,/Users/varunreddyseelam/Desktop/Gen_ai/final_pipeline/data/windows/val/fall/gmncsa24_gmncsa_fall_020/gmncsa24_gmncsa_fall_020_w0014.json
gmncsa24_gmncsa_fall_020_w0002,gmncsa24_gmncsa_fall_020,fall,val,/Users/varunreddyseelam/Desktop/Gen_ai/final_pipeline/data/windows/val/fall/gmncsa24_gmncsa_fall_020/gmncsa24_gmncsa_fall_020_w0002.json
gmncsa24_gmncsa_fall_020_w0018,gmncsa24_gmncsa_fall_020,fall,val,/Users/varunreddyseelam/Desktop/Gen_ai/final_pipeline/data/windows/val/fall/gmncsa24_gmncsa_fall_020/gmncsa24_gmncsa_fall_020_w0018.json
gmncsa24_gmncsa_fall_020_w0022,gmncsa24_gmncsa_fall_020,fall,val,/Users/varunreddyseelam/Desktop/Gen_ai/final_pipeline/data/windows/val/fall/gmncsa24_gmncsa_fall_020/gmncsa24_gmncsa_fall_020_w0022.json
gmncsa24_gmncsa_fall_020_w0023,gmncsa24_gmncsa_fall_020,fall,val,/Users/varunreddyseelam/Desktop/Gen_ai/final_pipeline/data/windows/val/fall/gmncsa24_gmncsa_fall_020/gmncsa24_gmncsa_fall_020_w0023.json
gmncsa24_gmncsa_fall_020_w0019,gmncsa24_gmncsa_fall_020,fall,val,/Users/varunreddyseelam/Desktop/Gen_ai/final_pipeline/data/windows/val/fall/gmncsa24_gmncsa_fall_020/gmncsa24_gmncsa_fall_020_w0019.json
gmncsa24_gmncsa_fall_020_w0003,gmncsa24_gmncsa_fall_020,fall,val,/Users/varunreddyseelam/Desktop/Gen_ai/final_pipeline/data/windows/val/fall/gmncsa24_gmncsa_fall_020/gmncsa24_gmncsa_fall_020_w0003.json
gmncsa24_gmncsa_fall_020_w0015,gmncsa24_gmncsa_fall_020,fall,val,/Users/varunreddyseelam/Desktop/Gen_ai/final_pipeline/data/windows/val/fall/gmncsa24_gmncsa_fall_020/gmncsa24_gmncsa_fall_020_w0015.json
gmncsa24_gmncsa_fall_020_w0008,gmncsa24_gmncsa_fall_020,fall,val,/Users/varunreddyseelam/Desktop/Gen_ai/final_pipeline/data/windows/val/fall/gmncsa24_gmncsa_fall_020/gmncsa24_gmncsa_fall_020_w0008.json
gmncsa24_gmncsa_fall_020_w0024,gmncsa24_gmncsa_fall_020,fall,val,/Users/varunreddyseelam/Desktop/Gen_ai/final_pipeline/data/windows/val/fall/gmncsa24_gmncsa_fall_020/gmncsa24_gmncsa_fall_020_w0024.json
gmncsa24_gmncsa_fall_020_w0012,gmncsa24_gmncsa_fall_020,fall,val,/Users/varunreddyseelam/Desktop/Gen_ai/final_pipeline/data/windows/val/fall/gmncsa24_gmncsa_fall_020/gmncsa24_gmncsa_fall_020_w0012.json
gmncsa24_gmncsa_fall_020_w0004,gmncsa24_gmncsa_fall_020,fall,val,/Users/varunreddyseelam/Desktop/Gen_ai/final_pipeline/data/windows/val/fall/gmncsa24_gmncsa_fall_020/gmncsa24_gmncsa_fall_020_w0004.json
gmncsa24_gmncsa_fall_020_w0028,gmncsa24_gmncsa_fall_020,fall,val,/Users/varunreddyseelam/Desktop/Gen_ai/final_pipeline/data/windows/val/fall/gmncsa24_gmncsa_fall_020/gmncsa24_gmncsa_fall_020_w0028.json
gmncsa24_gmncsa_fall_020_w0029,gmncsa24_gmncsa_fall_020,fall,val,/Users/varunreddyseelam/Desktop/Gen_ai/final_pipeline/data/windows/val/fall/gmncsa24_gmncsa_fall_020/gmncsa24_gmncsa_fall_020_w0029.json
gmncsa24_gmncsa_fall_020_w0005,gmncsa24_gmncsa_fall_020,fall,val,/Users/varunreddyseelam/Desktop/Gen_ai/final_pipeline/data/windows/val/fall/gmncsa24_gmncsa_fall_020/gmncsa24_gmncsa_fall_020_w0005.json
gmncsa24_gmncsa_fall_020_w0013,gmncsa24_gmncsa_fall_020,fall,val,/Users/varunreddyseelam/Desktop/Gen_ai/final_pipeline/data/windows/val/fall/gmncsa24_gmncsa_fall_020/gmncsa24_gmncsa_fall_020_w0013.json
gmncsa24_gmncsa_fall_020_w0025,gmncsa24_gmncsa_fall_020,fall,val,/Users/varunreddyseelam/Desktop/Gen_ai/final_pipeline/data/windows/val/fall/gmncsa24_gmncsa_fall_020/gmncsa24_gmncsa_fall_020_w0025.json
gmncsa24_gmncsa_fall_020_w0009,gmncsa24_gmncsa_fall_020,fall,val,/Users/varunreddyseelam/Desktop/Gen_ai/final_pipeline/data/windows/val/fall/gmncsa24_gmncsa_fall_020/gmncsa24_gmncsa_fall_020_w0009.json
gmncsa24_gmncsa_fall_073_w0028,gmncsa24_gmncsa_fall_073,fall,val,/Users/varunreddyseelam/Desktop/Gen_ai/final_pipeline/data/windows/val/fall/gmncsa24_gmncsa_fall_073/gmncsa24_gmncsa_fall_073_w0028.json
gmncsa24_gmncsa_fall_073_w0012,gmncsa24_gmncsa_fall_073,fall,val,/Users/varunreddyseelam/Desktop/Gen_ai/final_pipeline/data/windows/val/fall/gmncsa24_gmncsa_fall_073/gmncsa24_gmncsa_fall_073_w0012.json
gmncsa24_gmncsa_fall_073_w0004,gmncsa24_gmncsa_fall_073,fall,val,/Users/varunreddyseelam/Desktop/Gen_ai/final_pipeline/data/windows/val/fall/gmncsa24_gmncsa_fall_073/gmncsa24_gmncsa_fall_073_w0004.json
gmncsa24_gmncsa_fall_073_w0024,gmncsa24_gmncsa_fall_073,fall,val,/Users/varunreddyseelam/Desktop/Gen_ai/final_pipeline/data/windows/val/fall/gmncsa24_gmncsa_fall_073/gmncsa24_gmncsa_fall_073_w0024.json
gmncsa24_gmncsa_fall_073_w0032,gmncsa24_gmncsa_fall_073,fall,val,/Users/varunreddyseelam/Desktop/Gen_ai/final_pipeline/data/windows/val/fall/gmncsa24_gmncsa_fall_073/gmncsa24_gmncsa_fall_073_w0032.json
gmncsa24_gmncsa_fall_073_w0008,gmncsa24_gmncsa_fall_073,fall,val,/Users/varunreddyseelam/Desktop/Gen_ai/final_pipeline/data/windows/val/fall/gmncsa24_gmncsa_fall_073/gmncsa24_gmncsa_fall_073_w0008.json
gmncsa24_gmncsa_fall_073_w0009,gmncsa24_gmncsa_fall_073,fall,val,/Users/varunreddyseelam/Desktop/Gen_ai/final_pipeline/data/windows/val/fall/gmncsa24_gmncsa_fall_073/gmncsa24_gmncsa_fall_073_w0009.json
gmncsa24_gmncsa_fall_073_w0033,gmncsa24_gmncsa_fall_073,fall,val,/Users/varunreddyseelam/Desktop/Gen_ai/final_pipeline/data/windows/val/fall/gmncsa24_gmncsa_fall_073/gmncsa24_gmncsa_fall_073_w0033.json
gmncsa24_gmncsa_fall_073_w0025,gmncsa24_gmncsa_fall_073,fall,val,/Users/varunreddyseelam/Desktop/Gen_ai/final_pipeline/data/windows/val/fall/gmncsa24_gmncsa_fall_073/gmncsa24_gmncsa_fall_073_w0025.json
gmncsa24_gmncsa_fall_073_w0005,gmncsa24_gmncsa_fall_073,fall,val,/Users/varunreddyseelam/Desktop/Gen_ai/final_pipeline/data/windows/val/fall/gmncsa24_gmncsa_fall_073/gmncsa24_gmncsa_fall_073_w0005.json
gmncsa24_gmncsa_fall_073_w0013,gmncsa24_gmncsa_fall_073,fall,val,/Users/varunreddyseelam/Desktop/Gen_ai/final_pipeline/data/windows/val/fall/gmncsa24_gmncsa_fall_073/gmncsa24_gmncsa_fall_073_w0013.json
gmncsa24_gmncsa_fall_073_w0029,gmncsa24_gmncsa_fall_073,fall,val,/Users/varunreddyseelam/Desktop/Gen_ai/final_pipeline/data/windows/val/fall/gmncsa24_gmncsa_fall_073/gmncsa24_gmncsa_fall_073_w0029.json
gmncsa24_gmncsa_fall_073_w0022,gmncsa24_gmncsa_fall_073,fall,val,/Users/varunreddyseelam/Desktop/Gen_ai/final_pipeline/data/windows/val/fall/gmncsa24_gmncsa_fall_073/gmncsa24_gmncsa_fall_073_w0022.json
gmncsa24_gmncsa_fall_073_w0034,gmncsa24_gmncsa_fall_073,fall,val,/Users/varunreddyseelam/Desktop/Gen_ai/final_pipeline/data/windows/val/fall/gmncsa24_gmncsa_fall_073/gmncsa24_gmncsa_fall_073_w0034.json
gmncsa24_gmncsa_fall_073_w0018,gmncsa24_gmncsa_fall_073,fall,val,/Users/varunreddyseelam/Desktop/Gen_ai/final_pipeline/data/windows/val/fall/gmncsa24_gmncsa_fall_073/gmncsa24_gmncsa_fall_073_w0018.json
gmncsa24_gmncsa_fall_073_w0014,gmncsa24_gmncsa_fall_073,fall,val,/Users/varunreddyseelam/Desktop/Gen_ai/final_pipeline/data/windows/val/fall/gmncsa24_gmncsa_fall_073/gmncsa24_gmncsa_fall_073_w0014.json
gmncsa24_gmncsa_fall_073_w0002,gmncsa24_gmncsa_fall_073,fall,val,/Users/varunreddyseelam/Desktop/Gen_ai/final_pipeline/data/windows/val/fall/gmncsa24_gmncsa_fall_073/gmncsa24_gmncsa_fall_073_w0002.json
gmncsa24_gmncsa_fall_073_w0003,gmncsa24_gmncsa_fall_073,fall,val,/Users/varunreddyseelam/Desktop/Gen_ai/final_pipeline/data/windows/val/fall/gmncsa24_gmncsa_fall_073/gmncsa24_gmncsa_fall_073_w0003.json
gmncsa24_gmncsa_fall_073_w0015,gmncsa24_gmncsa_fall_073,fall,val,/Users/varunreddyseelam/Desktop/Gen_ai/final_pipeline/data/windows/val/fall/gmncsa24_gmncsa_fall_073/gmncsa24_gmncsa_fall_073_w0015.json
gmncsa24_gmncsa_fall_073_w0019,gmncsa24_gmncsa_fall_073,fall,val,/Users/varunreddyseelam/Desktop/Gen_ai/final_pipeline/data/windows/val/fall/gmncsa24_gmncsa_fall_073/gmncsa24_gmncsa_fall_073_w0019.json
gmncsa24_gmncsa_fall_073_w0023,gmncsa24_gmncsa_fall_073,fall,val,/Users/varunreddyseelam/Desktop/Gen_ai/final_pipeline/data/windows/val/fall/gmncsa24_gmncsa_fall_073/gmncsa24_gmncsa_fall_073_w0023.json
gmncsa24_gmncsa_fall_073_w0020,gmncsa24_gmncsa_fall_073,fall,val,/Users/varunreddyseelam/Desktop/Gen_ai/final_pipeline/data/windows/val/fall/gmncsa24_gmncsa_fall_073/gmncsa24_gmncsa_fall_073_w0020.json
gmncsa24_gmncsa_fall_073_w0000,gmncsa24_gmncsa_fall_073,fall,val,/Users/varunreddyseelam/Desktop/Gen_ai/final_pipeline/data/windows/val/fall/gmncsa24_gmncsa_fall_073/gmncsa24_gmncsa_fall_073_w0000.json
gmncsa24_gmncsa_fall_073_w0016,gmncsa24_gmncsa_fall_073,fall,val,/Users/varunreddyseelam/Desktop/Gen_ai/final_pipeline/data/windows/val/fall/gmncsa24_gmncsa_fall_073/gmncsa24_gmncsa_fall_073_w0016.json
gmncsa24_gmncsa_fall_073_w0017,gmncsa24_gmncsa_fall_073,fall,val,/Users/varunreddyseelam/Desktop/Gen_ai/final_pipeline/data/windows/val/fall/gmncsa24_gmncsa_fall_073/gmncsa24_gmncsa_fall_073_w0017.json
gmncsa24_gmncsa_fall_073_w0001,gmncsa24_gmncsa_fall_073,fall,val,/Users/varunreddyseelam/Desktop/Gen_ai/final_pipeline/data/windows/val/fall/gmncsa24_gmncsa_fall_073/gmncsa24_gmncsa_fall_073_w0001.json
gmncsa24_gmncsa_fall_073_w0021,gmncsa24_gmncsa_fall_073,fall,val,/Users/varunreddyseelam/Desktop/Gen_ai/final_pipeline/data/windows/val/fall/gmncsa24_gmncsa_fall_073/gmncsa24_gmncsa_fall_073_w0021.json
gmncsa24_gmncsa_fall_073_w0006,gmncsa24_gmncsa_fall_073,fall,val,/Users/varunreddyseelam/Desktop/Gen_ai/final_pipeline/data/windows/val/fall/gmncsa24_gmncsa_fall_073/gmncsa24_gmncsa_fall_073_w0006.json
gmncsa24_gmncsa_fall_073_w0010,gmncsa24_gmncsa_fall_073,fall,val,/Users/varunreddyseelam/Desktop/Gen_ai/final_pipeline/data/windows/val/fall/gmncsa24_gmncsa_fall_073/gmncsa24_gmncsa_fall_073_w0010.json
gmncsa24_gmncsa_fall_073_w0030,gmncsa24_gmncsa_fall_073,fall,val,/Users/varunreddyseelam/Desktop/Gen_ai/final_pipeline/data/windows/val/fall/gmncsa24_gmncsa_fall_073/gmncsa24_gmncsa_fall_073_w0030.json
gmncsa24_gmncsa_fall_073_w0026,gmncsa24_gmncsa_fall_073,fall,val,/Users/varunreddyseelam/Desktop/Gen_ai/final_pipeline/data/windows/val/fall/gmncsa24_gmncsa_fall_073/gmncsa24_gmncsa_fall_073_w0026.json
gmncsa24_gmncsa_fall_073_w0027,gmncsa24_gmncsa_fall_073,fall,val,/Users/varunreddyseelam/Desktop/Gen_ai/final_pipeline/data/windows/val/fall/gmncsa24_gmncsa_fall_073/gmncsa24_gmncsa_fall_073_w0027.json
gmncsa24_gmncsa_fall_073_w0031,gmncsa24_gmncsa_fall_073,fall,val,/Users/varunreddyseelam/Desktop/Gen_ai/final_pipeline/data/windows/val/fall/gmncsa24_gmncsa_fall_073/gmncsa24_gmncsa_fall_073_w0031.json
gmncsa24_gmncsa_fall_073_w0011,gmncsa24_gmncsa_fall_073,fall,val,/Users/varunreddyseelam/Desktop/Gen_ai/final_pipeline/data/windows/val/fall/gmncsa24_gmncsa_fall_073/gmncsa24_gmncsa_fall_073_w0011.json
gmncsa24_gmncsa_fall_073_w0007,gmncsa24_gmncsa_fall_073,fall,val,/Users/varunreddyseelam/Desktop/Gen_ai/final_pipeline/data/windows/val/fall/gmncsa24_gmncsa_fall_073/gmncsa24_gmncsa_fall_073_w0007.json
le2i_H01_video_18_fall_w0000,le2i_H01_video_18_fall,fall,val,/Users/varunreddyseelam/Desktop/Gen_ai/final_pipeline/data/windows/val/fall/le2i_H01_video_18_fall/le2i_H01_video_18_fall_w0000.json
gmncsa24_gmncsa_fall_042_w0030,gmncsa24_gmncsa_fall_042,fall,val,/Users/varunreddyseelam/Desktop/Gen_ai/final_pipeline/data/windows/val/fall/gmncsa24_gmncsa_fall_042/gmncsa24_gmncsa_fall_042_w0030.json
gmncsa24_gmncsa_fall_042_w0026,gmncsa24_gmncsa_fall_042,fall,val,/Users/varunreddyseelam/Desktop/Gen_ai/final_pipeline/data/windows/val/fall/gmncsa24_gmncsa_fall_042/gmncsa24_gmncsa_fall_042_w0026.json
gmncsa24_gmncsa_fall_042_w0006,gmncsa24_gmncsa_fall_042,fall,val,/Users/varunreddyseelam/Desktop/Gen_ai/final_pipeline/data/windows/val/fall/gmncsa24_gmncsa_fall_042/gmncsa24_gmncsa_fall_042_w0006.json
gmncsa24_gmncsa_fall_042_w0010,gmncsa24_gmncsa_fall_042,fall,val,/Users/varunreddyseelam/Desktop/Gen_ai/final_pipeline/data/windows/val/fall/gmncsa24_gmncsa_fall_042/gmncsa24_gmncsa_fall_042_w0010.json
gmncsa24_gmncsa_fall_042_w0011,gmncsa24_gmncsa_fall_042,fall,val,/Users/varunreddyseelam/Desktop/Gen_ai/final_pipeline/data/windows/val/fall/gmncsa24_gmncsa_fall_042/gmncsa24_gmncsa_fall_042_w0011.json
gmncsa24_gmncsa_fall_042_w0007,gmncsa24_gmncsa_fall_042,fall,val,/Users/varunreddyseelam/Desktop/Gen_ai/final_pipeline/data/windows/val/fall/gmncsa24_gmncsa_fall_042/gmncsa24_gmncsa_fall_042_w0007.json
gmncsa24_gmncsa_fall_042_w0027,gmncsa24_gmncsa_fall_042,fall,val,/Users/varunreddyseelam/Desktop/Gen_ai/final_pipeline/data/windows/val/fall/gmncsa24_gmncsa_fall_042/gmncsa24_gmncsa_fall_042_w0027.json
gmncsa24_gmncsa_fall_042_w0000,gmncsa24_gmncsa_fall_042,fall,val,/Users/varunreddyseelam/Desktop/Gen_ai/final_pipeline/data/windows/val/fall/gmncsa24_gmncsa_fall_042/gmncsa24_gmncsa_fall_042_w0000.json
gmncsa24_gmncsa_fall_042_w0016,gmncsa24_gmncsa_fall_042,fall,val,/Users/varunreddyseelam/Desktop/Gen_ai/final_pipeline/data/windows/val/fall/gmncsa24_gmncsa_fall_042/gmncsa24_gmncsa_fall_042_w0016.json
gmncsa24_gmncsa_fall_042_w0020,gmncsa24_gmncsa_fall_042,fall,val,/Users/varunreddyseelam/Desktop/Gen_ai/final_pipeline/data/windows/val/fall/gmncsa24_gmncsa_fall_042/gmncsa24_gmncsa_fall_042_w0020.json
gmncsa24_gmncsa_fall_042_w0021,gmncsa24_gmncsa_fall_042,fall,val,/Users/varunreddyseelam/Desktop/Gen_ai/final_pipeline/data/windows/val/fall/gmncsa24_gmncsa_fall_042/gmncsa24_gmncsa_fall_042_w0021.json
gmncsa24_gmncsa_fall_042_w0017,gmncsa24_gmncsa_fall_042,fall,val,/Users/varunreddyseelam/Desktop/Gen_ai/final_pipeline/data/windows/val/fall/gmncsa24_gmncsa_fall_042/gmncsa24_gmncsa_fall_042_w0017.json
gmncsa24_gmncsa_fall_042_w0001,gmncsa24_gmncsa_fall_042,fall,val,/Users/varunreddyseelam/Desktop/Gen_ai/final_pipeline/data/windows/val/fall/gmncsa24_gmncsa_fall_042/gmncsa24_gmncsa_fall_042_w0001.json
gmncsa24_gmncsa_fall_042_w0014,gmncsa24_gmncsa_fall_042,fall,val,/Users/varunreddyseelam/Desktop/Gen_ai/final_pipeline/data/windows/val/fall/gmncsa24_gmncsa_fall_042/gmncsa24_gmncsa_fall_042_w0014.json
gmncsa24_gmncsa_fall_042_w0002,gmncsa24_gmncsa_fall_042,fall,val,/Users/varunreddyseelam/Desktop/Gen_ai/final_pipeline/data/windows/val/fall/gmncsa24_gmncsa_fall_042/gmncsa24_gmncsa_fall_042_w0002.json
gmncsa24_gmncsa_fall_042_w0018,gmncsa24_gmncsa_fall_042,fall,val,/Users/varunreddyseelam/Desktop/Gen_ai/final_pipeline/data/windows/val/fall/gmncsa24_gmncsa_fall_042/gmncsa24_gmncsa_fall_042_w0018.json
gmncsa24_gmncsa_fall_042_w0022,gmncsa24_gmncsa_fall_042,fall,val,/Users/varunreddyseelam/Desktop/Gen_ai/final_pipeline/data/windows/val/fall/gmncsa24_gmncsa_fall_042/gmncsa24_gmncsa_fall_042_w0022.json
gmncsa24_gmncsa_fall_042_w0023,gmncsa24_gmncsa_fall_042,fall,val,/Users/varunreddyseelam/Desktop/Gen_ai/final_pipeline/data/windows/val/fall/gmncsa24_gmncsa_fall_042/gmncsa24_gmncsa_fall_042_w0023.json
gmncsa24_gmncsa_fall_042_w0019,gmncsa24_gmncsa_fall_042,fall,val,/Users/varunreddyseelam/Desktop/Gen_ai/final_pipeline/data/windows/val/fall/gmncsa24_gmncsa_fall_042/gmncsa24_gmncsa_fall_042_w0019.json
gmncsa24_gmncsa_fall_042_w0003,gmncsa24_gmncsa_fall_042,fall,val,/Users/varunreddyseelam/Desktop/Gen_ai/final_pipeline/data/windows/val/fall/gmncsa24_gmncsa_fall_042/gmncsa24_gmncsa_fall_042_w0003.json
gmncsa24_gmncsa_fall_042_w0015,gmncsa24_gmncsa_fall_042,fall,val,/Users/varunreddyseelam/Desktop/Gen_ai/final_pipeline/data/windows/val/fall/gmncsa24_gmncsa_fall_042/gmncsa24_gmncsa_fall_042_w0015.json
gmncsa24_gmncsa_fall_042_w0008,gmncsa24_gmncsa_fall_042,fall,val,/Users/varunreddyseelam/Desktop/Gen_ai/final_pipeline/data/windows/val/fall/gmncsa24_gmncsa_fall_042/gmncsa24_gmncsa_fall_042_w0008.json
gmncsa24_gmncsa_fall_042_w0024,gmncsa24_gmncsa_fall_042,fall,val,/Users/varunreddyseelam/Desktop/Gen_ai/final_pipeline/data/windows/val/fall/gmncsa24_gmncsa_fall_042/gmncsa24_gmncsa_fall_042_w0024.json
gmncsa24_gmncsa_fall_042_w0012,gmncsa24_gmncsa_fall_042,fall,val,/Users/varunreddyseelam/Desktop/Gen_ai/final_pipeline/data/windows/val/fall/gmncsa24_gmncsa_fall_042/gmncsa24_gmncsa_fall_042_w0012.json
gmncsa24_gmncsa_fall_042_w0004,gmncsa24_gmncsa_fall_042,fall,val,/Users/varunreddyseelam/Desktop/Gen_ai/final_pipeline/data/windows/val/fall/gmncsa24_gmncsa_fall_042/gmncsa24_gmncsa_fall_042_w0004.json
gmncsa24_gmncsa_fall_042_w0028,gmncsa24_gmncsa_fall_042,fall,val,/Users/varunreddyseelam/Desktop/Gen_ai/final_pipeline/data/windows/val/fall/gmncsa24_gmncsa_fall_042/gmncsa24_gmncsa_fall_042_w0028.json
gmncsa24_gmncsa_fall_042_w0029,gmncsa24_gmncsa_fall_042,fall,val,/Users/varunreddyseelam/Desktop/Gen_ai/final_pipeline/data/windows/val/fall/gmncsa24_gmncsa_fall_042/gmncsa24_gmncsa_fall_042_w0029.json
gmncsa24_gmncsa_fall_042_w0005,gmncsa24_gmncsa_fall_042,fall,val,/Users/varunreddyseelam/Desktop/Gen_ai/final_pipeline/data/windows/val/fall/gmncsa24_gmncsa_fall_042/gmncsa24_gmncsa_fall_042_w0005.json
gmncsa24_gmncsa_fall_042_w0013,gmncsa24_gmncsa_fall_042,fall,val,/Users/varunreddyseelam/Desktop/Gen_ai/final_pipeline/data/windows/val/fall/gmncsa24_gmncsa_fall_042/gmncsa24_gmncsa_fall_042_w0013.json
gmncsa24_gmncsa_fall_042_w0025,gmncsa24_gmncsa_fall_042,fall,val,/Users/varunreddyseelam/Desktop/Gen_ai/final_pipeline/data/windows/val/fall/gmncsa24_gmncsa_fall_042/gmncsa24_gmncsa_fall_042_w0025.json
gmncsa24_gmncsa_fall_042_w0009,gmncsa24_gmncsa_fall_042,fall,val,/Users/varunreddyseelam/Desktop/Gen_ai/final_pipeline/data/windows/val/fall/gmncsa24_gmncsa_fall_042/gmncsa24_gmncsa_fall_042_w0009.json
gmncsa24_gmncsa_fall_021_w0023,gmncsa24_gmncsa_fall_021,fall,val,/Users/varunreddyseelam/Desktop/Gen_ai/final_pipeline/data/windows/val/fall/gmncsa24_gmncsa_fall_021/gmncsa24_gmncsa_fall_021_w0023.json
gmncsa24_gmncsa_fall_021_w0035,gmncsa24_gmncsa_fall_021,fall,val,/Users/varunreddyseelam/Desktop/Gen_ai/final_pipeline/data/windows/val/fall/gmncsa24_gmncsa_fall_021/gmncsa24_gmncsa_fall_021_w0035.json
gmncsa24_gmncsa_fall_021_w0019,gmncsa24_gmncsa_fall_021,fall,val,/Users/varunreddyseelam/Desktop/Gen_ai/final_pipeline/data/windows/val/fall/gmncsa24_gmncsa_fall_021/gmncsa24_gmncsa_fall_021_w0019.json
gmncsa24_gmncsa_fall_021_w0039,gmncsa24_gmncsa_fall_021,fall,val,/Users/varunreddyseelam/Desktop/Gen_ai/final_pipeline/data/windows/val/fall/gmncsa24_gmncsa_fall_021/gmncsa24_gmncsa_fall_021_w0039.json
gmncsa24_gmncsa_fall_021_w0015,gmncsa24_gmncsa_fall_021,fall,val,/Users/varunreddyseelam/Desktop/Gen_ai/final_pipeline/data/windows/val/fall/gmncsa24_gmncsa_fall_021/gmncsa24_gmncsa_fall_021_w0015.json
gmncsa24_gmncsa_fall_021_w0042,gmncsa24_gmncsa_fall_021,fall,val,/Users/varunreddyseelam/Desktop/Gen_ai/final_pipeline/data/windows/val/fall/gmncsa24_gmncsa_fall_021/gmncsa24_gmncsa_fall_021_w0042.json
gmncsa24_gmncsa_fall_021_w0054,gmncsa24_gmncsa_fall_021,fall,val,/Users/varunreddyseelam/Desktop/Gen_ai/final_pipeline/data/windows/val/fall/gmncsa24_gmncsa_fall_021/gmncsa24_gmncsa_fall_021_w0054.json
gmncsa24_gmncsa_fall_021_w0003,gmncsa24_gmncsa_fall_021,fall,val,/Users/varunreddyseelam/Desktop/Gen_ai/final_pipeline/data/windows/val/fall/gmncsa24_gmncsa_fall_021/gmncsa24_gmncsa_fall_021_w0003.json
gmncsa24_gmncsa_fall_021_w0002,gmncsa24_gmncsa_fall_021,fall,val,/Users/varunreddyseelam/Desktop/Gen_ai/final_pipeline/data/windows/val/fall/gmncsa24_gmncsa_fall_021/gmncsa24_gmncsa_fall_021_w0002.json
gmncsa24_gmncsa_fall_021_w0055,gmncsa24_gmncsa_fall_021,fall,val,/Users/varunreddyseelam/Desktop/Gen_ai/final_pipeline/data/windows/val/fall/gmncsa24_gmncsa_fall_021/gmncsa24_gmncsa_fall_021_w0055.json
gmncsa24_gmncsa_fall_021_w0043,gmncsa24_gmncsa_fall_021,fall,val,/Users/varunreddyseelam/Desktop/Gen_ai/final_pipeline/data/windows/val/fall/gmncsa24_gmncsa_fall_021/gmncsa24_gmncsa_fall_021_w0043.json
gmncsa24_gmncsa_fall_021_w0014,gmncsa24_gmncsa_fall_021,fall,val,/Users/varunreddyseelam/Desktop/Gen_ai/final_pipeline/data/windows/val/fall/gmncsa24_gmncsa_fall_021/gmncsa24_gmncsa_fall_021_w0014.json
gmncsa24_gmncsa_fall_021_w0038,gmncsa24_gmncsa_fall_021,fall,val,/Users/varunreddyseelam/Desktop/Gen_ai/final_pipeline/data/windows/val/fall/gmncsa24_gmncsa_fall_021/gmncsa24_gmncsa_fall_021_w0038.json
gmncsa24_gmncsa_fall_021_w0018,gmncsa24_gmncsa_fall_021,fall,val,/Users/varunreddyseelam/Desktop/Gen_ai/final_pipeline/data/windows/val/fall/gmncsa24_gmncsa_fall_021/gmncsa24_gmncsa_fall_021_w0018.json
gmncsa24_gmncsa_fall_021_w0034,gmncsa24_gmncsa_fall_021,fall,val,/Users/varunreddyseelam/Desktop/Gen_ai/final_pipeline/data/windows/val/fall/gmncsa24_gmncsa_fall_021/gmncsa24_gmncsa_fall_021_w0034.json
gmncsa24_gmncsa_fall_021_w0022,gmncsa24_gmncsa_fall_021,fall,val,/Users/varunreddyseelam/Desktop/Gen_ai/final_pipeline/data/windows/val/fall/gmncsa24_gmncsa_fall_021/gmncsa24_gmncsa_fall_021_w0022.json
gmncsa24_gmncsa_fall_021_w0029,gmncsa24_gmncsa_fall_021,fall,val,/Users/varunreddyseelam/Desktop/Gen_ai/final_pipeline/data/windows/val/fall/gmncsa24_gmncsa_fall_021/gmncsa24_gmncsa_fall_021_w0029.json
gmncsa24_gmncsa_fall_021_w0013,gmncsa24_gmncsa_fall_021,fall,val,/Users/varunreddyseelam/Desktop/Gen_ai/final_pipeline/data/windows/val/fall/gmncsa24_gmncsa_fall_021/gmncsa24_gmncsa_fall_021_w0013.json
gmncsa24_gmncsa_fall_021_w0044,gmncsa24_gmncsa_fall_021,fall,val,/Users/varunreddyseelam/Desktop/Gen_ai/final_pipeline/data/windows/val/fall/gmncsa24_gmncsa_fall_021/gmncsa24_gmncsa_fall_021_w0044.json
gmncsa24_gmncsa_fall_021_w0052,gmncsa24_gmncsa_fall_021,fall,val,/Users/varunreddyseelam/Desktop/Gen_ai/final_pipeline/data/windows/val/fall/gmncsa24_gmncsa_fall_021/gmncsa24_gmncsa_fall_021_w0052.json
gmncsa24_gmncsa_fall_021_w0005,gmncsa24_gmncsa_fall_021,fall,val,/Users/varunreddyseelam/Desktop/Gen_ai/final_pipeline/data/windows/val/fall/gmncsa24_gmncsa_fall_021/gmncsa24_gmncsa_fall_021_w0005.json
gmncsa24_gmncsa_fall_021_w0025,gmncsa24_gmncsa_fall_021,fall,val,/Users/varunreddyseelam/Desktop/Gen_ai/final_pipeline/data/windows/val/fall/gmncsa24_gmncsa_fall_021/gmncsa24_gmncsa_fall_021_w0025.json
gmncsa24_gmncsa_fall_021_w0033,gmncsa24_gmncsa_fall_021,fall,val,/Users/varunreddyseelam/Desktop/Gen_ai/final_pipeline/data/windows/val/fall/gmncsa24_gmncsa_fall_021/gmncsa24_gmncsa_fall_021_w0033.json
gmncsa24_gmncsa_fall_021_w0048,gmncsa24_gmncsa_fall_021,fall,val,/Users/varunreddyseelam/Desktop/Gen_ai/final_pipeline/data/windows/val/fall/gmncsa24_gmncsa_fall_021/gmncsa24_gmncsa_fall_021_w0048.json
gmncsa24_gmncsa_fall_021_w0009,gmncsa24_gmncsa_fall_021,fall,val,/Users/varunreddyseelam/Desktop/Gen_ai/final_pipeline/data/windows/val/fall/gmncsa24_gmncsa_fall_021/gmncsa24_gmncsa_fall_021_w0009.json
gmncsa24_gmncsa_fall_021_w0008,gmncsa24_gmncsa_fall_021,fall,val,/Users/varunreddyseelam/Desktop/Gen_ai/final_pipeline/data/windows/val/fall/gmncsa24_gmncsa_fall_021/gmncsa24_gmncsa_fall_021_w0008.json
gmncsa24_gmncsa_fall_021_w0049,gmncsa24_gmncsa_fall_021,fall,val,/Users/varunreddyseelam/Desktop/Gen_ai/final_pipeline/data/windows/val/fall/gmncsa24_gmncsa_fall_021/gmncsa24_gmncsa_fall_021_w0049.json
gmncsa24_gmncsa_fall_021_w0032,gmncsa24_gmncsa_fall_021,fall,val,/Users/varunreddyseelam/Desktop/Gen_ai/final_pipeline/data/windows/val/fall/gmncsa24_gmncsa_fall_021/gmncsa24_gmncsa_fall_021_w0032.json
gmncsa24_gmncsa_fall_021_w0024,gmncsa24_gmncsa_fall_021,fall,val,/Users/varunreddyseelam/Desktop/Gen_ai/final_pipeline/data/windows/val/fall/gmncsa24_gmncsa_fall_021/gmncsa24_gmncsa_fall_021_w0024.json
gmncsa24_gmncsa_fall_021_w0004,gmncsa24_gmncsa_fall_021,fall,val,/Users/varunreddyseelam/Desktop/Gen_ai/final_pipeline/data/windows/val/fall/gmncsa24_gmncsa_fall_021/gmncsa24_gmncsa_fall_021_w0004.json
gmncsa24_gmncsa_fall_021_w0053,gmncsa24_gmncsa_fall_021,fall,val,/Users/varunreddyseelam/Desktop/Gen_ai/final_pipeline/data/windows/val/fall/gmncsa24_gmncsa_fall_021/gmncsa24_gmncsa_fall_021_w0053.json
gmncsa24_gmncsa_fall_021_w0045,gmncsa24_gmncsa_fall_021,fall,val,/Users/varunreddyseelam/Desktop/Gen_ai/final_pipeline/data/windows/val/fall/gmncsa24_gmncsa_fall_021/gmncsa24_gmncsa_fall_021_w0045.json
gmncsa24_gmncsa_fall_021_w0012,gmncsa24_gmncsa_fall_021,fall,val,/Users/varunreddyseelam/Desktop/Gen_ai/final_pipeline/data/windows/val/fall/gmncsa24_gmncsa_fall_021/gmncsa24_gmncsa_fall_021_w0012.json
gmncsa24_gmncsa_fall_021_w0028,gmncsa24_gmncsa_fall_021,fall,val,/Users/varunreddyseelam/Desktop/Gen_ai/final_pipeline/data/windows/val/fall/gmncsa24_gmncsa_fall_021/gmncsa24_gmncsa_fall_021_w0028.json
gmncsa24_gmncsa_fall_021_w0007,gmncsa24_gmncsa_fall_021,fall,val,/Users/varunreddyseelam/Desktop/Gen_ai/final_pipeline/data/windows/val/fall/gmncsa24_gmncsa_fall_021/gmncsa24_gmncsa_fall_021_w0007.json
gmncsa24_gmncsa_fall_021_w0050,gmncsa24_gmncsa_fall_021,fall,val,/Users/varunreddyseelam/Desktop/Gen_ai/final_pipeline/data/windows/val/fall/gmncsa24_gmncsa_fall_021/gmncsa24_gmncsa_fall_021_w0050.json
gmncsa24_gmncsa_fall_021_w0046,gmncsa24_gmncsa_fall_021,fall,val,/Users/varunreddyseelam/Desktop/Gen_ai/final_pipeline/data/windows/val/fall/gmncsa24_gmncsa_fall_021/gmncsa24_gmncsa_fall_021_w0046.json
gmncsa24_gmncsa_fall_021_w0011,gmncsa24_gmncsa_fall_021,fall,val,/Users/varunreddyseelam/Desktop/Gen_ai/final_pipeline/data/windows/val/fall/gmncsa24_gmncsa_fall_021/gmncsa24_gmncsa_fall_021_w0011.json
gmncsa24_gmncsa_fall_021_w0031,gmncsa24_gmncsa_fall_021,fall,val,/Users/varunreddyseelam/Desktop/Gen_ai/final_pipeline/data/windows/val/fall/gmncsa24_gmncsa_fall_021/gmncsa24_gmncsa_fall_021_w0031.json
gmncsa24_gmncsa_fall_021_w0027,gmncsa24_gmncsa_fall_021,fall,val,/Users/varunreddyseelam/Desktop/Gen_ai/final_pipeline/data/windows/val/fall/gmncsa24_gmncsa_fall_021/gmncsa24_gmncsa_fall_021_w0027.json
gmncsa24_gmncsa_fall_021_w0026,gmncsa24_gmncsa_fall_021,fall,val,/Users/varunreddyseelam/Desktop/Gen_ai/final_pipeline/data/windows/val/fall/gmncsa24_gmncsa_fall_021/gmncsa24_gmncsa_fall_021_w0026.json
gmncsa24_gmncsa_fall_021_w0030,gmncsa24_gmncsa_fall_021,fall,val,/Users/varunreddyseelam/Desktop/Gen_ai/final_pipeline/data/windows/val/fall/gmncsa24_gmncsa_fall_021/gmncsa24_gmncsa_fall_021_w0030.json
gmncsa24_gmncsa_fall_021_w0010,gmncsa24_gmncsa_fall_021,fall,val,/Users/varunreddyseelam/Desktop/Gen_ai/final_pipeline/data/windows/val/fall/gmncsa24_gmncsa_fall_021/gmncsa24_gmncsa_fall_021_w0010.json
gmncsa24_gmncsa_fall_021_w0047,gmncsa24_gmncsa_fall_021,fall,val,/Users/varunreddyseelam/Desktop/Gen_ai/final_pipeline/data/windows/val/fall/gmncsa24_gmncsa_fall_021/gmncsa24_gmncsa_fall_021_w0047.json
gmncsa24_gmncsa_fall_021_w0051,gmncsa24_gmncsa_fall_021,fall,val,/Users/varunreddyseelam/Desktop/Gen_ai/final_pipeline/data/windows/val/fall/gmncsa24_gmncsa_fall_021/gmncsa24_gmncsa_fall_021_w0051.json
gmncsa24_gmncsa_fall_021_w0006,gmncsa24_gmncsa_fall_021,fall,val,/Users/varunreddyseelam/Desktop/Gen_ai/final_pipeline/data/windows/val/fall/gmncsa24_gmncsa_fall_021/gmncsa24_gmncsa_fall_021_w0006.json
gmncsa24_gmncsa_fall_021_w0037,gmncsa24_gmncsa_fall_021,fall,val,/Users/varunreddyseelam/Desktop/Gen_ai/final_pipeline/data/windows/val/fall/gmncsa24_gmncsa_fall_021/gmncsa24_gmncsa_fall_021_w0037.json
gmncsa24_gmncsa_fall_021_w0021,gmncsa24_gmncsa_fall_021,fall,val,/Users/varunreddyseelam/Desktop/Gen_ai/final_pipeline/data/windows/val/fall/gmncsa24_gmncsa_fall_021/gmncsa24_gmncsa_fall_021_w0021.json
gmncsa24_gmncsa_fall_021_w0001,gmncsa24_gmncsa_fall_021,fall,val,/Users/varunreddyseelam/Desktop/Gen_ai/final_pipeline/data/windows/val/fall/gmncsa24_gmncsa_fall_021/gmncsa24_gmncsa_fall_021_w0001.json
gmncsa24_gmncsa_fall_021_w0056,gmncsa24_gmncsa_fall_021,fall,val,/Users/varunreddyseelam/Desktop/Gen_ai/final_pipeline/data/windows/val/fall/gmncsa24_gmncsa_fall_021/gmncsa24_gmncsa_fall_021_w0056.json
gmncsa24_gmncsa_fall_021_w0040,gmncsa24_gmncsa_fall_021,fall,val,/Users/varunreddyseelam/Desktop/Gen_ai/final_pipeline/data/windows/val/fall/gmncsa24_gmncsa_fall_021/gmncsa24_gmncsa_fall_021_w0040.json
gmncsa24_gmncsa_fall_021_w0017,gmncsa24_gmncsa_fall_021,fall,val,/Users/varunreddyseelam/Desktop/Gen_ai/final_pipeline/data/windows/val/fall/gmncsa24_gmncsa_fall_021/gmncsa24_gmncsa_fall_021_w0017.json
gmncsa24_gmncsa_fall_021_w0016,gmncsa24_gmncsa_fall_021,fall,val,/Users/varunreddyseelam/Desktop/Gen_ai/final_pipeline/data/windows/val/fall/gmncsa24_gmncsa_fall_021/gmncsa24_gmncsa_fall_021_w0016.json
gmncsa24_gmncsa_fall_021_w0041,gmncsa24_gmncsa_fall_021,fall,val,/Users/varunreddyseelam/Desktop/Gen_ai/final_pipeline/data/windows/val/fall/gmncsa24_gmncsa_fall_021/gmncsa24_gmncsa_fall_021_w0041.json
gmncsa24_gmncsa_fall_021_w0057,gmncsa24_gmncsa_fall_021,fall,val,/Users/varunreddyseelam/Desktop/Gen_ai/final_pipeline/data/windows/val/fall/gmncsa24_gmncsa_fall_021/gmncsa24_gmncsa_fall_021_w0057.json
gmncsa24_gmncsa_fall_021_w0000,gmncsa24_gmncsa_fall_021,fall,val,/Users/varunreddyseelam/Desktop/Gen_ai/final_pipeline/data/windows/val/fall/gmncsa24_gmncsa_fall_021/gmncsa24_gmncsa_fall_021_w0000.json
gmncsa24_gmncsa_fall_021_w0020,gmncsa24_gmncsa_fall_021,fall,val,/Users/varunreddyseelam/Desktop/Gen_ai/final_pipeline/data/windows/val/fall/gmncsa24_gmncsa_fall_021/gmncsa24_gmncsa_fall_021_w0020.json
gmncsa24_gmncsa_fall_021_w0036,gmncsa24_gmncsa_fall_021,fall,val,/Users/varunreddyseelam/Desktop/Gen_ai/final_pipeline/data/windows/val/fall/gmncsa24_gmncsa_fall_021/gmncsa24_gmncsa_fall_021_w0036.json
le2i_H01_video_2_fall_w0001,le2i_H01_video_2_fall,fall,val,/Users/varunreddyseelam/Desktop/Gen_ai/final_pipeline/data/windows/val/fall/le2i_H01_video_2_fall/le2i_H01_video_2_fall_w0001.json
le2i_H01_video_2_fall_w0000,le2i_H01_video_2_fall,fall,val,/Users/varunreddyseelam/Desktop/Gen_ai/final_pipeline/data/windows/val/fall/le2i_H01_video_2_fall/le2i_H01_video_2_fall_w0000.json
gmncsa24_gmncsa_fall_009_w0000,gmncsa24_gmncsa_fall_009,fall,val,/Users/varunreddyseelam/Desktop/Gen_ai/final_pipeline/data/windows/val/fall/gmncsa24_gmncsa_fall_009/gmncsa24_gmncsa_fall_009_w0000.json
gmncsa24_gmncsa_fall_009_w0016,gmncsa24_gmncsa_fall_009,fall,val,/Users/varunreddyseelam/Desktop/Gen_ai/final_pipeline/data/windows/val/fall/gmncsa24_gmncsa_fall_009/gmncsa24_gmncsa_fall_009_w0016.json
gmncsa24_gmncsa_fall_009_w0041,gmncsa24_gmncsa_fall_009,fall,val,/Users/varunreddyseelam/Desktop/Gen_ai/final_pipeline/data/windows/val/fall/gmncsa24_gmncsa_fall_009/gmncsa24_gmncsa_fall_009_w0041.json
gmncsa24_gmncsa_fall_009_w0036,gmncsa24_gmncsa_fall_009,fall,val,/Users/varunreddyseelam/Desktop/Gen_ai/final_pipeline/data/windows/val/fall/gmncsa24_gmncsa_fall_009/gmncsa24_gmncsa_fall_009_w0036.json
gmncsa24_gmncsa_fall_009_w0020,gmncsa24_gmncsa_fall_009,fall,val,/Users/varunreddyseelam/Desktop/Gen_ai/final_pipeline/data/windows/val/fall/gmncsa24_gmncsa_fall_009/gmncsa24_gmncsa_fall_009_w0020.json
gmncsa24_gmncsa_fall_009_w0021,gmncsa24_gmncsa_fall_009,fall,val,/Users/varunreddyseelam/Desktop/Gen_ai/final_pipeline/data/windows/val/fall/gmncsa24_gmncsa_fall_009/gmncsa24_gmncsa_fall_009_w0021.json
gmncsa24_gmncsa_fall_009_w0037,gmncsa24_gmncsa_fall_009,fall,val,/Users/varunreddyseelam/Desktop/Gen_ai/final_pipeline/data/windows/val/fall/gmncsa24_gmncsa_fall_009/gmncsa24_gmncsa_fall_009_w0037.json
gmncsa24_gmncsa_fall_009_w0040,gmncsa24_gmncsa_fall_009,fall,val,/Users/varunreddyseelam/Desktop/Gen_ai/final_pipeline/data/windows/val/fall/gmncsa24_gmncsa_fall_009/gmncsa24_gmncsa_fall_009_w0040.json
gmncsa24_gmncsa_fall_009_w0017,gmncsa24_gmncsa_fall_009,fall,val,/Users/varunreddyseelam/Desktop/Gen_ai/final_pipeline/data/windows/val/fall/gmncsa24_gmncsa_fall_009/gmncsa24_gmncsa_fall_009_w0017.json
gmncsa24_gmncsa_fall_009_w0001,gmncsa24_gmncsa_fall_009,fall,val,/Users/varunreddyseelam/Desktop/Gen_ai/final_pipeline/data/windows/val/fall/gmncsa24_gmncsa_fall_009/gmncsa24_gmncsa_fall_009_w0001.json
gmncsa24_gmncsa_fall_009_w0030,gmncsa24_gmncsa_fall_009,fall,val,/Users/varunreddyseelam/Desktop/Gen_ai/final_pipeline/data/windows/val/fall/gmncsa24_gmncsa_fall_009/gmncsa24_gmncsa_fall_009_w0030.json
gmncsa24_gmncsa_fall_009_w0026,gmncsa24_gmncsa_fall_009,fall,val,/Users/varunreddyseelam/Desktop/Gen_ai/final_pipeline/data/windows/val/fall/gmncsa24_gmncsa_fall_009/gmncsa24_gmncsa_fall_009_w0026.json
gmncsa24_gmncsa_fall_009_w0006,gmncsa24_gmncsa_fall_009,fall,val,/Users/varunreddyseelam/Desktop/Gen_ai/final_pipeline/data/windows/val/fall/gmncsa24_gmncsa_fall_009/gmncsa24_gmncsa_fall_009_w0006.json
gmncsa24_gmncsa_fall_009_w0010,gmncsa24_gmncsa_fall_009,fall,val,/Users/varunreddyseelam/Desktop/Gen_ai/final_pipeline/data/windows/val/fall/gmncsa24_gmncsa_fall_009/gmncsa24_gmncsa_fall_009_w0010.json
gmncsa24_gmncsa_fall_009_w0011,gmncsa24_gmncsa_fall_009,fall,val,/Users/varunreddyseelam/Desktop/Gen_ai/final_pipeline/data/windows/val/fall/gmncsa24_gmncsa_fall_009/gmncsa24_gmncsa_fall_009_w0011.json
gmncsa24_gmncsa_fall_009_w0007,gmncsa24_gmncsa_fall_009,fall,val,/Users/varunreddyseelam/Desktop/Gen_ai/final_pipeline/data/windows/val/fall/gmncsa24_gmncsa_fall_009/gmncsa24_gmncsa_fall_009_w0007.json
gmncsa24_gmncsa_fall_009_w0027,gmncsa24_gmncsa_fall_009,fall,val,/Users/varunreddyseelam/Desktop/Gen_ai/final_pipeline/data/windows/val/fall/gmncsa24_gmncsa_fall_009/gmncsa24_gmncsa_fall_009_w0027.json
gmncsa24_gmncsa_fall_009_w0031,gmncsa24_gmncsa_fall_009,fall,val,/Users/varunreddyseelam/Desktop/Gen_ai/final_pipeline/data/windows/val/fall/gmncsa24_gmncsa_fall_009/gmncsa24_gmncsa_fall_009_w0031.json
gmncsa24_gmncsa_fall_009_w0008,gmncsa24_gmncsa_fall_009,fall,val,/Users/varunreddyseelam/Desktop/Gen_ai/final_pipeline/data/windows/val/fall/gmncsa24_gmncsa_fall_009/gmncsa24_gmncsa_fall_009_w0008.json
gmncsa24_gmncsa_fall_009_w0024,gmncsa24_gmncsa_fall_009,fall,val,/Users/varunreddyseelam/Desktop/Gen_ai/final_pipeline/data/windows/val/fall/gmncsa24_gmncsa_fall_009/gmncsa24_gmncsa_fall_009_w0024.json
gmncsa24_gmncsa_fall_009_w0032,gmncsa24_gmncsa_fall_009,fall,val,/Users/varunreddyseelam/Desktop/Gen_ai/final_pipeline/data/windows/val/fall/gmncsa24_gmncsa_fall_009/gmncsa24_gmncsa_fall_009_w0032.json
gmncsa24_gmncsa_fall_009_w0012,gmncsa24_gmncsa_fall_009,fall,val,/Users/varunreddyseelam/Desktop/Gen_ai/final_pipeline/data/windows/val/fall/gmncsa24_gmncsa_fall_009/gmncsa24_gmncsa_fall_009_w0012.json
gmncsa24_gmncsa_fall_009_w0004,gmncsa24_gmncsa_fall_009,fall,val,/Users/varunreddyseelam/Desktop/Gen_ai/final_pipeline/data/windows/val/fall/gmncsa24_gmncsa_fall_009/gmncsa24_gmncsa_fall_009_w0004.json
gmncsa24_gmncsa_fall_009_w0028,gmncsa24_gmncsa_fall_009,fall,val,/Users/varunreddyseelam/Desktop/Gen_ai/final_pipeline/data/windows/val/fall/gmncsa24_gmncsa_fall_009/gmncsa24_gmncsa_fall_009_w0028.json
gmncsa24_gmncsa_fall_009_w0029,gmncsa24_gmncsa_fall_009,fall,val,/Users/varunreddyseelam/Desktop/Gen_ai/final_pipeline/data/windows/val/fall/gmncsa24_gmncsa_fall_009/gmncsa24_gmncsa_fall_009_w0029.json
gmncsa24_gmncsa_fall_009_w0005,gmncsa24_gmncsa_fall_009,fall,val,/Users/varunreddyseelam/Desktop/Gen_ai/final_pipeline/data/windows/val/fall/gmncsa24_gmncsa_fall_009/gmncsa24_gmncsa_fall_009_w0005.json
gmncsa24_gmncsa_fall_009_w0013,gmncsa24_gmncsa_fall_009,fall,val,/Users/varunreddyseelam/Desktop/Gen_ai/final_pipeline/data/windows/val/fall/gmncsa24_gmncsa_fall_009/gmncsa24_gmncsa_fall_009_w0013.json
gmncsa24_gmncsa_fall_009_w0033,gmncsa24_gmncsa_fall_009,fall,val,/Users/varunreddyseelam/Desktop/Gen_ai/final_pipeline/data/windows/val/fall/gmncsa24_gmncsa_fall_009/gmncsa24_gmncsa_fall_009_w0033.json
gmncsa24_gmncsa_fall_009_w0025,gmncsa24_gmncsa_fall_009,fall,val,/Users/varunreddyseelam/Desktop/Gen_ai/final_pipeline/data/windows/val/fall/gmncsa24_gmncsa_fall_009/gmncsa24_gmncsa_fall_009_w0025.json
gmncsa24_gmncsa_fall_009_w0009,gmncsa24_gmncsa_fall_009,fall,val,/Users/varunreddyseelam/Desktop/Gen_ai/final_pipeline/data/windows/val/fall/gmncsa24_gmncsa_fall_009/gmncsa24_gmncsa_fall_009_w0009.json
gmncsa24_gmncsa_fall_009_w0014,gmncsa24_gmncsa_fall_009,fall,val,/Users/varunreddyseelam/Desktop/Gen_ai/final_pipeline/data/windows/val/fall/gmncsa24_gmncsa_fall_009/gmncsa24_gmncsa_fall_009_w0014.json
gmncsa24_gmncsa_fall_009_w0002,gmncsa24_gmncsa_fall_009,fall,val,/Users/varunreddyseelam/Desktop/Gen_ai/final_pipeline/data/windows/val/fall/gmncsa24_gmncsa_fall_009/gmncsa24_gmncsa_fall_009_w0002.json
gmncsa24_gmncsa_fall_009_w0038,gmncsa24_gmncsa_fall_009,fall,val,/Users/varunreddyseelam/Desktop/Gen_ai/final_pipeline/data/windows/val/fall/gmncsa24_gmncsa_fall_009/gmncsa24_gmncsa_fall_009_w0038.json
gmncsa24_gmncsa_fall_009_w0018,gmncsa24_gmncsa_fall_009,fall,val,/Users/varunreddyseelam/Desktop/Gen_ai/final_pipeline/data/windows/val/fall/gmncsa24_gmncsa_fall_009/gmncsa24_gmncsa_fall_009_w0018.json
gmncsa24_gmncsa_fall_009_w0022,gmncsa24_gmncsa_fall_009,fall,val,/Users/varunreddyseelam/Desktop/Gen_ai/final_pipeline/data/windows/val/fall/gmncsa24_gmncsa_fall_009/gmncsa24_gmncsa_fall_009_w0022.json
gmncsa24_gmncsa_fall_009_w0034,gmncsa24_gmncsa_fall_009,fall,val,/Users/varunreddyseelam/Desktop/Gen_ai/final_pipeline/data/windows/val/fall/gmncsa24_gmncsa_fall_009/gmncsa24_gmncsa_fall_009_w0034.json
gmncsa24_gmncsa_fall_009_w0035,gmncsa24_gmncsa_fall_009,fall,val,/Users/varunreddyseelam/Desktop/Gen_ai/final_pipeline/data/windows/val/fall/gmncsa24_gmncsa_fall_009/gmncsa24_gmncsa_fall_009_w0035.json
gmncsa24_gmncsa_fall_009_w0023,gmncsa24_gmncsa_fall_009,fall,val,/Users/varunreddyseelam/Desktop/Gen_ai/final_pipeline/data/windows/val/fall/gmncsa24_gmncsa_fall_009/gmncsa24_gmncsa_fall_009_w0023.json
gmncsa24_gmncsa_fall_009_w0019,gmncsa24_gmncsa_fall_009,fall,val,/Users/varunreddyseelam/Desktop/Gen_ai/final_pipeline/data/windows/val/fall/gmncsa24_gmncsa_fall_009/gmncsa24_gmncsa_fall_009_w0019.json
gmncsa24_gmncsa_fall_009_w0039,gmncsa24_gmncsa_fall_009,fall,val,/Users/varunreddyseelam/Desktop/Gen_ai/final_pipeline/data/windows/val/fall/gmncsa24_gmncsa_fall_009/gmncsa24_gmncsa_fall_009_w0039.json
gmncsa24_gmncsa_fall_009_w0003,gmncsa24_gmncsa_fall_009,fall,val,/Users/varunreddyseelam/Desktop/Gen_ai/final_pipeline/data/windows/val/fall/gmncsa24_gmncsa_fall_009/gmncsa24_gmncsa_fall_009_w0003.json
gmncsa24_gmncsa_fall_009_w0015,gmncsa24_gmncsa_fall_009,fall,val,/Users/varunreddyseelam/Desktop/Gen_ai/final_pipeline/data/windows/val/fall/gmncsa24_gmncsa_fall_009/gmncsa24_gmncsa_fall_009_w0015.json
gmncsa24_gmncsa_fall_031_w0010,gmncsa24_gmncsa_fall_031,fall,val,/Users/varunreddyseelam/Desktop/Gen_ai/final_pipeline/data/windows/val/fall/gmncsa24_gmncsa_fall_031/gmncsa24_gmncsa_fall_031_w0010.json
gmncsa24_gmncsa_fall_031_w0006,gmncsa24_gmncsa_fall_031,fall,val,/Users/varunreddyseelam/Desktop/Gen_ai/final_pipeline/data/windows/val/fall/gmncsa24_gmncsa_fall_031/gmncsa24_gmncsa_fall_031_w0006.json
gmncsa24_gmncsa_fall_031_w0007,gmncsa24_gmncsa_fall_031,fall,val,/Users/varunreddyseelam/Desktop/Gen_ai/final_pipeline/data/windows/val/fall/gmncsa24_gmncsa_fall_031/gmncsa24_gmncsa_fall_031_w0007.json
gmncsa24_gmncsa_fall_031_w0011,gmncsa24_gmncsa_fall_031,fall,val,/Users/varunreddyseelam/Desktop/Gen_ai/final_pipeline/data/windows/val/fall/gmncsa24_gmncsa_fall_031/gmncsa24_gmncsa_fall_031_w0011.json
gmncsa24_gmncsa_fall_031_w0000,gmncsa24_gmncsa_fall_031,fall,val,/Users/varunreddyseelam/Desktop/Gen_ai/final_pipeline/data/windows/val/fall/gmncsa24_gmncsa_fall_031/gmncsa24_gmncsa_fall_031_w0000.json
gmncsa24_gmncsa_fall_031_w0001,gmncsa24_gmncsa_fall_031,fall,val,/Users/varunreddyseelam/Desktop/Gen_ai/final_pipeline/data/windows/val/fall/gmncsa24_gmncsa_fall_031/gmncsa24_gmncsa_fall_031_w0001.json
gmncsa24_gmncsa_fall_031_w0002,gmncsa24_gmncsa_fall_031,fall,val,/Users/varunreddyseelam/Desktop/Gen_ai/final_pipeline/data/windows/val/fall/gmncsa24_gmncsa_fall_031/gmncsa24_gmncsa_fall_031_w0002.json
gmncsa24_gmncsa_fall_031_w0014,gmncsa24_gmncsa_fall_031,fall,val,/Users/varunreddyseelam/Desktop/Gen_ai/final_pipeline/data/windows/val/fall/gmncsa24_gmncsa_fall_031/gmncsa24_gmncsa_fall_031_w0014.json
gmncsa24_gmncsa_fall_031_w0015,gmncsa24_gmncsa_fall_031,fall,val,/Users/varunreddyseelam/Desktop/Gen_ai/final_pipeline/data/windows/val/fall/gmncsa24_gmncsa_fall_031/gmncsa24_gmncsa_fall_031_w0015.json
gmncsa24_gmncsa_fall_031_w0003,gmncsa24_gmncsa_fall_031,fall,val,/Users/varunreddyseelam/Desktop/Gen_ai/final_pipeline/data/windows/val/fall/gmncsa24_gmncsa_fall_031/gmncsa24_gmncsa_fall_031_w0003.json
gmncsa24_gmncsa_fall_031_w0004,gmncsa24_gmncsa_fall_031,fall,val,/Users/varunreddyseelam/Desktop/Gen_ai/final_pipeline/data/windows/val/fall/gmncsa24_gmncsa_fall_031/gmncsa24_gmncsa_fall_031_w0004.json
gmncsa24_gmncsa_fall_031_w0012,gmncsa24_gmncsa_fall_031,fall,val,/Users/varunreddyseelam/Desktop/Gen_ai/final_pipeline/data/windows/val/fall/gmncsa24_gmncsa_fall_031/gmncsa24_gmncsa_fall_031_w0012.json
gmncsa24_gmncsa_fall_031_w0008,gmncsa24_gmncsa_fall_031,fall,val,/Users/varunreddyseelam/Desktop/Gen_ai/final_pipeline/data/windows/val/fall/gmncsa24_gmncsa_fall_031/gmncsa24_gmncsa_fall_031_w0008.json
gmncsa24_gmncsa_fall_031_w0009,gmncsa24_gmncsa_fall_031,fall,val,/Users/varunreddyseelam/Desktop/Gen_ai/final_pipeline/data/windows/val/fall/gmncsa24_gmncsa_fall_031/gmncsa24_gmncsa_fall_031_w0009.json
gmncsa24_gmncsa_fall_031_w0013,gmncsa24_gmncsa_fall_031,fall,val,/Users/varunreddyseelam/Desktop/Gen_ai/final_pipeline/data/windows/val/fall/gmncsa24_gmncsa_fall_031/gmncsa24_gmncsa_fall_031_w0013.json
gmncsa24_gmncsa_fall_031_w0005,gmncsa24_gmncsa_fall_031,fall,val,/Users/varunreddyseelam/Desktop/Gen_ai/final_pipeline/data/windows/val/fall/gmncsa24_gmncsa_fall_031/gmncsa24_gmncsa_fall_031_w0005.json
gmncsa24_gmncsa_fall_038_w0018,gmncsa24_gmncsa_fall_038,fall,val,/Users/varunreddyseelam/Desktop/Gen_ai/final_pipeline/data/windows/val/fall/gmncsa24_gmncsa_fall_038/gmncsa24_gmncsa_fall_038_w0018.json
gmncsa24_gmncsa_fall_038_w0014,gmncsa24_gmncsa_fall_038,fall,val,/Users/varunreddyseelam/Desktop/Gen_ai/final_pipeline/data/windows/val/fall/gmncsa24_gmncsa_fall_038/gmncsa24_gmncsa_fall_038_w0014.json
gmncsa24_gmncsa_fall_038_w0002,gmncsa24_gmncsa_fall_038,fall,val,/Users/varunreddyseelam/Desktop/Gen_ai/final_pipeline/data/windows/val/fall/gmncsa24_gmncsa_fall_038/gmncsa24_gmncsa_fall_038_w0002.json
gmncsa24_gmncsa_fall_038_w0003,gmncsa24_gmncsa_fall_038,fall,val,/Users/varunreddyseelam/Desktop/Gen_ai/final_pipeline/data/windows/val/fall/gmncsa24_gmncsa_fall_038/gmncsa24_gmncsa_fall_038_w0003.json
gmncsa24_gmncsa_fall_038_w0015,gmncsa24_gmncsa_fall_038,fall,val,/Users/varunreddyseelam/Desktop/Gen_ai/final_pipeline/data/windows/val/fall/gmncsa24_gmncsa_fall_038/gmncsa24_gmncsa_fall_038_w0015.json
gmncsa24_gmncsa_fall_038_w0019,gmncsa24_gmncsa_fall_038,fall,val,/Users/varunreddyseelam/Desktop/Gen_ai/final_pipeline/data/windows/val/fall/gmncsa24_gmncsa_fall_038/gmncsa24_gmncsa_fall_038_w0019.json
gmncsa24_gmncsa_fall_038_w0012,gmncsa24_gmncsa_fall_038,fall,val,/Users/varunreddyseelam/Desktop/Gen_ai/final_pipeline/data/windows/val/fall/gmncsa24_gmncsa_fall_038/gmncsa24_gmncsa_fall_038_w0012.json
gmncsa24_gmncsa_fall_038_w0004,gmncsa24_gmncsa_fall_038,fall,val,/Users/varunreddyseelam/Desktop/Gen_ai/final_pipeline/data/windows/val/fall/gmncsa24_gmncsa_fall_038/gmncsa24_gmncsa_fall_038_w0004.json
gmncsa24_gmncsa_fall_038_w0008,gmncsa24_gmncsa_fall_038,fall,val,/Users/varunreddyseelam/Desktop/Gen_ai/final_pipeline/data/windows/val/fall/gmncsa24_gmncsa_fall_038/gmncsa24_gmncsa_fall_038_w0008.json
gmncsa24_gmncsa_fall_038_w0009,gmncsa24_gmncsa_fall_038,fall,val,/Users/varunreddyseelam/Desktop/Gen_ai/final_pipeline/data/windows/val/fall/gmncsa24_gmncsa_fall_038/gmncsa24_gmncsa_fall_038_w0009.json
gmncsa24_gmncsa_fall_038_w0005,gmncsa24_gmncsa_fall_038,fall,val,/Users/varunreddyseelam/Desktop/Gen_ai/final_pipeline/data/windows/val/fall/gmncsa24_gmncsa_fall_038/gmncsa24_gmncsa_fall_038_w0005.json
gmncsa24_gmncsa_fall_038_w0013,gmncsa24_gmncsa_fall_038,fall,val,/Users/varunreddyseelam/Desktop/Gen_ai/final_pipeline/data/windows/val/fall/gmncsa24_gmncsa_fall_038/gmncsa24_gmncsa_fall_038_w0013.json
gmncsa24_gmncsa_fall_038_w0006,gmncsa24_gmncsa_fall_038,fall,val,/Users/varunreddyseelam/Desktop/Gen_ai/final_pipeline/data/windows/val/fall/gmncsa24_gmncsa_fall_038/gmncsa24_gmncsa_fall_038_w0006.json
gmncsa24_gmncsa_fall_038_w0010,gmncsa24_gmncsa_fall_038,fall,val,/Users/varunreddyseelam/Desktop/Gen_ai/final_pipeline/data/windows/val/fall/gmncsa24_gmncsa_fall_038/gmncsa24_gmncsa_fall_038_w0010.json
gmncsa24_gmncsa_fall_038_w0011,gmncsa24_gmncsa_fall_038,fall,val,/Users/varunreddyseelam/Desktop/Gen_ai/final_pipeline/data/windows/val/fall/gmncsa24_gmncsa_fall_038/gmncsa24_gmncsa_fall_038_w0011.json
gmncsa24_gmncsa_fall_038_w0007,gmncsa24_gmncsa_fall_038,fall,val,/Users/varunreddyseelam/Desktop/Gen_ai/final_pipeline/data/windows/val/fall/gmncsa24_gmncsa_fall_038/gmncsa24_gmncsa_fall_038_w0007.json
gmncsa24_gmncsa_fall_038_w0020,gmncsa24_gmncsa_fall_038,fall,val,/Users/varunreddyseelam/Desktop/Gen_ai/final_pipeline/data/windows/val/fall/gmncsa24_gmncsa_fall_038/gmncsa24_gmncsa_fall_038_w0020.json
gmncsa24_gmncsa_fall_038_w0000,gmncsa24_gmncsa_fall_038,fall,val,/Users/varunreddyseelam/Desktop/Gen_ai/final_pipeline/data/windows/val/fall/gmncsa24_gmncsa_fall_038/gmncsa24_gmncsa_fall_038_w0000.json
gmncsa24_gmncsa_fall_038_w0016,gmncsa24_gmncsa_fall_038,fall,val,/Users/varunreddyseelam/Desktop/Gen_ai/final_pipeline/data/windows/val/fall/gmncsa24_gmncsa_fall_038/gmncsa24_gmncsa_fall_038_w0016.json
gmncsa24_gmncsa_fall_038_w0017,gmncsa24_gmncsa_fall_038,fall,val,/Users/varunreddyseelam/Desktop/Gen_ai/final_pipeline/data/windows/val/fall/gmncsa24_gmncsa_fall_038/gmncsa24_gmncsa_fall_038_w0017.json
gmncsa24_gmncsa_fall_038_w0001,gmncsa24_gmncsa_fall_038,fall,val,/Users/varunreddyseelam/Desktop/Gen_ai/final_pipeline/data/windows/val/fall/gmncsa24_gmncsa_fall_038/gmncsa24_gmncsa_fall_038_w0001.json
gmncsa24_gmncsa_fall_006_w0047,gmncsa24_gmncsa_fall_006,fall,val,/Users/varunreddyseelam/Desktop/Gen_ai/final_pipeline/data/windows/val/fall/gmncsa24_gmncsa_fall_006/gmncsa24_gmncsa_fall_006_w0047.json
gmncsa24_gmncsa_fall_006_w0010,gmncsa24_gmncsa_fall_006,fall,val,/Users/varunreddyseelam/Desktop/Gen_ai/final_pipeline/data/windows/val/fall/gmncsa24_gmncsa_fall_006/gmncsa24_gmncsa_fall_006_w0010.json
gmncsa24_gmncsa_fall_006_w0006,gmncsa24_gmncsa_fall_006,fall,val,/Users/varunreddyseelam/Desktop/Gen_ai/final_pipeline/data/windows/val/fall/gmncsa24_gmncsa_fall_006/gmncsa24_gmncsa_fall_006_w0006.json
gmncsa24_gmncsa_fall_006_w0051,gmncsa24_gmncsa_fall_006,fall,val,/Users/varunreddyseelam/Desktop/Gen_ai/final_pipeline/data/windows/val/fall/gmncsa24_gmncsa_fall_006/gmncsa24_gmncsa_fall_006_w0051.json
gmncsa24_gmncsa_fall_006_w0026,gmncsa24_gmncsa_fall_006,fall,val,/Users/varunreddyseelam/Desktop/Gen_ai/final_pipeline/data/windows/val/fall/gmncsa24_gmncsa_fall_006/gmncsa24_gmncsa_fall_006_w0026.json
gmncsa24_gmncsa_fall_006_w0030,gmncsa24_gmncsa_fall_006,fall,val,/Users/varunreddyseelam/Desktop/Gen_ai/final_pipeline/data/windows/val/fall/gmncsa24_gmncsa_fall_006/gmncsa24_gmncsa_fall_006_w0030.json
gmncsa24_gmncsa_fall_006_w0031,gmncsa24_gmncsa_fall_006,fall,val,/Users/varunreddyseelam/Desktop/Gen_ai/final_pipeline/data/windows/val/fall/gmncsa24_gmncsa_fall_006/gmncsa24_gmncsa_fall_006_w0031.json
gmncsa24_gmncsa_fall_006_w0027,gmncsa24_gmncsa_fall_006,fall,val,/Users/varunreddyseelam/Desktop/Gen_ai/final_pipeline/data/windows/val/fall/gmncsa24_gmncsa_fall_006/gmncsa24_gmncsa_fall_006_w0027.json
gmncsa24_gmncsa_fall_006_w0050,gmncsa24_gmncsa_fall_006,fall,val,/Users/varunreddyseelam/Desktop/Gen_ai/final_pipeline/data/windows/val/fall/gmncsa24_gmncsa_fall_006/gmncsa24_gmncsa_fall_006_w0050.json
gmncsa24_gmncsa_fall_006_w0007,gmncsa24_gmncsa_fall_006,fall,val,/Users/varunreddyseelam/Desktop/Gen_ai/final_pipeline/data/windows/val/fall/gmncsa24_gmncsa_fall_006/gmncsa24_gmncsa_fall_006_w0007.json
gmncsa24_gmncsa_fall_006_w0011,gmncsa24_gmncsa_fall_006,fall,val,/Users/varunreddyseelam/Desktop/Gen_ai/final_pipeline/data/windows/val/fall/gmncsa24_gmncsa_fall_006/gmncsa24_gmncsa_fall_006_w0011.json
gmncsa24_gmncsa_fall_006_w0046,gmncsa24_gmncsa_fall_006,fall,val,/Users/varunreddyseelam/Desktop/Gen_ai/final_pipeline/data/windows/val/fall/gmncsa24_gmncsa_fall_006/gmncsa24_gmncsa_fall_006_w0046.json
gmncsa24_gmncsa_fall_006_w0020,gmncsa24_gmncsa_fall_006,fall,val,/Users/varunreddyseelam/Desktop/Gen_ai/final_pipeline/data/windows/val/fall/gmncsa24_gmncsa_fall_006/gmncsa24_gmncsa_fall_006_w0020.json
gmncsa24_gmncsa_fall_006_w0036,gmncsa24_gmncsa_fall_006,fall,val,/Users/varunreddyseelam/Desktop/Gen_ai/final_pipeline/data/windows/val/fall/gmncsa24_gmncsa_fall_006/gmncsa24_gmncsa_fall_006_w0036.json
gmncsa24_gmncsa_fall_006_w0041,gmncsa24_gmncsa_fall_006,fall,val,/Users/varunreddyseelam/Desktop/Gen_ai/final_pipeline/data/windows/val/fall/gmncsa24_gmncsa_fall_006/gmncsa24_gmncsa_fall_006_w0041.json
gmncsa24_gmncsa_fall_006_w0016,gmncsa24_gmncsa_fall_006,fall,val,/Users/varunreddyseelam/Desktop/Gen_ai/final_pipeline/data/windows/val/fall/gmncsa24_gmncsa_fall_006/gmncsa24_gmncsa_fall_006_w0016.json
gmncsa24_gmncsa_fall_006_w0000,gmncsa24_gmncsa_fall_006,fall,val,/Users/varunreddyseelam/Desktop/Gen_ai/final_pipeline/data/windows/val/fall/gmncsa24_gmncsa_fall_006/gmncsa24_gmncsa_fall_006_w0000.json
gmncsa24_gmncsa_fall_006_w0057,gmncsa24_gmncsa_fall_006,fall,val,/Users/varunreddyseelam/Desktop/Gen_ai/final_pipeline/data/windows/val/fall/gmncsa24_gmncsa_fall_006/gmncsa24_gmncsa_fall_006_w0057.json
gmncsa24_gmncsa_fall_006_w0056,gmncsa24_gmncsa_fall_006,fall,val,/Users/varunreddyseelam/Desktop/Gen_ai/final_pipeline/data/windows/val/fall/gmncsa24_gmncsa_fall_006/gmncsa24_gmncsa_fall_006_w0056.json
gmncsa24_gmncsa_fall_006_w0001,gmncsa24_gmncsa_fall_006,fall,val,/Users/varunreddyseelam/Desktop/Gen_ai/final_pipeline/data/windows/val/fall/gmncsa24_gmncsa_fall_006/gmncsa24_gmncsa_fall_006_w0001.json
gmncsa24_gmncsa_fall_006_w0017,gmncsa24_gmncsa_fall_006,fall,val,/Users/varunreddyseelam/Desktop/Gen_ai/final_pipeline/data/windows/val/fall/gmncsa24_gmncsa_fall_006/gmncsa24_gmncsa_fall_006_w0017.json
gmncsa24_gmncsa_fall_006_w0040,gmncsa24_gmncsa_fall_006,fall,val,/Users/varunreddyseelam/Desktop/Gen_ai/final_pipeline/data/windows/val/fall/gmncsa24_gmncsa_fall_006/gmncsa24_gmncsa_fall_006_w0040.json
gmncsa24_gmncsa_fall_006_w0037,gmncsa24_gmncsa_fall_006,fall,val,/Users/varunreddyseelam/Desktop/Gen_ai/final_pipeline/data/windows/val/fall/gmncsa24_gmncsa_fall_006/gmncsa24_gmncsa_fall_006_w0037.json
gmncsa24_gmncsa_fall_006_w0021,gmncsa24_gmncsa_fall_006,fall,val,/Users/varunreddyseelam/Desktop/Gen_ai/final_pipeline/data/windows/val/fall/gmncsa24_gmncsa_fall_006/gmncsa24_gmncsa_fall_006_w0021.json
gmncsa24_gmncsa_fall_006_w0034,gmncsa24_gmncsa_fall_006,fall,val,/Users/varunreddyseelam/Desktop/Gen_ai/final_pipeline/data/windows/val/fall/gmncsa24_gmncsa_fall_006/gmncsa24_gmncsa_fall_006_w0034.json
gmncsa24_gmncsa_fall_006_w0022,gmncsa24_gmncsa_fall_006,fall,val,/Users/varunreddyseelam/Desktop/Gen_ai/final_pipeline/data/windows/val/fall/gmncsa24_gmncsa_fall_006/gmncsa24_gmncsa_fall_006_w0022.json
gmncsa24_gmncsa_fall_006_w0018,gmncsa24_gmncsa_fall_006,fall,val,/Users/varunreddyseelam/Desktop/Gen_ai/final_pipeline/data/windows/val/fall/gmncsa24_gmncsa_fall_006/gmncsa24_gmncsa_fall_006_w0018.json
gmncsa24_gmncsa_fall_006_w0038,gmncsa24_gmncsa_fall_006,fall,val,/Users/varunreddyseelam/Desktop/Gen_ai/final_pipeline/data/windows/val/fall/gmncsa24_gmncsa_fall_006/gmncsa24_gmncsa_fall_006_w0038.json
gmncsa24_gmncsa_fall_006_w0055,gmncsa24_gmncsa_fall_006,fall,val,/Users/varunreddyseelam/Desktop/Gen_ai/final_pipeline/data/windows/val/fall/gmncsa24_gmncsa_fall_006/gmncsa24_gmncsa_fall_006_w0055.json
gmncsa24_gmncsa_fall_006_w0002,gmncsa24_gmncsa_fall_006,fall,val,/Users/varunreddyseelam/Desktop/Gen_ai/final_pipeline/data/windows/val/fall/gmncsa24_gmncsa_fall_006/gmncsa24_gmncsa_fall_006_w0002.json
gmncsa24_gmncsa_fall_006_w0014,gmncsa24_gmncsa_fall_006,fall,val,/Users/varunreddyseelam/Desktop/Gen_ai/final_pipeline/data/windows/val/fall/gmncsa24_gmncsa_fall_006/gmncsa24_gmncsa_fall_006_w0014.json
gmncsa24_gmncsa_fall_006_w0043,gmncsa24_gmncsa_fall_006,fall,val,/Users/varunreddyseelam/Desktop/Gen_ai/final_pipeline/data/windows/val/fall/gmncsa24_gmncsa_fall_006/gmncsa24_gmncsa_fall_006_w0043.json
gmncsa24_gmncsa_fall_006_w0042,gmncsa24_gmncsa_fall_006,fall,val,/Users/varunreddyseelam/Desktop/Gen_ai/final_pipeline/data/windows/val/fall/gmncsa24_gmncsa_fall_006/gmncsa24_gmncsa_fall_006_w0042.json
gmncsa24_gmncsa_fall_006_w0015,gmncsa24_gmncsa_fall_006,fall,val,/Users/varunreddyseelam/Desktop/Gen_ai/final_pipeline/data/windows/val/fall/gmncsa24_gmncsa_fall_006/gmncsa24_gmncsa_fall_006_w0015.json
gmncsa24_gmncsa_fall_006_w0003,gmncsa24_gmncsa_fall_006,fall,val,/Users/varunreddyseelam/Desktop/Gen_ai/final_pipeline/data/windows/val/fall/gmncsa24_gmncsa_fall_006/gmncsa24_gmncsa_fall_006_w0003.json
gmncsa24_gmncsa_fall_006_w0054,gmncsa24_gmncsa_fall_006,fall,val,/Users/varunreddyseelam/Desktop/Gen_ai/final_pipeline/data/windows/val/fall/gmncsa24_gmncsa_fall_006/gmncsa24_gmncsa_fall_006_w0054.json
gmncsa24_gmncsa_fall_006_w0039,gmncsa24_gmncsa_fall_006,fall,val,/Users/varunreddyseelam/Desktop/Gen_ai/final_pipeline/data/windows/val/fall/gmncsa24_gmncsa_fall_006/gmncsa24_gmncsa_fall_006_w0039.json
gmncsa24_gmncsa_fall_006_w0019,gmncsa24_gmncsa_fall_006,fall,val,/Users/varunreddyseelam/Desktop/Gen_ai/final_pipeline/data/windows/val/fall/gmncsa24_gmncsa_fall_006/gmncsa24_gmncsa_fall_006_w0019.json
gmncsa24_gmncsa_fall_006_w0023,gmncsa24_gmncsa_fall_006,fall,val,/Users/varunreddyseelam/Desktop/Gen_ai/final_pipeline/data/windows/val/fall/gmncsa24_gmncsa_fall_006/gmncsa24_gmncsa_fall_006_w0023.json
gmncsa24_gmncsa_fall_006_w0035,gmncsa24_gmncsa_fall_006,fall,val,/Users/varunreddyseelam/Desktop/Gen_ai/final_pipeline/data/windows/val/fall/gmncsa24_gmncsa_fall_006/gmncsa24_gmncsa_fall_006_w0035.json
gmncsa24_gmncsa_fall_006_w0028,gmncsa24_gmncsa_fall_006,fall,val,/Users/varunreddyseelam/Desktop/Gen_ai/final_pipeline/data/windows/val/fall/gmncsa24_gmncsa_fall_006/gmncsa24_gmncsa_fall_006_w0028.json
gmncsa24_gmncsa_fall_006_w0053,gmncsa24_gmncsa_fall_006,fall,val,/Users/varunreddyseelam/Desktop/Gen_ai/final_pipeline/data/windows/val/fall/gmncsa24_gmncsa_fall_006/gmncsa24_gmncsa_fall_006_w0053.json
gmncsa24_gmncsa_fall_006_w0004,gmncsa24_gmncsa_fall_006,fall,val,/Users/varunreddyseelam/Desktop/Gen_ai/final_pipeline/data/windows/val/fall/gmncsa24_gmncsa_fall_006/gmncsa24_gmncsa_fall_006_w0004.json
gmncsa24_gmncsa_fall_006_w0012,gmncsa24_gmncsa_fall_006,fall,val,/Users/varunreddyseelam/Desktop/Gen_ai/final_pipeline/data/windows/val/fall/gmncsa24_gmncsa_fall_006/gmncsa24_gmncsa_fall_006_w0012.json
gmncsa24_gmncsa_fall_006_w0045,gmncsa24_gmncsa_fall_006,fall,val,/Users/varunreddyseelam/Desktop/Gen_ai/final_pipeline/data/windows/val/fall/gmncsa24_gmncsa_fall_006/gmncsa24_gmncsa_fall_006_w0045.json
gmncsa24_gmncsa_fall_006_w0032,gmncsa24_gmncsa_fall_006,fall,val,/Users/varunreddyseelam/Desktop/Gen_ai/final_pipeline/data/windows/val/fall/gmncsa24_gmncsa_fall_006/gmncsa24_gmncsa_fall_006_w0032.json
gmncsa24_gmncsa_fall_006_w0024,gmncsa24_gmncsa_fall_006,fall,val,/Users/varunreddyseelam/Desktop/Gen_ai/final_pipeline/data/windows/val/fall/gmncsa24_gmncsa_fall_006/gmncsa24_gmncsa_fall_006_w0024.json
gmncsa24_gmncsa_fall_006_w0008,gmncsa24_gmncsa_fall_006,fall,val,/Users/varunreddyseelam/Desktop/Gen_ai/final_pipeline/data/windows/val/fall/gmncsa24_gmncsa_fall_006/gmncsa24_gmncsa_fall_006_w0008.json
gmncsa24_gmncsa_fall_006_w0049,gmncsa24_gmncsa_fall_006,fall,val,/Users/varunreddyseelam/Desktop/Gen_ai/final_pipeline/data/windows/val/fall/gmncsa24_gmncsa_fall_006/gmncsa24_gmncsa_fall_006_w0049.json
gmncsa24_gmncsa_fall_006_w0048,gmncsa24_gmncsa_fall_006,fall,val,/Users/varunreddyseelam/Desktop/Gen_ai/final_pipeline/data/windows/val/fall/gmncsa24_gmncsa_fall_006/gmncsa24_gmncsa_fall_006_w0048.json
gmncsa24_gmncsa_fall_006_w0009,gmncsa24_gmncsa_fall_006,fall,val,/Users/varunreddyseelam/Desktop/Gen_ai/final_pipeline/data/windows/val/fall/gmncsa24_gmncsa_fall_006/gmncsa24_gmncsa_fall_006_w0009.json
gmncsa24_gmncsa_fall_006_w0025,gmncsa24_gmncsa_fall_006,fall,val,/Users/varunreddyseelam/Desktop/Gen_ai/final_pipeline/data/windows/val/fall/gmncsa24_gmncsa_fall_006/gmncsa24_gmncsa_fall_006_w0025.json
gmncsa24_gmncsa_fall_006_w0033,gmncsa24_gmncsa_fall_006,fall,val,/Users/varunreddyseelam/Desktop/Gen_ai/final_pipeline/data/windows/val/fall/gmncsa24_gmncsa_fall_006/gmncsa24_gmncsa_fall_006_w0033.json
gmncsa24_gmncsa_fall_006_w0044,gmncsa24_gmncsa_fall_006,fall,val,/Users/varunreddyseelam/Desktop/Gen_ai/final_pipeline/data/windows/val/fall/gmncsa24_gmncsa_fall_006/gmncsa24_gmncsa_fall_006_w0044.json
gmncsa24_gmncsa_fall_006_w0013,gmncsa24_gmncsa_fall_006,fall,val,/Users/varunreddyseelam/Desktop/Gen_ai/final_pipeline/data/windows/val/fall/gmncsa24_gmncsa_fall_006/gmncsa24_gmncsa_fall_006_w0013.json
gmncsa24_gmncsa_fall_006_w0005,gmncsa24_gmncsa_fall_006,fall,val,/Users/varunreddyseelam/Desktop/Gen_ai/final_pipeline/data/windows/val/fall/gmncsa24_gmncsa_fall_006/gmncsa24_gmncsa_fall_006_w0005.json
gmncsa24_gmncsa_fall_006_w0052,gmncsa24_gmncsa_fall_006,fall,val,/Users/varunreddyseelam/Desktop/Gen_ai/final_pipeline/data/windows/val/fall/gmncsa24_gmncsa_fall_006/gmncsa24_gmncsa_fall_006_w0052.json
gmncsa24_gmncsa_fall_006_w0029,gmncsa24_gmncsa_fall_006,fall,val,/Users/varunreddyseelam/Desktop/Gen_ai/final_pipeline/data/windows/val/fall/gmncsa24_gmncsa_fall_006/gmncsa24_gmncsa_fall_006_w0029.json
urfd_fall-29-cam0_w0012,urfd_fall-29-cam0,fall,val,/Users/varunreddyseelam/Desktop/Gen_ai/final_pipeline/data/windows/val/fall/urfd_fall-29-cam0/urfd_fall-29-cam0_w0012.json
urfd_fall-29-cam0_w0004,urfd_fall-29-cam0,fall,val,/Users/varunreddyseelam/Desktop/Gen_ai/final_pipeline/data/windows/val/fall/urfd_fall-29-cam0/urfd_fall-29-cam0_w0004.json
urfd_fall-29-cam0_w0008,urfd_fall-29-cam0,fall,val,/Users/varunreddyseelam/Desktop/Gen_ai/final_pipeline/data/windows/val/fall/urfd_fall-29-cam0/urfd_fall-29-cam0_w0008.json
urfd_fall-29-cam0_w0009,urfd_fall-29-cam0,fall,val,/Users/varunreddyseelam/Desktop/Gen_ai/final_pipeline/data/windows/val/fall/urfd_fall-29-cam0/urfd_fall-29-cam0_w0009.json
urfd_fall-29-cam0_w0005,urfd_fall-29-cam0,fall,val,/Users/varunreddyseelam/Desktop/Gen_ai/final_pipeline/data/windows/val/fall/urfd_fall-29-cam0/urfd_fall-29-cam0_w0005.json
urfd_fall-29-cam0_w0013,urfd_fall-29-cam0,fall,val,/Users/varunreddyseelam/Desktop/Gen_ai/final_pipeline/data/windows/val/fall/urfd_fall-29-cam0/urfd_fall-29-cam0_w0013.json
urfd_fall-29-cam0_w0014,urfd_fall-29-cam0,fall,val,/Users/varunreddyseelam/Desktop/Gen_ai/final_pipeline/data/windows/val/fall/urfd_fall-29-cam0/urfd_fall-29-cam0_w0014.json
urfd_fall-29-cam0_w0002,urfd_fall-29-cam0,fall,val,/Users/varunreddyseelam/Desktop/Gen_ai/final_pipeline/data/windows/val/fall/urfd_fall-29-cam0/urfd_fall-29-cam0_w0002.json
urfd_fall-29-cam0_w0003,urfd_fall-29-cam0,fall,val,/Users/varunreddyseelam/Desktop/Gen_ai/final_pipeline/data/windows/val/fall/urfd_fall-29-cam0/urfd_fall-29-cam0_w0003.json
urfd_fall-29-cam0_w0015,urfd_fall-29-cam0,fall,val,/Users/varunreddyseelam/Desktop/Gen_ai/final_pipeline/data/windows/val/fall/urfd_fall-29-cam0/urfd_fall-29-cam0_w0015.json
urfd_fall-29-cam0_w0000,urfd_fall-29-cam0,fall,val,/Users/varunreddyseelam/Desktop/Gen_ai/final_pipeline/data/windows/val/fall/urfd_fall-29-cam0/urfd_fall-29-cam0_w0000.json
urfd_fall-29-cam0_w0016,urfd_fall-29-cam0,fall,val,/Users/varunreddyseelam/Desktop/Gen_ai/final_pipeline/data/windows/val/fall/urfd_fall-29-cam0/urfd_fall-29-cam0_w0016.json
urfd_fall-29-cam0_w0017,urfd_fall-29-cam0,fall,val,/Users/varunreddyseelam/Desktop/Gen_ai/final_pipeline/data/windows/val/fall/urfd_fall-29-cam0/urfd_fall-29-cam0_w0017.json
urfd_fall-29-cam0_w0001,urfd_fall-29-cam0,fall,val,/Users/varunreddyseelam/Desktop/Gen_ai/final_pipeline/data/windows/val/fall/urfd_fall-29-cam0/urfd_fall-29-cam0_w0001.json
urfd_fall-29-cam0_w0006,urfd_fall-29-cam0,fall,val,/Users/varunreddyseelam/Desktop/Gen_ai/final_pipeline/data/windows/val/fall/urfd_fall-29-cam0/urfd_fall-29-cam0_w0006.json
urfd_fall-29-cam0_w0010,urfd_fall-29-cam0,fall,val,/Users/varunreddyseelam/Desktop/Gen_ai/final_pipeline/data/windows/val/fall/urfd_fall-29-cam0/urfd_fall-29-cam0_w0010.json
urfd_fall-29-cam0_w0011,urfd_fall-29-cam0,fall,val,/Users/varunreddyseelam/Desktop/Gen_ai/final_pipeline/data/windows/val/fall/urfd_fall-29-cam0/urfd_fall-29-cam0_w0011.json
urfd_fall-29-cam0_w0007,urfd_fall-29-cam0,fall,val,/Users/varunreddyseelam/Desktop/Gen_ai/final_pipeline/data/windows/val/fall/urfd_fall-29-cam0/urfd_fall-29-cam0_w0007.json
le2i_CR01_video_22_fall_w0000,le2i_CR01_video_22_fall,fall,val,/Users/varunreddyseelam/Desktop/Gen_ai/final_pipeline/data/windows/val/fall/le2i_CR01_video_22_fall/le2i_CR01_video_22_fall_w0000.json
le2i_CR01_video_22_fall_w0001,le2i_CR01_video_22_fall,fall,val,/Users/varunreddyseelam/Desktop/Gen_ai/final_pipeline/data/windows/val/fall/le2i_CR01_video_22_fall/le2i_CR01_video_22_fall_w0001.json
urfd_fall-24-cam0_w0006,urfd_fall-24-cam0,fall,val,/Users/varunreddyseelam/Desktop/Gen_ai/final_pipeline/data/windows/val/fall/urfd_fall-24-cam0/urfd_fall-24-cam0_w0006.json
urfd_fall-24-cam0_w0007,urfd_fall-24-cam0,fall,val,/Users/varunreddyseelam/Desktop/Gen_ai/final_pipeline/data/windows/val/fall/urfd_fall-24-cam0/urfd_fall-24-cam0_w0007.json
urfd_fall-24-cam0_w0000,urfd_fall-24-cam0,fall,val,/Users/varunreddyseelam/Desktop/Gen_ai/final_pipeline/data/windows/val/fall/urfd_fall-24-cam0/urfd_fall-24-cam0_w0000.json
urfd_fall-24-cam0_w0001,urfd_fall-24-cam0,fall,val,/Users/varunreddyseelam/Desktop/Gen_ai/final_pipeline/data/windows/val/fall/urfd_fall-24-cam0/urfd_fall-24-cam0_w0001.json
urfd_fall-24-cam0_w0002,urfd_fall-24-cam0,fall,val,/Users/varunreddyseelam/Desktop/Gen_ai/final_pipeline/data/windows/val/fall/urfd_fall-24-cam0/urfd_fall-24-cam0_w0002.json
urfd_fall-24-cam0_w0003,urfd_fall-24-cam0,fall,val,/Users/varunreddyseelam/Desktop/Gen_ai/final_pipeline/data/windows/val/fall/urfd_fall-24-cam0/urfd_fall-24-cam0_w0003.json
urfd_fall-24-cam0_w0008,urfd_fall-24-cam0,fall,val,/Users/varunreddyseelam/Desktop/Gen_ai/final_pipeline/data/windows/val/fall/urfd_fall-24-cam0/urfd_fall-24-cam0_w0008.json
urfd_fall-24-cam0_w0004,urfd_fall-24-cam0,fall,val,/Users/varunreddyseelam/Desktop/Gen_ai/final_pipeline/data/windows/val/fall/urfd_fall-24-cam0/urfd_fall-24-cam0_w0004.json
urfd_fall-24-cam0_w0005,urfd_fall-24-cam0,fall,val,/Users/varunreddyseelam/Desktop/Gen_ai/final_pipeline/data/windows/val/fall/urfd_fall-24-cam0/urfd_fall-24-cam0_w0005.json
urfd_fall-24-cam0_w0009,urfd_fall-24-cam0,fall,val,/Users/varunreddyseelam/Desktop/Gen_ai/final_pipeline/data/windows/val/fall/urfd_fall-24-cam0/urfd_fall-24-cam0_w0009.json
le2i_CR01_video_13_fall_w0001,le2i_CR01_video_13_fall,fall,val,/Users/varunreddyseelam/Desktop/Gen_ai/final_pipeline/data/windows/val/fall/le2i_CR01_video_13_fall/le2i_CR01_video_13_fall_w0001.json
le2i_CR01_video_13_fall_w0000,le2i_CR01_video_13_fall,fall,val,/Users/varunreddyseelam/Desktop/Gen_ai/final_pipeline/data/windows/val/fall/le2i_CR01_video_13_fall/le2i_CR01_video_13_fall_w0000.json
le2i_CR01_video_44_fall_w0003,le2i_CR01_video_44_fall,fall,val,/Users/varunreddyseelam/Desktop/Gen_ai/final_pipeline/data/windows/val/fall/le2i_CR01_video_44_fall/le2i_CR01_video_44_fall_w0003.json
le2i_CR01_video_44_fall_w0002,le2i_CR01_video_44_fall,fall,val,/Users/varunreddyseelam/Desktop/Gen_ai/final_pipeline/data/windows/val/fall/le2i_CR01_video_44_fall/le2i_CR01_video_44_fall_w0002.json
le2i_CR01_video_44_fall_w0004,le2i_CR01_video_44_fall,fall,val,/Users/varunreddyseelam/Desktop/Gen_ai/final_pipeline/data/windows/val/fall/le2i_CR01_video_44_fall/le2i_CR01_video_44_fall_w0004.json
le2i_CR01_video_44_fall_w0001,le2i_CR01_video_44_fall,fall,val,/Users/varunreddyseelam/Desktop/Gen_ai/final_pipeline/data/windows/val/fall/le2i_CR01_video_44_fall/le2i_CR01_video_44_fall_w0001.json
le2i_CR01_video_44_fall_w0000,le2i_CR01_video_44_fall,fall,val,/Users/varunreddyseelam/Desktop/Gen_ai/final_pipeline/data/windows/val/fall/le2i_CR01_video_44_fall/le2i_CR01_video_44_fall_w0000.json
le2i_CR01_video_45_fall_w0002,le2i_CR01_video_45_fall,fall,val,/Users/varunreddyseelam/Desktop/Gen_ai/final_pipeline/data/windows/val/fall/le2i_CR01_video_45_fall/le2i_CR01_video_45_fall_w0002.json
le2i_CR01_video_45_fall_w0003,le2i_CR01_video_45_fall,fall,val,/Users/varunreddyseelam/Desktop/Gen_ai/final_pipeline/data/windows/val/fall/le2i_CR01_video_45_fall/le2i_CR01_video_45_fall_w0003.json
le2i_CR01_video_45_fall_w0000,le2i_CR01_video_45_fall,fall,val,/Users/varunreddyseelam/Desktop/Gen_ai/final_pipeline/data/windows/val/fall/le2i_CR01_video_45_fall/le2i_CR01_video_45_fall_w0000.json
le2i_CR01_video_45_fall_w0001,le2i_CR01_video_45_fall,fall,val,/Users/varunreddyseelam/Desktop/Gen_ai/final_pipeline/data/windows/val/fall/le2i_CR01_video_45_fall/le2i_CR01_video_45_fall_w0001.json
le2i_H01_video_6_fall_w0002,le2i_H01_video_6_fall,fall,val,/Users/varunreddyseelam/Desktop/Gen_ai/final_pipeline/data/windows/val/fall/le2i_H01_video_6_fall/le2i_H01_video_6_fall_w0002.json
le2i_H01_video_6_fall_w0001,le2i_H01_video_6_fall,fall,val,/Users/varunreddyseelam/Desktop/Gen_ai/final_pipeline/data/windows/val/fall/le2i_H01_video_6_fall/le2i_H01_video_6_fall_w0001.json
le2i_H01_video_6_fall_w0000,le2i_H01_video_6_fall,fall,val,/Users/varunreddyseelam/Desktop/Gen_ai/final_pipeline/data/windows/val/fall/le2i_H01_video_6_fall/le2i_H01_video_6_fall_w0000.json
gmncsa24_gmncsa_fall_023_w0013,gmncsa24_gmncsa_fall_023,fall,val,/Users/varunreddyseelam/Desktop/Gen_ai/final_pipeline/data/windows/val/fall/gmncsa24_gmncsa_fall_023/gmncsa24_gmncsa_fall_023_w0013.json
gmncsa24_gmncsa_fall_023_w0005,gmncsa24_gmncsa_fall_023,fall,val,/Users/varunreddyseelam/Desktop/Gen_ai/final_pipeline/data/windows/val/fall/gmncsa24_gmncsa_fall_023/gmncsa24_gmncsa_fall_023_w0005.json
gmncsa24_gmncsa_fall_023_w0029,gmncsa24_gmncsa_fall_023,fall,val,/Users/varunreddyseelam/Desktop/Gen_ai/final_pipeline/data/windows/val/fall/gmncsa24_gmncsa_fall_023/gmncsa24_gmncsa_fall_023_w0029.json
gmncsa24_gmncsa_fall_023_w0009,gmncsa24_gmncsa_fall_023,fall,val,/Users/varunreddyseelam/Desktop/Gen_ai/final_pipeline/data/windows/val/fall/gmncsa24_gmncsa_fall_023/gmncsa24_gmncsa_fall_023_w0009.json
gmncsa24_gmncsa_fall_023_w0025,gmncsa24_gmncsa_fall_023,fall,val,/Users/varunreddyseelam/Desktop/Gen_ai/final_pipeline/data/windows/val/fall/gmncsa24_gmncsa_fall_023/gmncsa24_gmncsa_fall_023_w0025.json
gmncsa24_gmncsa_fall_023_w0033,gmncsa24_gmncsa_fall_023,fall,val,/Users/varunreddyseelam/Desktop/Gen_ai/final_pipeline/data/windows/val/fall/gmncsa24_gmncsa_fall_023/gmncsa24_gmncsa_fall_023_w0033.json
gmncsa24_gmncsa_fall_023_w0032,gmncsa24_gmncsa_fall_023,fall,val,/Users/varunreddyseelam/Desktop/Gen_ai/final_pipeline/data/windows/val/fall/gmncsa24_gmncsa_fall_023/gmncsa24_gmncsa_fall_023_w0032.json
gmncsa24_gmncsa_fall_023_w0024,gmncsa24_gmncsa_fall_023,fall,val,/Users/varunreddyseelam/Desktop/Gen_ai/final_pipeline/data/windows/val/fall/gmncsa24_gmncsa_fall_023/gmncsa24_gmncsa_fall_023_w0024.json
gmncsa24_gmncsa_fall_023_w0008,gmncsa24_gmncsa_fall_023,fall,val,/Users/varunreddyseelam/Desktop/Gen_ai/final_pipeline/data/windows/val/fall/gmncsa24_gmncsa_fall_023/gmncsa24_gmncsa_fall_023_w0008.json
gmncsa24_gmncsa_fall_023_w0028,gmncsa24_gmncsa_fall_023,fall,val,/Users/varunreddyseelam/Desktop/Gen_ai/final_pipeline/data/windows/val/fall/gmncsa24_gmncsa_fall_023/gmncsa24_gmncsa_fall_023_w0028.json
gmncsa24_gmncsa_fall_023_w0004,gmncsa24_gmncsa_fall_023,fall,val,/Users/varunreddyseelam/Desktop/Gen_ai/final_pipeline/data/windows/val/fall/gmncsa24_gmncsa_fall_023/gmncsa24_gmncsa_fall_023_w0004.json
gmncsa24_gmncsa_fall_023_w0012,gmncsa24_gmncsa_fall_023,fall,val,/Users/varunreddyseelam/Desktop/Gen_ai/final_pipeline/data/windows/val/fall/gmncsa24_gmncsa_fall_023/gmncsa24_gmncsa_fall_023_w0012.json
gmncsa24_gmncsa_fall_023_w0019,gmncsa24_gmncsa_fall_023,fall,val,/Users/varunreddyseelam/Desktop/Gen_ai/final_pipeline/data/windows/val/fall/gmncsa24_gmncsa_fall_023/gmncsa24_gmncsa_fall_023_w0019.json
gmncsa24_gmncsa_fall_023_w0023,gmncsa24_gmncsa_fall_023,fall,val,/Users/varunreddyseelam/Desktop/Gen_ai/final_pipeline/data/windows/val/fall/gmncsa24_gmncsa_fall_023/gmncsa24_gmncsa_fall_023_w0023.json
gmncsa24_gmncsa_fall_023_w0035,gmncsa24_gmncsa_fall_023,fall,val,/Users/varunreddyseelam/Desktop/Gen_ai/final_pipeline/data/windows/val/fall/gmncsa24_gmncsa_fall_023/gmncsa24_gmncsa_fall_023_w0035.json
gmncsa24_gmncsa_fall_023_w0015,gmncsa24_gmncsa_fall_023,fall,val,/Users/varunreddyseelam/Desktop/Gen_ai/final_pipeline/data/windows/val/fall/gmncsa24_gmncsa_fall_023/gmncsa24_gmncsa_fall_023_w0015.json
gmncsa24_gmncsa_fall_023_w0003,gmncsa24_gmncsa_fall_023,fall,val,/Users/varunreddyseelam/Desktop/Gen_ai/final_pipeline/data/windows/val/fall/gmncsa24_gmncsa_fall_023/gmncsa24_gmncsa_fall_023_w0003.json
gmncsa24_gmncsa_fall_023_w0002,gmncsa24_gmncsa_fall_023,fall,val,/Users/varunreddyseelam/Desktop/Gen_ai/final_pipeline/data/windows/val/fall/gmncsa24_gmncsa_fall_023/gmncsa24_gmncsa_fall_023_w0002.json
gmncsa24_gmncsa_fall_023_w0014,gmncsa24_gmncsa_fall_023,fall,val,/Users/varunreddyseelam/Desktop/Gen_ai/final_pipeline/data/windows/val/fall/gmncsa24_gmncsa_fall_023/gmncsa24_gmncsa_fall_023_w0014.json
gmncsa24_gmncsa_fall_023_w0034,gmncsa24_gmncsa_fall_023,fall,val,/Users/varunreddyseelam/Desktop/Gen_ai/final_pipeline/data/windows/val/fall/gmncsa24_gmncsa_fall_023/gmncsa24_gmncsa_fall_023_w0034.json
gmncsa24_gmncsa_fall_023_w0022,gmncsa24_gmncsa_fall_023,fall,val,/Users/varunreddyseelam/Desktop/Gen_ai/final_pipeline/data/windows/val/fall/gmncsa24_gmncsa_fall_023/gmncsa24_gmncsa_fall_023_w0022.json
gmncsa24_gmncsa_fall_023_w0018,gmncsa24_gmncsa_fall_023,fall,val,/Users/varunreddyseelam/Desktop/Gen_ai/final_pipeline/data/windows/val/fall/gmncsa24_gmncsa_fall_023/gmncsa24_gmncsa_fall_023_w0018.json
gmncsa24_gmncsa_fall_023_w0021,gmncsa24_gmncsa_fall_023,fall,val,/Users/varunreddyseelam/Desktop/Gen_ai/final_pipeline/data/windows/val/fall/gmncsa24_gmncsa_fall_023/gmncsa24_gmncsa_fall_023_w0021.json
gmncsa24_gmncsa_fall_023_w0001,gmncsa24_gmncsa_fall_023,fall,val,/Users/varunreddyseelam/Desktop/Gen_ai/final_pipeline/data/windows/val/fall/gmncsa24_gmncsa_fall_023/gmncsa24_gmncsa_fall_023_w0001.json
gmncsa24_gmncsa_fall_023_w0017,gmncsa24_gmncsa_fall_023,fall,val,/Users/varunreddyseelam/Desktop/Gen_ai/final_pipeline/data/windows/val/fall/gmncsa24_gmncsa_fall_023/gmncsa24_gmncsa_fall_023_w0017.json
gmncsa24_gmncsa_fall_023_w0016,gmncsa24_gmncsa_fall_023,fall,val,/Users/varunreddyseelam/Desktop/Gen_ai/final_pipeline/data/windows/val/fall/gmncsa24_gmncsa_fall_023/gmncsa24_gmncsa_fall_023_w0016.json
gmncsa24_gmncsa_fall_023_w0000,gmncsa24_gmncsa_fall_023,fall,val,/Users/varunreddyseelam/Desktop/Gen_ai/final_pipeline/data/windows/val/fall/gmncsa24_gmncsa_fall_023/gmncsa24_gmncsa_fall_023_w0000.json
gmncsa24_gmncsa_fall_023_w0020,gmncsa24_gmncsa_fall_023,fall,val,/Users/varunreddyseelam/Desktop/Gen_ai/final_pipeline/data/windows/val/fall/gmncsa24_gmncsa_fall_023/gmncsa24_gmncsa_fall_023_w0020.json
gmncsa24_gmncsa_fall_023_w0036,gmncsa24_gmncsa_fall_023,fall,val,/Users/varunreddyseelam/Desktop/Gen_ai/final_pipeline/data/windows/val/fall/gmncsa24_gmncsa_fall_023/gmncsa24_gmncsa_fall_023_w0036.json
gmncsa24_gmncsa_fall_023_w0007,gmncsa24_gmncsa_fall_023,fall,val,/Users/varunreddyseelam/Desktop/Gen_ai/final_pipeline/data/windows/val/fall/gmncsa24_gmncsa_fall_023/gmncsa24_gmncsa_fall_023_w0007.json
gmncsa24_gmncsa_fall_023_w0011,gmncsa24_gmncsa_fall_023,fall,val,/Users/varunreddyseelam/Desktop/Gen_ai/final_pipeline/data/windows/val/fall/gmncsa24_gmncsa_fall_023/gmncsa24_gmncsa_fall_023_w0011.json
gmncsa24_gmncsa_fall_023_w0031,gmncsa24_gmncsa_fall_023,fall,val,/Users/varunreddyseelam/Desktop/Gen_ai/final_pipeline/data/windows/val/fall/gmncsa24_gmncsa_fall_023/gmncsa24_gmncsa_fall_023_w0031.json
gmncsa24_gmncsa_fall_023_w0027,gmncsa24_gmncsa_fall_023,fall,val,/Users/varunreddyseelam/Desktop/Gen_ai/final_pipeline/data/windows/val/fall/gmncsa24_gmncsa_fall_023/gmncsa24_gmncsa_fall_023_w0027.json
gmncsa24_gmncsa_fall_023_w0026,gmncsa24_gmncsa_fall_023,fall,val,/Users/varunreddyseelam/Desktop/Gen_ai/final_pipeline/data/windows/val/fall/gmncsa24_gmncsa_fall_023/gmncsa24_gmncsa_fall_023_w0026.json
gmncsa24_gmncsa_fall_023_w0030,gmncsa24_gmncsa_fall_023,fall,val,/Users/varunreddyseelam/Desktop/Gen_ai/final_pipeline/data/windows/val/fall/gmncsa24_gmncsa_fall_023/gmncsa24_gmncsa_fall_023_w0030.json
gmncsa24_gmncsa_fall_023_w0010,gmncsa24_gmncsa_fall_023,fall,val,/Users/varunreddyseelam/Desktop/Gen_ai/final_pipeline/data/windows/val/fall/gmncsa24_gmncsa_fall_023/gmncsa24_gmncsa_fall_023_w0010.json
gmncsa24_gmncsa_fall_023_w0006,gmncsa24_gmncsa_fall_023,fall,val,/Users/varunreddyseelam/Desktop/Gen_ai/final_pipeline/data/windows/val/fall/gmncsa24_gmncsa_fall_023/gmncsa24_gmncsa_fall_023_w0006.json
gmncsa24_gmncsa_fall_071_w0018,gmncsa24_gmncsa_fall_071,fall,val,/Users/varunreddyseelam/Desktop/Gen_ai/final_pipeline/data/windows/val/fall/gmncsa24_gmncsa_fall_071/gmncsa24_gmncsa_fall_071_w0018.json
gmncsa24_gmncsa_fall_071_w0022,gmncsa24_gmncsa_fall_071,fall,val,/Users/varunreddyseelam/Desktop/Gen_ai/final_pipeline/data/windows/val/fall/gmncsa24_gmncsa_fall_071/gmncsa24_gmncsa_fall_071_w0022.json
gmncsa24_gmncsa_fall_071_w0034,gmncsa24_gmncsa_fall_071,fall,val,/Users/varunreddyseelam/Desktop/Gen_ai/final_pipeline/data/windows/val/fall/gmncsa24_gmncsa_fall_071/gmncsa24_gmncsa_fall_071_w0034.json
gmncsa24_gmncsa_fall_071_w0014,gmncsa24_gmncsa_fall_071,fall,val,/Users/varunreddyseelam/Desktop/Gen_ai/final_pipeline/data/windows/val/fall/gmncsa24_gmncsa_fall_071/gmncsa24_gmncsa_fall_071_w0014.json
gmncsa24_gmncsa_fall_071_w0002,gmncsa24_gmncsa_fall_071,fall,val,/Users/varunreddyseelam/Desktop/Gen_ai/final_pipeline/data/windows/val/fall/gmncsa24_gmncsa_fall_071/gmncsa24_gmncsa_fall_071_w0002.json
gmncsa24_gmncsa_fall_071_w0038,gmncsa24_gmncsa_fall_071,fall,val,/Users/varunreddyseelam/Desktop/Gen_ai/final_pipeline/data/windows/val/fall/gmncsa24_gmncsa_fall_071/gmncsa24_gmncsa_fall_071_w0038.json
gmncsa24_gmncsa_fall_071_w0003,gmncsa24_gmncsa_fall_071,fall,val,/Users/varunreddyseelam/Desktop/Gen_ai/final_pipeline/data/windows/val/fall/gmncsa24_gmncsa_fall_071/gmncsa24_gmncsa_fall_071_w0003.json
gmncsa24_gmncsa_fall_071_w0015,gmncsa24_gmncsa_fall_071,fall,val,/Users/varunreddyseelam/Desktop/Gen_ai/final_pipeline/data/windows/val/fall/gmncsa24_gmncsa_fall_071/gmncsa24_gmncsa_fall_071_w0015.json
gmncsa24_gmncsa_fall_071_w0035,gmncsa24_gmncsa_fall_071,fall,val,/Users/varunreddyseelam/Desktop/Gen_ai/final_pipeline/data/windows/val/fall/gmncsa24_gmncsa_fall_071/gmncsa24_gmncsa_fall_071_w0035.json
gmncsa24_gmncsa_fall_071_w0023,gmncsa24_gmncsa_fall_071,fall,val,/Users/varunreddyseelam/Desktop/Gen_ai/final_pipeline/data/windows/val/fall/gmncsa24_gmncsa_fall_071/gmncsa24_gmncsa_fall_071_w0023.json
gmncsa24_gmncsa_fall_071_w0019,gmncsa24_gmncsa_fall_071,fall,val,/Users/varunreddyseelam/Desktop/Gen_ai/final_pipeline/data/windows/val/fall/gmncsa24_gmncsa_fall_071/gmncsa24_gmncsa_fall_071_w0019.json
gmncsa24_gmncsa_fall_071_w0012,gmncsa24_gmncsa_fall_071,fall,val,/Users/varunreddyseelam/Desktop/Gen_ai/final_pipeline/data/windows/val/fall/gmncsa24_gmncsa_fall_071/gmncsa24_gmncsa_fall_071_w0012.json
gmncsa24_gmncsa_fall_071_w0004,gmncsa24_gmncsa_fall_071,fall,val,/Users/varunreddyseelam/Desktop/Gen_ai/final_pipeline/data/windows/val/fall/gmncsa24_gmncsa_fall_071/gmncsa24_gmncsa_fall_071_w0004.json
gmncsa24_gmncsa_fall_071_w0028,gmncsa24_gmncsa_fall_071,fall,val,/Users/varunreddyseelam/Desktop/Gen_ai/final_pipeline/data/windows/val/fall/gmncsa24_gmncsa_fall_071/gmncsa24_gmncsa_fall_071_w0028.json
gmncsa24_gmncsa_fall_071_w0008,gmncsa24_gmncsa_fall_071,fall,val,/Users/varunreddyseelam/Desktop/Gen_ai/final_pipeline/data/windows/val/fall/gmncsa24_gmncsa_fall_071/gmncsa24_gmncsa_fall_071_w0008.json
gmncsa24_gmncsa_fall_071_w0024,gmncsa24_gmncsa_fall_071,fall,val,/Users/varunreddyseelam/Desktop/Gen_ai/final_pipeline/data/windows/val/fall/gmncsa24_gmncsa_fall_071/gmncsa24_gmncsa_fall_071_w0024.json
gmncsa24_gmncsa_fall_071_w0032,gmncsa24_gmncsa_fall_071,fall,val,/Users/varunreddyseelam/Desktop/Gen_ai/final_pipeline/data/windows/val/fall/gmncsa24_gmncsa_fall_071/gmncsa24_gmncsa_fall_071_w0032.json
gmncsa24_gmncsa_fall_071_w0033,gmncsa24_gmncsa_fall_071,fall,val,/Users/varunreddyseelam/Desktop/Gen_ai/final_pipeline/data/windows/val/fall/gmncsa24_gmncsa_fall_071/gmncsa24_gmncsa_fall_071_w0033.json
gmncsa24_gmncsa_fall_071_w0025,gmncsa24_gmncsa_fall_071,fall,val,/Users/varunreddyseelam/Desktop/Gen_ai/final_pipeline/data/windows/val/fall/gmncsa24_gmncsa_fall_071/gmncsa24_gmncsa_fall_071_w0025.json
gmncsa24_gmncsa_fall_071_w0009,gmncsa24_gmncsa_fall_071,fall,val,/Users/varunreddyseelam/Desktop/Gen_ai/final_pipeline/data/windows/val/fall/gmncsa24_gmncsa_fall_071/gmncsa24_gmncsa_fall_071_w0009.json
gmncsa24_gmncsa_fall_071_w0029,gmncsa24_gmncsa_fall_071,fall,val,/Users/varunreddyseelam/Desktop/Gen_ai/final_pipeline/data/windows/val/fall/gmncsa24_gmncsa_fall_071/gmncsa24_gmncsa_fall_071_w0029.json
gmncsa24_gmncsa_fall_071_w0005,gmncsa24_gmncsa_fall_071,fall,val,/Users/varunreddyseelam/Desktop/Gen_ai/final_pipeline/data/windows/val/fall/gmncsa24_gmncsa_fall_071/gmncsa24_gmncsa_fall_071_w0005.json
gmncsa24_gmncsa_fall_071_w0013,gmncsa24_gmncsa_fall_071,fall,val,/Users/varunreddyseelam/Desktop/Gen_ai/final_pipeline/data/windows/val/fall/gmncsa24_gmncsa_fall_071/gmncsa24_gmncsa_fall_071_w0013.json
gmncsa24_gmncsa_fall_071_w0006,gmncsa24_gmncsa_fall_071,fall,val,/Users/varunreddyseelam/Desktop/Gen_ai/final_pipeline/data/windows/val/fall/gmncsa24_gmncsa_fall_071/gmncsa24_gmncsa_fall_071_w0006.json
gmncsa24_gmncsa_fall_071_w0010,gmncsa24_gmncsa_fall_071,fall,val,/Users/varunreddyseelam/Desktop/Gen_ai/final_pipeline/data/windows/val/fall/gmncsa24_gmncsa_fall_071/gmncsa24_gmncsa_fall_071_w0010.json
gmncsa24_gmncsa_fall_071_w0030,gmncsa24_gmncsa_fall_071,fall,val,/Users/varunreddyseelam/Desktop/Gen_ai/final_pipeline/data/windows/val/fall/gmncsa24_gmncsa_fall_071/gmncsa24_gmncsa_fall_071_w0030.json
gmncsa24_gmncsa_fall_071_w0026,gmncsa24_gmncsa_fall_071,fall,val,/Users/varunreddyseelam/Desktop/Gen_ai/final_pipeline/data/windows/val/fall/gmncsa24_gmncsa_fall_071/gmncsa24_gmncsa_fall_071_w0026.json
gmncsa24_gmncsa_fall_071_w0027,gmncsa24_gmncsa_fall_071,fall,val,/Users/varunreddyseelam/Desktop/Gen_ai/final_pipeline/data/windows/val/fall/gmncsa24_gmncsa_fall_071/gmncsa24_gmncsa_fall_071_w0027.json
gmncsa24_gmncsa_fall_071_w0031,gmncsa24_gmncsa_fall_071,fall,val,/Users/varunreddyseelam/Desktop/Gen_ai/final_pipeline/data/windows/val/fall/gmncsa24_gmncsa_fall_071/gmncsa24_gmncsa_fall_071_w0031.json
gmncsa24_gmncsa_fall_071_w0011,gmncsa24_gmncsa_fall_071,fall,val,/Users/varunreddyseelam/Desktop/Gen_ai/final_pipeline/data/windows/val/fall/gmncsa24_gmncsa_fall_071/gmncsa24_gmncsa_fall_071_w0011.json
gmncsa24_gmncsa_fall_071_w0007,gmncsa24_gmncsa_fall_071,fall,val,/Users/varunreddyseelam/Desktop/Gen_ai/final_pipeline/data/windows/val/fall/gmncsa24_gmncsa_fall_071/gmncsa24_gmncsa_fall_071_w0007.json
gmncsa24_gmncsa_fall_071_w0036,gmncsa24_gmncsa_fall_071,fall,val,/Users/varunreddyseelam/Desktop/Gen_ai/final_pipeline/data/windows/val/fall/gmncsa24_gmncsa_fall_071/gmncsa24_gmncsa_fall_071_w0036.json
gmncsa24_gmncsa_fall_071_w0020,gmncsa24_gmncsa_fall_071,fall,val,/Users/varunreddyseelam/Desktop/Gen_ai/final_pipeline/data/windows/val/fall/gmncsa24_gmncsa_fall_071/gmncsa24_gmncsa_fall_071_w0020.json
gmncsa24_gmncsa_fall_071_w0000,gmncsa24_gmncsa_fall_071,fall,val,/Users/varunreddyseelam/Desktop/Gen_ai/final_pipeline/data/windows/val/fall/gmncsa24_gmncsa_fall_071/gmncsa24_gmncsa_fall_071_w0000.json
gmncsa24_gmncsa_fall_071_w0016,gmncsa24_gmncsa_fall_071,fall,val,/Users/varunreddyseelam/Desktop/Gen_ai/final_pipeline/data/windows/val/fall/gmncsa24_gmncsa_fall_071/gmncsa24_gmncsa_fall_071_w0016.json
gmncsa24_gmncsa_fall_071_w0017,gmncsa24_gmncsa_fall_071,fall,val,/Users/varunreddyseelam/Desktop/Gen_ai/final_pipeline/data/windows/val/fall/gmncsa24_gmncsa_fall_071/gmncsa24_gmncsa_fall_071_w0017.json
gmncsa24_gmncsa_fall_071_w0001,gmncsa24_gmncsa_fall_071,fall,val,/Users/varunreddyseelam/Desktop/Gen_ai/final_pipeline/data/windows/val/fall/gmncsa24_gmncsa_fall_071/gmncsa24_gmncsa_fall_071_w0001.json
gmncsa24_gmncsa_fall_071_w0021,gmncsa24_gmncsa_fall_071,fall,val,/Users/varunreddyseelam/Desktop/Gen_ai/final_pipeline/data/windows/val/fall/gmncsa24_gmncsa_fall_071/gmncsa24_gmncsa_fall_071_w0021.json
gmncsa24_gmncsa_fall_071_w0037,gmncsa24_gmncsa_fall_071,fall,val,/Users/varunreddyseelam/Desktop/Gen_ai/final_pipeline/data/windows/val/fall/gmncsa24_gmncsa_fall_071/gmncsa24_gmncsa_fall_071_w0037.json
gmncsa24_gmncsa_fall_076_w0013,gmncsa24_gmncsa_fall_076,fall,val,/Users/varunreddyseelam/Desktop/Gen_ai/final_pipeline/data/windows/val/fall/gmncsa24_gmncsa_fall_076/gmncsa24_gmncsa_fall_076_w0013.json
gmncsa24_gmncsa_fall_076_w0005,gmncsa24_gmncsa_fall_076,fall,val,/Users/varunreddyseelam/Desktop/Gen_ai/final_pipeline/data/windows/val/fall/gmncsa24_gmncsa_fall_076/gmncsa24_gmncsa_fall_076_w0005.json
gmncsa24_gmncsa_fall_076_w0029,gmncsa24_gmncsa_fall_076,fall,val,/Users/varunreddyseelam/Desktop/Gen_ai/final_pipeline/data/windows/val/fall/gmncsa24_gmncsa_fall_076/gmncsa24_gmncsa_fall_076_w0029.json
gmncsa24_gmncsa_fall_076_w0009,gmncsa24_gmncsa_fall_076,fall,val,/Users/varunreddyseelam/Desktop/Gen_ai/final_pipeline/data/windows/val/fall/gmncsa24_gmncsa_fall_076/gmncsa24_gmncsa_fall_076_w0009.json
gmncsa24_gmncsa_fall_076_w0025,gmncsa24_gmncsa_fall_076,fall,val,/Users/varunreddyseelam/Desktop/Gen_ai/final_pipeline/data/windows/val/fall/gmncsa24_gmncsa_fall_076/gmncsa24_gmncsa_fall_076_w0025.json
gmncsa24_gmncsa_fall_076_w0033,gmncsa24_gmncsa_fall_076,fall,val,/Users/varunreddyseelam/Desktop/Gen_ai/final_pipeline/data/windows/val/fall/gmncsa24_gmncsa_fall_076/gmncsa24_gmncsa_fall_076_w0033.json
gmncsa24_gmncsa_fall_076_w0032,gmncsa24_gmncsa_fall_076,fall,val,/Users/varunreddyseelam/Desktop/Gen_ai/final_pipeline/data/windows/val/fall/gmncsa24_gmncsa_fall_076/gmncsa24_gmncsa_fall_076_w0032.json
gmncsa24_gmncsa_fall_076_w0024,gmncsa24_gmncsa_fall_076,fall,val,/Users/varunreddyseelam/Desktop/Gen_ai/final_pipeline/data/windows/val/fall/gmncsa24_gmncsa_fall_076/gmncsa24_gmncsa_fall_076_w0024.json
gmncsa24_gmncsa_fall_076_w0008,gmncsa24_gmncsa_fall_076,fall,val,/Users/varunreddyseelam/Desktop/Gen_ai/final_pipeline/data/windows/val/fall/gmncsa24_gmncsa_fall_076/gmncsa24_gmncsa_fall_076_w0008.json
gmncsa24_gmncsa_fall_076_w0028,gmncsa24_gmncsa_fall_076,fall,val,/Users/varunreddyseelam/Desktop/Gen_ai/final_pipeline/data/windows/val/fall/gmncsa24_gmncsa_fall_076/gmncsa24_gmncsa_fall_076_w0028.json
gmncsa24_gmncsa_fall_076_w0004,gmncsa24_gmncsa_fall_076,fall,val,/Users/varunreddyseelam/Desktop/Gen_ai/final_pipeline/data/windows/val/fall/gmncsa24_gmncsa_fall_076/gmncsa24_gmncsa_fall_076_w0004.json
gmncsa24_gmncsa_fall_076_w0012,gmncsa24_gmncsa_fall_076,fall,val,/Users/varunreddyseelam/Desktop/Gen_ai/final_pipeline/data/windows/val/fall/gmncsa24_gmncsa_fall_076/gmncsa24_gmncsa_fall_076_w0012.json
gmncsa24_gmncsa_fall_076_w0019,gmncsa24_gmncsa_fall_076,fall,val,/Users/varunreddyseelam/Desktop/Gen_ai/final_pipeline/data/windows/val/fall/gmncsa24_gmncsa_fall_076/gmncsa24_gmncsa_fall_076_w0019.json
gmncsa24_gmncsa_fall_076_w0023,gmncsa24_gmncsa_fall_076,fall,val,/Users/varunreddyseelam/Desktop/Gen_ai/final_pipeline/data/windows/val/fall/gmncsa24_gmncsa_fall_076/gmncsa24_gmncsa_fall_076_w0023.json
gmncsa24_gmncsa_fall_076_w0035,gmncsa24_gmncsa_fall_076,fall,val,/Users/varunreddyseelam/Desktop/Gen_ai/final_pipeline/data/windows/val/fall/gmncsa24_gmncsa_fall_076/gmncsa24_gmncsa_fall_076_w0035.json
gmncsa24_gmncsa_fall_076_w0015,gmncsa24_gmncsa_fall_076,fall,val,/Users/varunreddyseelam/Desktop/Gen_ai/final_pipeline/data/windows/val/fall/gmncsa24_gmncsa_fall_076/gmncsa24_gmncsa_fall_076_w0015.json
gmncsa24_gmncsa_fall_076_w0003,gmncsa24_gmncsa_fall_076,fall,val,/Users/varunreddyseelam/Desktop/Gen_ai/final_pipeline/data/windows/val/fall/gmncsa24_gmncsa_fall_076/gmncsa24_gmncsa_fall_076_w0003.json
gmncsa24_gmncsa_fall_076_w0002,gmncsa24_gmncsa_fall_076,fall,val,/Users/varunreddyseelam/Desktop/Gen_ai/final_pipeline/data/windows/val/fall/gmncsa24_gmncsa_fall_076/gmncsa24_gmncsa_fall_076_w0002.json
gmncsa24_gmncsa_fall_076_w0014,gmncsa24_gmncsa_fall_076,fall,val,/Users/varunreddyseelam/Desktop/Gen_ai/final_pipeline/data/windows/val/fall/gmncsa24_gmncsa_fall_076/gmncsa24_gmncsa_fall_076_w0014.json
gmncsa24_gmncsa_fall_076_w0034,gmncsa24_gmncsa_fall_076,fall,val,/Users/varunreddyseelam/Desktop/Gen_ai/final_pipeline/data/windows/val/fall/gmncsa24_gmncsa_fall_076/gmncsa24_gmncsa_fall_076_w0034.json
gmncsa24_gmncsa_fall_076_w0022,gmncsa24_gmncsa_fall_076,fall,val,/Users/varunreddyseelam/Desktop/Gen_ai/final_pipeline/data/windows/val/fall/gmncsa24_gmncsa_fall_076/gmncsa24_gmncsa_fall_076_w0022.json
gmncsa24_gmncsa_fall_076_w0018,gmncsa24_gmncsa_fall_076,fall,val,/Users/varunreddyseelam/Desktop/Gen_ai/final_pipeline/data/windows/val/fall/gmncsa24_gmncsa_fall_076/gmncsa24_gmncsa_fall_076_w0018.json
gmncsa24_gmncsa_fall_076_w0037,gmncsa24_gmncsa_fall_076,fall,val,/Users/varunreddyseelam/Desktop/Gen_ai/final_pipeline/data/windows/val/fall/gmncsa24_gmncsa_fall_076/gmncsa24_gmncsa_fall_076_w0037.json
gmncsa24_gmncsa_fall_076_w0021,gmncsa24_gmncsa_fall_076,fall,val,/Users/varunreddyseelam/Desktop/Gen_ai/final_pipeline/data/windows/val/fall/gmncsa24_gmncsa_fall_076/gmncsa24_gmncsa_fall_076_w0021.json
gmncsa24_gmncsa_fall_076_w0001,gmncsa24_gmncsa_fall_076,fall,val,/Users/varunreddyseelam/Desktop/Gen_ai/final_pipeline/data/windows/val/fall/gmncsa24_gmncsa_fall_076/gmncsa24_gmncsa_fall_076_w0001.json
gmncsa24_gmncsa_fall_076_w0017,gmncsa24_gmncsa_fall_076,fall,val,/Users/varunreddyseelam/Desktop/Gen_ai/final_pipeline/data/windows/val/fall/gmncsa24_gmncsa_fall_076/gmncsa24_gmncsa_fall_076_w0017.json
gmncsa24_gmncsa_fall_076_w0016,gmncsa24_gmncsa_fall_076,fall,val,/Users/varunreddyseelam/Desktop/Gen_ai/final_pipeline/data/windows/val/fall/gmncsa24_gmncsa_fall_076/gmncsa24_gmncsa_fall_076_w0016.json
gmncsa24_gmncsa_fall_076_w0000,gmncsa24_gmncsa_fall_076,fall,val,/Users/varunreddyseelam/Desktop/Gen_ai/final_pipeline/data/windows/val/fall/gmncsa24_gmncsa_fall_076/gmncsa24_gmncsa_fall_076_w0000.json
gmncsa24_gmncsa_fall_076_w0020,gmncsa24_gmncsa_fall_076,fall,val,/Users/varunreddyseelam/Desktop/Gen_ai/final_pipeline/data/windows/val/fall/gmncsa24_gmncsa_fall_076/gmncsa24_gmncsa_fall_076_w0020.json
gmncsa24_gmncsa_fall_076_w0036,gmncsa24_gmncsa_fall_076,fall,val,/Users/varunreddyseelam/Desktop/Gen_ai/final_pipeline/data/windows/val/fall/gmncsa24_gmncsa_fall_076/gmncsa24_gmncsa_fall_076_w0036.json
gmncsa24_gmncsa_fall_076_w0007,gmncsa24_gmncsa_fall_076,fall,val,/Users/varunreddyseelam/Desktop/Gen_ai/final_pipeline/data/windows/val/fall/gmncsa24_gmncsa_fall_076/gmncsa24_gmncsa_fall_076_w0007.json
gmncsa24_gmncsa_fall_076_w0011,gmncsa24_gmncsa_fall_076,fall,val,/Users/varunreddyseelam/Desktop/Gen_ai/final_pipeline/data/windows/val/fall/gmncsa24_gmncsa_fall_076/gmncsa24_gmncsa_fall_076_w0011.json
gmncsa24_gmncsa_fall_076_w0031,gmncsa24_gmncsa_fall_076,fall,val,/Users/varunreddyseelam/Desktop/Gen_ai/final_pipeline/data/windows/val/fall/gmncsa24_gmncsa_fall_076/gmncsa24_gmncsa_fall_076_w0031.json
gmncsa24_gmncsa_fall_076_w0027,gmncsa24_gmncsa_fall_076,fall,val,/Users/varunreddyseelam/Desktop/Gen_ai/final_pipeline/data/windows/val/fall/gmncsa24_gmncsa_fall_076/gmncsa24_gmncsa_fall_076_w0027.json
gmncsa24_gmncsa_fall_076_w0026,gmncsa24_gmncsa_fall_076,fall,val,/Users/varunreddyseelam/Desktop/Gen_ai/final_pipeline/data/windows/val/fall/gmncsa24_gmncsa_fall_076/gmncsa24_gmncsa_fall_076_w0026.json
gmncsa24_gmncsa_fall_076_w0030,gmncsa24_gmncsa_fall_076,fall,val,/Users/varunreddyseelam/Desktop/Gen_ai/final_pipeline/data/windows/val/fall/gmncsa24_gmncsa_fall_076/gmncsa24_gmncsa_fall_076_w0030.json
gmncsa24_gmncsa_fall_076_w0010,gmncsa24_gmncsa_fall_076,fall,val,/Users/varunreddyseelam/Desktop/Gen_ai/final_pipeline/data/windows/val/fall/gmncsa24_gmncsa_fall_076/gmncsa24_gmncsa_fall_076_w0010.json
gmncsa24_gmncsa_fall_076_w0006,gmncsa24_gmncsa_fall_076,fall,val,/Users/varunreddyseelam/Desktop/Gen_ai/final_pipeline/data/windows/val/fall/gmncsa24_gmncsa_fall_076/gmncsa24_gmncsa_fall_076_w0006.json
gmncsa24_gmncsa_fall_014_w0013,gmncsa24_gmncsa_fall_014,fall,val,/Users/varunreddyseelam/Desktop/Gen_ai/final_pipeline/data/windows/val/fall/gmncsa24_gmncsa_fall_014/gmncsa24_gmncsa_fall_014_w0013.json
gmncsa24_gmncsa_fall_014_w0005,gmncsa24_gmncsa_fall_014,fall,val,/Users/varunreddyseelam/Desktop/Gen_ai/final_pipeline/data/windows/val/fall/gmncsa24_gmncsa_fall_014/gmncsa24_gmncsa_fall_014_w0005.json
gmncsa24_gmncsa_fall_014_w0009,gmncsa24_gmncsa_fall_014,fall,val,/Users/varunreddyseelam/Desktop/Gen_ai/final_pipeline/data/windows/val/fall/gmncsa24_gmncsa_fall_014/gmncsa24_gmncsa_fall_014_w0009.json
gmncsa24_gmncsa_fall_014_w0008,gmncsa24_gmncsa_fall_014,fall,val,/Users/varunreddyseelam/Desktop/Gen_ai/final_pipeline/data/windows/val/fall/gmncsa24_gmncsa_fall_014/gmncsa24_gmncsa_fall_014_w0008.json
gmncsa24_gmncsa_fall_014_w0004,gmncsa24_gmncsa_fall_014,fall,val,/Users/varunreddyseelam/Desktop/Gen_ai/final_pipeline/data/windows/val/fall/gmncsa24_gmncsa_fall_014/gmncsa24_gmncsa_fall_014_w0004.json
gmncsa24_gmncsa_fall_014_w0012,gmncsa24_gmncsa_fall_014,fall,val,/Users/varunreddyseelam/Desktop/Gen_ai/final_pipeline/data/windows/val/fall/gmncsa24_gmncsa_fall_014/gmncsa24_gmncsa_fall_014_w0012.json
gmncsa24_gmncsa_fall_014_w0019,gmncsa24_gmncsa_fall_014,fall,val,/Users/varunreddyseelam/Desktop/Gen_ai/final_pipeline/data/windows/val/fall/gmncsa24_gmncsa_fall_014/gmncsa24_gmncsa_fall_014_w0019.json
gmncsa24_gmncsa_fall_014_w0015,gmncsa24_gmncsa_fall_014,fall,val,/Users/varunreddyseelam/Desktop/Gen_ai/final_pipeline/data/windows/val/fall/gmncsa24_gmncsa_fall_014/gmncsa24_gmncsa_fall_014_w0015.json
gmncsa24_gmncsa_fall_014_w0003,gmncsa24_gmncsa_fall_014,fall,val,/Users/varunreddyseelam/Desktop/Gen_ai/final_pipeline/data/windows/val/fall/gmncsa24_gmncsa_fall_014/gmncsa24_gmncsa_fall_014_w0003.json
gmncsa24_gmncsa_fall_014_w0002,gmncsa24_gmncsa_fall_014,fall,val,/Users/varunreddyseelam/Desktop/Gen_ai/final_pipeline/data/windows/val/fall/gmncsa24_gmncsa_fall_014/gmncsa24_gmncsa_fall_014_w0002.json
gmncsa24_gmncsa_fall_014_w0014,gmncsa24_gmncsa_fall_014,fall,val,/Users/varunreddyseelam/Desktop/Gen_ai/final_pipeline/data/windows/val/fall/gmncsa24_gmncsa_fall_014/gmncsa24_gmncsa_fall_014_w0014.json
gmncsa24_gmncsa_fall_014_w0018,gmncsa24_gmncsa_fall_014,fall,val,/Users/varunreddyseelam/Desktop/Gen_ai/final_pipeline/data/windows/val/fall/gmncsa24_gmncsa_fall_014/gmncsa24_gmncsa_fall_014_w0018.json
gmncsa24_gmncsa_fall_014_w0021,gmncsa24_gmncsa_fall_014,fall,val,/Users/varunreddyseelam/Desktop/Gen_ai/final_pipeline/data/windows/val/fall/gmncsa24_gmncsa_fall_014/gmncsa24_gmncsa_fall_014_w0021.json
gmncsa24_gmncsa_fall_014_w0001,gmncsa24_gmncsa_fall_014,fall,val,/Users/varunreddyseelam/Desktop/Gen_ai/final_pipeline/data/windows/val/fall/gmncsa24_gmncsa_fall_014/gmncsa24_gmncsa_fall_014_w0001.json
gmncsa24_gmncsa_fall_014_w0017,gmncsa24_gmncsa_fall_014,fall,val,/Users/varunreddyseelam/Desktop/Gen_ai/final_pipeline/data/windows/val/fall/gmncsa24_gmncsa_fall_014/gmncsa24_gmncsa_fall_014_w0017.json
gmncsa24_gmncsa_fall_014_w0016,gmncsa24_gmncsa_fall_014,fall,val,/Users/varunreddyseelam/Desktop/Gen_ai/final_pipeline/data/windows/val/fall/gmncsa24_gmncsa_fall_014/gmncsa24_gmncsa_fall_014_w0016.json
gmncsa24_gmncsa_fall_014_w0000,gmncsa24_gmncsa_fall_014,fall,val,/Users/varunreddyseelam/Desktop/Gen_ai/final_pipeline/data/windows/val/fall/gmncsa24_gmncsa_fall_014/gmncsa24_gmncsa_fall_014_w0000.json
gmncsa24_gmncsa_fall_014_w0020,gmncsa24_gmncsa_fall_014,fall,val,/Users/varunreddyseelam/Desktop/Gen_ai/final_pipeline/data/windows/val/fall/gmncsa24_gmncsa_fall_014/gmncsa24_gmncsa_fall_014_w0020.json
gmncsa24_gmncsa_fall_014_w0007,gmncsa24_gmncsa_fall_014,fall,val,/Users/varunreddyseelam/Desktop/Gen_ai/final_pipeline/data/windows/val/fall/gmncsa24_gmncsa_fall_014/gmncsa24_gmncsa_fall_014_w0007.json
gmncsa24_gmncsa_fall_014_w0011,gmncsa24_gmncsa_fall_014,fall,val,/Users/varunreddyseelam/Desktop/Gen_ai/final_pipeline/data/windows/val/fall/gmncsa24_gmncsa_fall_014/gmncsa24_gmncsa_fall_014_w0011.json
gmncsa24_gmncsa_fall_014_w0010,gmncsa24_gmncsa_fall_014,fall,val,/Users/varunreddyseelam/Desktop/Gen_ai/final_pipeline/data/windows/val/fall/gmncsa24_gmncsa_fall_014/gmncsa24_gmncsa_fall_014_w0010.json
gmncsa24_gmncsa_fall_014_w0006,gmncsa24_gmncsa_fall_014,fall,val,/Users/varunreddyseelam/Desktop/Gen_ai/final_pipeline/data/windows/val/fall/gmncsa24_gmncsa_fall_014/gmncsa24_gmncsa_fall_014_w0006.json
gmncsa24_gmncsa_adl_036_w0001,gmncsa24_gmncsa_adl_036,no_fall,val,/Users/varunreddyseelam/Desktop/Gen_ai/final_pipeline/data/windows/val/no_fall/gmncsa24_gmncsa_adl_036/gmncsa24_gmncsa_adl_036_w0001.json
gmncsa24_gmncsa_adl_036_w0000,gmncsa24_gmncsa_adl_036,no_fall,val,/Users/varunreddyseelam/Desktop/Gen_ai/final_pipeline/data/windows/val/no_fall/gmncsa24_gmncsa_adl_036/gmncsa24_gmncsa_adl_036_w0000.json
le2i_H01_video_24_adl_w0002,le2i_H01_video_24_adl,no_fall,val,/Users/varunreddyseelam/Desktop/Gen_ai/final_pipeline/data/windows/val/no_fall/le2i_H01_video_24_adl/le2i_H01_video_24_adl_w0002.json
le2i_H01_video_24_adl_w0000,le2i_H01_video_24_adl,no_fall,val,/Users/varunreddyseelam/Desktop/Gen_ai/final_pipeline/data/windows/val/no_fall/le2i_H01_video_24_adl/le2i_H01_video_24_adl_w0000.json
le2i_H01_video_24_adl_w0001,le2i_H01_video_24_adl,no_fall,val,/Users/varunreddyseelam/Desktop/Gen_ai/final_pipeline/data/windows/val/no_fall/le2i_H01_video_24_adl/le2i_H01_video_24_adl_w0001.json
gmncsa24_gmncsa_adl_064_w0002,gmncsa24_gmncsa_adl_064,no_fall,val,/Users/varunreddyseelam/Desktop/Gen_ai/final_pipeline/data/windows/val/no_fall/gmncsa24_gmncsa_adl_064/gmncsa24_gmncsa_adl_064_w0002.json
gmncsa24_gmncsa_adl_064_w0000,gmncsa24_gmncsa_adl_064,no_fall,val,/Users/varunreddyseelam/Desktop/Gen_ai/final_pipeline/data/windows/val/no_fall/gmncsa24_gmncsa_adl_064/gmncsa24_gmncsa_adl_064_w0000.json
gmncsa24_gmncsa_adl_064_w0001,gmncsa24_gmncsa_adl_064,no_fall,val,/Users/varunreddyseelam/Desktop/Gen_ai/final_pipeline/data/windows/val/no_fall/gmncsa24_gmncsa_adl_064/gmncsa24_gmncsa_adl_064_w0001.json
gmncsa24_gmncsa_adl_052_w0001,gmncsa24_gmncsa_adl_052,no_fall,val,/Users/varunreddyseelam/Desktop/Gen_ai/final_pipeline/data/windows/val/no_fall/gmncsa24_gmncsa_adl_052/gmncsa24_gmncsa_adl_052_w0001.json
gmncsa24_gmncsa_adl_052_w0000,gmncsa24_gmncsa_adl_052,no_fall,val,/Users/varunreddyseelam/Desktop/Gen_ai/final_pipeline/data/windows/val/no_fall/gmncsa24_gmncsa_adl_052/gmncsa24_gmncsa_adl_052_w0000.json
gmncsa24_gmncsa_adl_052_w0005,gmncsa24_gmncsa_adl_052,no_fall,val,/Users/varunreddyseelam/Desktop/Gen_ai/final_pipeline/data/windows/val/no_fall/gmncsa24_gmncsa_adl_052/gmncsa24_gmncsa_adl_052_w0005.json
gmncsa24_gmncsa_adl_052_w0004,gmncsa24_gmncsa_adl_052,no_fall,val,/Users/varunreddyseelam/Desktop/Gen_ai/final_pipeline/data/windows/val/no_fall/gmncsa24_gmncsa_adl_052/gmncsa24_gmncsa_adl_052_w0004.json
gmncsa24_gmncsa_adl_052_w0003,gmncsa24_gmncsa_adl_052,no_fall,val,/Users/varunreddyseelam/Desktop/Gen_ai/final_pipeline/data/windows/val/no_fall/gmncsa24_gmncsa_adl_052/gmncsa24_gmncsa_adl_052_w0003.json
gmncsa24_gmncsa_adl_052_w0002,gmncsa24_gmncsa_adl_052,no_fall,val,/Users/varunreddyseelam/Desktop/Gen_ai/final_pipeline/data/windows/val/no_fall/gmncsa24_gmncsa_adl_052/gmncsa24_gmncsa_adl_052_w0002.json
urfd_adl-22-cam0_w0000,urfd_adl-22-cam0,no_fall,val,/Users/varunreddyseelam/Desktop/Gen_ai/final_pipeline/data/windows/val/no_fall/urfd_adl-22-cam0/urfd_adl-22-cam0_w0000.json
urfd_adl-22-cam0_w0001,urfd_adl-22-cam0,no_fall,val,/Users/varunreddyseelam/Desktop/Gen_ai/final_pipeline/data/windows/val/no_fall/urfd_adl-22-cam0/urfd_adl-22-cam0_w0001.json
urfd_adl-22-cam0_w0002,urfd_adl-22-cam0,no_fall,val,/Users/varunreddyseelam/Desktop/Gen_ai/final_pipeline/data/windows/val/no_fall/urfd_adl-22-cam0/urfd_adl-22-cam0_w0002.json
urfd_adl-22-cam0_w0003,urfd_adl-22-cam0,no_fall,val,/Users/varunreddyseelam/Desktop/Gen_ai/final_pipeline/data/windows/val/no_fall/urfd_adl-22-cam0/urfd_adl-22-cam0_w0003.json
urfd_adl-22-cam0_w0004,urfd_adl-22-cam0,no_fall,val,/Users/varunreddyseelam/Desktop/Gen_ai/final_pipeline/data/windows/val/no_fall/urfd_adl-22-cam0/urfd_adl-22-cam0_w0004.json
le2i_CR01_video_3_adl_w0001,le2i_CR01_video_3_adl,no_fall,val,/Users/varunreddyseelam/Desktop/Gen_ai/final_pipeline/data/windows/val/no_fall/le2i_CR01_video_3_adl/le2i_CR01_video_3_adl_w0001.json
le2i_CR01_video_3_adl_w0000,le2i_CR01_video_3_adl,no_fall,val,/Users/varunreddyseelam/Desktop/Gen_ai/final_pipeline/data/windows/val/no_fall/le2i_CR01_video_3_adl/le2i_CR01_video_3_adl_w0000.json
le2i_CR01_video_3_adl_w0004,le2i_CR01_video_3_adl,no_fall,val,/Users/varunreddyseelam/Desktop/Gen_ai/final_pipeline/data/windows/val/no_fall/le2i_CR01_video_3_adl/le2i_CR01_video_3_adl_w0004.json
le2i_CR01_video_3_adl_w0003,le2i_CR01_video_3_adl,no_fall,val,/Users/varunreddyseelam/Desktop/Gen_ai/final_pipeline/data/windows/val/no_fall/le2i_CR01_video_3_adl/le2i_CR01_video_3_adl_w0003.json
le2i_CR01_video_3_adl_w0002,le2i_CR01_video_3_adl,no_fall,val,/Users/varunreddyseelam/Desktop/Gen_ai/final_pipeline/data/windows/val/no_fall/le2i_CR01_video_3_adl/le2i_CR01_video_3_adl_w0002.json
le2i_H01_video_8_adl_w0001,le2i_H01_video_8_adl,no_fall,val,/Users/varunreddyseelam/Desktop/Gen_ai/final_pipeline/data/windows/val/no_fall/le2i_H01_video_8_adl/le2i_H01_video_8_adl_w0001.json
le2i_H01_video_8_adl_w0000,le2i_H01_video_8_adl,no_fall,val,/Users/varunreddyseelam/Desktop/Gen_ai/final_pipeline/data/windows/val/no_fall/le2i_H01_video_8_adl/le2i_H01_video_8_adl_w0000.json
le2i_H01_video_9_adl_w0000,le2i_H01_video_9_adl,no_fall,val,/Users/varunreddyseelam/Desktop/Gen_ai/final_pipeline/data/windows/val/no_fall/le2i_H01_video_9_adl/le2i_H01_video_9_adl_w0000.json
le2i_H01_video_9_adl_w0001,le2i_H01_video_9_adl,no_fall,val,/Users/varunreddyseelam/Desktop/Gen_ai/final_pipeline/data/windows/val/no_fall/le2i_H01_video_9_adl/le2i_H01_video_9_adl_w0001.json
le2i_H01_video_9_adl_w0002,le2i_H01_video_9_adl,no_fall,val,/Users/varunreddyseelam/Desktop/Gen_ai/final_pipeline/data/windows/val/no_fall/le2i_H01_video_9_adl/le2i_H01_video_9_adl_w0002.json
le2i_CR01_video_41_adl_w0004,le2i_CR01_video_41_adl,no_fall,val,/Users/varunreddyseelam/Desktop/Gen_ai/final_pipeline/data/windows/val/no_fall/le2i_CR01_video_41_adl/le2i_CR01_video_41_adl_w0004.json
le2i_CR01_video_41_adl_w0005,le2i_CR01_video_41_adl,no_fall,val,/Users/varunreddyseelam/Desktop/Gen_ai/final_pipeline/data/windows/val/no_fall/le2i_CR01_video_41_adl/le2i_CR01_video_41_adl_w0005.json
le2i_CR01_video_41_adl_w0002,le2i_CR01_video_41_adl,no_fall,val,/Users/varunreddyseelam/Desktop/Gen_ai/final_pipeline/data/windows/val/no_fall/le2i_CR01_video_41_adl/le2i_CR01_video_41_adl_w0002.json
le2i_CR01_video_41_adl_w0003,le2i_CR01_video_41_adl,no_fall,val,/Users/varunreddyseelam/Desktop/Gen_ai/final_pipeline/data/windows/val/no_fall/le2i_CR01_video_41_adl/le2i_CR01_video_41_adl_w0003.json
le2i_CR01_video_41_adl_w0000,le2i_CR01_video_41_adl,no_fall,val,/Users/varunreddyseelam/Desktop/Gen_ai/final_pipeline/data/windows/val/no_fall/le2i_CR01_video_41_adl/le2i_CR01_video_41_adl_w0000.json
le2i_CR01_video_41_adl_w0001,le2i_CR01_video_41_adl,no_fall,val,/Users/varunreddyseelam/Desktop/Gen_ai/final_pipeline/data/windows/val/no_fall/le2i_CR01_video_41_adl/le2i_CR01_video_41_adl_w0001.json
le2i_CR01_video_43_adl_w0003,le2i_CR01_video_43_adl,no_fall,val,/Users/varunreddyseelam/Desktop/Gen_ai/final_pipeline/data/windows/val/no_fall/le2i_CR01_video_43_adl/le2i_CR01_video_43_adl_w0003.json
le2i_CR01_video_43_adl_w0002,le2i_CR01_video_43_adl,no_fall,val,/Users/varunreddyseelam/Desktop/Gen_ai/final_pipeline/data/windows/val/no_fall/le2i_CR01_video_43_adl/le2i_CR01_video_43_adl_w0002.json
le2i_CR01_video_43_adl_w0005,le2i_CR01_video_43_adl,no_fall,val,/Users/varunreddyseelam/Desktop/Gen_ai/final_pipeline/data/windows/val/no_fall/le2i_CR01_video_43_adl/le2i_CR01_video_43_adl_w0005.json
le2i_CR01_video_43_adl_w0009,le2i_CR01_video_43_adl,no_fall,val,/Users/varunreddyseelam/Desktop/Gen_ai/final_pipeline/data/windows/val/no_fall/le2i_CR01_video_43_adl/le2i_CR01_video_43_adl_w0009.json
le2i_CR01_video_43_adl_w0008,le2i_CR01_video_43_adl,no_fall,val,/Users/varunreddyseelam/Desktop/Gen_ai/final_pipeline/data/windows/val/no_fall/le2i_CR01_video_43_adl/le2i_CR01_video_43_adl_w0008.json
le2i_CR01_video_43_adl_w0004,le2i_CR01_video_43_adl,no_fall,val,/Users/varunreddyseelam/Desktop/Gen_ai/final_pipeline/data/windows/val/no_fall/le2i_CR01_video_43_adl/le2i_CR01_video_43_adl_w0004.json
le2i_CR01_video_43_adl_w0007,le2i_CR01_video_43_adl,no_fall,val,/Users/varunreddyseelam/Desktop/Gen_ai/final_pipeline/data/windows/val/no_fall/le2i_CR01_video_43_adl/le2i_CR01_video_43_adl_w0007.json
le2i_CR01_video_43_adl_w0006,le2i_CR01_video_43_adl,no_fall,val,/Users/varunreddyseelam/Desktop/Gen_ai/final_pipeline/data/windows/val/no_fall/le2i_CR01_video_43_adl/le2i_CR01_video_43_adl_w0006.json
le2i_CR01_video_43_adl_w0001,le2i_CR01_video_43_adl,no_fall,val,/Users/varunreddyseelam/Desktop/Gen_ai/final_pipeline/data/windows/val/no_fall/le2i_CR01_video_43_adl/le2i_CR01_video_43_adl_w0001.json
le2i_CR01_video_43_adl_w0000,le2i_CR01_video_43_adl,no_fall,val,/Users/varunreddyseelam/Desktop/Gen_ai/final_pipeline/data/windows/val/no_fall/le2i_CR01_video_43_adl/le2i_CR01_video_43_adl_w0000.json
urfd_adl-04-cam0_w0002,urfd_adl-04-cam0,no_fall,val,/Users/varunreddyseelam/Desktop/Gen_ai/final_pipeline/data/windows/val/no_fall/urfd_adl-04-cam0/urfd_adl-04-cam0_w0002.json
urfd_adl-04-cam0_w0000,urfd_adl-04-cam0,no_fall,val,/Users/varunreddyseelam/Desktop/Gen_ai/final_pipeline/data/windows/val/no_fall/urfd_adl-04-cam0/urfd_adl-04-cam0_w0000.json
urfd_adl-04-cam0_w0001,urfd_adl-04-cam0,no_fall,val,/Users/varunreddyseelam/Desktop/Gen_ai/final_pipeline/data/windows/val/no_fall/urfd_adl-04-cam0/urfd_adl-04-cam0_w0001.json
gmncsa24_gmncsa_adl_023_w0001,gmncsa24_gmncsa_adl_023,no_fall,val,/Users/varunreddyseelam/Desktop/Gen_ai/final_pipeline/data/windows/val/no_fall/gmncsa24_gmncsa_adl_023/gmncsa24_gmncsa_adl_023_w0001.json
gmncsa24_gmncsa_adl_023_w0000,gmncsa24_gmncsa_adl_023,no_fall,val,/Users/varunreddyseelam/Desktop/Gen_ai/final_pipeline/data/windows/val/no_fall/gmncsa24_gmncsa_adl_023/gmncsa24_gmncsa_adl_023_w0000.json
gmncsa24_gmncsa_adl_023_w0002,gmncsa24_gmncsa_adl_023,no_fall,val,/Users/varunreddyseelam/Desktop/Gen_ai/final_pipeline/data/windows/val/no_fall/gmncsa24_gmncsa_adl_023/gmncsa24_gmncsa_adl_023_w0002.json
gmncsa24_gmncsa_adl_076_w0001,gmncsa24_gmncsa_adl_076,no_fall,val,/Users/varunreddyseelam/Desktop/Gen_ai/final_pipeline/data/windows/val/no_fall/gmncsa24_gmncsa_adl_076/gmncsa24_gmncsa_adl_076_w0001.json
gmncsa24_gmncsa_adl_076_w0000,gmncsa24_gmncsa_adl_076,no_fall,val,/Users/varunreddyseelam/Desktop/Gen_ai/final_pipeline/data/windows/val/no_fall/gmncsa24_gmncsa_adl_076/gmncsa24_gmncsa_adl_076_w0000.json
gmncsa24_gmncsa_adl_049_w0006,gmncsa24_gmncsa_adl_049,no_fall,val,/Users/varunreddyseelam/Desktop/Gen_ai/final_pipeline/data/windows/val/no_fall/gmncsa24_gmncsa_adl_049/gmncsa24_gmncsa_adl_049_w0006.json
gmncsa24_gmncsa_adl_049_w0007,gmncsa24_gmncsa_adl_049,no_fall,val,/Users/varunreddyseelam/Desktop/Gen_ai/final_pipeline/data/windows/val/no_fall/gmncsa24_gmncsa_adl_049/gmncsa24_gmncsa_adl_049_w0007.json
gmncsa24_gmncsa_adl_049_w0000,gmncsa24_gmncsa_adl_049,no_fall,val,/Users/varunreddyseelam/Desktop/Gen_ai/final_pipeline/data/windows/val/no_fall/gmncsa24_gmncsa_adl_049/gmncsa24_gmncsa_adl_049_w0000.json
gmncsa24_gmncsa_adl_049_w0001,gmncsa24_gmncsa_adl_049,no_fall,val,/Users/varunreddyseelam/Desktop/Gen_ai/final_pipeline/data/windows/val/no_fall/gmncsa24_gmncsa_adl_049/gmncsa24_gmncsa_adl_049_w0001.json
gmncsa24_gmncsa_adl_049_w0002,gmncsa24_gmncsa_adl_049,no_fall,val,/Users/varunreddyseelam/Desktop/Gen_ai/final_pipeline/data/windows/val/no_fall/gmncsa24_gmncsa_adl_049/gmncsa24_gmncsa_adl_049_w0002.json
gmncsa24_gmncsa_adl_049_w0003,gmncsa24_gmncsa_adl_049,no_fall,val,/Users/varunreddyseelam/Desktop/Gen_ai/final_pipeline/data/windows/val/no_fall/gmncsa24_gmncsa_adl_049/gmncsa24_gmncsa_adl_049_w0003.json
gmncsa24_gmncsa_adl_049_w0004,gmncsa24_gmncsa_adl_049,no_fall,val,/Users/varunreddyseelam/Desktop/Gen_ai/final_pipeline/data/windows/val/no_fall/gmncsa24_gmncsa_adl_049/gmncsa24_gmncsa_adl_049_w0004.json
gmncsa24_gmncsa_adl_049_w0008,gmncsa24_gmncsa_adl_049,no_fall,val,/Users/varunreddyseelam/Desktop/Gen_ai/final_pipeline/data/windows/val/no_fall/gmncsa24_gmncsa_adl_049/gmncsa24_gmncsa_adl_049_w0008.json
gmncsa24_gmncsa_adl_049_w0005,gmncsa24_gmncsa_adl_049,no_fall,val,/Users/varunreddyseelam/Desktop/Gen_ai/final_pipeline/data/windows/val/no_fall/gmncsa24_gmncsa_adl_049/gmncsa24_gmncsa_adl_049_w0005.json
urfd_adl-27-cam0_w0001,urfd_adl-27-cam0,no_fall,val,/Users/varunreddyseelam/Desktop/Gen_ai/final_pipeline/data/windows/val/no_fall/urfd_adl-27-cam0/urfd_adl-27-cam0_w0001.json
urfd_adl-27-cam0_w0000,urfd_adl-27-cam0,no_fall,val,/Users/varunreddyseelam/Desktop/Gen_ai/final_pipeline/data/windows/val/no_fall/urfd_adl-27-cam0/urfd_adl-27-cam0_w0000.json
gmncsa24_gmncsa_adl_060_w0000,gmncsa24_gmncsa_adl_060,no_fall,val,/Users/varunreddyseelam/Desktop/Gen_ai/final_pipeline/data/windows/val/no_fall/gmncsa24_gmncsa_adl_060/gmncsa24_gmncsa_adl_060_w0000.json
gmncsa24_gmncsa_adl_060_w0001,gmncsa24_gmncsa_adl_060,no_fall,val,/Users/varunreddyseelam/Desktop/Gen_ai/final_pipeline/data/windows/val/no_fall/gmncsa24_gmncsa_adl_060/gmncsa24_gmncsa_adl_060_w0001.json
gmncsa24_gmncsa_adl_060_w0006,gmncsa24_gmncsa_adl_060,no_fall,val,/Users/varunreddyseelam/Desktop/Gen_ai/final_pipeline/data/windows/val/no_fall/gmncsa24_gmncsa_adl_060/gmncsa24_gmncsa_adl_060_w0006.json
gmncsa24_gmncsa_adl_060_w0007,gmncsa24_gmncsa_adl_060,no_fall,val,/Users/varunreddyseelam/Desktop/Gen_ai/final_pipeline/data/windows/val/no_fall/gmncsa24_gmncsa_adl_060/gmncsa24_gmncsa_adl_060_w0007.json
gmncsa24_gmncsa_adl_060_w0004,gmncsa24_gmncsa_adl_060,no_fall,val,/Users/varunreddyseelam/Desktop/Gen_ai/final_pipeline/data/windows/val/no_fall/gmncsa24_gmncsa_adl_060/gmncsa24_gmncsa_adl_060_w0004.json
gmncsa24_gmncsa_adl_060_w0005,gmncsa24_gmncsa_adl_060,no_fall,val,/Users/varunreddyseelam/Desktop/Gen_ai/final_pipeline/data/windows/val/no_fall/gmncsa24_gmncsa_adl_060/gmncsa24_gmncsa_adl_060_w0005.json
gmncsa24_gmncsa_adl_060_w0002,gmncsa24_gmncsa_adl_060,no_fall,val,/Users/varunreddyseelam/Desktop/Gen_ai/final_pipeline/data/windows/val/no_fall/gmncsa24_gmncsa_adl_060/gmncsa24_gmncsa_adl_060_w0002.json
gmncsa24_gmncsa_adl_060_w0003,gmncsa24_gmncsa_adl_060,no_fall,val,/Users/varunreddyseelam/Desktop/Gen_ai/final_pipeline/data/windows/val/no_fall/gmncsa24_gmncsa_adl_060/gmncsa24_gmncsa_adl_060_w0003.json
gmncsa24_gmncsa_adl_056_w0002,gmncsa24_gmncsa_adl_056,no_fall,val,/Users/varunreddyseelam/Desktop/Gen_ai/final_pipeline/data/windows/val/no_fall/gmncsa24_gmncsa_adl_056/gmncsa24_gmncsa_adl_056_w0002.json
gmncsa24_gmncsa_adl_056_w0001,gmncsa24_gmncsa_adl_056,no_fall,val,/Users/varunreddyseelam/Desktop/Gen_ai/final_pipeline/data/windows/val/no_fall/gmncsa24_gmncsa_adl_056/gmncsa24_gmncsa_adl_056_w0001.json
gmncsa24_gmncsa_adl_056_w0000,gmncsa24_gmncsa_adl_056,no_fall,val,/Users/varunreddyseelam/Desktop/Gen_ai/final_pipeline/data/windows/val/no_fall/gmncsa24_gmncsa_adl_056/gmncsa24_gmncsa_adl_056_w0000.json
le2i_CR02_video_56_adl_w0004,le2i_CR02_video_56_adl,no_fall,val,/Users/varunreddyseelam/Desktop/Gen_ai/final_pipeline/data/windows/val/no_fall/le2i_CR02_video_56_adl/le2i_CR02_video_56_adl_w0004.json
le2i_CR02_video_56_adl_w0005,le2i_CR02_video_56_adl,no_fall,val,/Users/varunreddyseelam/Desktop/Gen_ai/final_pipeline/data/windows/val/no_fall/le2i_CR02_video_56_adl/le2i_CR02_video_56_adl_w0005.json
le2i_CR02_video_56_adl_w0002,le2i_CR02_video_56_adl,no_fall,val,/Users/varunreddyseelam/Desktop/Gen_ai/final_pipeline/data/windows/val/no_fall/le2i_CR02_video_56_adl/le2i_CR02_video_56_adl_w0002.json
le2i_CR02_video_56_adl_w0003,le2i_CR02_video_56_adl,no_fall,val,/Users/varunreddyseelam/Desktop/Gen_ai/final_pipeline/data/windows/val/no_fall/le2i_CR02_video_56_adl/le2i_CR02_video_56_adl_w0003.json
le2i_CR02_video_56_adl_w0000,le2i_CR02_video_56_adl,no_fall,val,/Users/varunreddyseelam/Desktop/Gen_ai/final_pipeline/data/windows/val/no_fall/le2i_CR02_video_56_adl/le2i_CR02_video_56_adl_w0000.json
le2i_CR02_video_56_adl_w0001,le2i_CR02_video_56_adl,no_fall,val,/Users/varunreddyseelam/Desktop/Gen_ai/final_pipeline/data/windows/val/no_fall/le2i_CR02_video_56_adl/le2i_CR02_video_56_adl_w0001.json
urfd_adl-07-cam0_w0001,urfd_adl-07-cam0,no_fall,val,/Users/varunreddyseelam/Desktop/Gen_ai/final_pipeline/data/windows/val/no_fall/urfd_adl-07-cam0/urfd_adl-07-cam0_w0001.json
urfd_adl-07-cam0_w0000,urfd_adl-07-cam0,no_fall,val,/Users/varunreddyseelam/Desktop/Gen_ai/final_pipeline/data/windows/val/no_fall/urfd_adl-07-cam0/urfd_adl-07-cam0_w0000.json
urfd_adl-07-cam0_w0003,urfd_adl-07-cam0,no_fall,val,/Users/varunreddyseelam/Desktop/Gen_ai/final_pipeline/data/windows/val/no_fall/urfd_adl-07-cam0/urfd_adl-07-cam0_w0003.json
urfd_adl-07-cam0_w0002,urfd_adl-07-cam0,no_fall,val,/Users/varunreddyseelam/Desktop/Gen_ai/final_pipeline/data/windows/val/no_fall/urfd_adl-07-cam0/urfd_adl-07-cam0_w0002.json
le2i_CR02_video_53_adl_w0003,le2i_CR02_video_53_adl,no_fall,val,/Users/varunreddyseelam/Desktop/Gen_ai/final_pipeline/data/windows/val/no_fall/le2i_CR02_video_53_adl/le2i_CR02_video_53_adl_w0003.json
le2i_CR02_video_53_adl_w0002,le2i_CR02_video_53_adl,no_fall,val,/Users/varunreddyseelam/Desktop/Gen_ai/final_pipeline/data/windows/val/no_fall/le2i_CR02_video_53_adl/le2i_CR02_video_53_adl_w0002.json
le2i_CR02_video_53_adl_w0005,le2i_CR02_video_53_adl,no_fall,val,/Users/varunreddyseelam/Desktop/Gen_ai/final_pipeline/data/windows/val/no_fall/le2i_CR02_video_53_adl/le2i_CR02_video_53_adl_w0005.json
le2i_CR02_video_53_adl_w0004,le2i_CR02_video_53_adl,no_fall,val,/Users/varunreddyseelam/Desktop/Gen_ai/final_pipeline/data/windows/val/no_fall/le2i_CR02_video_53_adl/le2i_CR02_video_53_adl_w0004.json
le2i_CR02_video_53_adl_w0001,le2i_CR02_video_53_adl,no_fall,val,/Users/varunreddyseelam/Desktop/Gen_ai/final_pipeline/data/windows/val/no_fall/le2i_CR02_video_53_adl/le2i_CR02_video_53_adl_w0001.json
le2i_CR02_video_53_adl_w0000,le2i_CR02_video_53_adl,no_fall,val,/Users/varunreddyseelam/Desktop/Gen_ai/final_pipeline/data/windows/val/no_fall/le2i_CR02_video_53_adl/le2i_CR02_video_53_adl_w0000.json
le2i_H01_video_13_adl_w0001,le2i_H01_video_13_adl,no_fall,val,/Users/varunreddyseelam/Desktop/Gen_ai/final_pipeline/data/windows/val/no_fall/le2i_H01_video_13_adl/le2i_H01_video_13_adl_w0001.json
le2i_H01_video_13_adl_w0000,le2i_H01_video_13_adl,no_fall,val,/Users/varunreddyseelam/Desktop/Gen_ai/final_pipeline/data/windows/val/no_fall/le2i_H01_video_13_adl/le2i_H01_video_13_adl_w0000.json
le2i_H01_video_13_adl_w0002,le2i_H01_video_13_adl,no_fall,val,/Users/varunreddyseelam/Desktop/Gen_ai/final_pipeline/data/windows/val/no_fall/le2i_H01_video_13_adl/le2i_H01_video_13_adl_w0002.json
urfd_adl-17-cam0_w0001,urfd_adl-17-cam0,no_fall,val,/Users/varunreddyseelam/Desktop/Gen_ai/final_pipeline/data/windows/val/no_fall/urfd_adl-17-cam0/urfd_adl-17-cam0_w0001.json
urfd_adl-17-cam0_w0000,urfd_adl-17-cam0,no_fall,val,/Users/varunreddyseelam/Desktop/Gen_ai/final_pipeline/data/windows/val/no_fall/urfd_adl-17-cam0/urfd_adl-17-cam0_w0000.json
urfd_adl-17-cam0_w0003,urfd_adl-17-cam0,no_fall,val,/Users/varunreddyseelam/Desktop/Gen_ai/final_pipeline/data/windows/val/no_fall/urfd_adl-17-cam0/urfd_adl-17-cam0_w0003.json
urfd_adl-17-cam0_w0002,urfd_adl-17-cam0,no_fall,val,/Users/varunreddyseelam/Desktop/Gen_ai/final_pipeline/data/windows/val/no_fall/urfd_adl-17-cam0/urfd_adl-17-cam0_w0002.json
urfd_adl-17-cam0_w0004,urfd_adl-17-cam0,no_fall,val,/Users/varunreddyseelam/Desktop/Gen_ai/final_pipeline/data/windows/val/no_fall/urfd_adl-17-cam0/urfd_adl-17-cam0_w0004.json
le2i_CR01_video_15_adl_w0000,le2i_CR01_video_15_adl,no_fall,val,/Users/varunreddyseelam/Desktop/Gen_ai/final_pipeline/data/windows/val/no_fall/le2i_CR01_video_15_adl/le2i_CR01_video_15_adl_w0000.json
le2i_CR01_video_28_adl_w0000,le2i_CR01_video_28_adl,no_fall,val,/Users/varunreddyseelam/Desktop/Gen_ai/final_pipeline/data/windows/val/no_fall/le2i_CR01_video_28_adl/le2i_CR01_video_28_adl_w0000.json
le2i_CR01_video_14_adl_w0000,le2i_CR01_video_14_adl,no_fall,val,/Users/varunreddyseelam/Desktop/Gen_ai/final_pipeline/data/windows/val/no_fall/le2i_CR01_video_14_adl/le2i_CR01_video_14_adl_w0000.json
gmncsa24_gmncsa_adl_029_w0000,gmncsa24_gmncsa_adl_029,no_fall,val,/Users/varunreddyseelam/Desktop/Gen_ai/final_pipeline/data/windows/val/no_fall/gmncsa24_gmncsa_adl_029/gmncsa24_gmncsa_adl_029_w0000.json
gmncsa24_gmncsa_adl_029_w0001,gmncsa24_gmncsa_adl_029,no_fall,val,/Users/varunreddyseelam/Desktop/Gen_ai/final_pipeline/data/windows/val/no_fall/gmncsa24_gmncsa_adl_029/gmncsa24_gmncsa_adl_029_w0001.json
gmncsa24_gmncsa_adl_029_w0002,gmncsa24_gmncsa_adl_029,no_fall,val,/Users/varunreddyseelam/Desktop/Gen_ai/final_pipeline/data/windows/val/no_fall/gmncsa24_gmncsa_adl_029/gmncsa24_gmncsa_adl_029_w0002.json
gmncsa24_gmncsa_adl_029_w0003,gmncsa24_gmncsa_adl_029,no_fall,val,/Users/varunreddyseelam/Desktop/Gen_ai/final_pipeline/data/windows/val/no_fall/gmncsa24_gmncsa_adl_029/gmncsa24_gmncsa_adl_029_w0003.json
gmncsa24_gmncsa_adl_020_w0004,gmncsa24_gmncsa_adl_020,no_fall,val,/Users/varunreddyseelam/Desktop/Gen_ai/final_pipeline/data/windows/val/no_fall/gmncsa24_gmncsa_adl_020/gmncsa24_gmncsa_adl_020_w0004.json
gmncsa24_gmncsa_adl_020_w0002,gmncsa24_gmncsa_adl_020,no_fall,val,/Users/varunreddyseelam/Desktop/Gen_ai/final_pipeline/data/windows/val/no_fall/gmncsa24_gmncsa_adl_020/gmncsa24_gmncsa_adl_020_w0002.json
gmncsa24_gmncsa_adl_020_w0003,gmncsa24_gmncsa_adl_020,no_fall,val,/Users/varunreddyseelam/Desktop/Gen_ai/final_pipeline/data/windows/val/no_fall/gmncsa24_gmncsa_adl_020/gmncsa24_gmncsa_adl_020_w0003.json
gmncsa24_gmncsa_adl_020_w0000,gmncsa24_gmncsa_adl_020,no_fall,val,/Users/varunreddyseelam/Desktop/Gen_ai/final_pipeline/data/windows/val/no_fall/gmncsa24_gmncsa_adl_020/gmncsa24_gmncsa_adl_020_w0000.json
gmncsa24_gmncsa_adl_020_w0001,gmncsa24_gmncsa_adl_020,no_fall,val,/Users/varunreddyseelam/Desktop/Gen_ai/final_pipeline/data/windows/val/no_fall/gmncsa24_gmncsa_adl_020/gmncsa24_gmncsa_adl_020_w0001.json
le2i_H01_video_15_adl_w0000,le2i_H01_video_15_adl,no_fall,val,/Users/varunreddyseelam/Desktop/Gen_ai/final_pipeline/data/windows/val/no_fall/le2i_H01_video_15_adl/le2i_H01_video_15_adl_w0000.json
le2i_H01_video_15_adl_w0001,le2i_H01_video_15_adl,no_fall,val,/Users/varunreddyseelam/Desktop/Gen_ai/final_pipeline/data/windows/val/no_fall/le2i_H01_video_15_adl/le2i_H01_video_15_adl_w0001.json
le2i_H01_video_15_adl_w0002,le2i_H01_video_15_adl,no_fall,val,/Users/varunreddyseelam/Desktop/Gen_ai/final_pipeline/data/windows/val/no_fall/le2i_H01_video_15_adl/le2i_H01_video_15_adl_w0002.json
le2i_H01_video_29_adl_w0002,le2i_H01_video_29_adl,no_fall,val,/Users/varunreddyseelam/Desktop/Gen_ai/final_pipeline/data/windows/val/no_fall/le2i_H01_video_29_adl/le2i_H01_video_29_adl_w0002.json
le2i_H01_video_29_adl_w0001,le2i_H01_video_29_adl,no_fall,val,/Users/varunreddyseelam/Desktop/Gen_ai/final_pipeline/data/windows/val/no_fall/le2i_H01_video_29_adl/le2i_H01_video_29_adl_w0001.json
le2i_H01_video_29_adl_w0000,le2i_H01_video_29_adl,no_fall,val,/Users/varunreddyseelam/Desktop/Gen_ai/final_pipeline/data/windows/val/no_fall/le2i_H01_video_29_adl/le2i_H01_video_29_adl_w0000.json
gmncsa24_gmncsa_adl_073_w0000,gmncsa24_gmncsa_adl_073,no_fall,val,/Users/varunreddyseelam/Desktop/Gen_ai/final_pipeline/data/windows/val/no_fall/gmncsa24_gmncsa_adl_073/gmncsa24_gmncsa_adl_073_w0000.json
gmncsa24_gmncsa_adl_073_w0001,gmncsa24_gmncsa_adl_073,no_fall,val,/Users/varunreddyseelam/Desktop/Gen_ai/final_pipeline/data/windows/val/no_fall/gmncsa24_gmncsa_adl_073/gmncsa24_gmncsa_adl_073_w0001.json
gmncsa24_gmncsa_adl_073_w0002,gmncsa24_gmncsa_adl_073,no_fall,val,/Users/varunreddyseelam/Desktop/Gen_ai/final_pipeline/data/windows/val/no_fall/gmncsa24_gmncsa_adl_073/gmncsa24_gmncsa_adl_073_w0002.json
gmncsa24_gmncsa_adl_073_w0003,gmncsa24_gmncsa_adl_073,no_fall,val,/Users/varunreddyseelam/Desktop/Gen_ai/final_pipeline/data/windows/val/no_fall/gmncsa24_gmncsa_adl_073/gmncsa24_gmncsa_adl_073_w0003.json
gmncsa24_gmncsa_adl_073_w0004,gmncsa24_gmncsa_adl_073,no_fall,val,/Users/varunreddyseelam/Desktop/Gen_ai/final_pipeline/data/windows/val/no_fall/gmncsa24_gmncsa_adl_073/gmncsa24_gmncsa_adl_073_w0004.json
gmncsa24_gmncsa_adl_074_w0001,gmncsa24_gmncsa_adl_074,no_fall,val,/Users/varunreddyseelam/Desktop/Gen_ai/final_pipeline/data/windows/val/no_fall/gmncsa24_gmncsa_adl_074/gmncsa24_gmncsa_adl_074_w0001.json
gmncsa24_gmncsa_adl_074_w0000,gmncsa24_gmncsa_adl_074,no_fall,val,/Users/varunreddyseelam/Desktop/Gen_ai/final_pipeline/data/windows/val/no_fall/gmncsa24_gmncsa_adl_074/gmncsa24_gmncsa_adl_074_w0000.json
gmncsa24_gmncsa_adl_074_w0006,gmncsa24_gmncsa_adl_074,no_fall,val,/Users/varunreddyseelam/Desktop/Gen_ai/final_pipeline/data/windows/val/no_fall/gmncsa24_gmncsa_adl_074/gmncsa24_gmncsa_adl_074_w0006.json
gmncsa24_gmncsa_adl_074_w0005,gmncsa24_gmncsa_adl_074,no_fall,val,/Users/varunreddyseelam/Desktop/Gen_ai/final_pipeline/data/windows/val/no_fall/gmncsa24_gmncsa_adl_074/gmncsa24_gmncsa_adl_074_w0005.json
gmncsa24_gmncsa_adl_074_w0004,gmncsa24_gmncsa_adl_074,no_fall,val,/Users/varunreddyseelam/Desktop/Gen_ai/final_pipeline/data/windows/val/no_fall/gmncsa24_gmncsa_adl_074/gmncsa24_gmncsa_adl_074_w0004.json
gmncsa24_gmncsa_adl_074_w0003,gmncsa24_gmncsa_adl_074,no_fall,val,/Users/varunreddyseelam/Desktop/Gen_ai/final_pipeline/data/windows/val/no_fall/gmncsa24_gmncsa_adl_074/gmncsa24_gmncsa_adl_074_w0003.json
gmncsa24_gmncsa_adl_074_w0002,gmncsa24_gmncsa_adl_074,no_fall,val,/Users/varunreddyseelam/Desktop/Gen_ai/final_pipeline/data/windows/val/no_fall/gmncsa24_gmncsa_adl_074/gmncsa24_gmncsa_adl_074_w0002.json
gmncsa24_gmncsa_adl_010_w0003,gmncsa24_gmncsa_adl_010,no_fall,val,/Users/varunreddyseelam/Desktop/Gen_ai/final_pipeline/data/windows/val/no_fall/gmncsa24_gmncsa_adl_010/gmncsa24_gmncsa_adl_010_w0003.json
gmncsa24_gmncsa_adl_010_w0002,gmncsa24_gmncsa_adl_010,no_fall,val,/Users/varunreddyseelam/Desktop/Gen_ai/final_pipeline/data/windows/val/no_fall/gmncsa24_gmncsa_adl_010/gmncsa24_gmncsa_adl_010_w0002.json
gmncsa24_gmncsa_adl_010_w0005,gmncsa24_gmncsa_adl_010,no_fall,val,/Users/varunreddyseelam/Desktop/Gen_ai/final_pipeline/data/windows/val/no_fall/gmncsa24_gmncsa_adl_010/gmncsa24_gmncsa_adl_010_w0005.json
gmncsa24_gmncsa_adl_010_w0004,gmncsa24_gmncsa_adl_010,no_fall,val,/Users/varunreddyseelam/Desktop/Gen_ai/final_pipeline/data/windows/val/no_fall/gmncsa24_gmncsa_adl_010/gmncsa24_gmncsa_adl_010_w0004.json
gmncsa24_gmncsa_adl_010_w0007,gmncsa24_gmncsa_adl_010,no_fall,val,/Users/varunreddyseelam/Desktop/Gen_ai/final_pipeline/data/windows/val/no_fall/gmncsa24_gmncsa_adl_010/gmncsa24_gmncsa_adl_010_w0007.json
gmncsa24_gmncsa_adl_010_w0006,gmncsa24_gmncsa_adl_010,no_fall,val,/Users/varunreddyseelam/Desktop/Gen_ai/final_pipeline/data/windows/val/no_fall/gmncsa24_gmncsa_adl_010/gmncsa24_gmncsa_adl_010_w0006.json
gmncsa24_gmncsa_adl_010_w0001,gmncsa24_gmncsa_adl_010,no_fall,val,/Users/varunreddyseelam/Desktop/Gen_ai/final_pipeline/data/windows/val/no_fall/gmncsa24_gmncsa_adl_010/gmncsa24_gmncsa_adl_010_w0001.json
gmncsa24_gmncsa_adl_010_w0000,gmncsa24_gmncsa_adl_010,no_fall,val,/Users/varunreddyseelam/Desktop/Gen_ai/final_pipeline/data/windows/val/no_fall/gmncsa24_gmncsa_adl_010/gmncsa24_gmncsa_adl_010_w0000.json
le2i_CR01_video_12_adl_w0000,le2i_CR01_video_12_adl,no_fall,val,/Users/varunreddyseelam/Desktop/Gen_ai/final_pipeline/data/windows/val/no_fall/le2i_CR01_video_12_adl/le2i_CR01_video_12_adl_w0000.json
gmncsa24_gmncsa_adl_081_w0000,gmncsa24_gmncsa_adl_081,no_fall,val,/Users/varunreddyseelam/Desktop/Gen_ai/final_pipeline/data/windows/val/no_fall/gmncsa24_gmncsa_adl_081/gmncsa24_gmncsa_adl_081_w0000.json
gmncsa24_gmncsa_adl_081_w0001,gmncsa24_gmncsa_adl_081,no_fall,val,/Users/varunreddyseelam/Desktop/Gen_ai/final_pipeline/data/windows/val/no_fall/gmncsa24_gmncsa_adl_081/gmncsa24_gmncsa_adl_081_w0001.json
gmncsa24_gmncsa_adl_081_w0002,gmncsa24_gmncsa_adl_081,no_fall,val,/Users/varunreddyseelam/Desktop/Gen_ai/final_pipeline/data/windows/val/no_fall/gmncsa24_gmncsa_adl_081/gmncsa24_gmncsa_adl_081_w0002.json
gmncsa24_gmncsa_adl_081_w0003,gmncsa24_gmncsa_adl_081,no_fall,val,/Users/varunreddyseelam/Desktop/Gen_ai/final_pipeline/data/windows/val/no_fall/gmncsa24_gmncsa_adl_081/gmncsa24_gmncsa_adl_081_w0003.json
gmncsa24_gmncsa_fall_050_w0033,gmncsa24_gmncsa_fall_050,fall,test,/Users/varunreddyseelam/Desktop/Gen_ai/final_pipeline/data/windows/test/fall/gmncsa24_gmncsa_fall_050/gmncsa24_gmncsa_fall_050_w0033.json
gmncsa24_gmncsa_fall_050_w0025,gmncsa24_gmncsa_fall_050,fall,test,/Users/varunreddyseelam/Desktop/Gen_ai/final_pipeline/data/windows/test/fall/gmncsa24_gmncsa_fall_050/gmncsa24_gmncsa_fall_050_w0025.json
gmncsa24_gmncsa_fall_050_w0009,gmncsa24_gmncsa_fall_050,fall,test,/Users/varunreddyseelam/Desktop/Gen_ai/final_pipeline/data/windows/test/fall/gmncsa24_gmncsa_fall_050/gmncsa24_gmncsa_fall_050_w0009.json
gmncsa24_gmncsa_fall_050_w0029,gmncsa24_gmncsa_fall_050,fall,test,/Users/varunreddyseelam/Desktop/Gen_ai/final_pipeline/data/windows/test/fall/gmncsa24_gmncsa_fall_050/gmncsa24_gmncsa_fall_050_w0029.json
gmncsa24_gmncsa_fall_050_w0005,gmncsa24_gmncsa_fall_050,fall,test,/Users/varunreddyseelam/Desktop/Gen_ai/final_pipeline/data/windows/test/fall/gmncsa24_gmncsa_fall_050/gmncsa24_gmncsa_fall_050_w0005.json
gmncsa24_gmncsa_fall_050_w0013,gmncsa24_gmncsa_fall_050,fall,test,/Users/varunreddyseelam/Desktop/Gen_ai/final_pipeline/data/windows/test/fall/gmncsa24_gmncsa_fall_050/gmncsa24_gmncsa_fall_050_w0013.json
gmncsa24_gmncsa_fall_050_w0012,gmncsa24_gmncsa_fall_050,fall,test,/Users/varunreddyseelam/Desktop/Gen_ai/final_pipeline/data/windows/test/fall/gmncsa24_gmncsa_fall_050/gmncsa24_gmncsa_fall_050_w0012.json
gmncsa24_gmncsa_fall_050_w0004,gmncsa24_gmncsa_fall_050,fall,test,/Users/varunreddyseelam/Desktop/Gen_ai/final_pipeline/data/windows/test/fall/gmncsa24_gmncsa_fall_050/gmncsa24_gmncsa_fall_050_w0004.json
gmncsa24_gmncsa_fall_050_w0028,gmncsa24_gmncsa_fall_050,fall,test,/Users/varunreddyseelam/Desktop/Gen_ai/final_pipeline/data/windows/test/fall/gmncsa24_gmncsa_fall_050/gmncsa24_gmncsa_fall_050_w0028.json
gmncsa24_gmncsa_fall_050_w0008,gmncsa24_gmncsa_fall_050,fall,test,/Users/varunreddyseelam/Desktop/Gen_ai/final_pipeline/data/windows/test/fall/gmncsa24_gmncsa_fall_050/gmncsa24_gmncsa_fall_050_w0008.json
gmncsa24_gmncsa_fall_050_w0024,gmncsa24_gmncsa_fall_050,fall,test,/Users/varunreddyseelam/Desktop/Gen_ai/final_pipeline/data/windows/test/fall/gmncsa24_gmncsa_fall_050/gmncsa24_gmncsa_fall_050_w0024.json
gmncsa24_gmncsa_fall_050_w0032,gmncsa24_gmncsa_fall_050,fall,test,/Users/varunreddyseelam/Desktop/Gen_ai/final_pipeline/data/windows/test/fall/gmncsa24_gmncsa_fall_050/gmncsa24_gmncsa_fall_050_w0032.json
gmncsa24_gmncsa_fall_050_w0003,gmncsa24_gmncsa_fall_050,fall,test,/Users/varunreddyseelam/Desktop/Gen_ai/final_pipeline/data/windows/test/fall/gmncsa24_gmncsa_fall_050/gmncsa24_gmncsa_fall_050_w0003.json
gmncsa24_gmncsa_fall_050_w0015,gmncsa24_gmncsa_fall_050,fall,test,/Users/varunreddyseelam/Desktop/Gen_ai/final_pipeline/data/windows/test/fall/gmncsa24_gmncsa_fall_050/gmncsa24_gmncsa_fall_050_w0015.json
gmncsa24_gmncsa_fall_050_w0035,gmncsa24_gmncsa_fall_050,fall,test,/Users/varunreddyseelam/Desktop/Gen_ai/final_pipeline/data/windows/test/fall/gmncsa24_gmncsa_fall_050/gmncsa24_gmncsa_fall_050_w0035.json
gmncsa24_gmncsa_fall_050_w0023,gmncsa24_gmncsa_fall_050,fall,test,/Users/varunreddyseelam/Desktop/Gen_ai/final_pipeline/data/windows/test/fall/gmncsa24_gmncsa_fall_050/gmncsa24_gmncsa_fall_050_w0023.json
gmncsa24_gmncsa_fall_050_w0019,gmncsa24_gmncsa_fall_050,fall,test,/Users/varunreddyseelam/Desktop/Gen_ai/final_pipeline/data/windows/test/fall/gmncsa24_gmncsa_fall_050/gmncsa24_gmncsa_fall_050_w0019.json
gmncsa24_gmncsa_fall_050_w0018,gmncsa24_gmncsa_fall_050,fall,test,/Users/varunreddyseelam/Desktop/Gen_ai/final_pipeline/data/windows/test/fall/gmncsa24_gmncsa_fall_050/gmncsa24_gmncsa_fall_050_w0018.json
gmncsa24_gmncsa_fall_050_w0022,gmncsa24_gmncsa_fall_050,fall,test,/Users/varunreddyseelam/Desktop/Gen_ai/final_pipeline/data/windows/test/fall/gmncsa24_gmncsa_fall_050/gmncsa24_gmncsa_fall_050_w0022.json
gmncsa24_gmncsa_fall_050_w0034,gmncsa24_gmncsa_fall_050,fall,test,/Users/varunreddyseelam/Desktop/Gen_ai/final_pipeline/data/windows/test/fall/gmncsa24_gmncsa_fall_050/gmncsa24_gmncsa_fall_050_w0034.json
gmncsa24_gmncsa_fall_050_w0014,gmncsa24_gmncsa_fall_050,fall,test,/Users/varunreddyseelam/Desktop/Gen_ai/final_pipeline/data/windows/test/fall/gmncsa24_gmncsa_fall_050/gmncsa24_gmncsa_fall_050_w0014.json
gmncsa24_gmncsa_fall_050_w0002,gmncsa24_gmncsa_fall_050,fall,test,/Users/varunreddyseelam/Desktop/Gen_ai/final_pipeline/data/windows/test/fall/gmncsa24_gmncsa_fall_050/gmncsa24_gmncsa_fall_050_w0002.json
gmncsa24_gmncsa_fall_050_w0017,gmncsa24_gmncsa_fall_050,fall,test,/Users/varunreddyseelam/Desktop/Gen_ai/final_pipeline/data/windows/test/fall/gmncsa24_gmncsa_fall_050/gmncsa24_gmncsa_fall_050_w0017.json
gmncsa24_gmncsa_fall_050_w0001,gmncsa24_gmncsa_fall_050,fall,test,/Users/varunreddyseelam/Desktop/Gen_ai/final_pipeline/data/windows/test/fall/gmncsa24_gmncsa_fall_050/gmncsa24_gmncsa_fall_050_w0001.json
gmncsa24_gmncsa_fall_050_w0021,gmncsa24_gmncsa_fall_050,fall,test,/Users/varunreddyseelam/Desktop/Gen_ai/final_pipeline/data/windows/test/fall/gmncsa24_gmncsa_fall_050/gmncsa24_gmncsa_fall_050_w0021.json
gmncsa24_gmncsa_fall_050_w0037,gmncsa24_gmncsa_fall_050,fall,test,/Users/varunreddyseelam/Desktop/Gen_ai/final_pipeline/data/windows/test/fall/gmncsa24_gmncsa_fall_050/gmncsa24_gmncsa_fall_050_w0037.json
gmncsa24_gmncsa_fall_050_w0036,gmncsa24_gmncsa_fall_050,fall,test,/Users/varunreddyseelam/Desktop/Gen_ai/final_pipeline/data/windows/test/fall/gmncsa24_gmncsa_fall_050/gmncsa24_gmncsa_fall_050_w0036.json
gmncsa24_gmncsa_fall_050_w0020,gmncsa24_gmncsa_fall_050,fall,test,/Users/varunreddyseelam/Desktop/Gen_ai/final_pipeline/data/windows/test/fall/gmncsa24_gmncsa_fall_050/gmncsa24_gmncsa_fall_050_w0020.json
gmncsa24_gmncsa_fall_050_w0000,gmncsa24_gmncsa_fall_050,fall,test,/Users/varunreddyseelam/Desktop/Gen_ai/final_pipeline/data/windows/test/fall/gmncsa24_gmncsa_fall_050/gmncsa24_gmncsa_fall_050_w0000.json
gmncsa24_gmncsa_fall_050_w0016,gmncsa24_gmncsa_fall_050,fall,test,/Users/varunreddyseelam/Desktop/Gen_ai/final_pipeline/data/windows/test/fall/gmncsa24_gmncsa_fall_050/gmncsa24_gmncsa_fall_050_w0016.json
gmncsa24_gmncsa_fall_050_w0027,gmncsa24_gmncsa_fall_050,fall,test,/Users/varunreddyseelam/Desktop/Gen_ai/final_pipeline/data/windows/test/fall/gmncsa24_gmncsa_fall_050/gmncsa24_gmncsa_fall_050_w0027.json
gmncsa24_gmncsa_fall_050_w0031,gmncsa24_gmncsa_fall_050,fall,test,/Users/varunreddyseelam/Desktop/Gen_ai/final_pipeline/data/windows/test/fall/gmncsa24_gmncsa_fall_050/gmncsa24_gmncsa_fall_050_w0031.json
gmncsa24_gmncsa_fall_050_w0011,gmncsa24_gmncsa_fall_050,fall,test,/Users/varunreddyseelam/Desktop/Gen_ai/final_pipeline/data/windows/test/fall/gmncsa24_gmncsa_fall_050/gmncsa24_gmncsa_fall_050_w0011.json
gmncsa24_gmncsa_fall_050_w0007,gmncsa24_gmncsa_fall_050,fall,test,/Users/varunreddyseelam/Desktop/Gen_ai/final_pipeline/data/windows/test/fall/gmncsa24_gmncsa_fall_050/gmncsa24_gmncsa_fall_050_w0007.json
gmncsa24_gmncsa_fall_050_w0006,gmncsa24_gmncsa_fall_050,fall,test,/Users/varunreddyseelam/Desktop/Gen_ai/final_pipeline/data/windows/test/fall/gmncsa24_gmncsa_fall_050/gmncsa24_gmncsa_fall_050_w0006.json
gmncsa24_gmncsa_fall_050_w0010,gmncsa24_gmncsa_fall_050,fall,test,/Users/varunreddyseelam/Desktop/Gen_ai/final_pipeline/data/windows/test/fall/gmncsa24_gmncsa_fall_050/gmncsa24_gmncsa_fall_050_w0010.json
gmncsa24_gmncsa_fall_050_w0030,gmncsa24_gmncsa_fall_050,fall,test,/Users/varunreddyseelam/Desktop/Gen_ai/final_pipeline/data/windows/test/fall/gmncsa24_gmncsa_fall_050/gmncsa24_gmncsa_fall_050_w0030.json
gmncsa24_gmncsa_fall_050_w0026,gmncsa24_gmncsa_fall_050,fall,test,/Users/varunreddyseelam/Desktop/Gen_ai/final_pipeline/data/windows/test/fall/gmncsa24_gmncsa_fall_050/gmncsa24_gmncsa_fall_050_w0026.json
gmncsa24_gmncsa_fall_061_w0011,gmncsa24_gmncsa_fall_061,fall,test,/Users/varunreddyseelam/Desktop/Gen_ai/final_pipeline/data/windows/test/fall/gmncsa24_gmncsa_fall_061/gmncsa24_gmncsa_fall_061_w0011.json
gmncsa24_gmncsa_fall_061_w0007,gmncsa24_gmncsa_fall_061,fall,test,/Users/varunreddyseelam/Desktop/Gen_ai/final_pipeline/data/windows/test/fall/gmncsa24_gmncsa_fall_061/gmncsa24_gmncsa_fall_061_w0007.json
gmncsa24_gmncsa_fall_061_w0027,gmncsa24_gmncsa_fall_061,fall,test,/Users/varunreddyseelam/Desktop/Gen_ai/final_pipeline/data/windows/test/fall/gmncsa24_gmncsa_fall_061/gmncsa24_gmncsa_fall_061_w0027.json
gmncsa24_gmncsa_fall_061_w0031,gmncsa24_gmncsa_fall_061,fall,test,/Users/varunreddyseelam/Desktop/Gen_ai/final_pipeline/data/windows/test/fall/gmncsa24_gmncsa_fall_061/gmncsa24_gmncsa_fall_061_w0031.json
gmncsa24_gmncsa_fall_061_w0030,gmncsa24_gmncsa_fall_061,fall,test,/Users/varunreddyseelam/Desktop/Gen_ai/final_pipeline/data/windows/test/fall/gmncsa24_gmncsa_fall_061/gmncsa24_gmncsa_fall_061_w0030.json
gmncsa24_gmncsa_fall_061_w0026,gmncsa24_gmncsa_fall_061,fall,test,/Users/varunreddyseelam/Desktop/Gen_ai/final_pipeline/data/windows/test/fall/gmncsa24_gmncsa_fall_061/gmncsa24_gmncsa_fall_061_w0026.json
gmncsa24_gmncsa_fall_061_w0006,gmncsa24_gmncsa_fall_061,fall,test,/Users/varunreddyseelam/Desktop/Gen_ai/final_pipeline/data/windows/test/fall/gmncsa24_gmncsa_fall_061/gmncsa24_gmncsa_fall_061_w0006.json
gmncsa24_gmncsa_fall_061_w0010,gmncsa24_gmncsa_fall_061,fall,test,/Users/varunreddyseelam/Desktop/Gen_ai/final_pipeline/data/windows/test/fall/gmncsa24_gmncsa_fall_061/gmncsa24_gmncsa_fall_061_w0010.json
gmncsa24_gmncsa_fall_061_w0021,gmncsa24_gmncsa_fall_061,fall,test,/Users/varunreddyseelam/Desktop/Gen_ai/final_pipeline/data/windows/test/fall/gmncsa24_gmncsa_fall_061/gmncsa24_gmncsa_fall_061_w0021.json
gmncsa24_gmncsa_fall_061_w0017,gmncsa24_gmncsa_fall_061,fall,test,/Users/varunreddyseelam/Desktop/Gen_ai/final_pipeline/data/windows/test/fall/gmncsa24_gmncsa_fall_061/gmncsa24_gmncsa_fall_061_w0017.json
gmncsa24_gmncsa_fall_061_w0001,gmncsa24_gmncsa_fall_061,fall,test,/Users/varunreddyseelam/Desktop/Gen_ai/final_pipeline/data/windows/test/fall/gmncsa24_gmncsa_fall_061/gmncsa24_gmncsa_fall_061_w0001.json
gmncsa24_gmncsa_fall_061_w0000,gmncsa24_gmncsa_fall_061,fall,test,/Users/varunreddyseelam/Desktop/Gen_ai/final_pipeline/data/windows/test/fall/gmncsa24_gmncsa_fall_061/gmncsa24_gmncsa_fall_061_w0000.json
gmncsa24_gmncsa_fall_061_w0016,gmncsa24_gmncsa_fall_061,fall,test,/Users/varunreddyseelam/Desktop/Gen_ai/final_pipeline/data/windows/test/fall/gmncsa24_gmncsa_fall_061/gmncsa24_gmncsa_fall_061_w0016.json
gmncsa24_gmncsa_fall_061_w0020,gmncsa24_gmncsa_fall_061,fall,test,/Users/varunreddyseelam/Desktop/Gen_ai/final_pipeline/data/windows/test/fall/gmncsa24_gmncsa_fall_061/gmncsa24_gmncsa_fall_061_w0020.json
gmncsa24_gmncsa_fall_061_w0019,gmncsa24_gmncsa_fall_061,fall,test,/Users/varunreddyseelam/Desktop/Gen_ai/final_pipeline/data/windows/test/fall/gmncsa24_gmncsa_fall_061/gmncsa24_gmncsa_fall_061_w0019.json
gmncsa24_gmncsa_fall_061_w0023,gmncsa24_gmncsa_fall_061,fall,test,/Users/varunreddyseelam/Desktop/Gen_ai/final_pipeline/data/windows/test/fall/gmncsa24_gmncsa_fall_061/gmncsa24_gmncsa_fall_061_w0023.json
gmncsa24_gmncsa_fall_061_w0003,gmncsa24_gmncsa_fall_061,fall,test,/Users/varunreddyseelam/Desktop/Gen_ai/final_pipeline/data/windows/test/fall/gmncsa24_gmncsa_fall_061/gmncsa24_gmncsa_fall_061_w0003.json
gmncsa24_gmncsa_fall_061_w0015,gmncsa24_gmncsa_fall_061,fall,test,/Users/varunreddyseelam/Desktop/Gen_ai/final_pipeline/data/windows/test/fall/gmncsa24_gmncsa_fall_061/gmncsa24_gmncsa_fall_061_w0015.json
gmncsa24_gmncsa_fall_061_w0014,gmncsa24_gmncsa_fall_061,fall,test,/Users/varunreddyseelam/Desktop/Gen_ai/final_pipeline/data/windows/test/fall/gmncsa24_gmncsa_fall_061/gmncsa24_gmncsa_fall_061_w0014.json
gmncsa24_gmncsa_fall_061_w0002,gmncsa24_gmncsa_fall_061,fall,test,/Users/varunreddyseelam/Desktop/Gen_ai/final_pipeline/data/windows/test/fall/gmncsa24_gmncsa_fall_061/gmncsa24_gmncsa_fall_061_w0002.json
gmncsa24_gmncsa_fall_061_w0022,gmncsa24_gmncsa_fall_061,fall,test,/Users/varunreddyseelam/Desktop/Gen_ai/final_pipeline/data/windows/test/fall/gmncsa24_gmncsa_fall_061/gmncsa24_gmncsa_fall_061_w0022.json
gmncsa24_gmncsa_fall_061_w0034,gmncsa24_gmncsa_fall_061,fall,test,/Users/varunreddyseelam/Desktop/Gen_ai/final_pipeline/data/windows/test/fall/gmncsa24_gmncsa_fall_061/gmncsa24_gmncsa_fall_061_w0034.json
gmncsa24_gmncsa_fall_061_w0018,gmncsa24_gmncsa_fall_061,fall,test,/Users/varunreddyseelam/Desktop/Gen_ai/final_pipeline/data/windows/test/fall/gmncsa24_gmncsa_fall_061/gmncsa24_gmncsa_fall_061_w0018.json
gmncsa24_gmncsa_fall_061_w0005,gmncsa24_gmncsa_fall_061,fall,test,/Users/varunreddyseelam/Desktop/Gen_ai/final_pipeline/data/windows/test/fall/gmncsa24_gmncsa_fall_061/gmncsa24_gmncsa_fall_061_w0005.json
gmncsa24_gmncsa_fall_061_w0013,gmncsa24_gmncsa_fall_061,fall,test,/Users/varunreddyseelam/Desktop/Gen_ai/final_pipeline/data/windows/test/fall/gmncsa24_gmncsa_fall_061/gmncsa24_gmncsa_fall_061_w0013.json
gmncsa24_gmncsa_fall_061_w0029,gmncsa24_gmncsa_fall_061,fall,test,/Users/varunreddyseelam/Desktop/Gen_ai/final_pipeline/data/windows/test/fall/gmncsa24_gmncsa_fall_061/gmncsa24_gmncsa_fall_061_w0029.json
gmncsa24_gmncsa_fall_061_w0009,gmncsa24_gmncsa_fall_061,fall,test,/Users/varunreddyseelam/Desktop/Gen_ai/final_pipeline/data/windows/test/fall/gmncsa24_gmncsa_fall_061/gmncsa24_gmncsa_fall_061_w0009.json
gmncsa24_gmncsa_fall_061_w0033,gmncsa24_gmncsa_fall_061,fall,test,/Users/varunreddyseelam/Desktop/Gen_ai/final_pipeline/data/windows/test/fall/gmncsa24_gmncsa_fall_061/gmncsa24_gmncsa_fall_061_w0033.json
gmncsa24_gmncsa_fall_061_w0025,gmncsa24_gmncsa_fall_061,fall,test,/Users/varunreddyseelam/Desktop/Gen_ai/final_pipeline/data/windows/test/fall/gmncsa24_gmncsa_fall_061/gmncsa24_gmncsa_fall_061_w0025.json
gmncsa24_gmncsa_fall_061_w0024,gmncsa24_gmncsa_fall_061,fall,test,/Users/varunreddyseelam/Desktop/Gen_ai/final_pipeline/data/windows/test/fall/gmncsa24_gmncsa_fall_061/gmncsa24_gmncsa_fall_061_w0024.json
gmncsa24_gmncsa_fall_061_w0032,gmncsa24_gmncsa_fall_061,fall,test,/Users/varunreddyseelam/Desktop/Gen_ai/final_pipeline/data/windows/test/fall/gmncsa24_gmncsa_fall_061/gmncsa24_gmncsa_fall_061_w0032.json
gmncsa24_gmncsa_fall_061_w0008,gmncsa24_gmncsa_fall_061,fall,test,/Users/varunreddyseelam/Desktop/Gen_ai/final_pipeline/data/windows/test/fall/gmncsa24_gmncsa_fall_061/gmncsa24_gmncsa_fall_061_w0008.json
gmncsa24_gmncsa_fall_061_w0028,gmncsa24_gmncsa_fall_061,fall,test,/Users/varunreddyseelam/Desktop/Gen_ai/final_pipeline/data/windows/test/fall/gmncsa24_gmncsa_fall_061/gmncsa24_gmncsa_fall_061_w0028.json
gmncsa24_gmncsa_fall_061_w0012,gmncsa24_gmncsa_fall_061,fall,test,/Users/varunreddyseelam/Desktop/Gen_ai/final_pipeline/data/windows/test/fall/gmncsa24_gmncsa_fall_061/gmncsa24_gmncsa_fall_061_w0012.json
gmncsa24_gmncsa_fall_061_w0004,gmncsa24_gmncsa_fall_061,fall,test,/Users/varunreddyseelam/Desktop/Gen_ai/final_pipeline/data/windows/test/fall/gmncsa24_gmncsa_fall_061/gmncsa24_gmncsa_fall_061_w0004.json
gmncsa24_gmncsa_fall_059_w0001,gmncsa24_gmncsa_fall_059,fall,test,/Users/varunreddyseelam/Desktop/Gen_ai/final_pipeline/data/windows/test/fall/gmncsa24_gmncsa_fall_059/gmncsa24_gmncsa_fall_059_w0001.json
gmncsa24_gmncsa_fall_059_w0017,gmncsa24_gmncsa_fall_059,fall,test,/Users/varunreddyseelam/Desktop/Gen_ai/final_pipeline/data/windows/test/fall/gmncsa24_gmncsa_fall_059/gmncsa24_gmncsa_fall_059_w0017.json
gmncsa24_gmncsa_fall_059_w0021,gmncsa24_gmncsa_fall_059,fall,test,/Users/varunreddyseelam/Desktop/Gen_ai/final_pipeline/data/windows/test/fall/gmncsa24_gmncsa_fall_059/gmncsa24_gmncsa_fall_059_w0021.json
gmncsa24_gmncsa_fall_059_w0020,gmncsa24_gmncsa_fall_059,fall,test,/Users/varunreddyseelam/Desktop/Gen_ai/final_pipeline/data/windows/test/fall/gmncsa24_gmncsa_fall_059/gmncsa24_gmncsa_fall_059_w0020.json
gmncsa24_gmncsa_fall_059_w0016,gmncsa24_gmncsa_fall_059,fall,test,/Users/varunreddyseelam/Desktop/Gen_ai/final_pipeline/data/windows/test/fall/gmncsa24_gmncsa_fall_059/gmncsa24_gmncsa_fall_059_w0016.json
gmncsa24_gmncsa_fall_059_w0000,gmncsa24_gmncsa_fall_059,fall,test,/Users/varunreddyseelam/Desktop/Gen_ai/final_pipeline/data/windows/test/fall/gmncsa24_gmncsa_fall_059/gmncsa24_gmncsa_fall_059_w0000.json
gmncsa24_gmncsa_fall_059_w0007,gmncsa24_gmncsa_fall_059,fall,test,/Users/varunreddyseelam/Desktop/Gen_ai/final_pipeline/data/windows/test/fall/gmncsa24_gmncsa_fall_059/gmncsa24_gmncsa_fall_059_w0007.json
gmncsa24_gmncsa_fall_059_w0011,gmncsa24_gmncsa_fall_059,fall,test,/Users/varunreddyseelam/Desktop/Gen_ai/final_pipeline/data/windows/test/fall/gmncsa24_gmncsa_fall_059/gmncsa24_gmncsa_fall_059_w0011.json
gmncsa24_gmncsa_fall_059_w0010,gmncsa24_gmncsa_fall_059,fall,test,/Users/varunreddyseelam/Desktop/Gen_ai/final_pipeline/data/windows/test/fall/gmncsa24_gmncsa_fall_059/gmncsa24_gmncsa_fall_059_w0010.json
gmncsa24_gmncsa_fall_059_w0006,gmncsa24_gmncsa_fall_059,fall,test,/Users/varunreddyseelam/Desktop/Gen_ai/final_pipeline/data/windows/test/fall/gmncsa24_gmncsa_fall_059/gmncsa24_gmncsa_fall_059_w0006.json
gmncsa24_gmncsa_fall_059_w0026,gmncsa24_gmncsa_fall_059,fall,test,/Users/varunreddyseelam/Desktop/Gen_ai/final_pipeline/data/windows/test/fall/gmncsa24_gmncsa_fall_059/gmncsa24_gmncsa_fall_059_w0026.json
gmncsa24_gmncsa_fall_059_w0025,gmncsa24_gmncsa_fall_059,fall,test,/Users/varunreddyseelam/Desktop/Gen_ai/final_pipeline/data/windows/test/fall/gmncsa24_gmncsa_fall_059/gmncsa24_gmncsa_fall_059_w0025.json
gmncsa24_gmncsa_fall_059_w0009,gmncsa24_gmncsa_fall_059,fall,test,/Users/varunreddyseelam/Desktop/Gen_ai/final_pipeline/data/windows/test/fall/gmncsa24_gmncsa_fall_059/gmncsa24_gmncsa_fall_059_w0009.json
gmncsa24_gmncsa_fall_059_w0013,gmncsa24_gmncsa_fall_059,fall,test,/Users/varunreddyseelam/Desktop/Gen_ai/final_pipeline/data/windows/test/fall/gmncsa24_gmncsa_fall_059/gmncsa24_gmncsa_fall_059_w0013.json
gmncsa24_gmncsa_fall_059_w0005,gmncsa24_gmncsa_fall_059,fall,test,/Users/varunreddyseelam/Desktop/Gen_ai/final_pipeline/data/windows/test/fall/gmncsa24_gmncsa_fall_059/gmncsa24_gmncsa_fall_059_w0005.json
gmncsa24_gmncsa_fall_059_w0004,gmncsa24_gmncsa_fall_059,fall,test,/Users/varunreddyseelam/Desktop/Gen_ai/final_pipeline/data/windows/test/fall/gmncsa24_gmncsa_fall_059/gmncsa24_gmncsa_fall_059_w0004.json
gmncsa24_gmncsa_fall_059_w0012,gmncsa24_gmncsa_fall_059,fall,test,/Users/varunreddyseelam/Desktop/Gen_ai/final_pipeline/data/windows/test/fall/gmncsa24_gmncsa_fall_059/gmncsa24_gmncsa_fall_059_w0012.json
gmncsa24_gmncsa_fall_059_w0008,gmncsa24_gmncsa_fall_059,fall,test,/Users/varunreddyseelam/Desktop/Gen_ai/final_pipeline/data/windows/test/fall/gmncsa24_gmncsa_fall_059/gmncsa24_gmncsa_fall_059_w0008.json
gmncsa24_gmncsa_fall_059_w0024,gmncsa24_gmncsa_fall_059,fall,test,/Users/varunreddyseelam/Desktop/Gen_ai/final_pipeline/data/windows/test/fall/gmncsa24_gmncsa_fall_059/gmncsa24_gmncsa_fall_059_w0024.json
gmncsa24_gmncsa_fall_059_w0015,gmncsa24_gmncsa_fall_059,fall,test,/Users/varunreddyseelam/Desktop/Gen_ai/final_pipeline/data/windows/test/fall/gmncsa24_gmncsa_fall_059/gmncsa24_gmncsa_fall_059_w0015.json
gmncsa24_gmncsa_fall_059_w0003,gmncsa24_gmncsa_fall_059,fall,test,/Users/varunreddyseelam/Desktop/Gen_ai/final_pipeline/data/windows/test/fall/gmncsa24_gmncsa_fall_059/gmncsa24_gmncsa_fall_059_w0003.json
gmncsa24_gmncsa_fall_059_w0023,gmncsa24_gmncsa_fall_059,fall,test,/Users/varunreddyseelam/Desktop/Gen_ai/final_pipeline/data/windows/test/fall/gmncsa24_gmncsa_fall_059/gmncsa24_gmncsa_fall_059_w0023.json
gmncsa24_gmncsa_fall_059_w0019,gmncsa24_gmncsa_fall_059,fall,test,/Users/varunreddyseelam/Desktop/Gen_ai/final_pipeline/data/windows/test/fall/gmncsa24_gmncsa_fall_059/gmncsa24_gmncsa_fall_059_w0019.json
gmncsa24_gmncsa_fall_059_w0018,gmncsa24_gmncsa_fall_059,fall,test,/Users/varunreddyseelam/Desktop/Gen_ai/final_pipeline/data/windows/test/fall/gmncsa24_gmncsa_fall_059/gmncsa24_gmncsa_fall_059_w0018.json
gmncsa24_gmncsa_fall_059_w0022,gmncsa24_gmncsa_fall_059,fall,test,/Users/varunreddyseelam/Desktop/Gen_ai/final_pipeline/data/windows/test/fall/gmncsa24_gmncsa_fall_059/gmncsa24_gmncsa_fall_059_w0022.json
gmncsa24_gmncsa_fall_059_w0002,gmncsa24_gmncsa_fall_059,fall,test,/Users/varunreddyseelam/Desktop/Gen_ai/final_pipeline/data/windows/test/fall/gmncsa24_gmncsa_fall_059/gmncsa24_gmncsa_fall_059_w0002.json
gmncsa24_gmncsa_fall_059_w0014,gmncsa24_gmncsa_fall_059,fall,test,/Users/varunreddyseelam/Desktop/Gen_ai/final_pipeline/data/windows/test/fall/gmncsa24_gmncsa_fall_059/gmncsa24_gmncsa_fall_059_w0014.json
gmncsa24_gmncsa_fall_003_w0011,gmncsa24_gmncsa_fall_003,fall,test,/Users/varunreddyseelam/Desktop/Gen_ai/final_pipeline/data/windows/test/fall/gmncsa24_gmncsa_fall_003/gmncsa24_gmncsa_fall_003_w0011.json
gmncsa24_gmncsa_fall_003_w0046,gmncsa24_gmncsa_fall_003,fall,test,/Users/varunreddyseelam/Desktop/Gen_ai/final_pipeline/data/windows/test/fall/gmncsa24_gmncsa_fall_003/gmncsa24_gmncsa_fall_003_w0046.json
gmncsa24_gmncsa_fall_003_w0050,gmncsa24_gmncsa_fall_003,fall,test,/Users/varunreddyseelam/Desktop/Gen_ai/final_pipeline/data/windows/test/fall/gmncsa24_gmncsa_fall_003/gmncsa24_gmncsa_fall_003_w0050.json
gmncsa24_gmncsa_fall_003_w0007,gmncsa24_gmncsa_fall_003,fall,test,/Users/varunreddyseelam/Desktop/Gen_ai/final_pipeline/data/windows/test/fall/gmncsa24_gmncsa_fall_003/gmncsa24_gmncsa_fall_003_w0007.json
gmncsa24_gmncsa_fall_003_w0027,gmncsa24_gmncsa_fall_003,fall,test,/Users/varunreddyseelam/Desktop/Gen_ai/final_pipeline/data/windows/test/fall/gmncsa24_gmncsa_fall_003/gmncsa24_gmncsa_fall_003_w0027.json
gmncsa24_gmncsa_fall_003_w0031,gmncsa24_gmncsa_fall_003,fall,test,/Users/varunreddyseelam/Desktop/Gen_ai/final_pipeline/data/windows/test/fall/gmncsa24_gmncsa_fall_003/gmncsa24_gmncsa_fall_003_w0031.json
gmncsa24_gmncsa_fall_003_w0030,gmncsa24_gmncsa_fall_003,fall,test,/Users/varunreddyseelam/Desktop/Gen_ai/final_pipeline/data/windows/test/fall/gmncsa24_gmncsa_fall_003/gmncsa24_gmncsa_fall_003_w0030.json
gmncsa24_gmncsa_fall_003_w0026,gmncsa24_gmncsa_fall_003,fall,test,/Users/varunreddyseelam/Desktop/Gen_ai/final_pipeline/data/windows/test/fall/gmncsa24_gmncsa_fall_003/gmncsa24_gmncsa_fall_003_w0026.json
gmncsa24_gmncsa_fall_003_w0006,gmncsa24_gmncsa_fall_003,fall,test,/Users/varunreddyseelam/Desktop/Gen_ai/final_pipeline/data/windows/test/fall/gmncsa24_gmncsa_fall_003/gmncsa24_gmncsa_fall_003_w0006.json
gmncsa24_gmncsa_fall_003_w0051,gmncsa24_gmncsa_fall_003,fall,test,/Users/varunreddyseelam/Desktop/Gen_ai/final_pipeline/data/windows/test/fall/gmncsa24_gmncsa_fall_003/gmncsa24_gmncsa_fall_003_w0051.json
gmncsa24_gmncsa_fall_003_w0047,gmncsa24_gmncsa_fall_003,fall,test,/Users/varunreddyseelam/Desktop/Gen_ai/final_pipeline/data/windows/test/fall/gmncsa24_gmncsa_fall_003/gmncsa24_gmncsa_fall_003_w0047.json
gmncsa24_gmncsa_fall_003_w0010,gmncsa24_gmncsa_fall_003,fall,test,/Users/varunreddyseelam/Desktop/Gen_ai/final_pipeline/data/windows/test/fall/gmncsa24_gmncsa_fall_003/gmncsa24_gmncsa_fall_003_w0010.json
gmncsa24_gmncsa_fall_003_w0021,gmncsa24_gmncsa_fall_003,fall,test,/Users/varunreddyseelam/Desktop/Gen_ai/final_pipeline/data/windows/test/fall/gmncsa24_gmncsa_fall_003/gmncsa24_gmncsa_fall_003_w0021.json
gmncsa24_gmncsa_fall_003_w0037,gmncsa24_gmncsa_fall_003,fall,test,/Users/varunreddyseelam/Desktop/Gen_ai/final_pipeline/data/windows/test/fall/gmncsa24_gmncsa_fall_003/gmncsa24_gmncsa_fall_003_w0037.json
gmncsa24_gmncsa_fall_003_w0017,gmncsa24_gmncsa_fall_003,fall,test,/Users/varunreddyseelam/Desktop/Gen_ai/final_pipeline/data/windows/test/fall/gmncsa24_gmncsa_fall_003/gmncsa24_gmncsa_fall_003_w0017.json
gmncsa24_gmncsa_fall_003_w0040,gmncsa24_gmncsa_fall_003,fall,test,/Users/varunreddyseelam/Desktop/Gen_ai/final_pipeline/data/windows/test/fall/gmncsa24_gmncsa_fall_003/gmncsa24_gmncsa_fall_003_w0040.json
gmncsa24_gmncsa_fall_003_w0001,gmncsa24_gmncsa_fall_003,fall,test,/Users/varunreddyseelam/Desktop/Gen_ai/final_pipeline/data/windows/test/fall/gmncsa24_gmncsa_fall_003/gmncsa24_gmncsa_fall_003_w0001.json
gmncsa24_gmncsa_fall_003_w0000,gmncsa24_gmncsa_fall_003,fall,test,/Users/varunreddyseelam/Desktop/Gen_ai/final_pipeline/data/windows/test/fall/gmncsa24_gmncsa_fall_003/gmncsa24_gmncsa_fall_003_w0000.json
gmncsa24_gmncsa_fall_003_w0041,gmncsa24_gmncsa_fall_003,fall,test,/Users/varunreddyseelam/Desktop/Gen_ai/final_pipeline/data/windows/test/fall/gmncsa24_gmncsa_fall_003/gmncsa24_gmncsa_fall_003_w0041.json
gmncsa24_gmncsa_fall_003_w0016,gmncsa24_gmncsa_fall_003,fall,test,/Users/varunreddyseelam/Desktop/Gen_ai/final_pipeline/data/windows/test/fall/gmncsa24_gmncsa_fall_003/gmncsa24_gmncsa_fall_003_w0016.json
gmncsa24_gmncsa_fall_003_w0036,gmncsa24_gmncsa_fall_003,fall,test,/Users/varunreddyseelam/Desktop/Gen_ai/final_pipeline/data/windows/test/fall/gmncsa24_gmncsa_fall_003/gmncsa24_gmncsa_fall_003_w0036.json
gmncsa24_gmncsa_fall_003_w0020,gmncsa24_gmncsa_fall_003,fall,test,/Users/varunreddyseelam/Desktop/Gen_ai/final_pipeline/data/windows/test/fall/gmncsa24_gmncsa_fall_003/gmncsa24_gmncsa_fall_003_w0020.json
gmncsa24_gmncsa_fall_003_w0019,gmncsa24_gmncsa_fall_003,fall,test,/Users/varunreddyseelam/Desktop/Gen_ai/final_pipeline/data/windows/test/fall/gmncsa24_gmncsa_fall_003/gmncsa24_gmncsa_fall_003_w0019.json
gmncsa24_gmncsa_fall_003_w0035,gmncsa24_gmncsa_fall_003,fall,test,/Users/varunreddyseelam/Desktop/Gen_ai/final_pipeline/data/windows/test/fall/gmncsa24_gmncsa_fall_003/gmncsa24_gmncsa_fall_003_w0035.json
gmncsa24_gmncsa_fall_003_w0023,gmncsa24_gmncsa_fall_003,fall,test,/Users/varunreddyseelam/Desktop/Gen_ai/final_pipeline/data/windows/test/fall/gmncsa24_gmncsa_fall_003/gmncsa24_gmncsa_fall_003_w0023.json
gmncsa24_gmncsa_fall_003_w0003,gmncsa24_gmncsa_fall_003,fall,test,/Users/varunreddyseelam/Desktop/Gen_ai/final_pipeline/data/windows/test/fall/gmncsa24_gmncsa_fall_003/gmncsa24_gmncsa_fall_003_w0003.json
gmncsa24_gmncsa_fall_003_w0054,gmncsa24_gmncsa_fall_003,fall,test,/Users/varunreddyseelam/Desktop/Gen_ai/final_pipeline/data/windows/test/fall/gmncsa24_gmncsa_fall_003/gmncsa24_gmncsa_fall_003_w0054.json
gmncsa24_gmncsa_fall_003_w0042,gmncsa24_gmncsa_fall_003,fall,test,/Users/varunreddyseelam/Desktop/Gen_ai/final_pipeline/data/windows/test/fall/gmncsa24_gmncsa_fall_003/gmncsa24_gmncsa_fall_003_w0042.json
gmncsa24_gmncsa_fall_003_w0015,gmncsa24_gmncsa_fall_003,fall,test,/Users/varunreddyseelam/Desktop/Gen_ai/final_pipeline/data/windows/test/fall/gmncsa24_gmncsa_fall_003/gmncsa24_gmncsa_fall_003_w0015.json
gmncsa24_gmncsa_fall_003_w0039,gmncsa24_gmncsa_fall_003,fall,test,/Users/varunreddyseelam/Desktop/Gen_ai/final_pipeline/data/windows/test/fall/gmncsa24_gmncsa_fall_003/gmncsa24_gmncsa_fall_003_w0039.json
gmncsa24_gmncsa_fall_003_w0038,gmncsa24_gmncsa_fall_003,fall,test,/Users/varunreddyseelam/Desktop/Gen_ai/final_pipeline/data/windows/test/fall/gmncsa24_gmncsa_fall_003/gmncsa24_gmncsa_fall_003_w0038.json
gmncsa24_gmncsa_fall_003_w0014,gmncsa24_gmncsa_fall_003,fall,test,/Users/varunreddyseelam/Desktop/Gen_ai/final_pipeline/data/windows/test/fall/gmncsa24_gmncsa_fall_003/gmncsa24_gmncsa_fall_003_w0014.json
gmncsa24_gmncsa_fall_003_w0043,gmncsa24_gmncsa_fall_003,fall,test,/Users/varunreddyseelam/Desktop/Gen_ai/final_pipeline/data/windows/test/fall/gmncsa24_gmncsa_fall_003/gmncsa24_gmncsa_fall_003_w0043.json
gmncsa24_gmncsa_fall_003_w0002,gmncsa24_gmncsa_fall_003,fall,test,/Users/varunreddyseelam/Desktop/Gen_ai/final_pipeline/data/windows/test/fall/gmncsa24_gmncsa_fall_003/gmncsa24_gmncsa_fall_003_w0002.json
gmncsa24_gmncsa_fall_003_w0022,gmncsa24_gmncsa_fall_003,fall,test,/Users/varunreddyseelam/Desktop/Gen_ai/final_pipeline/data/windows/test/fall/gmncsa24_gmncsa_fall_003/gmncsa24_gmncsa_fall_003_w0022.json
gmncsa24_gmncsa_fall_003_w0034,gmncsa24_gmncsa_fall_003,fall,test,/Users/varunreddyseelam/Desktop/Gen_ai/final_pipeline/data/windows/test/fall/gmncsa24_gmncsa_fall_003/gmncsa24_gmncsa_fall_003_w0034.json
gmncsa24_gmncsa_fall_003_w0018,gmncsa24_gmncsa_fall_003,fall,test,/Users/varunreddyseelam/Desktop/Gen_ai/final_pipeline/data/windows/test/fall/gmncsa24_gmncsa_fall_003/gmncsa24_gmncsa_fall_003_w0018.json
gmncsa24_gmncsa_fall_003_w0005,gmncsa24_gmncsa_fall_003,fall,test,/Users/varunreddyseelam/Desktop/Gen_ai/final_pipeline/data/windows/test/fall/gmncsa24_gmncsa_fall_003/gmncsa24_gmncsa_fall_003_w0005.json
gmncsa24_gmncsa_fall_003_w0052,gmncsa24_gmncsa_fall_003,fall,test,/Users/varunreddyseelam/Desktop/Gen_ai/final_pipeline/data/windows/test/fall/gmncsa24_gmncsa_fall_003/gmncsa24_gmncsa_fall_003_w0052.json
gmncsa24_gmncsa_fall_003_w0044,gmncsa24_gmncsa_fall_003,fall,test,/Users/varunreddyseelam/Desktop/Gen_ai/final_pipeline/data/windows/test/fall/gmncsa24_gmncsa_fall_003/gmncsa24_gmncsa_fall_003_w0044.json
gmncsa24_gmncsa_fall_003_w0013,gmncsa24_gmncsa_fall_003,fall,test,/Users/varunreddyseelam/Desktop/Gen_ai/final_pipeline/data/windows/test/fall/gmncsa24_gmncsa_fall_003/gmncsa24_gmncsa_fall_003_w0013.json
gmncsa24_gmncsa_fall_003_w0029,gmncsa24_gmncsa_fall_003,fall,test,/Users/varunreddyseelam/Desktop/Gen_ai/final_pipeline/data/windows/test/fall/gmncsa24_gmncsa_fall_003/gmncsa24_gmncsa_fall_003_w0029.json
gmncsa24_gmncsa_fall_003_w0009,gmncsa24_gmncsa_fall_003,fall,test,/Users/varunreddyseelam/Desktop/Gen_ai/final_pipeline/data/windows/test/fall/gmncsa24_gmncsa_fall_003/gmncsa24_gmncsa_fall_003_w0009.json
gmncsa24_gmncsa_fall_003_w0048,gmncsa24_gmncsa_fall_003,fall,test,/Users/varunreddyseelam/Desktop/Gen_ai/final_pipeline/data/windows/test/fall/gmncsa24_gmncsa_fall_003/gmncsa24_gmncsa_fall_003_w0048.json
gmncsa24_gmncsa_fall_003_w0033,gmncsa24_gmncsa_fall_003,fall,test,/Users/varunreddyseelam/Desktop/Gen_ai/final_pipeline/data/windows/test/fall/gmncsa24_gmncsa_fall_003/gmncsa24_gmncsa_fall_003_w0033.json
gmncsa24_gmncsa_fall_003_w0025,gmncsa24_gmncsa_fall_003,fall,test,/Users/varunreddyseelam/Desktop/Gen_ai/final_pipeline/data/windows/test/fall/gmncsa24_gmncsa_fall_003/gmncsa24_gmncsa_fall_003_w0025.json
gmncsa24_gmncsa_fall_003_w0024,gmncsa24_gmncsa_fall_003,fall,test,/Users/varunreddyseelam/Desktop/Gen_ai/final_pipeline/data/windows/test/fall/gmncsa24_gmncsa_fall_003/gmncsa24_gmncsa_fall_003_w0024.json
gmncsa24_gmncsa_fall_003_w0032,gmncsa24_gmncsa_fall_003,fall,test,/Users/varunreddyseelam/Desktop/Gen_ai/final_pipeline/data/windows/test/fall/gmncsa24_gmncsa_fall_003/gmncsa24_gmncsa_fall_003_w0032.json
gmncsa24_gmncsa_fall_003_w0049,gmncsa24_gmncsa_fall_003,fall,test,/Users/varunreddyseelam/Desktop/Gen_ai/final_pipeline/data/windows/test/fall/gmncsa24_gmncsa_fall_003/gmncsa24_gmncsa_fall_003_w0049.json
gmncsa24_gmncsa_fall_003_w0008,gmncsa24_gmncsa_fall_003,fall,test,/Users/varunreddyseelam/Desktop/Gen_ai/final_pipeline/data/windows/test/fall/gmncsa24_gmncsa_fall_003/gmncsa24_gmncsa_fall_003_w0008.json
gmncsa24_gmncsa_fall_003_w0028,gmncsa24_gmncsa_fall_003,fall,test,/Users/varunreddyseelam/Desktop/Gen_ai/final_pipeline/data/windows/test/fall/gmncsa24_gmncsa_fall_003/gmncsa24_gmncsa_fall_003_w0028.json
gmncsa24_gmncsa_fall_003_w0012,gmncsa24_gmncsa_fall_003,fall,test,/Users/varunreddyseelam/Desktop/Gen_ai/final_pipeline/data/windows/test/fall/gmncsa24_gmncsa_fall_003/gmncsa24_gmncsa_fall_003_w0012.json
gmncsa24_gmncsa_fall_003_w0045,gmncsa24_gmncsa_fall_003,fall,test,/Users/varunreddyseelam/Desktop/Gen_ai/final_pipeline/data/windows/test/fall/gmncsa24_gmncsa_fall_003/gmncsa24_gmncsa_fall_003_w0045.json
gmncsa24_gmncsa_fall_003_w0053,gmncsa24_gmncsa_fall_003,fall,test,/Users/varunreddyseelam/Desktop/Gen_ai/final_pipeline/data/windows/test/fall/gmncsa24_gmncsa_fall_003/gmncsa24_gmncsa_fall_003_w0053.json
gmncsa24_gmncsa_fall_003_w0004,gmncsa24_gmncsa_fall_003,fall,test,/Users/varunreddyseelam/Desktop/Gen_ai/final_pipeline/data/windows/test/fall/gmncsa24_gmncsa_fall_003/gmncsa24_gmncsa_fall_003_w0004.json
urfd_fall-17-cam0_w0001,urfd_fall-17-cam0,fall,test,/Users/varunreddyseelam/Desktop/Gen_ai/final_pipeline/data/windows/test/fall/urfd_fall-17-cam0/urfd_fall-17-cam0_w0001.json
urfd_fall-17-cam0_w0016,urfd_fall-17-cam0,fall,test,/Users/varunreddyseelam/Desktop/Gen_ai/final_pipeline/data/windows/test/fall/urfd_fall-17-cam0/urfd_fall-17-cam0_w0016.json
urfd_fall-17-cam0_w0000,urfd_fall-17-cam0,fall,test,/Users/varunreddyseelam/Desktop/Gen_ai/final_pipeline/data/windows/test/fall/urfd_fall-17-cam0/urfd_fall-17-cam0_w0000.json
urfd_fall-17-cam0_w0007,urfd_fall-17-cam0,fall,test,/Users/varunreddyseelam/Desktop/Gen_ai/final_pipeline/data/windows/test/fall/urfd_fall-17-cam0/urfd_fall-17-cam0_w0007.json
urfd_fall-17-cam0_w0011,urfd_fall-17-cam0,fall,test,/Users/varunreddyseelam/Desktop/Gen_ai/final_pipeline/data/windows/test/fall/urfd_fall-17-cam0/urfd_fall-17-cam0_w0011.json
urfd_fall-17-cam0_w0010,urfd_fall-17-cam0,fall,test,/Users/varunreddyseelam/Desktop/Gen_ai/final_pipeline/data/windows/test/fall/urfd_fall-17-cam0/urfd_fall-17-cam0_w0010.json
urfd_fall-17-cam0_w0006,urfd_fall-17-cam0,fall,test,/Users/varunreddyseelam/Desktop/Gen_ai/final_pipeline/data/windows/test/fall/urfd_fall-17-cam0/urfd_fall-17-cam0_w0006.json
urfd_fall-17-cam0_w0009,urfd_fall-17-cam0,fall,test,/Users/varunreddyseelam/Desktop/Gen_ai/final_pipeline/data/windows/test/fall/urfd_fall-17-cam0/urfd_fall-17-cam0_w0009.json
urfd_fall-17-cam0_w0013,urfd_fall-17-cam0,fall,test,/Users/varunreddyseelam/Desktop/Gen_ai/final_pipeline/data/windows/test/fall/urfd_fall-17-cam0/urfd_fall-17-cam0_w0013.json
urfd_fall-17-cam0_w0005,urfd_fall-17-cam0,fall,test,/Users/varunreddyseelam/Desktop/Gen_ai/final_pipeline/data/windows/test/fall/urfd_fall-17-cam0/urfd_fall-17-cam0_w0005.json
urfd_fall-17-cam0_w0004,urfd_fall-17-cam0,fall,test,/Users/varunreddyseelam/Desktop/Gen_ai/final_pipeline/data/windows/test/fall/urfd_fall-17-cam0/urfd_fall-17-cam0_w0004.json
urfd_fall-17-cam0_w0012,urfd_fall-17-cam0,fall,test,/Users/varunreddyseelam/Desktop/Gen_ai/final_pipeline/data/windows/test/fall/urfd_fall-17-cam0/urfd_fall-17-cam0_w0012.json
urfd_fall-17-cam0_w0008,urfd_fall-17-cam0,fall,test,/Users/varunreddyseelam/Desktop/Gen_ai/final_pipeline/data/windows/test/fall/urfd_fall-17-cam0/urfd_fall-17-cam0_w0008.json
urfd_fall-17-cam0_w0015,urfd_fall-17-cam0,fall,test,/Users/varunreddyseelam/Desktop/Gen_ai/final_pipeline/data/windows/test/fall/urfd_fall-17-cam0/urfd_fall-17-cam0_w0015.json
urfd_fall-17-cam0_w0003,urfd_fall-17-cam0,fall,test,/Users/varunreddyseelam/Desktop/Gen_ai/final_pipeline/data/windows/test/fall/urfd_fall-17-cam0/urfd_fall-17-cam0_w0003.json
urfd_fall-17-cam0_w0002,urfd_fall-17-cam0,fall,test,/Users/varunreddyseelam/Desktop/Gen_ai/final_pipeline/data/windows/test/fall/urfd_fall-17-cam0/urfd_fall-17-cam0_w0002.json
urfd_fall-17-cam0_w0014,urfd_fall-17-cam0,fall,test,/Users/varunreddyseelam/Desktop/Gen_ai/final_pipeline/data/windows/test/fall/urfd_fall-17-cam0/urfd_fall-17-cam0_w0014.json
le2i_CR01_video_11_fall_w0001,le2i_CR01_video_11_fall,fall,test,/Users/varunreddyseelam/Desktop/Gen_ai/final_pipeline/data/windows/test/fall/le2i_CR01_video_11_fall/le2i_CR01_video_11_fall_w0001.json
le2i_CR01_video_11_fall_w0000,le2i_CR01_video_11_fall,fall,test,/Users/varunreddyseelam/Desktop/Gen_ai/final_pipeline/data/windows/test/fall/le2i_CR01_video_11_fall/le2i_CR01_video_11_fall_w0000.json
le2i_CR01_video_11_fall_w0003,le2i_CR01_video_11_fall,fall,test,/Users/varunreddyseelam/Desktop/Gen_ai/final_pipeline/data/windows/test/fall/le2i_CR01_video_11_fall/le2i_CR01_video_11_fall_w0003.json
le2i_CR01_video_11_fall_w0002,le2i_CR01_video_11_fall,fall,test,/Users/varunreddyseelam/Desktop/Gen_ai/final_pipeline/data/windows/test/fall/le2i_CR01_video_11_fall/le2i_CR01_video_11_fall_w0002.json
le2i_CR01_video_4_fall_w0000,le2i_CR01_video_4_fall,fall,test,/Users/varunreddyseelam/Desktop/Gen_ai/final_pipeline/data/windows/test/fall/le2i_CR01_video_4_fall/le2i_CR01_video_4_fall_w0000.json
le2i_CR01_video_4_fall_w0001,le2i_CR01_video_4_fall,fall,test,/Users/varunreddyseelam/Desktop/Gen_ai/final_pipeline/data/windows/test/fall/le2i_CR01_video_4_fall/le2i_CR01_video_4_fall_w0001.json
le2i_CR01_video_4_fall_w0004,le2i_CR01_video_4_fall,fall,test,/Users/varunreddyseelam/Desktop/Gen_ai/final_pipeline/data/windows/test/fall/le2i_CR01_video_4_fall/le2i_CR01_video_4_fall_w0004.json
le2i_CR01_video_4_fall_w0002,le2i_CR01_video_4_fall,fall,test,/Users/varunreddyseelam/Desktop/Gen_ai/final_pipeline/data/windows/test/fall/le2i_CR01_video_4_fall/le2i_CR01_video_4_fall_w0002.json
le2i_CR01_video_4_fall_w0003,le2i_CR01_video_4_fall,fall,test,/Users/varunreddyseelam/Desktop/Gen_ai/final_pipeline/data/windows/test/fall/le2i_CR01_video_4_fall/le2i_CR01_video_4_fall_w0003.json
le2i_CR02_video_50_fall_w0004,le2i_CR02_video_50_fall,fall,test,/Users/varunreddyseelam/Desktop/Gen_ai/final_pipeline/data/windows/test/fall/le2i_CR02_video_50_fall/le2i_CR02_video_50_fall_w0004.json
le2i_CR02_video_50_fall_w0053,le2i_CR02_video_50_fall,fall,test,/Users/varunreddyseelam/Desktop/Gen_ai/final_pipeline/data/windows/test/fall/le2i_CR02_video_50_fall/le2i_CR02_video_50_fall_w0053.json
le2i_CR02_video_50_fall_w0045,le2i_CR02_video_50_fall,fall,test,/Users/varunreddyseelam/Desktop/Gen_ai/final_pipeline/data/windows/test/fall/le2i_CR02_video_50_fall/le2i_CR02_video_50_fall_w0045.json
le2i_CR02_video_50_fall_w0012,le2i_CR02_video_50_fall,fall,test,/Users/varunreddyseelam/Desktop/Gen_ai/final_pipeline/data/windows/test/fall/le2i_CR02_video_50_fall/le2i_CR02_video_50_fall_w0012.json
le2i_CR02_video_50_fall_w0028,le2i_CR02_video_50_fall,fall,test,/Users/varunreddyseelam/Desktop/Gen_ai/final_pipeline/data/windows/test/fall/le2i_CR02_video_50_fall/le2i_CR02_video_50_fall_w0028.json
le2i_CR02_video_50_fall_w0008,le2i_CR02_video_50_fall,fall,test,/Users/varunreddyseelam/Desktop/Gen_ai/final_pipeline/data/windows/test/fall/le2i_CR02_video_50_fall/le2i_CR02_video_50_fall_w0008.json
le2i_CR02_video_50_fall_w0049,le2i_CR02_video_50_fall,fall,test,/Users/varunreddyseelam/Desktop/Gen_ai/final_pipeline/data/windows/test/fall/le2i_CR02_video_50_fall/le2i_CR02_video_50_fall_w0049.json
le2i_CR02_video_50_fall_w0032,le2i_CR02_video_50_fall,fall,test,/Users/varunreddyseelam/Desktop/Gen_ai/final_pipeline/data/windows/test/fall/le2i_CR02_video_50_fall/le2i_CR02_video_50_fall_w0032.json
le2i_CR02_video_50_fall_w0024,le2i_CR02_video_50_fall,fall,test,/Users/varunreddyseelam/Desktop/Gen_ai/final_pipeline/data/windows/test/fall/le2i_CR02_video_50_fall/le2i_CR02_video_50_fall_w0024.json
le2i_CR02_video_50_fall_w0025,le2i_CR02_video_50_fall,fall,test,/Users/varunreddyseelam/Desktop/Gen_ai/final_pipeline/data/windows/test/fall/le2i_CR02_video_50_fall/le2i_CR02_video_50_fall_w0025.json
le2i_CR02_video_50_fall_w0033,le2i_CR02_video_50_fall,fall,test,/Users/varunreddyseelam/Desktop/Gen_ai/final_pipeline/data/windows/test/fall/le2i_CR02_video_50_fall/le2i_CR02_video_50_fall_w0033.json
le2i_CR02_video_50_fall_w0048,le2i_CR02_video_50_fall,fall,test,/Users/varunreddyseelam/Desktop/Gen_ai/final_pipeline/data/windows/test/fall/le2i_CR02_video_50_fall/le2i_CR02_video_50_fall_w0048.json
le2i_CR02_video_50_fall_w0009,le2i_CR02_video_50_fall,fall,test,/Users/varunreddyseelam/Desktop/Gen_ai/final_pipeline/data/windows/test/fall/le2i_CR02_video_50_fall/le2i_CR02_video_50_fall_w0009.json
le2i_CR02_video_50_fall_w0029,le2i_CR02_video_50_fall,fall,test,/Users/varunreddyseelam/Desktop/Gen_ai/final_pipeline/data/windows/test/fall/le2i_CR02_video_50_fall/le2i_CR02_video_50_fall_w0029.json
le2i_CR02_video_50_fall_w0013,le2i_CR02_video_50_fall,fall,test,/Users/varunreddyseelam/Desktop/Gen_ai/final_pipeline/data/windows/test/fall/le2i_CR02_video_50_fall/le2i_CR02_video_50_fall_w0013.json
le2i_CR02_video_50_fall_w0044,le2i_CR02_video_50_fall,fall,test,/Users/varunreddyseelam/Desktop/Gen_ai/final_pipeline/data/windows/test/fall/le2i_CR02_video_50_fall/le2i_CR02_video_50_fall_w0044.json
le2i_CR02_video_50_fall_w0052,le2i_CR02_video_50_fall,fall,test,/Users/varunreddyseelam/Desktop/Gen_ai/final_pipeline/data/windows/test/fall/le2i_CR02_video_50_fall/le2i_CR02_video_50_fall_w0052.json
le2i_CR02_video_50_fall_w0005,le2i_CR02_video_50_fall,fall,test,/Users/varunreddyseelam/Desktop/Gen_ai/final_pipeline/data/windows/test/fall/le2i_CR02_video_50_fall/le2i_CR02_video_50_fall_w0005.json
le2i_CR02_video_50_fall_w0018,le2i_CR02_video_50_fall,fall,test,/Users/varunreddyseelam/Desktop/Gen_ai/final_pipeline/data/windows/test/fall/le2i_CR02_video_50_fall/le2i_CR02_video_50_fall_w0018.json
le2i_CR02_video_50_fall_w0034,le2i_CR02_video_50_fall,fall,test,/Users/varunreddyseelam/Desktop/Gen_ai/final_pipeline/data/windows/test/fall/le2i_CR02_video_50_fall/le2i_CR02_video_50_fall_w0034.json
le2i_CR02_video_50_fall_w0022,le2i_CR02_video_50_fall,fall,test,/Users/varunreddyseelam/Desktop/Gen_ai/final_pipeline/data/windows/test/fall/le2i_CR02_video_50_fall/le2i_CR02_video_50_fall_w0022.json
le2i_CR02_video_50_fall_w0002,le2i_CR02_video_50_fall,fall,test,/Users/varunreddyseelam/Desktop/Gen_ai/final_pipeline/data/windows/test/fall/le2i_CR02_video_50_fall/le2i_CR02_video_50_fall_w0002.json
le2i_CR02_video_50_fall_w0055,le2i_CR02_video_50_fall,fall,test,/Users/varunreddyseelam/Desktop/Gen_ai/final_pipeline/data/windows/test/fall/le2i_CR02_video_50_fall/le2i_CR02_video_50_fall_w0055.json
le2i_CR02_video_50_fall_w0043,le2i_CR02_video_50_fall,fall,test,/Users/varunreddyseelam/Desktop/Gen_ai/final_pipeline/data/windows/test/fall/le2i_CR02_video_50_fall/le2i_CR02_video_50_fall_w0043.json
le2i_CR02_video_50_fall_w0014,le2i_CR02_video_50_fall,fall,test,/Users/varunreddyseelam/Desktop/Gen_ai/final_pipeline/data/windows/test/fall/le2i_CR02_video_50_fall/le2i_CR02_video_50_fall_w0014.json
le2i_CR02_video_50_fall_w0038,le2i_CR02_video_50_fall,fall,test,/Users/varunreddyseelam/Desktop/Gen_ai/final_pipeline/data/windows/test/fall/le2i_CR02_video_50_fall/le2i_CR02_video_50_fall_w0038.json
le2i_CR02_video_50_fall_w0039,le2i_CR02_video_50_fall,fall,test,/Users/varunreddyseelam/Desktop/Gen_ai/final_pipeline/data/windows/test/fall/le2i_CR02_video_50_fall/le2i_CR02_video_50_fall_w0039.json
le2i_CR02_video_50_fall_w0015,le2i_CR02_video_50_fall,fall,test,/Users/varunreddyseelam/Desktop/Gen_ai/final_pipeline/data/windows/test/fall/le2i_CR02_video_50_fall/le2i_CR02_video_50_fall_w0015.json
le2i_CR02_video_50_fall_w0042,le2i_CR02_video_50_fall,fall,test,/Users/varunreddyseelam/Desktop/Gen_ai/final_pipeline/data/windows/test/fall/le2i_CR02_video_50_fall/le2i_CR02_video_50_fall_w0042.json
le2i_CR02_video_50_fall_w0054,le2i_CR02_video_50_fall,fall,test,/Users/varunreddyseelam/Desktop/Gen_ai/final_pipeline/data/windows/test/fall/le2i_CR02_video_50_fall/le2i_CR02_video_50_fall_w0054.json
le2i_CR02_video_50_fall_w0003,le2i_CR02_video_50_fall,fall,test,/Users/varunreddyseelam/Desktop/Gen_ai/final_pipeline/data/windows/test/fall/le2i_CR02_video_50_fall/le2i_CR02_video_50_fall_w0003.json
le2i_CR02_video_50_fall_w0023,le2i_CR02_video_50_fall,fall,test,/Users/varunreddyseelam/Desktop/Gen_ai/final_pipeline/data/windows/test/fall/le2i_CR02_video_50_fall/le2i_CR02_video_50_fall_w0023.json
le2i_CR02_video_50_fall_w0035,le2i_CR02_video_50_fall,fall,test,/Users/varunreddyseelam/Desktop/Gen_ai/final_pipeline/data/windows/test/fall/le2i_CR02_video_50_fall/le2i_CR02_video_50_fall_w0035.json
le2i_CR02_video_50_fall_w0019,le2i_CR02_video_50_fall,fall,test,/Users/varunreddyseelam/Desktop/Gen_ai/final_pipeline/data/windows/test/fall/le2i_CR02_video_50_fall/le2i_CR02_video_50_fall_w0019.json
le2i_CR02_video_50_fall_w0020,le2i_CR02_video_50_fall,fall,test,/Users/varunreddyseelam/Desktop/Gen_ai/final_pipeline/data/windows/test/fall/le2i_CR02_video_50_fall/le2i_CR02_video_50_fall_w0020.json
le2i_CR02_video_50_fall_w0036,le2i_CR02_video_50_fall,fall,test,/Users/varunreddyseelam/Desktop/Gen_ai/final_pipeline/data/windows/test/fall/le2i_CR02_video_50_fall/le2i_CR02_video_50_fall_w0036.json
le2i_CR02_video_50_fall_w0016,le2i_CR02_video_50_fall,fall,test,/Users/varunreddyseelam/Desktop/Gen_ai/final_pipeline/data/windows/test/fall/le2i_CR02_video_50_fall/le2i_CR02_video_50_fall_w0016.json
le2i_CR02_video_50_fall_w0041,le2i_CR02_video_50_fall,fall,test,/Users/varunreddyseelam/Desktop/Gen_ai/final_pipeline/data/windows/test/fall/le2i_CR02_video_50_fall/le2i_CR02_video_50_fall_w0041.json
le2i_CR02_video_50_fall_w0057,le2i_CR02_video_50_fall,fall,test,/Users/varunreddyseelam/Desktop/Gen_ai/final_pipeline/data/windows/test/fall/le2i_CR02_video_50_fall/le2i_CR02_video_50_fall_w0057.json
le2i_CR02_video_50_fall_w0000,le2i_CR02_video_50_fall,fall,test,/Users/varunreddyseelam/Desktop/Gen_ai/final_pipeline/data/windows/test/fall/le2i_CR02_video_50_fall/le2i_CR02_video_50_fall_w0000.json
le2i_CR02_video_50_fall_w0001,le2i_CR02_video_50_fall,fall,test,/Users/varunreddyseelam/Desktop/Gen_ai/final_pipeline/data/windows/test/fall/le2i_CR02_video_50_fall/le2i_CR02_video_50_fall_w0001.json
le2i_CR02_video_50_fall_w0056,le2i_CR02_video_50_fall,fall,test,/Users/varunreddyseelam/Desktop/Gen_ai/final_pipeline/data/windows/test/fall/le2i_CR02_video_50_fall/le2i_CR02_video_50_fall_w0056.json
le2i_CR02_video_50_fall_w0040,le2i_CR02_video_50_fall,fall,test,/Users/varunreddyseelam/Desktop/Gen_ai/final_pipeline/data/windows/test/fall/le2i_CR02_video_50_fall/le2i_CR02_video_50_fall_w0040.json
le2i_CR02_video_50_fall_w0017,le2i_CR02_video_50_fall,fall,test,/Users/varunreddyseelam/Desktop/Gen_ai/final_pipeline/data/windows/test/fall/le2i_CR02_video_50_fall/le2i_CR02_video_50_fall_w0017.json
le2i_CR02_video_50_fall_w0037,le2i_CR02_video_50_fall,fall,test,/Users/varunreddyseelam/Desktop/Gen_ai/final_pipeline/data/windows/test/fall/le2i_CR02_video_50_fall/le2i_CR02_video_50_fall_w0037.json
le2i_CR02_video_50_fall_w0021,le2i_CR02_video_50_fall,fall,test,/Users/varunreddyseelam/Desktop/Gen_ai/final_pipeline/data/windows/test/fall/le2i_CR02_video_50_fall/le2i_CR02_video_50_fall_w0021.json
le2i_CR02_video_50_fall_w0010,le2i_CR02_video_50_fall,fall,test,/Users/varunreddyseelam/Desktop/Gen_ai/final_pipeline/data/windows/test/fall/le2i_CR02_video_50_fall/le2i_CR02_video_50_fall_w0010.json
le2i_CR02_video_50_fall_w0047,le2i_CR02_video_50_fall,fall,test,/Users/varunreddyseelam/Desktop/Gen_ai/final_pipeline/data/windows/test/fall/le2i_CR02_video_50_fall/le2i_CR02_video_50_fall_w0047.json
le2i_CR02_video_50_fall_w0051,le2i_CR02_video_50_fall,fall,test,/Users/varunreddyseelam/Desktop/Gen_ai/final_pipeline/data/windows/test/fall/le2i_CR02_video_50_fall/le2i_CR02_video_50_fall_w0051.json
le2i_CR02_video_50_fall_w0006,le2i_CR02_video_50_fall,fall,test,/Users/varunreddyseelam/Desktop/Gen_ai/final_pipeline/data/windows/test/fall/le2i_CR02_video_50_fall/le2i_CR02_video_50_fall_w0006.json
le2i_CR02_video_50_fall_w0026,le2i_CR02_video_50_fall,fall,test,/Users/varunreddyseelam/Desktop/Gen_ai/final_pipeline/data/windows/test/fall/le2i_CR02_video_50_fall/le2i_CR02_video_50_fall_w0026.json
le2i_CR02_video_50_fall_w0030,le2i_CR02_video_50_fall,fall,test,/Users/varunreddyseelam/Desktop/Gen_ai/final_pipeline/data/windows/test/fall/le2i_CR02_video_50_fall/le2i_CR02_video_50_fall_w0030.json
le2i_CR02_video_50_fall_w0031,le2i_CR02_video_50_fall,fall,test,/Users/varunreddyseelam/Desktop/Gen_ai/final_pipeline/data/windows/test/fall/le2i_CR02_video_50_fall/le2i_CR02_video_50_fall_w0031.json
le2i_CR02_video_50_fall_w0027,le2i_CR02_video_50_fall,fall,test,/Users/varunreddyseelam/Desktop/Gen_ai/final_pipeline/data/windows/test/fall/le2i_CR02_video_50_fall/le2i_CR02_video_50_fall_w0027.json
le2i_CR02_video_50_fall_w0007,le2i_CR02_video_50_fall,fall,test,/Users/varunreddyseelam/Desktop/Gen_ai/final_pipeline/data/windows/test/fall/le2i_CR02_video_50_fall/le2i_CR02_video_50_fall_w0007.json
le2i_CR02_video_50_fall_w0050,le2i_CR02_video_50_fall,fall,test,/Users/varunreddyseelam/Desktop/Gen_ai/final_pipeline/data/windows/test/fall/le2i_CR02_video_50_fall/le2i_CR02_video_50_fall_w0050.json
le2i_CR02_video_50_fall_w0046,le2i_CR02_video_50_fall,fall,test,/Users/varunreddyseelam/Desktop/Gen_ai/final_pipeline/data/windows/test/fall/le2i_CR02_video_50_fall/le2i_CR02_video_50_fall_w0046.json
le2i_CR02_video_50_fall_w0011,le2i_CR02_video_50_fall,fall,test,/Users/varunreddyseelam/Desktop/Gen_ai/final_pipeline/data/windows/test/fall/le2i_CR02_video_50_fall/le2i_CR02_video_50_fall_w0011.json
le2i_H01_video_12_fall_w0000,le2i_H01_video_12_fall,fall,test,/Users/varunreddyseelam/Desktop/Gen_ai/final_pipeline/data/windows/test/fall/le2i_H01_video_12_fall/le2i_H01_video_12_fall_w0000.json
le2i_CR01_video_47_fall_w0000,le2i_CR01_video_47_fall,fall,test,/Users/varunreddyseelam/Desktop/Gen_ai/final_pipeline/data/windows/test/fall/le2i_CR01_video_47_fall/le2i_CR01_video_47_fall_w0000.json
le2i_CR01_video_47_fall_w0001,le2i_CR01_video_47_fall,fall,test,/Users/varunreddyseelam/Desktop/Gen_ai/final_pipeline/data/windows/test/fall/le2i_CR01_video_47_fall/le2i_CR01_video_47_fall_w0001.json
le2i_CR01_video_47_fall_w0002,le2i_CR01_video_47_fall,fall,test,/Users/varunreddyseelam/Desktop/Gen_ai/final_pipeline/data/windows/test/fall/le2i_CR01_video_47_fall/le2i_CR01_video_47_fall_w0002.json
le2i_CR01_video_47_fall_w0003,le2i_CR01_video_47_fall,fall,test,/Users/varunreddyseelam/Desktop/Gen_ai/final_pipeline/data/windows/test/fall/le2i_CR01_video_47_fall/le2i_CR01_video_47_fall_w0003.json
le2i_CR01_video_47_fall_w0004,le2i_CR01_video_47_fall,fall,test,/Users/varunreddyseelam/Desktop/Gen_ai/final_pipeline/data/windows/test/fall/le2i_CR01_video_47_fall/le2i_CR01_video_47_fall_w0004.json
urfd_fall-16-cam0_w0006,urfd_fall-16-cam0,fall,test,/Users/varunreddyseelam/Desktop/Gen_ai/final_pipeline/data/windows/test/fall/urfd_fall-16-cam0/urfd_fall-16-cam0_w0006.json
urfd_fall-16-cam0_w0007,urfd_fall-16-cam0,fall,test,/Users/varunreddyseelam/Desktop/Gen_ai/final_pipeline/data/windows/test/fall/urfd_fall-16-cam0/urfd_fall-16-cam0_w0007.json
urfd_fall-16-cam0_w0000,urfd_fall-16-cam0,fall,test,/Users/varunreddyseelam/Desktop/Gen_ai/final_pipeline/data/windows/test/fall/urfd_fall-16-cam0/urfd_fall-16-cam0_w0000.json
urfd_fall-16-cam0_w0001,urfd_fall-16-cam0,fall,test,/Users/varunreddyseelam/Desktop/Gen_ai/final_pipeline/data/windows/test/fall/urfd_fall-16-cam0/urfd_fall-16-cam0_w0001.json
urfd_fall-16-cam0_w0002,urfd_fall-16-cam0,fall,test,/Users/varunreddyseelam/Desktop/Gen_ai/final_pipeline/data/windows/test/fall/urfd_fall-16-cam0/urfd_fall-16-cam0_w0002.json
urfd_fall-16-cam0_w0003,urfd_fall-16-cam0,fall,test,/Users/varunreddyseelam/Desktop/Gen_ai/final_pipeline/data/windows/test/fall/urfd_fall-16-cam0/urfd_fall-16-cam0_w0003.json
urfd_fall-16-cam0_w0004,urfd_fall-16-cam0,fall,test,/Users/varunreddyseelam/Desktop/Gen_ai/final_pipeline/data/windows/test/fall/urfd_fall-16-cam0/urfd_fall-16-cam0_w0004.json
urfd_fall-16-cam0_w0008,urfd_fall-16-cam0,fall,test,/Users/varunreddyseelam/Desktop/Gen_ai/final_pipeline/data/windows/test/fall/urfd_fall-16-cam0/urfd_fall-16-cam0_w0008.json
urfd_fall-16-cam0_w0005,urfd_fall-16-cam0,fall,test,/Users/varunreddyseelam/Desktop/Gen_ai/final_pipeline/data/windows/test/fall/urfd_fall-16-cam0/urfd_fall-16-cam0_w0005.json
le2i_H02_video_33_fall_w0000,le2i_H02_video_33_fall,fall,test,/Users/varunreddyseelam/Desktop/Gen_ai/final_pipeline/data/windows/test/fall/le2i_H02_video_33_fall/le2i_H02_video_33_fall_w0000.json
le2i_CR01_video_20_fall_w0002,le2i_CR01_video_20_fall,fall,test,/Users/varunreddyseelam/Desktop/Gen_ai/final_pipeline/data/windows/test/fall/le2i_CR01_video_20_fall/le2i_CR01_video_20_fall_w0002.json
le2i_CR01_video_20_fall_w0003,le2i_CR01_video_20_fall,fall,test,/Users/varunreddyseelam/Desktop/Gen_ai/final_pipeline/data/windows/test/fall/le2i_CR01_video_20_fall/le2i_CR01_video_20_fall_w0003.json
le2i_CR01_video_20_fall_w0004,le2i_CR01_video_20_fall,fall,test,/Users/varunreddyseelam/Desktop/Gen_ai/final_pipeline/data/windows/test/fall/le2i_CR01_video_20_fall/le2i_CR01_video_20_fall_w0004.json
le2i_CR01_video_20_fall_w0005,le2i_CR01_video_20_fall,fall,test,/Users/varunreddyseelam/Desktop/Gen_ai/final_pipeline/data/windows/test/fall/le2i_CR01_video_20_fall/le2i_CR01_video_20_fall_w0005.json
le2i_CR01_video_20_fall_w0006,le2i_CR01_video_20_fall,fall,test,/Users/varunreddyseelam/Desktop/Gen_ai/final_pipeline/data/windows/test/fall/le2i_CR01_video_20_fall/le2i_CR01_video_20_fall_w0006.json
le2i_CR01_video_20_fall_w0007,le2i_CR01_video_20_fall,fall,test,/Users/varunreddyseelam/Desktop/Gen_ai/final_pipeline/data/windows/test/fall/le2i_CR01_video_20_fall/le2i_CR01_video_20_fall_w0007.json
le2i_CR01_video_20_fall_w0000,le2i_CR01_video_20_fall,fall,test,/Users/varunreddyseelam/Desktop/Gen_ai/final_pipeline/data/windows/test/fall/le2i_CR01_video_20_fall/le2i_CR01_video_20_fall_w0000.json
le2i_CR01_video_20_fall_w0001,le2i_CR01_video_20_fall,fall,test,/Users/varunreddyseelam/Desktop/Gen_ai/final_pipeline/data/windows/test/fall/le2i_CR01_video_20_fall/le2i_CR01_video_20_fall_w0001.json
le2i_H02_video_35_fall_w0000,le2i_H02_video_35_fall,fall,test,/Users/varunreddyseelam/Desktop/Gen_ai/final_pipeline/data/windows/test/fall/le2i_H02_video_35_fall/le2i_H02_video_35_fall_w0000.json
le2i_CR02_video_56_fall_w0002,le2i_CR02_video_56_fall,fall,test,/Users/varunreddyseelam/Desktop/Gen_ai/final_pipeline/data/windows/test/fall/le2i_CR02_video_56_fall/le2i_CR02_video_56_fall_w0002.json
le2i_CR02_video_56_fall_w0003,le2i_CR02_video_56_fall,fall,test,/Users/varunreddyseelam/Desktop/Gen_ai/final_pipeline/data/windows/test/fall/le2i_CR02_video_56_fall/le2i_CR02_video_56_fall_w0003.json
le2i_CR02_video_56_fall_w0000,le2i_CR02_video_56_fall,fall,test,/Users/varunreddyseelam/Desktop/Gen_ai/final_pipeline/data/windows/test/fall/le2i_CR02_video_56_fall/le2i_CR02_video_56_fall_w0000.json
le2i_CR02_video_56_fall_w0001,le2i_CR02_video_56_fall,fall,test,/Users/varunreddyseelam/Desktop/Gen_ai/final_pipeline/data/windows/test/fall/le2i_CR02_video_56_fall/le2i_CR02_video_56_fall_w0001.json
gmncsa24_gmncsa_fall_028_w0011,gmncsa24_gmncsa_fall_028,fall,test,/Users/varunreddyseelam/Desktop/Gen_ai/final_pipeline/data/windows/test/fall/gmncsa24_gmncsa_fall_028/gmncsa24_gmncsa_fall_028_w0011.json
gmncsa24_gmncsa_fall_028_w0007,gmncsa24_gmncsa_fall_028,fall,test,/Users/varunreddyseelam/Desktop/Gen_ai/final_pipeline/data/windows/test/fall/gmncsa24_gmncsa_fall_028/gmncsa24_gmncsa_fall_028_w0007.json
gmncsa24_gmncsa_fall_028_w0027,gmncsa24_gmncsa_fall_028,fall,test,/Users/varunreddyseelam/Desktop/Gen_ai/final_pipeline/data/windows/test/fall/gmncsa24_gmncsa_fall_028/gmncsa24_gmncsa_fall_028_w0027.json
gmncsa24_gmncsa_fall_028_w0031,gmncsa24_gmncsa_fall_028,fall,test,/Users/varunreddyseelam/Desktop/Gen_ai/final_pipeline/data/windows/test/fall/gmncsa24_gmncsa_fall_028/gmncsa24_gmncsa_fall_028_w0031.json
gmncsa24_gmncsa_fall_028_w0030,gmncsa24_gmncsa_fall_028,fall,test,/Users/varunreddyseelam/Desktop/Gen_ai/final_pipeline/data/windows/test/fall/gmncsa24_gmncsa_fall_028/gmncsa24_gmncsa_fall_028_w0030.json
gmncsa24_gmncsa_fall_028_w0026,gmncsa24_gmncsa_fall_028,fall,test,/Users/varunreddyseelam/Desktop/Gen_ai/final_pipeline/data/windows/test/fall/gmncsa24_gmncsa_fall_028/gmncsa24_gmncsa_fall_028_w0026.json
gmncsa24_gmncsa_fall_028_w0006,gmncsa24_gmncsa_fall_028,fall,test,/Users/varunreddyseelam/Desktop/Gen_ai/final_pipeline/data/windows/test/fall/gmncsa24_gmncsa_fall_028/gmncsa24_gmncsa_fall_028_w0006.json
gmncsa24_gmncsa_fall_028_w0010,gmncsa24_gmncsa_fall_028,fall,test,/Users/varunreddyseelam/Desktop/Gen_ai/final_pipeline/data/windows/test/fall/gmncsa24_gmncsa_fall_028/gmncsa24_gmncsa_fall_028_w0010.json
gmncsa24_gmncsa_fall_028_w0021,gmncsa24_gmncsa_fall_028,fall,test,/Users/varunreddyseelam/Desktop/Gen_ai/final_pipeline/data/windows/test/fall/gmncsa24_gmncsa_fall_028/gmncsa24_gmncsa_fall_028_w0021.json
gmncsa24_gmncsa_fall_028_w0017,gmncsa24_gmncsa_fall_028,fall,test,/Users/varunreddyseelam/Desktop/Gen_ai/final_pipeline/data/windows/test/fall/gmncsa24_gmncsa_fall_028/gmncsa24_gmncsa_fall_028_w0017.json
gmncsa24_gmncsa_fall_028_w0001,gmncsa24_gmncsa_fall_028,fall,test,/Users/varunreddyseelam/Desktop/Gen_ai/final_pipeline/data/windows/test/fall/gmncsa24_gmncsa_fall_028/gmncsa24_gmncsa_fall_028_w0001.json
gmncsa24_gmncsa_fall_028_w0000,gmncsa24_gmncsa_fall_028,fall,test,/Users/varunreddyseelam/Desktop/Gen_ai/final_pipeline/data/windows/test/fall/gmncsa24_gmncsa_fall_028/gmncsa24_gmncsa_fall_028_w0000.json
gmncsa24_gmncsa_fall_028_w0016,gmncsa24_gmncsa_fall_028,fall,test,/Users/varunreddyseelam/Desktop/Gen_ai/final_pipeline/data/windows/test/fall/gmncsa24_gmncsa_fall_028/gmncsa24_gmncsa_fall_028_w0016.json
gmncsa24_gmncsa_fall_028_w0020,gmncsa24_gmncsa_fall_028,fall,test,/Users/varunreddyseelam/Desktop/Gen_ai/final_pipeline/data/windows/test/fall/gmncsa24_gmncsa_fall_028/gmncsa24_gmncsa_fall_028_w0020.json
gmncsa24_gmncsa_fall_028_w0035,gmncsa24_gmncsa_fall_028,fall,test,/Users/varunreddyseelam/Desktop/Gen_ai/final_pipeline/data/windows/test/fall/gmncsa24_gmncsa_fall_028/gmncsa24_gmncsa_fall_028_w0035.json
gmncsa24_gmncsa_fall_028_w0023,gmncsa24_gmncsa_fall_028,fall,test,/Users/varunreddyseelam/Desktop/Gen_ai/final_pipeline/data/windows/test/fall/gmncsa24_gmncsa_fall_028/gmncsa24_gmncsa_fall_028_w0023.json
gmncsa24_gmncsa_fall_028_w0019,gmncsa24_gmncsa_fall_028,fall,test,/Users/varunreddyseelam/Desktop/Gen_ai/final_pipeline/data/windows/test/fall/gmncsa24_gmncsa_fall_028/gmncsa24_gmncsa_fall_028_w0019.json
gmncsa24_gmncsa_fall_028_w0003,gmncsa24_gmncsa_fall_028,fall,test,/Users/varunreddyseelam/Desktop/Gen_ai/final_pipeline/data/windows/test/fall/gmncsa24_gmncsa_fall_028/gmncsa24_gmncsa_fall_028_w0003.json
gmncsa24_gmncsa_fall_028_w0015,gmncsa24_gmncsa_fall_028,fall,test,/Users/varunreddyseelam/Desktop/Gen_ai/final_pipeline/data/windows/test/fall/gmncsa24_gmncsa_fall_028/gmncsa24_gmncsa_fall_028_w0015.json
gmncsa24_gmncsa_fall_028_w0014,gmncsa24_gmncsa_fall_028,fall,test,/Users/varunreddyseelam/Desktop/Gen_ai/final_pipeline/data/windows/test/fall/gmncsa24_gmncsa_fall_028/gmncsa24_gmncsa_fall_028_w0014.json
gmncsa24_gmncsa_fall_028_w0002,gmncsa24_gmncsa_fall_028,fall,test,/Users/varunreddyseelam/Desktop/Gen_ai/final_pipeline/data/windows/test/fall/gmncsa24_gmncsa_fall_028/gmncsa24_gmncsa_fall_028_w0002.json
gmncsa24_gmncsa_fall_028_w0018,gmncsa24_gmncsa_fall_028,fall,test,/Users/varunreddyseelam/Desktop/Gen_ai/final_pipeline/data/windows/test/fall/gmncsa24_gmncsa_fall_028/gmncsa24_gmncsa_fall_028_w0018.json
gmncsa24_gmncsa_fall_028_w0022,gmncsa24_gmncsa_fall_028,fall,test,/Users/varunreddyseelam/Desktop/Gen_ai/final_pipeline/data/windows/test/fall/gmncsa24_gmncsa_fall_028/gmncsa24_gmncsa_fall_028_w0022.json
gmncsa24_gmncsa_fall_028_w0034,gmncsa24_gmncsa_fall_028,fall,test,/Users/varunreddyseelam/Desktop/Gen_ai/final_pipeline/data/windows/test/fall/gmncsa24_gmncsa_fall_028/gmncsa24_gmncsa_fall_028_w0034.json
gmncsa24_gmncsa_fall_028_w0029,gmncsa24_gmncsa_fall_028,fall,test,/Users/varunreddyseelam/Desktop/Gen_ai/final_pipeline/data/windows/test/fall/gmncsa24_gmncsa_fall_028/gmncsa24_gmncsa_fall_028_w0029.json
gmncsa24_gmncsa_fall_028_w0005,gmncsa24_gmncsa_fall_028,fall,test,/Users/varunreddyseelam/Desktop/Gen_ai/final_pipeline/data/windows/test/fall/gmncsa24_gmncsa_fall_028/gmncsa24_gmncsa_fall_028_w0005.json
gmncsa24_gmncsa_fall_028_w0013,gmncsa24_gmncsa_fall_028,fall,test,/Users/varunreddyseelam/Desktop/Gen_ai/final_pipeline/data/windows/test/fall/gmncsa24_gmncsa_fall_028/gmncsa24_gmncsa_fall_028_w0013.json
gmncsa24_gmncsa_fall_028_w0033,gmncsa24_gmncsa_fall_028,fall,test,/Users/varunreddyseelam/Desktop/Gen_ai/final_pipeline/data/windows/test/fall/gmncsa24_gmncsa_fall_028/gmncsa24_gmncsa_fall_028_w0033.json
gmncsa24_gmncsa_fall_028_w0025,gmncsa24_gmncsa_fall_028,fall,test,/Users/varunreddyseelam/Desktop/Gen_ai/final_pipeline/data/windows/test/fall/gmncsa24_gmncsa_fall_028/gmncsa24_gmncsa_fall_028_w0025.json
gmncsa24_gmncsa_fall_028_w0009,gmncsa24_gmncsa_fall_028,fall,test,/Users/varunreddyseelam/Desktop/Gen_ai/final_pipeline/data/windows/test/fall/gmncsa24_gmncsa_fall_028/gmncsa24_gmncsa_fall_028_w0009.json
gmncsa24_gmncsa_fall_028_w0008,gmncsa24_gmncsa_fall_028,fall,test,/Users/varunreddyseelam/Desktop/Gen_ai/final_pipeline/data/windows/test/fall/gmncsa24_gmncsa_fall_028/gmncsa24_gmncsa_fall_028_w0008.json
gmncsa24_gmncsa_fall_028_w0024,gmncsa24_gmncsa_fall_028,fall,test,/Users/varunreddyseelam/Desktop/Gen_ai/final_pipeline/data/windows/test/fall/gmncsa24_gmncsa_fall_028/gmncsa24_gmncsa_fall_028_w0024.json
gmncsa24_gmncsa_fall_028_w0032,gmncsa24_gmncsa_fall_028,fall,test,/Users/varunreddyseelam/Desktop/Gen_ai/final_pipeline/data/windows/test/fall/gmncsa24_gmncsa_fall_028/gmncsa24_gmncsa_fall_028_w0032.json
gmncsa24_gmncsa_fall_028_w0012,gmncsa24_gmncsa_fall_028,fall,test,/Users/varunreddyseelam/Desktop/Gen_ai/final_pipeline/data/windows/test/fall/gmncsa24_gmncsa_fall_028/gmncsa24_gmncsa_fall_028_w0012.json
gmncsa24_gmncsa_fall_028_w0004,gmncsa24_gmncsa_fall_028,fall,test,/Users/varunreddyseelam/Desktop/Gen_ai/final_pipeline/data/windows/test/fall/gmncsa24_gmncsa_fall_028/gmncsa24_gmncsa_fall_028_w0004.json
gmncsa24_gmncsa_fall_028_w0028,gmncsa24_gmncsa_fall_028,fall,test,/Users/varunreddyseelam/Desktop/Gen_ai/final_pipeline/data/windows/test/fall/gmncsa24_gmncsa_fall_028/gmncsa24_gmncsa_fall_028_w0028.json
gmncsa24_gmncsa_fall_017_w0030,gmncsa24_gmncsa_fall_017,fall,test,/Users/varunreddyseelam/Desktop/Gen_ai/final_pipeline/data/windows/test/fall/gmncsa24_gmncsa_fall_017/gmncsa24_gmncsa_fall_017_w0030.json
gmncsa24_gmncsa_fall_017_w0026,gmncsa24_gmncsa_fall_017,fall,test,/Users/varunreddyseelam/Desktop/Gen_ai/final_pipeline/data/windows/test/fall/gmncsa24_gmncsa_fall_017/gmncsa24_gmncsa_fall_017_w0026.json
gmncsa24_gmncsa_fall_017_w0006,gmncsa24_gmncsa_fall_017,fall,test,/Users/varunreddyseelam/Desktop/Gen_ai/final_pipeline/data/windows/test/fall/gmncsa24_gmncsa_fall_017/gmncsa24_gmncsa_fall_017_w0006.json
gmncsa24_gmncsa_fall_017_w0010,gmncsa24_gmncsa_fall_017,fall,test,/Users/varunreddyseelam/Desktop/Gen_ai/final_pipeline/data/windows/test/fall/gmncsa24_gmncsa_fall_017/gmncsa24_gmncsa_fall_017_w0010.json
gmncsa24_gmncsa_fall_017_w0011,gmncsa24_gmncsa_fall_017,fall,test,/Users/varunreddyseelam/Desktop/Gen_ai/final_pipeline/data/windows/test/fall/gmncsa24_gmncsa_fall_017/gmncsa24_gmncsa_fall_017_w0011.json
gmncsa24_gmncsa_fall_017_w0007,gmncsa24_gmncsa_fall_017,fall,test,/Users/varunreddyseelam/Desktop/Gen_ai/final_pipeline/data/windows/test/fall/gmncsa24_gmncsa_fall_017/gmncsa24_gmncsa_fall_017_w0007.json
gmncsa24_gmncsa_fall_017_w0027,gmncsa24_gmncsa_fall_017,fall,test,/Users/varunreddyseelam/Desktop/Gen_ai/final_pipeline/data/windows/test/fall/gmncsa24_gmncsa_fall_017/gmncsa24_gmncsa_fall_017_w0027.json
gmncsa24_gmncsa_fall_017_w0031,gmncsa24_gmncsa_fall_017,fall,test,/Users/varunreddyseelam/Desktop/Gen_ai/final_pipeline/data/windows/test/fall/gmncsa24_gmncsa_fall_017/gmncsa24_gmncsa_fall_017_w0031.json
gmncsa24_gmncsa_fall_017_w0000,gmncsa24_gmncsa_fall_017,fall,test,/Users/varunreddyseelam/Desktop/Gen_ai/final_pipeline/data/windows/test/fall/gmncsa24_gmncsa_fall_017/gmncsa24_gmncsa_fall_017_w0000.json
gmncsa24_gmncsa_fall_017_w0016,gmncsa24_gmncsa_fall_017,fall,test,/Users/varunreddyseelam/Desktop/Gen_ai/final_pipeline/data/windows/test/fall/gmncsa24_gmncsa_fall_017/gmncsa24_gmncsa_fall_017_w0016.json
gmncsa24_gmncsa_fall_017_w0020,gmncsa24_gmncsa_fall_017,fall,test,/Users/varunreddyseelam/Desktop/Gen_ai/final_pipeline/data/windows/test/fall/gmncsa24_gmncsa_fall_017/gmncsa24_gmncsa_fall_017_w0020.json
gmncsa24_gmncsa_fall_017_w0021,gmncsa24_gmncsa_fall_017,fall,test,/Users/varunreddyseelam/Desktop/Gen_ai/final_pipeline/data/windows/test/fall/gmncsa24_gmncsa_fall_017/gmncsa24_gmncsa_fall_017_w0021.json
gmncsa24_gmncsa_fall_017_w0017,gmncsa24_gmncsa_fall_017,fall,test,/Users/varunreddyseelam/Desktop/Gen_ai/final_pipeline/data/windows/test/fall/gmncsa24_gmncsa_fall_017/gmncsa24_gmncsa_fall_017_w0017.json
gmncsa24_gmncsa_fall_017_w0001,gmncsa24_gmncsa_fall_017,fall,test,/Users/varunreddyseelam/Desktop/Gen_ai/final_pipeline/data/windows/test/fall/gmncsa24_gmncsa_fall_017/gmncsa24_gmncsa_fall_017_w0001.json
gmncsa24_gmncsa_fall_017_w0014,gmncsa24_gmncsa_fall_017,fall,test,/Users/varunreddyseelam/Desktop/Gen_ai/final_pipeline/data/windows/test/fall/gmncsa24_gmncsa_fall_017/gmncsa24_gmncsa_fall_017_w0014.json
gmncsa24_gmncsa_fall_017_w0002,gmncsa24_gmncsa_fall_017,fall,test,/Users/varunreddyseelam/Desktop/Gen_ai/final_pipeline/data/windows/test/fall/gmncsa24_gmncsa_fall_017/gmncsa24_gmncsa_fall_017_w0002.json
gmncsa24_gmncsa_fall_017_w0018,gmncsa24_gmncsa_fall_017,fall,test,/Users/varunreddyseelam/Desktop/Gen_ai/final_pipeline/data/windows/test/fall/gmncsa24_gmncsa_fall_017/gmncsa24_gmncsa_fall_017_w0018.json
gmncsa24_gmncsa_fall_017_w0022,gmncsa24_gmncsa_fall_017,fall,test,/Users/varunreddyseelam/Desktop/Gen_ai/final_pipeline/data/windows/test/fall/gmncsa24_gmncsa_fall_017/gmncsa24_gmncsa_fall_017_w0022.json
gmncsa24_gmncsa_fall_017_w0034,gmncsa24_gmncsa_fall_017,fall,test,/Users/varunreddyseelam/Desktop/Gen_ai/final_pipeline/data/windows/test/fall/gmncsa24_gmncsa_fall_017/gmncsa24_gmncsa_fall_017_w0034.json
gmncsa24_gmncsa_fall_017_w0035,gmncsa24_gmncsa_fall_017,fall,test,/Users/varunreddyseelam/Desktop/Gen_ai/final_pipeline/data/windows/test/fall/gmncsa24_gmncsa_fall_017/gmncsa24_gmncsa_fall_017_w0035.json
gmncsa24_gmncsa_fall_017_w0023,gmncsa24_gmncsa_fall_017,fall,test,/Users/varunreddyseelam/Desktop/Gen_ai/final_pipeline/data/windows/test/fall/gmncsa24_gmncsa_fall_017/gmncsa24_gmncsa_fall_017_w0023.json
gmncsa24_gmncsa_fall_017_w0019,gmncsa24_gmncsa_fall_017,fall,test,/Users/varunreddyseelam/Desktop/Gen_ai/final_pipeline/data/windows/test/fall/gmncsa24_gmncsa_fall_017/gmncsa24_gmncsa_fall_017_w0019.json
gmncsa24_gmncsa_fall_017_w0003,gmncsa24_gmncsa_fall_017,fall,test,/Users/varunreddyseelam/Desktop/Gen_ai/final_pipeline/data/windows/test/fall/gmncsa24_gmncsa_fall_017/gmncsa24_gmncsa_fall_017_w0003.json
gmncsa24_gmncsa_fall_017_w0015,gmncsa24_gmncsa_fall_017,fall,test,/Users/varunreddyseelam/Desktop/Gen_ai/final_pipeline/data/windows/test/fall/gmncsa24_gmncsa_fall_017/gmncsa24_gmncsa_fall_017_w0015.json
gmncsa24_gmncsa_fall_017_w0008,gmncsa24_gmncsa_fall_017,fall,test,/Users/varunreddyseelam/Desktop/Gen_ai/final_pipeline/data/windows/test/fall/gmncsa24_gmncsa_fall_017/gmncsa24_gmncsa_fall_017_w0008.json
gmncsa24_gmncsa_fall_017_w0024,gmncsa24_gmncsa_fall_017,fall,test,/Users/varunreddyseelam/Desktop/Gen_ai/final_pipeline/data/windows/test/fall/gmncsa24_gmncsa_fall_017/gmncsa24_gmncsa_fall_017_w0024.json
gmncsa24_gmncsa_fall_017_w0032,gmncsa24_gmncsa_fall_017,fall,test,/Users/varunreddyseelam/Desktop/Gen_ai/final_pipeline/data/windows/test/fall/gmncsa24_gmncsa_fall_017/gmncsa24_gmncsa_fall_017_w0032.json
gmncsa24_gmncsa_fall_017_w0012,gmncsa24_gmncsa_fall_017,fall,test,/Users/varunreddyseelam/Desktop/Gen_ai/final_pipeline/data/windows/test/fall/gmncsa24_gmncsa_fall_017/gmncsa24_gmncsa_fall_017_w0012.json
gmncsa24_gmncsa_fall_017_w0004,gmncsa24_gmncsa_fall_017,fall,test,/Users/varunreddyseelam/Desktop/Gen_ai/final_pipeline/data/windows/test/fall/gmncsa24_gmncsa_fall_017/gmncsa24_gmncsa_fall_017_w0004.json
gmncsa24_gmncsa_fall_017_w0028,gmncsa24_gmncsa_fall_017,fall,test,/Users/varunreddyseelam/Desktop/Gen_ai/final_pipeline/data/windows/test/fall/gmncsa24_gmncsa_fall_017/gmncsa24_gmncsa_fall_017_w0028.json
gmncsa24_gmncsa_fall_017_w0029,gmncsa24_gmncsa_fall_017,fall,test,/Users/varunreddyseelam/Desktop/Gen_ai/final_pipeline/data/windows/test/fall/gmncsa24_gmncsa_fall_017/gmncsa24_gmncsa_fall_017_w0029.json
gmncsa24_gmncsa_fall_017_w0005,gmncsa24_gmncsa_fall_017,fall,test,/Users/varunreddyseelam/Desktop/Gen_ai/final_pipeline/data/windows/test/fall/gmncsa24_gmncsa_fall_017/gmncsa24_gmncsa_fall_017_w0005.json
gmncsa24_gmncsa_fall_017_w0013,gmncsa24_gmncsa_fall_017,fall,test,/Users/varunreddyseelam/Desktop/Gen_ai/final_pipeline/data/windows/test/fall/gmncsa24_gmncsa_fall_017/gmncsa24_gmncsa_fall_017_w0013.json
gmncsa24_gmncsa_fall_017_w0033,gmncsa24_gmncsa_fall_017,fall,test,/Users/varunreddyseelam/Desktop/Gen_ai/final_pipeline/data/windows/test/fall/gmncsa24_gmncsa_fall_017/gmncsa24_gmncsa_fall_017_w0033.json
gmncsa24_gmncsa_fall_017_w0025,gmncsa24_gmncsa_fall_017,fall,test,/Users/varunreddyseelam/Desktop/Gen_ai/final_pipeline/data/windows/test/fall/gmncsa24_gmncsa_fall_017/gmncsa24_gmncsa_fall_017_w0025.json
gmncsa24_gmncsa_fall_017_w0009,gmncsa24_gmncsa_fall_017,fall,test,/Users/varunreddyseelam/Desktop/Gen_ai/final_pipeline/data/windows/test/fall/gmncsa24_gmncsa_fall_017/gmncsa24_gmncsa_fall_017_w0009.json
gmncsa24_gmncsa_fall_044_w0028,gmncsa24_gmncsa_fall_044,fall,test,/Users/varunreddyseelam/Desktop/Gen_ai/final_pipeline/data/windows/test/fall/gmncsa24_gmncsa_fall_044/gmncsa24_gmncsa_fall_044_w0028.json
gmncsa24_gmncsa_fall_044_w0012,gmncsa24_gmncsa_fall_044,fall,test,/Users/varunreddyseelam/Desktop/Gen_ai/final_pipeline/data/windows/test/fall/gmncsa24_gmncsa_fall_044/gmncsa24_gmncsa_fall_044_w0012.json
gmncsa24_gmncsa_fall_044_w0004,gmncsa24_gmncsa_fall_044,fall,test,/Users/varunreddyseelam/Desktop/Gen_ai/final_pipeline/data/windows/test/fall/gmncsa24_gmncsa_fall_044/gmncsa24_gmncsa_fall_044_w0004.json
gmncsa24_gmncsa_fall_044_w0024,gmncsa24_gmncsa_fall_044,fall,test,/Users/varunreddyseelam/Desktop/Gen_ai/final_pipeline/data/windows/test/fall/gmncsa24_gmncsa_fall_044/gmncsa24_gmncsa_fall_044_w0024.json
gmncsa24_gmncsa_fall_044_w0008,gmncsa24_gmncsa_fall_044,fall,test,/Users/varunreddyseelam/Desktop/Gen_ai/final_pipeline/data/windows/test/fall/gmncsa24_gmncsa_fall_044/gmncsa24_gmncsa_fall_044_w0008.json
gmncsa24_gmncsa_fall_044_w0009,gmncsa24_gmncsa_fall_044,fall,test,/Users/varunreddyseelam/Desktop/Gen_ai/final_pipeline/data/windows/test/fall/gmncsa24_gmncsa_fall_044/gmncsa24_gmncsa_fall_044_w0009.json
gmncsa24_gmncsa_fall_044_w0025,gmncsa24_gmncsa_fall_044,fall,test,/Users/varunreddyseelam/Desktop/Gen_ai/final_pipeline/data/windows/test/fall/gmncsa24_gmncsa_fall_044/gmncsa24_gmncsa_fall_044_w0025.json
gmncsa24_gmncsa_fall_044_w0005,gmncsa24_gmncsa_fall_044,fall,test,/Users/varunreddyseelam/Desktop/Gen_ai/final_pipeline/data/windows/test/fall/gmncsa24_gmncsa_fall_044/gmncsa24_gmncsa_fall_044_w0005.json
gmncsa24_gmncsa_fall_044_w0013,gmncsa24_gmncsa_fall_044,fall,test,/Users/varunreddyseelam/Desktop/Gen_ai/final_pipeline/data/windows/test/fall/gmncsa24_gmncsa_fall_044/gmncsa24_gmncsa_fall_044_w0013.json
gmncsa24_gmncsa_fall_044_w0029,gmncsa24_gmncsa_fall_044,fall,test,/Users/varunreddyseelam/Desktop/Gen_ai/final_pipeline/data/windows/test/fall/gmncsa24_gmncsa_fall_044/gmncsa24_gmncsa_fall_044_w0029.json
gmncsa24_gmncsa_fall_044_w0022,gmncsa24_gmncsa_fall_044,fall,test,/Users/varunreddyseelam/Desktop/Gen_ai/final_pipeline/data/windows/test/fall/gmncsa24_gmncsa_fall_044/gmncsa24_gmncsa_fall_044_w0022.json
gmncsa24_gmncsa_fall_044_w0018,gmncsa24_gmncsa_fall_044,fall,test,/Users/varunreddyseelam/Desktop/Gen_ai/final_pipeline/data/windows/test/fall/gmncsa24_gmncsa_fall_044/gmncsa24_gmncsa_fall_044_w0018.json
gmncsa24_gmncsa_fall_044_w0014,gmncsa24_gmncsa_fall_044,fall,test,/Users/varunreddyseelam/Desktop/Gen_ai/final_pipeline/data/windows/test/fall/gmncsa24_gmncsa_fall_044/gmncsa24_gmncsa_fall_044_w0014.json
gmncsa24_gmncsa_fall_044_w0002,gmncsa24_gmncsa_fall_044,fall,test,/Users/varunreddyseelam/Desktop/Gen_ai/final_pipeline/data/windows/test/fall/gmncsa24_gmncsa_fall_044/gmncsa24_gmncsa_fall_044_w0002.json
gmncsa24_gmncsa_fall_044_w0003,gmncsa24_gmncsa_fall_044,fall,test,/Users/varunreddyseelam/Desktop/Gen_ai/final_pipeline/data/windows/test/fall/gmncsa24_gmncsa_fall_044/gmncsa24_gmncsa_fall_044_w0003.json
gmncsa24_gmncsa_fall_044_w0015,gmncsa24_gmncsa_fall_044,fall,test,/Users/varunreddyseelam/Desktop/Gen_ai/final_pipeline/data/windows/test/fall/gmncsa24_gmncsa_fall_044/gmncsa24_gmncsa_fall_044_w0015.json
gmncsa24_gmncsa_fall_044_w0019,gmncsa24_gmncsa_fall_044,fall,test,/Users/varunreddyseelam/Desktop/Gen_ai/final_pipeline/data/windows/test/fall/gmncsa24_gmncsa_fall_044/gmncsa24_gmncsa_fall_044_w0019.json
gmncsa24_gmncsa_fall_044_w0023,gmncsa24_gmncsa_fall_044,fall,test,/Users/varunreddyseelam/Desktop/Gen_ai/final_pipeline/data/windows/test/fall/gmncsa24_gmncsa_fall_044/gmncsa24_gmncsa_fall_044_w0023.json
gmncsa24_gmncsa_fall_044_w0020,gmncsa24_gmncsa_fall_044,fall,test,/Users/varunreddyseelam/Desktop/Gen_ai/final_pipeline/data/windows/test/fall/gmncsa24_gmncsa_fall_044/gmncsa24_gmncsa_fall_044_w0020.json
gmncsa24_gmncsa_fall_044_w0000,gmncsa24_gmncsa_fall_044,fall,test,/Users/varunreddyseelam/Desktop/Gen_ai/final_pipeline/data/windows/test/fall/gmncsa24_gmncsa_fall_044/gmncsa24_gmncsa_fall_044_w0000.json
gmncsa24_gmncsa_fall_044_w0016,gmncsa24_gmncsa_fall_044,fall,test,/Users/varunreddyseelam/Desktop/Gen_ai/final_pipeline/data/windows/test/fall/gmncsa24_gmncsa_fall_044/gmncsa24_gmncsa_fall_044_w0016.json
gmncsa24_gmncsa_fall_044_w0017,gmncsa24_gmncsa_fall_044,fall,test,/Users/varunreddyseelam/Desktop/Gen_ai/final_pipeline/data/windows/test/fall/gmncsa24_gmncsa_fall_044/gmncsa24_gmncsa_fall_044_w0017.json
gmncsa24_gmncsa_fall_044_w0001,gmncsa24_gmncsa_fall_044,fall,test,/Users/varunreddyseelam/Desktop/Gen_ai/final_pipeline/data/windows/test/fall/gmncsa24_gmncsa_fall_044/gmncsa24_gmncsa_fall_044_w0001.json
gmncsa24_gmncsa_fall_044_w0021,gmncsa24_gmncsa_fall_044,fall,test,/Users/varunreddyseelam/Desktop/Gen_ai/final_pipeline/data/windows/test/fall/gmncsa24_gmncsa_fall_044/gmncsa24_gmncsa_fall_044_w0021.json
gmncsa24_gmncsa_fall_044_w0006,gmncsa24_gmncsa_fall_044,fall,test,/Users/varunreddyseelam/Desktop/Gen_ai/final_pipeline/data/windows/test/fall/gmncsa24_gmncsa_fall_044/gmncsa24_gmncsa_fall_044_w0006.json
gmncsa24_gmncsa_fall_044_w0010,gmncsa24_gmncsa_fall_044,fall,test,/Users/varunreddyseelam/Desktop/Gen_ai/final_pipeline/data/windows/test/fall/gmncsa24_gmncsa_fall_044/gmncsa24_gmncsa_fall_044_w0010.json
gmncsa24_gmncsa_fall_044_w0030,gmncsa24_gmncsa_fall_044,fall,test,/Users/varunreddyseelam/Desktop/Gen_ai/final_pipeline/data/windows/test/fall/gmncsa24_gmncsa_fall_044/gmncsa24_gmncsa_fall_044_w0030.json
gmncsa24_gmncsa_fall_044_w0026,gmncsa24_gmncsa_fall_044,fall,test,/Users/varunreddyseelam/Desktop/Gen_ai/final_pipeline/data/windows/test/fall/gmncsa24_gmncsa_fall_044/gmncsa24_gmncsa_fall_044_w0026.json
gmncsa24_gmncsa_fall_044_w0027,gmncsa24_gmncsa_fall_044,fall,test,/Users/varunreddyseelam/Desktop/Gen_ai/final_pipeline/data/windows/test/fall/gmncsa24_gmncsa_fall_044/gmncsa24_gmncsa_fall_044_w0027.json
gmncsa24_gmncsa_fall_044_w0031,gmncsa24_gmncsa_fall_044,fall,test,/Users/varunreddyseelam/Desktop/Gen_ai/final_pipeline/data/windows/test/fall/gmncsa24_gmncsa_fall_044/gmncsa24_gmncsa_fall_044_w0031.json
gmncsa24_gmncsa_fall_044_w0011,gmncsa24_gmncsa_fall_044,fall,test,/Users/varunreddyseelam/Desktop/Gen_ai/final_pipeline/data/windows/test/fall/gmncsa24_gmncsa_fall_044/gmncsa24_gmncsa_fall_044_w0011.json
gmncsa24_gmncsa_fall_044_w0007,gmncsa24_gmncsa_fall_044,fall,test,/Users/varunreddyseelam/Desktop/Gen_ai/final_pipeline/data/windows/test/fall/gmncsa24_gmncsa_fall_044/gmncsa24_gmncsa_fall_044_w0007.json
le2i_CR01_video_39_fall_w0002,le2i_CR01_video_39_fall,fall,test,/Users/varunreddyseelam/Desktop/Gen_ai/final_pipeline/data/windows/test/fall/le2i_CR01_video_39_fall/le2i_CR01_video_39_fall_w0002.json
le2i_CR01_video_39_fall_w0003,le2i_CR01_video_39_fall,fall,test,/Users/varunreddyseelam/Desktop/Gen_ai/final_pipeline/data/windows/test/fall/le2i_CR01_video_39_fall/le2i_CR01_video_39_fall_w0003.json
le2i_CR01_video_39_fall_w0000,le2i_CR01_video_39_fall,fall,test,/Users/varunreddyseelam/Desktop/Gen_ai/final_pipeline/data/windows/test/fall/le2i_CR01_video_39_fall/le2i_CR01_video_39_fall_w0000.json
le2i_CR01_video_39_fall_w0001,le2i_CR01_video_39_fall,fall,test,/Users/varunreddyseelam/Desktop/Gen_ai/final_pipeline/data/windows/test/fall/le2i_CR01_video_39_fall/le2i_CR01_video_39_fall_w0001.json
le2i_H01_video_1_fall_w0000,le2i_H01_video_1_fall,fall,test,/Users/varunreddyseelam/Desktop/Gen_ai/final_pipeline/data/windows/test/fall/le2i_H01_video_1_fall/le2i_H01_video_1_fall_w0000.json
le2i_H01_video_1_fall_w0001,le2i_H01_video_1_fall,fall,test,/Users/varunreddyseelam/Desktop/Gen_ai/final_pipeline/data/windows/test/fall/le2i_H01_video_1_fall/le2i_H01_video_1_fall_w0001.json
urfd_fall-13-cam0_w0013,urfd_fall-13-cam0,fall,test,/Users/varunreddyseelam/Desktop/Gen_ai/final_pipeline/data/windows/test/fall/urfd_fall-13-cam0/urfd_fall-13-cam0_w0013.json
urfd_fall-13-cam0_w0005,urfd_fall-13-cam0,fall,test,/Users/varunreddyseelam/Desktop/Gen_ai/final_pipeline/data/windows/test/fall/urfd_fall-13-cam0/urfd_fall-13-cam0_w0005.json
urfd_fall-13-cam0_w0009,urfd_fall-13-cam0,fall,test,/Users/varunreddyseelam/Desktop/Gen_ai/final_pipeline/data/windows/test/fall/urfd_fall-13-cam0/urfd_fall-13-cam0_w0009.json
urfd_fall-13-cam0_w0008,urfd_fall-13-cam0,fall,test,/Users/varunreddyseelam/Desktop/Gen_ai/final_pipeline/data/windows/test/fall/urfd_fall-13-cam0/urfd_fall-13-cam0_w0008.json
urfd_fall-13-cam0_w0004,urfd_fall-13-cam0,fall,test,/Users/varunreddyseelam/Desktop/Gen_ai/final_pipeline/data/windows/test/fall/urfd_fall-13-cam0/urfd_fall-13-cam0_w0004.json
urfd_fall-13-cam0_w0012,urfd_fall-13-cam0,fall,test,/Users/varunreddyseelam/Desktop/Gen_ai/final_pipeline/data/windows/test/fall/urfd_fall-13-cam0/urfd_fall-13-cam0_w0012.json
urfd_fall-13-cam0_w0003,urfd_fall-13-cam0,fall,test,/Users/varunreddyseelam/Desktop/Gen_ai/final_pipeline/data/windows/test/fall/urfd_fall-13-cam0/urfd_fall-13-cam0_w0003.json
urfd_fall-13-cam0_w0002,urfd_fall-13-cam0,fall,test,/Users/varunreddyseelam/Desktop/Gen_ai/final_pipeline/data/windows/test/fall/urfd_fall-13-cam0/urfd_fall-13-cam0_w0002.json
urfd_fall-13-cam0_w0014,urfd_fall-13-cam0,fall,test,/Users/varunreddyseelam/Desktop/Gen_ai/final_pipeline/data/windows/test/fall/urfd_fall-13-cam0/urfd_fall-13-cam0_w0014.json
urfd_fall-13-cam0_w0001,urfd_fall-13-cam0,fall,test,/Users/varunreddyseelam/Desktop/Gen_ai/final_pipeline/data/windows/test/fall/urfd_fall-13-cam0/urfd_fall-13-cam0_w0001.json
urfd_fall-13-cam0_w0000,urfd_fall-13-cam0,fall,test,/Users/varunreddyseelam/Desktop/Gen_ai/final_pipeline/data/windows/test/fall/urfd_fall-13-cam0/urfd_fall-13-cam0_w0000.json
urfd_fall-13-cam0_w0007,urfd_fall-13-cam0,fall,test,/Users/varunreddyseelam/Desktop/Gen_ai/final_pipeline/data/windows/test/fall/urfd_fall-13-cam0/urfd_fall-13-cam0_w0007.json
urfd_fall-13-cam0_w0011,urfd_fall-13-cam0,fall,test,/Users/varunreddyseelam/Desktop/Gen_ai/final_pipeline/data/windows/test/fall/urfd_fall-13-cam0/urfd_fall-13-cam0_w0011.json
urfd_fall-13-cam0_w0010,urfd_fall-13-cam0,fall,test,/Users/varunreddyseelam/Desktop/Gen_ai/final_pipeline/data/windows/test/fall/urfd_fall-13-cam0/urfd_fall-13-cam0_w0010.json
urfd_fall-13-cam0_w0006,urfd_fall-13-cam0,fall,test,/Users/varunreddyseelam/Desktop/Gen_ai/final_pipeline/data/windows/test/fall/urfd_fall-13-cam0/urfd_fall-13-cam0_w0006.json
gmncsa24_gmncsa_fall_030_w0003,gmncsa24_gmncsa_fall_030,fall,test,/Users/varunreddyseelam/Desktop/Gen_ai/final_pipeline/data/windows/test/fall/gmncsa24_gmncsa_fall_030/gmncsa24_gmncsa_fall_030_w0003.json
gmncsa24_gmncsa_fall_030_w0015,gmncsa24_gmncsa_fall_030,fall,test,/Users/varunreddyseelam/Desktop/Gen_ai/final_pipeline/data/windows/test/fall/gmncsa24_gmncsa_fall_030/gmncsa24_gmncsa_fall_030_w0015.json
gmncsa24_gmncsa_fall_030_w0019,gmncsa24_gmncsa_fall_030,fall,test,/Users/varunreddyseelam/Desktop/Gen_ai/final_pipeline/data/windows/test/fall/gmncsa24_gmncsa_fall_030/gmncsa24_gmncsa_fall_030_w0019.json
gmncsa24_gmncsa_fall_030_w0023,gmncsa24_gmncsa_fall_030,fall,test,/Users/varunreddyseelam/Desktop/Gen_ai/final_pipeline/data/windows/test/fall/gmncsa24_gmncsa_fall_030/gmncsa24_gmncsa_fall_030_w0023.json
gmncsa24_gmncsa_fall_030_w0022,gmncsa24_gmncsa_fall_030,fall,test,/Users/varunreddyseelam/Desktop/Gen_ai/final_pipeline/data/windows/test/fall/gmncsa24_gmncsa_fall_030/gmncsa24_gmncsa_fall_030_w0022.json
gmncsa24_gmncsa_fall_030_w0018,gmncsa24_gmncsa_fall_030,fall,test,/Users/varunreddyseelam/Desktop/Gen_ai/final_pipeline/data/windows/test/fall/gmncsa24_gmncsa_fall_030/gmncsa24_gmncsa_fall_030_w0018.json
gmncsa24_gmncsa_fall_030_w0014,gmncsa24_gmncsa_fall_030,fall,test,/Users/varunreddyseelam/Desktop/Gen_ai/final_pipeline/data/windows/test/fall/gmncsa24_gmncsa_fall_030/gmncsa24_gmncsa_fall_030_w0014.json
gmncsa24_gmncsa_fall_030_w0002,gmncsa24_gmncsa_fall_030,fall,test,/Users/varunreddyseelam/Desktop/Gen_ai/final_pipeline/data/windows/test/fall/gmncsa24_gmncsa_fall_030/gmncsa24_gmncsa_fall_030_w0002.json
gmncsa24_gmncsa_fall_030_w0009,gmncsa24_gmncsa_fall_030,fall,test,/Users/varunreddyseelam/Desktop/Gen_ai/final_pipeline/data/windows/test/fall/gmncsa24_gmncsa_fall_030/gmncsa24_gmncsa_fall_030_w0009.json
gmncsa24_gmncsa_fall_030_w0033,gmncsa24_gmncsa_fall_030,fall,test,/Users/varunreddyseelam/Desktop/Gen_ai/final_pipeline/data/windows/test/fall/gmncsa24_gmncsa_fall_030/gmncsa24_gmncsa_fall_030_w0033.json
gmncsa24_gmncsa_fall_030_w0025,gmncsa24_gmncsa_fall_030,fall,test,/Users/varunreddyseelam/Desktop/Gen_ai/final_pipeline/data/windows/test/fall/gmncsa24_gmncsa_fall_030/gmncsa24_gmncsa_fall_030_w0025.json
gmncsa24_gmncsa_fall_030_w0005,gmncsa24_gmncsa_fall_030,fall,test,/Users/varunreddyseelam/Desktop/Gen_ai/final_pipeline/data/windows/test/fall/gmncsa24_gmncsa_fall_030/gmncsa24_gmncsa_fall_030_w0005.json
gmncsa24_gmncsa_fall_030_w0013,gmncsa24_gmncsa_fall_030,fall,test,/Users/varunreddyseelam/Desktop/Gen_ai/final_pipeline/data/windows/test/fall/gmncsa24_gmncsa_fall_030/gmncsa24_gmncsa_fall_030_w0013.json
gmncsa24_gmncsa_fall_030_w0029,gmncsa24_gmncsa_fall_030,fall,test,/Users/varunreddyseelam/Desktop/Gen_ai/final_pipeline/data/windows/test/fall/gmncsa24_gmncsa_fall_030/gmncsa24_gmncsa_fall_030_w0029.json
gmncsa24_gmncsa_fall_030_w0028,gmncsa24_gmncsa_fall_030,fall,test,/Users/varunreddyseelam/Desktop/Gen_ai/final_pipeline/data/windows/test/fall/gmncsa24_gmncsa_fall_030/gmncsa24_gmncsa_fall_030_w0028.json
gmncsa24_gmncsa_fall_030_w0012,gmncsa24_gmncsa_fall_030,fall,test,/Users/varunreddyseelam/Desktop/Gen_ai/final_pipeline/data/windows/test/fall/gmncsa24_gmncsa_fall_030/gmncsa24_gmncsa_fall_030_w0012.json
gmncsa24_gmncsa_fall_030_w0004,gmncsa24_gmncsa_fall_030,fall,test,/Users/varunreddyseelam/Desktop/Gen_ai/final_pipeline/data/windows/test/fall/gmncsa24_gmncsa_fall_030/gmncsa24_gmncsa_fall_030_w0004.json
gmncsa24_gmncsa_fall_030_w0024,gmncsa24_gmncsa_fall_030,fall,test,/Users/varunreddyseelam/Desktop/Gen_ai/final_pipeline/data/windows/test/fall/gmncsa24_gmncsa_fall_030/gmncsa24_gmncsa_fall_030_w0024.json
gmncsa24_gmncsa_fall_030_w0032,gmncsa24_gmncsa_fall_030,fall,test,/Users/varunreddyseelam/Desktop/Gen_ai/final_pipeline/data/windows/test/fall/gmncsa24_gmncsa_fall_030/gmncsa24_gmncsa_fall_030_w0032.json
gmncsa24_gmncsa_fall_030_w0008,gmncsa24_gmncsa_fall_030,fall,test,/Users/varunreddyseelam/Desktop/Gen_ai/final_pipeline/data/windows/test/fall/gmncsa24_gmncsa_fall_030/gmncsa24_gmncsa_fall_030_w0008.json
gmncsa24_gmncsa_fall_030_w0027,gmncsa24_gmncsa_fall_030,fall,test,/Users/varunreddyseelam/Desktop/Gen_ai/final_pipeline/data/windows/test/fall/gmncsa24_gmncsa_fall_030/gmncsa24_gmncsa_fall_030_w0027.json
gmncsa24_gmncsa_fall_030_w0031,gmncsa24_gmncsa_fall_030,fall,test,/Users/varunreddyseelam/Desktop/Gen_ai/final_pipeline/data/windows/test/fall/gmncsa24_gmncsa_fall_030/gmncsa24_gmncsa_fall_030_w0031.json
gmncsa24_gmncsa_fall_030_w0011,gmncsa24_gmncsa_fall_030,fall,test,/Users/varunreddyseelam/Desktop/Gen_ai/final_pipeline/data/windows/test/fall/gmncsa24_gmncsa_fall_030/gmncsa24_gmncsa_fall_030_w0011.json
gmncsa24_gmncsa_fall_030_w0007,gmncsa24_gmncsa_fall_030,fall,test,/Users/varunreddyseelam/Desktop/Gen_ai/final_pipeline/data/windows/test/fall/gmncsa24_gmncsa_fall_030/gmncsa24_gmncsa_fall_030_w0007.json
gmncsa24_gmncsa_fall_030_w0006,gmncsa24_gmncsa_fall_030,fall,test,/Users/varunreddyseelam/Desktop/Gen_ai/final_pipeline/data/windows/test/fall/gmncsa24_gmncsa_fall_030/gmncsa24_gmncsa_fall_030_w0006.json
gmncsa24_gmncsa_fall_030_w0010,gmncsa24_gmncsa_fall_030,fall,test,/Users/varunreddyseelam/Desktop/Gen_ai/final_pipeline/data/windows/test/fall/gmncsa24_gmncsa_fall_030/gmncsa24_gmncsa_fall_030_w0010.json
gmncsa24_gmncsa_fall_030_w0030,gmncsa24_gmncsa_fall_030,fall,test,/Users/varunreddyseelam/Desktop/Gen_ai/final_pipeline/data/windows/test/fall/gmncsa24_gmncsa_fall_030/gmncsa24_gmncsa_fall_030_w0030.json
gmncsa24_gmncsa_fall_030_w0026,gmncsa24_gmncsa_fall_030,fall,test,/Users/varunreddyseelam/Desktop/Gen_ai/final_pipeline/data/windows/test/fall/gmncsa24_gmncsa_fall_030/gmncsa24_gmncsa_fall_030_w0026.json
gmncsa24_gmncsa_fall_030_w0017,gmncsa24_gmncsa_fall_030,fall,test,/Users/varunreddyseelam/Desktop/Gen_ai/final_pipeline/data/windows/test/fall/gmncsa24_gmncsa_fall_030/gmncsa24_gmncsa_fall_030_w0017.json
gmncsa24_gmncsa_fall_030_w0001,gmncsa24_gmncsa_fall_030,fall,test,/Users/varunreddyseelam/Desktop/Gen_ai/final_pipeline/data/windows/test/fall/gmncsa24_gmncsa_fall_030/gmncsa24_gmncsa_fall_030_w0001.json
gmncsa24_gmncsa_fall_030_w0021,gmncsa24_gmncsa_fall_030,fall,test,/Users/varunreddyseelam/Desktop/Gen_ai/final_pipeline/data/windows/test/fall/gmncsa24_gmncsa_fall_030/gmncsa24_gmncsa_fall_030_w0021.json
gmncsa24_gmncsa_fall_030_w0020,gmncsa24_gmncsa_fall_030,fall,test,/Users/varunreddyseelam/Desktop/Gen_ai/final_pipeline/data/windows/test/fall/gmncsa24_gmncsa_fall_030/gmncsa24_gmncsa_fall_030_w0020.json
gmncsa24_gmncsa_fall_030_w0000,gmncsa24_gmncsa_fall_030,fall,test,/Users/varunreddyseelam/Desktop/Gen_ai/final_pipeline/data/windows/test/fall/gmncsa24_gmncsa_fall_030/gmncsa24_gmncsa_fall_030_w0000.json
gmncsa24_gmncsa_fall_030_w0016,gmncsa24_gmncsa_fall_030,fall,test,/Users/varunreddyseelam/Desktop/Gen_ai/final_pipeline/data/windows/test/fall/gmncsa24_gmncsa_fall_030/gmncsa24_gmncsa_fall_030_w0016.json
gmncsa24_gmncsa_fall_037_w0008,gmncsa24_gmncsa_fall_037,fall,test,/Users/varunreddyseelam/Desktop/Gen_ai/final_pipeline/data/windows/test/fall/gmncsa24_gmncsa_fall_037/gmncsa24_gmncsa_fall_037_w0008.json
gmncsa24_gmncsa_fall_037_w0004,gmncsa24_gmncsa_fall_037,fall,test,/Users/varunreddyseelam/Desktop/Gen_ai/final_pipeline/data/windows/test/fall/gmncsa24_gmncsa_fall_037/gmncsa24_gmncsa_fall_037_w0004.json
gmncsa24_gmncsa_fall_037_w0012,gmncsa24_gmncsa_fall_037,fall,test,/Users/varunreddyseelam/Desktop/Gen_ai/final_pipeline/data/windows/test/fall/gmncsa24_gmncsa_fall_037/gmncsa24_gmncsa_fall_037_w0012.json
gmncsa24_gmncsa_fall_037_w0013,gmncsa24_gmncsa_fall_037,fall,test,/Users/varunreddyseelam/Desktop/Gen_ai/final_pipeline/data/windows/test/fall/gmncsa24_gmncsa_fall_037/gmncsa24_gmncsa_fall_037_w0013.json
gmncsa24_gmncsa_fall_037_w0005,gmncsa24_gmncsa_fall_037,fall,test,/Users/varunreddyseelam/Desktop/Gen_ai/final_pipeline/data/windows/test/fall/gmncsa24_gmncsa_fall_037/gmncsa24_gmncsa_fall_037_w0005.json
gmncsa24_gmncsa_fall_037_w0009,gmncsa24_gmncsa_fall_037,fall,test,/Users/varunreddyseelam/Desktop/Gen_ai/final_pipeline/data/windows/test/fall/gmncsa24_gmncsa_fall_037/gmncsa24_gmncsa_fall_037_w0009.json
gmncsa24_gmncsa_fall_037_w0002,gmncsa24_gmncsa_fall_037,fall,test,/Users/varunreddyseelam/Desktop/Gen_ai/final_pipeline/data/windows/test/fall/gmncsa24_gmncsa_fall_037/gmncsa24_gmncsa_fall_037_w0002.json
gmncsa24_gmncsa_fall_037_w0014,gmncsa24_gmncsa_fall_037,fall,test,/Users/varunreddyseelam/Desktop/Gen_ai/final_pipeline/data/windows/test/fall/gmncsa24_gmncsa_fall_037/gmncsa24_gmncsa_fall_037_w0014.json
gmncsa24_gmncsa_fall_037_w0003,gmncsa24_gmncsa_fall_037,fall,test,/Users/varunreddyseelam/Desktop/Gen_ai/final_pipeline/data/windows/test/fall/gmncsa24_gmncsa_fall_037/gmncsa24_gmncsa_fall_037_w0003.json
gmncsa24_gmncsa_fall_037_w0000,gmncsa24_gmncsa_fall_037,fall,test,/Users/varunreddyseelam/Desktop/Gen_ai/final_pipeline/data/windows/test/fall/gmncsa24_gmncsa_fall_037/gmncsa24_gmncsa_fall_037_w0000.json
gmncsa24_gmncsa_fall_037_w0001,gmncsa24_gmncsa_fall_037,fall,test,/Users/varunreddyseelam/Desktop/Gen_ai/final_pipeline/data/windows/test/fall/gmncsa24_gmncsa_fall_037/gmncsa24_gmncsa_fall_037_w0001.json
gmncsa24_gmncsa_fall_037_w0010,gmncsa24_gmncsa_fall_037,fall,test,/Users/varunreddyseelam/Desktop/Gen_ai/final_pipeline/data/windows/test/fall/gmncsa24_gmncsa_fall_037/gmncsa24_gmncsa_fall_037_w0010.json
gmncsa24_gmncsa_fall_037_w0006,gmncsa24_gmncsa_fall_037,fall,test,/Users/varunreddyseelam/Desktop/Gen_ai/final_pipeline/data/windows/test/fall/gmncsa24_gmncsa_fall_037/gmncsa24_gmncsa_fall_037_w0006.json
gmncsa24_gmncsa_fall_037_w0007,gmncsa24_gmncsa_fall_037,fall,test,/Users/varunreddyseelam/Desktop/Gen_ai/final_pipeline/data/windows/test/fall/gmncsa24_gmncsa_fall_037/gmncsa24_gmncsa_fall_037_w0007.json
gmncsa24_gmncsa_fall_037_w0011,gmncsa24_gmncsa_fall_037,fall,test,/Users/varunreddyseelam/Desktop/Gen_ai/final_pipeline/data/windows/test/fall/gmncsa24_gmncsa_fall_037/gmncsa24_gmncsa_fall_037_w0011.json
le2i_CR01_video_19_fall_w0006,le2i_CR01_video_19_fall,fall,test,/Users/varunreddyseelam/Desktop/Gen_ai/final_pipeline/data/windows/test/fall/le2i_CR01_video_19_fall/le2i_CR01_video_19_fall_w0006.json
le2i_CR01_video_19_fall_w0000,le2i_CR01_video_19_fall,fall,test,/Users/varunreddyseelam/Desktop/Gen_ai/final_pipeline/data/windows/test/fall/le2i_CR01_video_19_fall/le2i_CR01_video_19_fall_w0000.json
le2i_CR01_video_19_fall_w0001,le2i_CR01_video_19_fall,fall,test,/Users/varunreddyseelam/Desktop/Gen_ai/final_pipeline/data/windows/test/fall/le2i_CR01_video_19_fall/le2i_CR01_video_19_fall_w0001.json
le2i_CR01_video_19_fall_w0002,le2i_CR01_video_19_fall,fall,test,/Users/varunreddyseelam/Desktop/Gen_ai/final_pipeline/data/windows/test/fall/le2i_CR01_video_19_fall/le2i_CR01_video_19_fall_w0002.json
le2i_CR01_video_19_fall_w0003,le2i_CR01_video_19_fall,fall,test,/Users/varunreddyseelam/Desktop/Gen_ai/final_pipeline/data/windows/test/fall/le2i_CR01_video_19_fall/le2i_CR01_video_19_fall_w0003.json
le2i_CR01_video_19_fall_w0004,le2i_CR01_video_19_fall,fall,test,/Users/varunreddyseelam/Desktop/Gen_ai/final_pipeline/data/windows/test/fall/le2i_CR01_video_19_fall/le2i_CR01_video_19_fall_w0004.json
le2i_CR01_video_19_fall_w0005,le2i_CR01_video_19_fall,fall,test,/Users/varunreddyseelam/Desktop/Gen_ai/final_pipeline/data/windows/test/fall/le2i_CR01_video_19_fall/le2i_CR01_video_19_fall_w0005.json
le2i_H02_video_37_fall_w0000,le2i_H02_video_37_fall,fall,test,/Users/varunreddyseelam/Desktop/Gen_ai/final_pipeline/data/windows/test/fall/le2i_H02_video_37_fall/le2i_H02_video_37_fall_w0000.json
urfd_fall-04-cam0_w0002,urfd_fall-04-cam0,fall,test,/Users/varunreddyseelam/Desktop/Gen_ai/final_pipeline/data/windows/test/fall/urfd_fall-04-cam0/urfd_fall-04-cam0_w0002.json
urfd_fall-04-cam0_w0014,urfd_fall-04-cam0,fall,test,/Users/varunreddyseelam/Desktop/Gen_ai/final_pipeline/data/windows/test/fall/urfd_fall-04-cam0/urfd_fall-04-cam0_w0014.json
urfd_fall-04-cam0_w0015,urfd_fall-04-cam0,fall,test,/Users/varunreddyseelam/Desktop/Gen_ai/final_pipeline/data/windows/test/fall/urfd_fall-04-cam0/urfd_fall-04-cam0_w0015.json
urfd_fall-04-cam0_w0003,urfd_fall-04-cam0,fall,test,/Users/varunreddyseelam/Desktop/Gen_ai/final_pipeline/data/windows/test/fall/urfd_fall-04-cam0/urfd_fall-04-cam0_w0003.json
urfd_fall-04-cam0_w0004,urfd_fall-04-cam0,fall,test,/Users/varunreddyseelam/Desktop/Gen_ai/final_pipeline/data/windows/test/fall/urfd_fall-04-cam0/urfd_fall-04-cam0_w0004.json
urfd_fall-04-cam0_w0012,urfd_fall-04-cam0,fall,test,/Users/varunreddyseelam/Desktop/Gen_ai/final_pipeline/data/windows/test/fall/urfd_fall-04-cam0/urfd_fall-04-cam0_w0012.json
urfd_fall-04-cam0_w0008,urfd_fall-04-cam0,fall,test,/Users/varunreddyseelam/Desktop/Gen_ai/final_pipeline/data/windows/test/fall/urfd_fall-04-cam0/urfd_fall-04-cam0_w0008.json
urfd_fall-04-cam0_w0009,urfd_fall-04-cam0,fall,test,/Users/varunreddyseelam/Desktop/Gen_ai/final_pipeline/data/windows/test/fall/urfd_fall-04-cam0/urfd_fall-04-cam0_w0009.json
urfd_fall-04-cam0_w0013,urfd_fall-04-cam0,fall,test,/Users/varunreddyseelam/Desktop/Gen_ai/final_pipeline/data/windows/test/fall/urfd_fall-04-cam0/urfd_fall-04-cam0_w0013.json
urfd_fall-04-cam0_w0005,urfd_fall-04-cam0,fall,test,/Users/varunreddyseelam/Desktop/Gen_ai/final_pipeline/data/windows/test/fall/urfd_fall-04-cam0/urfd_fall-04-cam0_w0005.json
urfd_fall-04-cam0_w0010,urfd_fall-04-cam0,fall,test,/Users/varunreddyseelam/Desktop/Gen_ai/final_pipeline/data/windows/test/fall/urfd_fall-04-cam0/urfd_fall-04-cam0_w0010.json
urfd_fall-04-cam0_w0006,urfd_fall-04-cam0,fall,test,/Users/varunreddyseelam/Desktop/Gen_ai/final_pipeline/data/windows/test/fall/urfd_fall-04-cam0/urfd_fall-04-cam0_w0006.json
urfd_fall-04-cam0_w0007,urfd_fall-04-cam0,fall,test,/Users/varunreddyseelam/Desktop/Gen_ai/final_pipeline/data/windows/test/fall/urfd_fall-04-cam0/urfd_fall-04-cam0_w0007.json
urfd_fall-04-cam0_w0011,urfd_fall-04-cam0,fall,test,/Users/varunreddyseelam/Desktop/Gen_ai/final_pipeline/data/windows/test/fall/urfd_fall-04-cam0/urfd_fall-04-cam0_w0011.json
urfd_fall-04-cam0_w0016,urfd_fall-04-cam0,fall,test,/Users/varunreddyseelam/Desktop/Gen_ai/final_pipeline/data/windows/test/fall/urfd_fall-04-cam0/urfd_fall-04-cam0_w0016.json
urfd_fall-04-cam0_w0000,urfd_fall-04-cam0,fall,test,/Users/varunreddyseelam/Desktop/Gen_ai/final_pipeline/data/windows/test/fall/urfd_fall-04-cam0/urfd_fall-04-cam0_w0000.json
urfd_fall-04-cam0_w0001,urfd_fall-04-cam0,fall,test,/Users/varunreddyseelam/Desktop/Gen_ai/final_pipeline/data/windows/test/fall/urfd_fall-04-cam0/urfd_fall-04-cam0_w0001.json
urfd_fall-04-cam0_w0017,urfd_fall-04-cam0,fall,test,/Users/varunreddyseelam/Desktop/Gen_ai/final_pipeline/data/windows/test/fall/urfd_fall-04-cam0/urfd_fall-04-cam0_w0017.json
le2i_CR01_video_48_fall_w0000,le2i_CR01_video_48_fall,fall,test,/Users/varunreddyseelam/Desktop/Gen_ai/final_pipeline/data/windows/test/fall/le2i_CR01_video_48_fall/le2i_CR01_video_48_fall_w0000.json
le2i_CR01_video_48_fall_w0001,le2i_CR01_video_48_fall,fall,test,/Users/varunreddyseelam/Desktop/Gen_ai/final_pipeline/data/windows/test/fall/le2i_CR01_video_48_fall/le2i_CR01_video_48_fall_w0001.json
le2i_CR01_video_48_fall_w0002,le2i_CR01_video_48_fall,fall,test,/Users/varunreddyseelam/Desktop/Gen_ai/final_pipeline/data/windows/test/fall/le2i_CR01_video_48_fall/le2i_CR01_video_48_fall_w0002.json
le2i_CR01_video_48_fall_w0003,le2i_CR01_video_48_fall,fall,test,/Users/varunreddyseelam/Desktop/Gen_ai/final_pipeline/data/windows/test/fall/le2i_CR01_video_48_fall/le2i_CR01_video_48_fall_w0003.json
le2i_CR01_video_48_fall_w0004,le2i_CR01_video_48_fall,fall,test,/Users/varunreddyseelam/Desktop/Gen_ai/final_pipeline/data/windows/test/fall/le2i_CR01_video_48_fall/le2i_CR01_video_48_fall_w0004.json
le2i_CR01_video_6_fall_w0002,le2i_CR01_video_6_fall,fall,test,/Users/varunreddyseelam/Desktop/Gen_ai/final_pipeline/data/windows/test/fall/le2i_CR01_video_6_fall/le2i_CR01_video_6_fall_w0002.json
le2i_CR01_video_6_fall_w0003,le2i_CR01_video_6_fall,fall,test,/Users/varunreddyseelam/Desktop/Gen_ai/final_pipeline/data/windows/test/fall/le2i_CR01_video_6_fall/le2i_CR01_video_6_fall_w0003.json
le2i_CR01_video_6_fall_w0000,le2i_CR01_video_6_fall,fall,test,/Users/varunreddyseelam/Desktop/Gen_ai/final_pipeline/data/windows/test/fall/le2i_CR01_video_6_fall/le2i_CR01_video_6_fall_w0000.json
le2i_CR01_video_6_fall_w0001,le2i_CR01_video_6_fall,fall,test,/Users/varunreddyseelam/Desktop/Gen_ai/final_pipeline/data/windows/test/fall/le2i_CR01_video_6_fall/le2i_CR01_video_6_fall_w0001.json
urfd_fall-23-cam0_w0007,urfd_fall-23-cam0,fall,test,/Users/varunreddyseelam/Desktop/Gen_ai/final_pipeline/data/windows/test/fall/urfd_fall-23-cam0/urfd_fall-23-cam0_w0007.json
urfd_fall-23-cam0_w0011,urfd_fall-23-cam0,fall,test,/Users/varunreddyseelam/Desktop/Gen_ai/final_pipeline/data/windows/test/fall/urfd_fall-23-cam0/urfd_fall-23-cam0_w0011.json
urfd_fall-23-cam0_w0010,urfd_fall-23-cam0,fall,test,/Users/varunreddyseelam/Desktop/Gen_ai/final_pipeline/data/windows/test/fall/urfd_fall-23-cam0/urfd_fall-23-cam0_w0010.json
urfd_fall-23-cam0_w0006,urfd_fall-23-cam0,fall,test,/Users/varunreddyseelam/Desktop/Gen_ai/final_pipeline/data/windows/test/fall/urfd_fall-23-cam0/urfd_fall-23-cam0_w0006.json
urfd_fall-23-cam0_w0001,urfd_fall-23-cam0,fall,test,/Users/varunreddyseelam/Desktop/Gen_ai/final_pipeline/data/windows/test/fall/urfd_fall-23-cam0/urfd_fall-23-cam0_w0001.json
urfd_fall-23-cam0_w0000,urfd_fall-23-cam0,fall,test,/Users/varunreddyseelam/Desktop/Gen_ai/final_pipeline/data/windows/test/fall/urfd_fall-23-cam0/urfd_fall-23-cam0_w0000.json
urfd_fall-23-cam0_w0003,urfd_fall-23-cam0,fall,test,/Users/varunreddyseelam/Desktop/Gen_ai/final_pipeline/data/windows/test/fall/urfd_fall-23-cam0/urfd_fall-23-cam0_w0003.json
urfd_fall-23-cam0_w0002,urfd_fall-23-cam0,fall,test,/Users/varunreddyseelam/Desktop/Gen_ai/final_pipeline/data/windows/test/fall/urfd_fall-23-cam0/urfd_fall-23-cam0_w0002.json
urfd_fall-23-cam0_w0009,urfd_fall-23-cam0,fall,test,/Users/varunreddyseelam/Desktop/Gen_ai/final_pipeline/data/windows/test/fall/urfd_fall-23-cam0/urfd_fall-23-cam0_w0009.json
urfd_fall-23-cam0_w0005,urfd_fall-23-cam0,fall,test,/Users/varunreddyseelam/Desktop/Gen_ai/final_pipeline/data/windows/test/fall/urfd_fall-23-cam0/urfd_fall-23-cam0_w0005.json
urfd_fall-23-cam0_w0004,urfd_fall-23-cam0,fall,test,/Users/varunreddyseelam/Desktop/Gen_ai/final_pipeline/data/windows/test/fall/urfd_fall-23-cam0/urfd_fall-23-cam0_w0004.json
urfd_fall-23-cam0_w0012,urfd_fall-23-cam0,fall,test,/Users/varunreddyseelam/Desktop/Gen_ai/final_pipeline/data/windows/test/fall/urfd_fall-23-cam0/urfd_fall-23-cam0_w0012.json
urfd_fall-23-cam0_w0008,urfd_fall-23-cam0,fall,test,/Users/varunreddyseelam/Desktop/Gen_ai/final_pipeline/data/windows/test/fall/urfd_fall-23-cam0/urfd_fall-23-cam0_w0008.json
gmncsa24_gmncsa_fall_048_w0021,gmncsa24_gmncsa_fall_048,fall,test,/Users/varunreddyseelam/Desktop/Gen_ai/final_pipeline/data/windows/test/fall/gmncsa24_gmncsa_fall_048/gmncsa24_gmncsa_fall_048_w0021.json
gmncsa24_gmncsa_fall_048_w0017,gmncsa24_gmncsa_fall_048,fall,test,/Users/varunreddyseelam/Desktop/Gen_ai/final_pipeline/data/windows/test/fall/gmncsa24_gmncsa_fall_048/gmncsa24_gmncsa_fall_048_w0017.json
gmncsa24_gmncsa_fall_048_w0001,gmncsa24_gmncsa_fall_048,fall,test,/Users/varunreddyseelam/Desktop/Gen_ai/final_pipeline/data/windows/test/fall/gmncsa24_gmncsa_fall_048/gmncsa24_gmncsa_fall_048_w0001.json
gmncsa24_gmncsa_fall_048_w0000,gmncsa24_gmncsa_fall_048,fall,test,/Users/varunreddyseelam/Desktop/Gen_ai/final_pipeline/data/windows/test/fall/gmncsa24_gmncsa_fall_048/gmncsa24_gmncsa_fall_048_w0000.json
gmncsa24_gmncsa_fall_048_w0016,gmncsa24_gmncsa_fall_048,fall,test,/Users/varunreddyseelam/Desktop/Gen_ai/final_pipeline/data/windows/test/fall/gmncsa24_gmncsa_fall_048/gmncsa24_gmncsa_fall_048_w0016.json
gmncsa24_gmncsa_fall_048_w0020,gmncsa24_gmncsa_fall_048,fall,test,/Users/varunreddyseelam/Desktop/Gen_ai/final_pipeline/data/windows/test/fall/gmncsa24_gmncsa_fall_048/gmncsa24_gmncsa_fall_048_w0020.json
gmncsa24_gmncsa_fall_048_w0011,gmncsa24_gmncsa_fall_048,fall,test,/Users/varunreddyseelam/Desktop/Gen_ai/final_pipeline/data/windows/test/fall/gmncsa24_gmncsa_fall_048/gmncsa24_gmncsa_fall_048_w0011.json
gmncsa24_gmncsa_fall_048_w0007,gmncsa24_gmncsa_fall_048,fall,test,/Users/varunreddyseelam/Desktop/Gen_ai/final_pipeline/data/windows/test/fall/gmncsa24_gmncsa_fall_048/gmncsa24_gmncsa_fall_048_w0007.json
gmncsa24_gmncsa_fall_048_w0027,gmncsa24_gmncsa_fall_048,fall,test,/Users/varunreddyseelam/Desktop/Gen_ai/final_pipeline/data/windows/test/fall/gmncsa24_gmncsa_fall_048/gmncsa24_gmncsa_fall_048_w0027.json
gmncsa24_gmncsa_fall_048_w0031,gmncsa24_gmncsa_fall_048,fall,test,/Users/varunreddyseelam/Desktop/Gen_ai/final_pipeline/data/windows/test/fall/gmncsa24_gmncsa_fall_048/gmncsa24_gmncsa_fall_048_w0031.json
gmncsa24_gmncsa_fall_048_w0030,gmncsa24_gmncsa_fall_048,fall,test,/Users/varunreddyseelam/Desktop/Gen_ai/final_pipeline/data/windows/test/fall/gmncsa24_gmncsa_fall_048/gmncsa24_gmncsa_fall_048_w0030.json
gmncsa24_gmncsa_fall_048_w0026,gmncsa24_gmncsa_fall_048,fall,test,/Users/varunreddyseelam/Desktop/Gen_ai/final_pipeline/data/windows/test/fall/gmncsa24_gmncsa_fall_048/gmncsa24_gmncsa_fall_048_w0026.json
gmncsa24_gmncsa_fall_048_w0006,gmncsa24_gmncsa_fall_048,fall,test,/Users/varunreddyseelam/Desktop/Gen_ai/final_pipeline/data/windows/test/fall/gmncsa24_gmncsa_fall_048/gmncsa24_gmncsa_fall_048_w0006.json
gmncsa24_gmncsa_fall_048_w0010,gmncsa24_gmncsa_fall_048,fall,test,/Users/varunreddyseelam/Desktop/Gen_ai/final_pipeline/data/windows/test/fall/gmncsa24_gmncsa_fall_048/gmncsa24_gmncsa_fall_048_w0010.json
gmncsa24_gmncsa_fall_048_w0005,gmncsa24_gmncsa_fall_048,fall,test,/Users/varunreddyseelam/Desktop/Gen_ai/final_pipeline/data/windows/test/fall/gmncsa24_gmncsa_fall_048/gmncsa24_gmncsa_fall_048_w0005.json
gmncsa24_gmncsa_fall_048_w0013,gmncsa24_gmncsa_fall_048,fall,test,/Users/varunreddyseelam/Desktop/Gen_ai/final_pipeline/data/windows/test/fall/gmncsa24_gmncsa_fall_048/gmncsa24_gmncsa_fall_048_w0013.json
gmncsa24_gmncsa_fall_048_w0029,gmncsa24_gmncsa_fall_048,fall,test,/Users/varunreddyseelam/Desktop/Gen_ai/final_pipeline/data/windows/test/fall/gmncsa24_gmncsa_fall_048/gmncsa24_gmncsa_fall_048_w0029.json
gmncsa24_gmncsa_fall_048_w0009,gmncsa24_gmncsa_fall_048,fall,test,/Users/varunreddyseelam/Desktop/Gen_ai/final_pipeline/data/windows/test/fall/gmncsa24_gmncsa_fall_048/gmncsa24_gmncsa_fall_048_w0009.json
gmncsa24_gmncsa_fall_048_w0033,gmncsa24_gmncsa_fall_048,fall,test,/Users/varunreddyseelam/Desktop/Gen_ai/final_pipeline/data/windows/test/fall/gmncsa24_gmncsa_fall_048/gmncsa24_gmncsa_fall_048_w0033.json
gmncsa24_gmncsa_fall_048_w0025,gmncsa24_gmncsa_fall_048,fall,test,/Users/varunreddyseelam/Desktop/Gen_ai/final_pipeline/data/windows/test/fall/gmncsa24_gmncsa_fall_048/gmncsa24_gmncsa_fall_048_w0025.json
gmncsa24_gmncsa_fall_048_w0024,gmncsa24_gmncsa_fall_048,fall,test,/Users/varunreddyseelam/Desktop/Gen_ai/final_pipeline/data/windows/test/fall/gmncsa24_gmncsa_fall_048/gmncsa24_gmncsa_fall_048_w0024.json
gmncsa24_gmncsa_fall_048_w0032,gmncsa24_gmncsa_fall_048,fall,test,/Users/varunreddyseelam/Desktop/Gen_ai/final_pipeline/data/windows/test/fall/gmncsa24_gmncsa_fall_048/gmncsa24_gmncsa_fall_048_w0032.json
gmncsa24_gmncsa_fall_048_w0008,gmncsa24_gmncsa_fall_048,fall,test,/Users/varunreddyseelam/Desktop/Gen_ai/final_pipeline/data/windows/test/fall/gmncsa24_gmncsa_fall_048/gmncsa24_gmncsa_fall_048_w0008.json
gmncsa24_gmncsa_fall_048_w0028,gmncsa24_gmncsa_fall_048,fall,test,/Users/varunreddyseelam/Desktop/Gen_ai/final_pipeline/data/windows/test/fall/gmncsa24_gmncsa_fall_048/gmncsa24_gmncsa_fall_048_w0028.json
gmncsa24_gmncsa_fall_048_w0012,gmncsa24_gmncsa_fall_048,fall,test,/Users/varunreddyseelam/Desktop/Gen_ai/final_pipeline/data/windows/test/fall/gmncsa24_gmncsa_fall_048/gmncsa24_gmncsa_fall_048_w0012.json
gmncsa24_gmncsa_fall_048_w0004,gmncsa24_gmncsa_fall_048,fall,test,/Users/varunreddyseelam/Desktop/Gen_ai/final_pipeline/data/windows/test/fall/gmncsa24_gmncsa_fall_048/gmncsa24_gmncsa_fall_048_w0004.json
gmncsa24_gmncsa_fall_048_w0019,gmncsa24_gmncsa_fall_048,fall,test,/Users/varunreddyseelam/Desktop/Gen_ai/final_pipeline/data/windows/test/fall/gmncsa24_gmncsa_fall_048/gmncsa24_gmncsa_fall_048_w0019.json
gmncsa24_gmncsa_fall_048_w0035,gmncsa24_gmncsa_fall_048,fall,test,/Users/varunreddyseelam/Desktop/Gen_ai/final_pipeline/data/windows/test/fall/gmncsa24_gmncsa_fall_048/gmncsa24_gmncsa_fall_048_w0035.json
gmncsa24_gmncsa_fall_048_w0023,gmncsa24_gmncsa_fall_048,fall,test,/Users/varunreddyseelam/Desktop/Gen_ai/final_pipeline/data/windows/test/fall/gmncsa24_gmncsa_fall_048/gmncsa24_gmncsa_fall_048_w0023.json
gmncsa24_gmncsa_fall_048_w0003,gmncsa24_gmncsa_fall_048,fall,test,/Users/varunreddyseelam/Desktop/Gen_ai/final_pipeline/data/windows/test/fall/gmncsa24_gmncsa_fall_048/gmncsa24_gmncsa_fall_048_w0003.json
gmncsa24_gmncsa_fall_048_w0015,gmncsa24_gmncsa_fall_048,fall,test,/Users/varunreddyseelam/Desktop/Gen_ai/final_pipeline/data/windows/test/fall/gmncsa24_gmncsa_fall_048/gmncsa24_gmncsa_fall_048_w0015.json
gmncsa24_gmncsa_fall_048_w0014,gmncsa24_gmncsa_fall_048,fall,test,/Users/varunreddyseelam/Desktop/Gen_ai/final_pipeline/data/windows/test/fall/gmncsa24_gmncsa_fall_048/gmncsa24_gmncsa_fall_048_w0014.json
gmncsa24_gmncsa_fall_048_w0002,gmncsa24_gmncsa_fall_048,fall,test,/Users/varunreddyseelam/Desktop/Gen_ai/final_pipeline/data/windows/test/fall/gmncsa24_gmncsa_fall_048/gmncsa24_gmncsa_fall_048_w0002.json
gmncsa24_gmncsa_fall_048_w0022,gmncsa24_gmncsa_fall_048,fall,test,/Users/varunreddyseelam/Desktop/Gen_ai/final_pipeline/data/windows/test/fall/gmncsa24_gmncsa_fall_048/gmncsa24_gmncsa_fall_048_w0022.json
gmncsa24_gmncsa_fall_048_w0034,gmncsa24_gmncsa_fall_048,fall,test,/Users/varunreddyseelam/Desktop/Gen_ai/final_pipeline/data/windows/test/fall/gmncsa24_gmncsa_fall_048/gmncsa24_gmncsa_fall_048_w0034.json
gmncsa24_gmncsa_fall_048_w0018,gmncsa24_gmncsa_fall_048,fall,test,/Users/varunreddyseelam/Desktop/Gen_ai/final_pipeline/data/windows/test/fall/gmncsa24_gmncsa_fall_048/gmncsa24_gmncsa_fall_048_w0018.json
le2i_H01_video_10_fall_w0000,le2i_H01_video_10_fall,fall,test,/Users/varunreddyseelam/Desktop/Gen_ai/final_pipeline/data/windows/test/fall/le2i_H01_video_10_fall/le2i_H01_video_10_fall_w0000.json
urfd_fall-14-cam0_w0004,urfd_fall-14-cam0,fall,test,/Users/varunreddyseelam/Desktop/Gen_ai/final_pipeline/data/windows/test/fall/urfd_fall-14-cam0/urfd_fall-14-cam0_w0004.json
urfd_fall-14-cam0_w0008,urfd_fall-14-cam0,fall,test,/Users/varunreddyseelam/Desktop/Gen_ai/final_pipeline/data/windows/test/fall/urfd_fall-14-cam0/urfd_fall-14-cam0_w0008.json
urfd_fall-14-cam0_w0009,urfd_fall-14-cam0,fall,test,/Users/varunreddyseelam/Desktop/Gen_ai/final_pipeline/data/windows/test/fall/urfd_fall-14-cam0/urfd_fall-14-cam0_w0009.json
urfd_fall-14-cam0_w0005,urfd_fall-14-cam0,fall,test,/Users/varunreddyseelam/Desktop/Gen_ai/final_pipeline/data/windows/test/fall/urfd_fall-14-cam0/urfd_fall-14-cam0_w0005.json
urfd_fall-14-cam0_w0002,urfd_fall-14-cam0,fall,test,/Users/varunreddyseelam/Desktop/Gen_ai/final_pipeline/data/windows/test/fall/urfd_fall-14-cam0/urfd_fall-14-cam0_w0002.json
urfd_fall-14-cam0_w0003,urfd_fall-14-cam0,fall,test,/Users/varunreddyseelam/Desktop/Gen_ai/final_pipeline/data/windows/test/fall/urfd_fall-14-cam0/urfd_fall-14-cam0_w0003.json
urfd_fall-14-cam0_w0000,urfd_fall-14-cam0,fall,test,/Users/varunreddyseelam/Desktop/Gen_ai/final_pipeline/data/windows/test/fall/urfd_fall-14-cam0/urfd_fall-14-cam0_w0000.json
urfd_fall-14-cam0_w0001,urfd_fall-14-cam0,fall,test,/Users/varunreddyseelam/Desktop/Gen_ai/final_pipeline/data/windows/test/fall/urfd_fall-14-cam0/urfd_fall-14-cam0_w0001.json
urfd_fall-14-cam0_w0006,urfd_fall-14-cam0,fall,test,/Users/varunreddyseelam/Desktop/Gen_ai/final_pipeline/data/windows/test/fall/urfd_fall-14-cam0/urfd_fall-14-cam0_w0006.json
urfd_fall-14-cam0_w0010,urfd_fall-14-cam0,fall,test,/Users/varunreddyseelam/Desktop/Gen_ai/final_pipeline/data/windows/test/fall/urfd_fall-14-cam0/urfd_fall-14-cam0_w0010.json
urfd_fall-14-cam0_w0007,urfd_fall-14-cam0,fall,test,/Users/varunreddyseelam/Desktop/Gen_ai/final_pipeline/data/windows/test/fall/urfd_fall-14-cam0/urfd_fall-14-cam0_w0007.json
urfd_adl-15-cam0_w0005,urfd_adl-15-cam0,no_fall,test,/Users/varunreddyseelam/Desktop/Gen_ai/final_pipeline/data/windows/test/no_fall/urfd_adl-15-cam0/urfd_adl-15-cam0_w0005.json
urfd_adl-15-cam0_w0004,urfd_adl-15-cam0,no_fall,test,/Users/varunreddyseelam/Desktop/Gen_ai/final_pipeline/data/windows/test/no_fall/urfd_adl-15-cam0/urfd_adl-15-cam0_w0004.json
urfd_adl-15-cam0_w0003,urfd_adl-15-cam0,no_fall,test,/Users/varunreddyseelam/Desktop/Gen_ai/final_pipeline/data/windows/test/no_fall/urfd_adl-15-cam0/urfd_adl-15-cam0_w0003.json
urfd_adl-15-cam0_w0002,urfd_adl-15-cam0,no_fall,test,/Users/varunreddyseelam/Desktop/Gen_ai/final_pipeline/data/windows/test/no_fall/urfd_adl-15-cam0/urfd_adl-15-cam0_w0002.json
urfd_adl-15-cam0_w0001,urfd_adl-15-cam0,no_fall,test,/Users/varunreddyseelam/Desktop/Gen_ai/final_pipeline/data/windows/test/no_fall/urfd_adl-15-cam0/urfd_adl-15-cam0_w0001.json
urfd_adl-15-cam0_w0000,urfd_adl-15-cam0,no_fall,test,/Users/varunreddyseelam/Desktop/Gen_ai/final_pipeline/data/windows/test/no_fall/urfd_adl-15-cam0/urfd_adl-15-cam0_w0000.json
le2i_CR01_video_37_adl_w0000,le2i_CR01_video_37_adl,no_fall,test,/Users/varunreddyseelam/Desktop/Gen_ai/final_pipeline/data/windows/test/no_fall/le2i_CR01_video_37_adl/le2i_CR01_video_37_adl_w0000.json
le2i_CR01_video_23_adl_w0003,le2i_CR01_video_23_adl,no_fall,test,/Users/varunreddyseelam/Desktop/Gen_ai/final_pipeline/data/windows/test/no_fall/le2i_CR01_video_23_adl/le2i_CR01_video_23_adl_w0003.json
le2i_CR01_video_23_adl_w0002,le2i_CR01_video_23_adl,no_fall,test,/Users/varunreddyseelam/Desktop/Gen_ai/final_pipeline/data/windows/test/no_fall/le2i_CR01_video_23_adl/le2i_CR01_video_23_adl_w0002.json
le2i_CR01_video_23_adl_w0001,le2i_CR01_video_23_adl,no_fall,test,/Users/varunreddyseelam/Desktop/Gen_ai/final_pipeline/data/windows/test/no_fall/le2i_CR01_video_23_adl/le2i_CR01_video_23_adl_w0001.json
le2i_CR01_video_23_adl_w0000,le2i_CR01_video_23_adl,no_fall,test,/Users/varunreddyseelam/Desktop/Gen_ai/final_pipeline/data/windows/test/no_fall/le2i_CR01_video_23_adl/le2i_CR01_video_23_adl_w0000.json
le2i_H01_video_26_adl_w0002,le2i_H01_video_26_adl,no_fall,test,/Users/varunreddyseelam/Desktop/Gen_ai/final_pipeline/data/windows/test/no_fall/le2i_H01_video_26_adl/le2i_H01_video_26_adl_w0002.json
le2i_H01_video_26_adl_w0001,le2i_H01_video_26_adl,no_fall,test,/Users/varunreddyseelam/Desktop/Gen_ai/final_pipeline/data/windows/test/no_fall/le2i_H01_video_26_adl/le2i_H01_video_26_adl_w0001.json
le2i_H01_video_26_adl_w0000,le2i_H01_video_26_adl,no_fall,test,/Users/varunreddyseelam/Desktop/Gen_ai/final_pipeline/data/windows/test/no_fall/le2i_H01_video_26_adl/le2i_H01_video_26_adl_w0000.json
gmncsa24_gmncsa_adl_065_w0001,gmncsa24_gmncsa_adl_065,no_fall,test,/Users/varunreddyseelam/Desktop/Gen_ai/final_pipeline/data/windows/test/no_fall/gmncsa24_gmncsa_adl_065/gmncsa24_gmncsa_adl_065_w0001.json
gmncsa24_gmncsa_adl_065_w0000,gmncsa24_gmncsa_adl_065,no_fall,test,/Users/varunreddyseelam/Desktop/Gen_ai/final_pipeline/data/windows/test/no_fall/gmncsa24_gmncsa_adl_065/gmncsa24_gmncsa_adl_065_w0000.json
gmncsa24_gmncsa_adl_065_w0002,gmncsa24_gmncsa_adl_065,no_fall,test,/Users/varunreddyseelam/Desktop/Gen_ai/final_pipeline/data/windows/test/no_fall/gmncsa24_gmncsa_adl_065/gmncsa24_gmncsa_adl_065_w0002.json
gmncsa24_gmncsa_adl_062_w0000,gmncsa24_gmncsa_adl_062,no_fall,test,/Users/varunreddyseelam/Desktop/Gen_ai/final_pipeline/data/windows/test/no_fall/gmncsa24_gmncsa_adl_062/gmncsa24_gmncsa_adl_062_w0000.json
gmncsa24_gmncsa_adl_062_w0001,gmncsa24_gmncsa_adl_062,no_fall,test,/Users/varunreddyseelam/Desktop/Gen_ai/final_pipeline/data/windows/test/no_fall/gmncsa24_gmncsa_adl_062/gmncsa24_gmncsa_adl_062_w0001.json
gmncsa24_gmncsa_adl_062_w0002,gmncsa24_gmncsa_adl_062,no_fall,test,/Users/varunreddyseelam/Desktop/Gen_ai/final_pipeline/data/windows/test/no_fall/gmncsa24_gmncsa_adl_062/gmncsa24_gmncsa_adl_062_w0002.json
gmncsa24_gmncsa_adl_062_w0003,gmncsa24_gmncsa_adl_062,no_fall,test,/Users/varunreddyseelam/Desktop/Gen_ai/final_pipeline/data/windows/test/no_fall/gmncsa24_gmncsa_adl_062/gmncsa24_gmncsa_adl_062_w0003.json
gmncsa24_gmncsa_adl_062_w0004,gmncsa24_gmncsa_adl_062,no_fall,test,/Users/varunreddyseelam/Desktop/Gen_ai/final_pipeline/data/windows/test/no_fall/gmncsa24_gmncsa_adl_062/gmncsa24_gmncsa_adl_062_w0004.json
gmncsa24_gmncsa_adl_062_w0005,gmncsa24_gmncsa_adl_062,no_fall,test,/Users/varunreddyseelam/Desktop/Gen_ai/final_pipeline/data/windows/test/no_fall/gmncsa24_gmncsa_adl_062/gmncsa24_gmncsa_adl_062_w0005.json
gmncsa24_gmncsa_adl_006_w0002,gmncsa24_gmncsa_adl_006,no_fall,test,/Users/varunreddyseelam/Desktop/Gen_ai/final_pipeline/data/windows/test/no_fall/gmncsa24_gmncsa_adl_006/gmncsa24_gmncsa_adl_006_w0002.json
gmncsa24_gmncsa_adl_006_w0003,gmncsa24_gmncsa_adl_006,no_fall,test,/Users/varunreddyseelam/Desktop/Gen_ai/final_pipeline/data/windows/test/no_fall/gmncsa24_gmncsa_adl_006/gmncsa24_gmncsa_adl_006_w0003.json
gmncsa24_gmncsa_adl_006_w0000,gmncsa24_gmncsa_adl_006,no_fall,test,/Users/varunreddyseelam/Desktop/Gen_ai/final_pipeline/data/windows/test/no_fall/gmncsa24_gmncsa_adl_006/gmncsa24_gmncsa_adl_006_w0000.json
gmncsa24_gmncsa_adl_006_w0001,gmncsa24_gmncsa_adl_006,no_fall,test,/Users/varunreddyseelam/Desktop/Gen_ai/final_pipeline/data/windows/test/no_fall/gmncsa24_gmncsa_adl_006/gmncsa24_gmncsa_adl_006_w0001.json
gmncsa24_gmncsa_adl_037_w0000,gmncsa24_gmncsa_adl_037,no_fall,test,/Users/varunreddyseelam/Desktop/Gen_ai/final_pipeline/data/windows/test/no_fall/gmncsa24_gmncsa_adl_037/gmncsa24_gmncsa_adl_037_w0000.json
gmncsa24_gmncsa_adl_037_w0001,gmncsa24_gmncsa_adl_037,no_fall,test,/Users/varunreddyseelam/Desktop/Gen_ai/final_pipeline/data/windows/test/no_fall/gmncsa24_gmncsa_adl_037/gmncsa24_gmncsa_adl_037_w0001.json
gmncsa24_gmncsa_adl_037_w0002,gmncsa24_gmncsa_adl_037,no_fall,test,/Users/varunreddyseelam/Desktop/Gen_ai/final_pipeline/data/windows/test/no_fall/gmncsa24_gmncsa_adl_037/gmncsa24_gmncsa_adl_037_w0002.json
gmncsa24_gmncsa_adl_037_w0003,gmncsa24_gmncsa_adl_037,no_fall,test,/Users/varunreddyseelam/Desktop/Gen_ai/final_pipeline/data/windows/test/no_fall/gmncsa24_gmncsa_adl_037/gmncsa24_gmncsa_adl_037_w0003.json
gmncsa24_gmncsa_adl_037_w0004,gmncsa24_gmncsa_adl_037,no_fall,test,/Users/varunreddyseelam/Desktop/Gen_ai/final_pipeline/data/windows/test/no_fall/gmncsa24_gmncsa_adl_037/gmncsa24_gmncsa_adl_037_w0004.json
gmncsa24_gmncsa_adl_037_w0005,gmncsa24_gmncsa_adl_037,no_fall,test,/Users/varunreddyseelam/Desktop/Gen_ai/final_pipeline/data/windows/test/no_fall/gmncsa24_gmncsa_adl_037/gmncsa24_gmncsa_adl_037_w0005.json
le2i_H01_video_19_adl_w0000,le2i_H01_video_19_adl,no_fall,test,/Users/varunreddyseelam/Desktop/Gen_ai/final_pipeline/data/windows/test/no_fall/le2i_H01_video_19_adl/le2i_H01_video_19_adl_w0000.json
le2i_H01_video_19_adl_w0001,le2i_H01_video_19_adl,no_fall,test,/Users/varunreddyseelam/Desktop/Gen_ai/final_pipeline/data/windows/test/no_fall/le2i_H01_video_19_adl/le2i_H01_video_19_adl_w0001.json
le2i_H01_video_19_adl_w0002,le2i_H01_video_19_adl,no_fall,test,/Users/varunreddyseelam/Desktop/Gen_ai/final_pipeline/data/windows/test/no_fall/le2i_H01_video_19_adl/le2i_H01_video_19_adl_w0002.json
urfd_adl-23-cam0_w0001,urfd_adl-23-cam0,no_fall,test,/Users/varunreddyseelam/Desktop/Gen_ai/final_pipeline/data/windows/test/no_fall/urfd_adl-23-cam0/urfd_adl-23-cam0_w0001.json
urfd_adl-23-cam0_w0000,urfd_adl-23-cam0,no_fall,test,/Users/varunreddyseelam/Desktop/Gen_ai/final_pipeline/data/windows/test/no_fall/urfd_adl-23-cam0/urfd_adl-23-cam0_w0000.json
urfd_adl-23-cam0_w0004,urfd_adl-23-cam0,no_fall,test,/Users/varunreddyseelam/Desktop/Gen_ai/final_pipeline/data/windows/test/no_fall/urfd_adl-23-cam0/urfd_adl-23-cam0_w0004.json
urfd_adl-23-cam0_w0003,urfd_adl-23-cam0,no_fall,test,/Users/varunreddyseelam/Desktop/Gen_ai/final_pipeline/data/windows/test/no_fall/urfd_adl-23-cam0/urfd_adl-23-cam0_w0003.json
urfd_adl-23-cam0_w0002,urfd_adl-23-cam0,no_fall,test,/Users/varunreddyseelam/Desktop/Gen_ai/final_pipeline/data/windows/test/no_fall/urfd_adl-23-cam0/urfd_adl-23-cam0_w0002.json
urfd_adl-34-cam0_w0000,urfd_adl-34-cam0,no_fall,test,/Users/varunreddyseelam/Desktop/Gen_ai/final_pipeline/data/windows/test/no_fall/urfd_adl-34-cam0/urfd_adl-34-cam0_w0000.json
urfd_adl-34-cam0_w0001,urfd_adl-34-cam0,no_fall,test,/Users/varunreddyseelam/Desktop/Gen_ai/final_pipeline/data/windows/test/no_fall/urfd_adl-34-cam0/urfd_adl-34-cam0_w0001.json
urfd_adl-34-cam0_w0002,urfd_adl-34-cam0,no_fall,test,/Users/varunreddyseelam/Desktop/Gen_ai/final_pipeline/data/windows/test/no_fall/urfd_adl-34-cam0/urfd_adl-34-cam0_w0002.json
urfd_adl-34-cam0_w0003,urfd_adl-34-cam0,no_fall,test,/Users/varunreddyseelam/Desktop/Gen_ai/final_pipeline/data/windows/test/no_fall/urfd_adl-34-cam0/urfd_adl-34-cam0_w0003.json
le2i_CR01_video_25_adl_w0002,le2i_CR01_video_25_adl,no_fall,test,/Users/varunreddyseelam/Desktop/Gen_ai/final_pipeline/data/windows/test/no_fall/le2i_CR01_video_25_adl/le2i_CR01_video_25_adl_w0002.json
le2i_CR01_video_25_adl_w0000,le2i_CR01_video_25_adl,no_fall,test,/Users/varunreddyseelam/Desktop/Gen_ai/final_pipeline/data/windows/test/no_fall/le2i_CR01_video_25_adl/le2i_CR01_video_25_adl_w0000.json
le2i_CR01_video_25_adl_w0001,le2i_CR01_video_25_adl,no_fall,test,/Users/varunreddyseelam/Desktop/Gen_ai/final_pipeline/data/windows/test/no_fall/le2i_CR01_video_25_adl/le2i_CR01_video_25_adl_w0001.json
le2i_H01_video_21_adl_w0002,le2i_H01_video_21_adl,no_fall,test,/Users/varunreddyseelam/Desktop/Gen_ai/final_pipeline/data/windows/test/no_fall/le2i_H01_video_21_adl/le2i_H01_video_21_adl_w0002.json
le2i_H01_video_21_adl_w0001,le2i_H01_video_21_adl,no_fall,test,/Users/varunreddyseelam/Desktop/Gen_ai/final_pipeline/data/windows/test/no_fall/le2i_H01_video_21_adl/le2i_H01_video_21_adl_w0001.json
le2i_H01_video_21_adl_w0000,le2i_H01_video_21_adl,no_fall,test,/Users/varunreddyseelam/Desktop/Gen_ai/final_pipeline/data/windows/test/no_fall/le2i_H01_video_21_adl/le2i_H01_video_21_adl_w0000.json
urfd_adl-18-cam0_w0001,urfd_adl-18-cam0,no_fall,test,/Users/varunreddyseelam/Desktop/Gen_ai/final_pipeline/data/windows/test/no_fall/urfd_adl-18-cam0/urfd_adl-18-cam0_w0001.json
urfd_adl-18-cam0_w0000,urfd_adl-18-cam0,no_fall,test,/Users/varunreddyseelam/Desktop/Gen_ai/final_pipeline/data/windows/test/no_fall/urfd_adl-18-cam0/urfd_adl-18-cam0_w0000.json
urfd_adl-18-cam0_w0003,urfd_adl-18-cam0,no_fall,test,/Users/varunreddyseelam/Desktop/Gen_ai/final_pipeline/data/windows/test/no_fall/urfd_adl-18-cam0/urfd_adl-18-cam0_w0003.json
urfd_adl-18-cam0_w0002,urfd_adl-18-cam0,no_fall,test,/Users/varunreddyseelam/Desktop/Gen_ai/final_pipeline/data/windows/test/no_fall/urfd_adl-18-cam0/urfd_adl-18-cam0_w0002.json
urfd_adl-18-cam0_w0005,urfd_adl-18-cam0,no_fall,test,/Users/varunreddyseelam/Desktop/Gen_ai/final_pipeline/data/windows/test/no_fall/urfd_adl-18-cam0/urfd_adl-18-cam0_w0005.json
urfd_adl-18-cam0_w0004,urfd_adl-18-cam0,no_fall,test,/Users/varunreddyseelam/Desktop/Gen_ai/final_pipeline/data/windows/test/no_fall/urfd_adl-18-cam0/urfd_adl-18-cam0_w0004.json
le2i_CR01_video_42_adl_w0000,le2i_CR01_video_42_adl,no_fall,test,/Users/varunreddyseelam/Desktop/Gen_ai/final_pipeline/data/windows/test/no_fall/le2i_CR01_video_42_adl/le2i_CR01_video_42_adl_w0000.json
le2i_CR01_video_42_adl_w0001,le2i_CR01_video_42_adl,no_fall,test,/Users/varunreddyseelam/Desktop/Gen_ai/final_pipeline/data/windows/test/no_fall/le2i_CR01_video_42_adl/le2i_CR01_video_42_adl_w0001.json
gmncsa24_gmncsa_adl_048_w0003,gmncsa24_gmncsa_adl_048,no_fall,test,/Users/varunreddyseelam/Desktop/Gen_ai/final_pipeline/data/windows/test/no_fall/gmncsa24_gmncsa_adl_048/gmncsa24_gmncsa_adl_048_w0003.json
gmncsa24_gmncsa_adl_048_w0002,gmncsa24_gmncsa_adl_048,no_fall,test,/Users/varunreddyseelam/Desktop/Gen_ai/final_pipeline/data/windows/test/no_fall/gmncsa24_gmncsa_adl_048/gmncsa24_gmncsa_adl_048_w0002.json
gmncsa24_gmncsa_adl_048_w0009,gmncsa24_gmncsa_adl_048,no_fall,test,/Users/varunreddyseelam/Desktop/Gen_ai/final_pipeline/data/windows/test/no_fall/gmncsa24_gmncsa_adl_048/gmncsa24_gmncsa_adl_048_w0009.json
gmncsa24_gmncsa_adl_048_w0005,gmncsa24_gmncsa_adl_048,no_fall,test,/Users/varunreddyseelam/Desktop/Gen_ai/final_pipeline/data/windows/test/no_fall/gmncsa24_gmncsa_adl_048/gmncsa24_gmncsa_adl_048_w0005.json
gmncsa24_gmncsa_adl_048_w0004,gmncsa24_gmncsa_adl_048,no_fall,test,/Users/varunreddyseelam/Desktop/Gen_ai/final_pipeline/data/windows/test/no_fall/gmncsa24_gmncsa_adl_048/gmncsa24_gmncsa_adl_048_w0004.json
gmncsa24_gmncsa_adl_048_w0008,gmncsa24_gmncsa_adl_048,no_fall,test,/Users/varunreddyseelam/Desktop/Gen_ai/final_pipeline/data/windows/test/no_fall/gmncsa24_gmncsa_adl_048/gmncsa24_gmncsa_adl_048_w0008.json
gmncsa24_gmncsa_adl_048_w0007,gmncsa24_gmncsa_adl_048,no_fall,test,/Users/varunreddyseelam/Desktop/Gen_ai/final_pipeline/data/windows/test/no_fall/gmncsa24_gmncsa_adl_048/gmncsa24_gmncsa_adl_048_w0007.json
gmncsa24_gmncsa_adl_048_w0006,gmncsa24_gmncsa_adl_048,no_fall,test,/Users/varunreddyseelam/Desktop/Gen_ai/final_pipeline/data/windows/test/no_fall/gmncsa24_gmncsa_adl_048/gmncsa24_gmncsa_adl_048_w0006.json
gmncsa24_gmncsa_adl_048_w0001,gmncsa24_gmncsa_adl_048,no_fall,test,/Users/varunreddyseelam/Desktop/Gen_ai/final_pipeline/data/windows/test/no_fall/gmncsa24_gmncsa_adl_048/gmncsa24_gmncsa_adl_048_w0001.json
gmncsa24_gmncsa_adl_048_w0000,gmncsa24_gmncsa_adl_048,no_fall,test,/Users/varunreddyseelam/Desktop/Gen_ai/final_pipeline/data/windows/test/no_fall/gmncsa24_gmncsa_adl_048/gmncsa24_gmncsa_adl_048_w0000.json
urfd_adl-28-cam0_w0001,urfd_adl-28-cam0,no_fall,test,/Users/varunreddyseelam/Desktop/Gen_ai/final_pipeline/data/windows/test/no_fall/urfd_adl-28-cam0/urfd_adl-28-cam0_w0001.json
urfd_adl-28-cam0_w0000,urfd_adl-28-cam0,no_fall,test,/Users/varunreddyseelam/Desktop/Gen_ai/final_pipeline/data/windows/test/no_fall/urfd_adl-28-cam0/urfd_adl-28-cam0_w0000.json
gmncsa24_gmncsa_adl_046_w0000,gmncsa24_gmncsa_adl_046,no_fall,test,/Users/varunreddyseelam/Desktop/Gen_ai/final_pipeline/data/windows/test/no_fall/gmncsa24_gmncsa_adl_046/gmncsa24_gmncsa_adl_046_w0000.json
gmncsa24_gmncsa_adl_046_w0001,gmncsa24_gmncsa_adl_046,no_fall,test,/Users/varunreddyseelam/Desktop/Gen_ai/final_pipeline/data/windows/test/no_fall/gmncsa24_gmncsa_adl_046/gmncsa24_gmncsa_adl_046_w0001.json
gmncsa24_gmncsa_adl_046_w0006,gmncsa24_gmncsa_adl_046,no_fall,test,/Users/varunreddyseelam/Desktop/Gen_ai/final_pipeline/data/windows/test/no_fall/gmncsa24_gmncsa_adl_046/gmncsa24_gmncsa_adl_046_w0006.json
gmncsa24_gmncsa_adl_046_w0007,gmncsa24_gmncsa_adl_046,no_fall,test,/Users/varunreddyseelam/Desktop/Gen_ai/final_pipeline/data/windows/test/no_fall/gmncsa24_gmncsa_adl_046/gmncsa24_gmncsa_adl_046_w0007.json
gmncsa24_gmncsa_adl_046_w0004,gmncsa24_gmncsa_adl_046,no_fall,test,/Users/varunreddyseelam/Desktop/Gen_ai/final_pipeline/data/windows/test/no_fall/gmncsa24_gmncsa_adl_046/gmncsa24_gmncsa_adl_046_w0004.json
gmncsa24_gmncsa_adl_046_w0005,gmncsa24_gmncsa_adl_046,no_fall,test,/Users/varunreddyseelam/Desktop/Gen_ai/final_pipeline/data/windows/test/no_fall/gmncsa24_gmncsa_adl_046/gmncsa24_gmncsa_adl_046_w0005.json
gmncsa24_gmncsa_adl_046_w0002,gmncsa24_gmncsa_adl_046,no_fall,test,/Users/varunreddyseelam/Desktop/Gen_ai/final_pipeline/data/windows/test/no_fall/gmncsa24_gmncsa_adl_046/gmncsa24_gmncsa_adl_046_w0002.json
gmncsa24_gmncsa_adl_046_w0003,gmncsa24_gmncsa_adl_046,no_fall,test,/Users/varunreddyseelam/Desktop/Gen_ai/final_pipeline/data/windows/test/no_fall/gmncsa24_gmncsa_adl_046/gmncsa24_gmncsa_adl_046_w0003.json
gmncsa24_gmncsa_adl_015_w0002,gmncsa24_gmncsa_adl_015,no_fall,test,/Users/varunreddyseelam/Desktop/Gen_ai/final_pipeline/data/windows/test/no_fall/gmncsa24_gmncsa_adl_015/gmncsa24_gmncsa_adl_015_w0002.json
gmncsa24_gmncsa_adl_015_w0003,gmncsa24_gmncsa_adl_015,no_fall,test,/Users/varunreddyseelam/Desktop/Gen_ai/final_pipeline/data/windows/test/no_fall/gmncsa24_gmncsa_adl_015/gmncsa24_gmncsa_adl_015_w0003.json
gmncsa24_gmncsa_adl_015_w0004,gmncsa24_gmncsa_adl_015,no_fall,test,/Users/varunreddyseelam/Desktop/Gen_ai/final_pipeline/data/windows/test/no_fall/gmncsa24_gmncsa_adl_015/gmncsa24_gmncsa_adl_015_w0004.json
gmncsa24_gmncsa_adl_015_w0005,gmncsa24_gmncsa_adl_015,no_fall,test,/Users/varunreddyseelam/Desktop/Gen_ai/final_pipeline/data/windows/test/no_fall/gmncsa24_gmncsa_adl_015/gmncsa24_gmncsa_adl_015_w0005.json
gmncsa24_gmncsa_adl_015_w0006,gmncsa24_gmncsa_adl_015,no_fall,test,/Users/varunreddyseelam/Desktop/Gen_ai/final_pipeline/data/windows/test/no_fall/gmncsa24_gmncsa_adl_015/gmncsa24_gmncsa_adl_015_w0006.json
gmncsa24_gmncsa_adl_015_w0000,gmncsa24_gmncsa_adl_015,no_fall,test,/Users/varunreddyseelam/Desktop/Gen_ai/final_pipeline/data/windows/test/no_fall/gmncsa24_gmncsa_adl_015/gmncsa24_gmncsa_adl_015_w0000.json
gmncsa24_gmncsa_adl_015_w0001,gmncsa24_gmncsa_adl_015,no_fall,test,/Users/varunreddyseelam/Desktop/Gen_ai/final_pipeline/data/windows/test/no_fall/gmncsa24_gmncsa_adl_015/gmncsa24_gmncsa_adl_015_w0001.json
gmncsa24_gmncsa_adl_078_w0004,gmncsa24_gmncsa_adl_078,no_fall,test,/Users/varunreddyseelam/Desktop/Gen_ai/final_pipeline/data/windows/test/no_fall/gmncsa24_gmncsa_adl_078/gmncsa24_gmncsa_adl_078_w0004.json
gmncsa24_gmncsa_adl_078_w0002,gmncsa24_gmncsa_adl_078,no_fall,test,/Users/varunreddyseelam/Desktop/Gen_ai/final_pipeline/data/windows/test/no_fall/gmncsa24_gmncsa_adl_078/gmncsa24_gmncsa_adl_078_w0002.json
gmncsa24_gmncsa_adl_078_w0003,gmncsa24_gmncsa_adl_078,no_fall,test,/Users/varunreddyseelam/Desktop/Gen_ai/final_pipeline/data/windows/test/no_fall/gmncsa24_gmncsa_adl_078/gmncsa24_gmncsa_adl_078_w0003.json
gmncsa24_gmncsa_adl_078_w0000,gmncsa24_gmncsa_adl_078,no_fall,test,/Users/varunreddyseelam/Desktop/Gen_ai/final_pipeline/data/windows/test/no_fall/gmncsa24_gmncsa_adl_078/gmncsa24_gmncsa_adl_078_w0000.json
gmncsa24_gmncsa_adl_078_w0001,gmncsa24_gmncsa_adl_078,no_fall,test,/Users/varunreddyseelam/Desktop/Gen_ai/final_pipeline/data/windows/test/no_fall/gmncsa24_gmncsa_adl_078/gmncsa24_gmncsa_adl_078_w0001.json
le2i_CR02_video_59_adl_w0002,le2i_CR02_video_59_adl,no_fall,test,/Users/varunreddyseelam/Desktop/Gen_ai/final_pipeline/data/windows/test/no_fall/le2i_CR02_video_59_adl/le2i_CR02_video_59_adl_w0002.json
le2i_CR02_video_59_adl_w0000,le2i_CR02_video_59_adl,no_fall,test,/Users/varunreddyseelam/Desktop/Gen_ai/final_pipeline/data/windows/test/no_fall/le2i_CR02_video_59_adl/le2i_CR02_video_59_adl_w0000.json
le2i_CR02_video_59_adl_w0001,le2i_CR02_video_59_adl,no_fall,test,/Users/varunreddyseelam/Desktop/Gen_ai/final_pipeline/data/windows/test/no_fall/le2i_CR02_video_59_adl/le2i_CR02_video_59_adl_w0001.json
gmncsa24_gmncsa_adl_025_w0005,gmncsa24_gmncsa_adl_025,no_fall,test,/Users/varunreddyseelam/Desktop/Gen_ai/final_pipeline/data/windows/test/no_fall/gmncsa24_gmncsa_adl_025/gmncsa24_gmncsa_adl_025_w0005.json
gmncsa24_gmncsa_adl_025_w0004,gmncsa24_gmncsa_adl_025,no_fall,test,/Users/varunreddyseelam/Desktop/Gen_ai/final_pipeline/data/windows/test/no_fall/gmncsa24_gmncsa_adl_025/gmncsa24_gmncsa_adl_025_w0004.json
gmncsa24_gmncsa_adl_025_w0003,gmncsa24_gmncsa_adl_025,no_fall,test,/Users/varunreddyseelam/Desktop/Gen_ai/final_pipeline/data/windows/test/no_fall/gmncsa24_gmncsa_adl_025/gmncsa24_gmncsa_adl_025_w0003.json
gmncsa24_gmncsa_adl_025_w0002,gmncsa24_gmncsa_adl_025,no_fall,test,/Users/varunreddyseelam/Desktop/Gen_ai/final_pipeline/data/windows/test/no_fall/gmncsa24_gmncsa_adl_025/gmncsa24_gmncsa_adl_025_w0002.json
gmncsa24_gmncsa_adl_025_w0001,gmncsa24_gmncsa_adl_025,no_fall,test,/Users/varunreddyseelam/Desktop/Gen_ai/final_pipeline/data/windows/test/no_fall/gmncsa24_gmncsa_adl_025/gmncsa24_gmncsa_adl_025_w0001.json
gmncsa24_gmncsa_adl_025_w0000,gmncsa24_gmncsa_adl_025,no_fall,test,/Users/varunreddyseelam/Desktop/Gen_ai/final_pipeline/data/windows/test/no_fall/gmncsa24_gmncsa_adl_025/gmncsa24_gmncsa_adl_025_w0000.json
gmncsa24_gmncsa_adl_025_w0006,gmncsa24_gmncsa_adl_025,no_fall,test,/Users/varunreddyseelam/Desktop/Gen_ai/final_pipeline/data/windows/test/no_fall/gmncsa24_gmncsa_adl_025/gmncsa24_gmncsa_adl_025_w0006.json
gmncsa24_gmncsa_adl_068_w0001,gmncsa24_gmncsa_adl_068,no_fall,test,/Users/varunreddyseelam/Desktop/Gen_ai/final_pipeline/data/windows/test/no_fall/gmncsa24_gmncsa_adl_068/gmncsa24_gmncsa_adl_068_w0001.json
gmncsa24_gmncsa_adl_068_w0000,gmncsa24_gmncsa_adl_068,no_fall,test,/Users/varunreddyseelam/Desktop/Gen_ai/final_pipeline/data/windows/test/no_fall/gmncsa24_gmncsa_adl_068/gmncsa24_gmncsa_adl_068_w0000.json
gmncsa24_gmncsa_adl_068_w0003,gmncsa24_gmncsa_adl_068,no_fall,test,/Users/varunreddyseelam/Desktop/Gen_ai/final_pipeline/data/windows/test/no_fall/gmncsa24_gmncsa_adl_068/gmncsa24_gmncsa_adl_068_w0003.json
gmncsa24_gmncsa_adl_068_w0002,gmncsa24_gmncsa_adl_068,no_fall,test,/Users/varunreddyseelam/Desktop/Gen_ai/final_pipeline/data/windows/test/no_fall/gmncsa24_gmncsa_adl_068/gmncsa24_gmncsa_adl_068_w0002.json
gmncsa24_gmncsa_adl_004_w0002,gmncsa24_gmncsa_adl_004,no_fall,test,/Users/varunreddyseelam/Desktop/Gen_ai/final_pipeline/data/windows/test/no_fall/gmncsa24_gmncsa_adl_004/gmncsa24_gmncsa_adl_004_w0002.json
gmncsa24_gmncsa_adl_004_w0003,gmncsa24_gmncsa_adl_004,no_fall,test,/Users/varunreddyseelam/Desktop/Gen_ai/final_pipeline/data/windows/test/no_fall/gmncsa24_gmncsa_adl_004/gmncsa24_gmncsa_adl_004_w0003.json
gmncsa24_gmncsa_adl_004_w0004,gmncsa24_gmncsa_adl_004,no_fall,test,/Users/varunreddyseelam/Desktop/Gen_ai/final_pipeline/data/windows/test/no_fall/gmncsa24_gmncsa_adl_004/gmncsa24_gmncsa_adl_004_w0004.json
gmncsa24_gmncsa_adl_004_w0005,gmncsa24_gmncsa_adl_004,no_fall,test,/Users/varunreddyseelam/Desktop/Gen_ai/final_pipeline/data/windows/test/no_fall/gmncsa24_gmncsa_adl_004/gmncsa24_gmncsa_adl_004_w0005.json
gmncsa24_gmncsa_adl_004_w0006,gmncsa24_gmncsa_adl_004,no_fall,test,/Users/varunreddyseelam/Desktop/Gen_ai/final_pipeline/data/windows/test/no_fall/gmncsa24_gmncsa_adl_004/gmncsa24_gmncsa_adl_004_w0006.json
gmncsa24_gmncsa_adl_004_w0000,gmncsa24_gmncsa_adl_004,no_fall,test,/Users/varunreddyseelam/Desktop/Gen_ai/final_pipeline/data/windows/test/no_fall/gmncsa24_gmncsa_adl_004/gmncsa24_gmncsa_adl_004_w0000.json
gmncsa24_gmncsa_adl_004_w0001,gmncsa24_gmncsa_adl_004,no_fall,test,/Users/varunreddyseelam/Desktop/Gen_ai/final_pipeline/data/windows/test/no_fall/gmncsa24_gmncsa_adl_004/gmncsa24_gmncsa_adl_004_w0001.json
gmncsa24_gmncsa_adl_005_w0007,gmncsa24_gmncsa_adl_005,no_fall,test,/Users/varunreddyseelam/Desktop/Gen_ai/final_pipeline/data/windows/test/no_fall/gmncsa24_gmncsa_adl_005/gmncsa24_gmncsa_adl_005_w0007.json
gmncsa24_gmncsa_adl_005_w0006,gmncsa24_gmncsa_adl_005,no_fall,test,/Users/varunreddyseelam/Desktop/Gen_ai/final_pipeline/data/windows/test/no_fall/gmncsa24_gmncsa_adl_005/gmncsa24_gmncsa_adl_005_w0006.json
gmncsa24_gmncsa_adl_005_w0001,gmncsa24_gmncsa_adl_005,no_fall,test,/Users/varunreddyseelam/Desktop/Gen_ai/final_pipeline/data/windows/test/no_fall/gmncsa24_gmncsa_adl_005/gmncsa24_gmncsa_adl_005_w0001.json
gmncsa24_gmncsa_adl_005_w0000,gmncsa24_gmncsa_adl_005,no_fall,test,/Users/varunreddyseelam/Desktop/Gen_ai/final_pipeline/data/windows/test/no_fall/gmncsa24_gmncsa_adl_005/gmncsa24_gmncsa_adl_005_w0000.json
gmncsa24_gmncsa_adl_005_w0003,gmncsa24_gmncsa_adl_005,no_fall,test,/Users/varunreddyseelam/Desktop/Gen_ai/final_pipeline/data/windows/test/no_fall/gmncsa24_gmncsa_adl_005/gmncsa24_gmncsa_adl_005_w0003.json
gmncsa24_gmncsa_adl_005_w0002,gmncsa24_gmncsa_adl_005,no_fall,test,/Users/varunreddyseelam/Desktop/Gen_ai/final_pipeline/data/windows/test/no_fall/gmncsa24_gmncsa_adl_005/gmncsa24_gmncsa_adl_005_w0002.json
gmncsa24_gmncsa_adl_005_w0005,gmncsa24_gmncsa_adl_005,no_fall,test,/Users/varunreddyseelam/Desktop/Gen_ai/final_pipeline/data/windows/test/no_fall/gmncsa24_gmncsa_adl_005/gmncsa24_gmncsa_adl_005_w0005.json
gmncsa24_gmncsa_adl_005_w0008,gmncsa24_gmncsa_adl_005,no_fall,test,/Users/varunreddyseelam/Desktop/Gen_ai/final_pipeline/data/windows/test/no_fall/gmncsa24_gmncsa_adl_005/gmncsa24_gmncsa_adl_005_w0008.json
gmncsa24_gmncsa_adl_005_w0004,gmncsa24_gmncsa_adl_005,no_fall,test,/Users/varunreddyseelam/Desktop/Gen_ai/final_pipeline/data/windows/test/no_fall/gmncsa24_gmncsa_adl_005/gmncsa24_gmncsa_adl_005_w0004.json
urfd_adl-11-cam0_w0001,urfd_adl-11-cam0,no_fall,test,/Users/varunreddyseelam/Desktop/Gen_ai/final_pipeline/data/windows/test/no_fall/urfd_adl-11-cam0/urfd_adl-11-cam0_w0001.json
urfd_adl-11-cam0_w0000,urfd_adl-11-cam0,no_fall,test,/Users/varunreddyseelam/Desktop/Gen_ai/final_pipeline/data/windows/test/no_fall/urfd_adl-11-cam0/urfd_adl-11-cam0_w0000.json
urfd_adl-11-cam0_w0005,urfd_adl-11-cam0,no_fall,test,/Users/varunreddyseelam/Desktop/Gen_ai/final_pipeline/data/windows/test/no_fall/urfd_adl-11-cam0/urfd_adl-11-cam0_w0005.json
urfd_adl-11-cam0_w0004,urfd_adl-11-cam0,no_fall,test,/Users/varunreddyseelam/Desktop/Gen_ai/final_pipeline/data/windows/test/no_fall/urfd_adl-11-cam0/urfd_adl-11-cam0_w0004.json
urfd_adl-11-cam0_w0003,urfd_adl-11-cam0,no_fall,test,/Users/varunreddyseelam/Desktop/Gen_ai/final_pipeline/data/windows/test/no_fall/urfd_adl-11-cam0/urfd_adl-11-cam0_w0003.json
urfd_adl-11-cam0_w0002,urfd_adl-11-cam0,no_fall,test,/Users/varunreddyseelam/Desktop/Gen_ai/final_pipeline/data/windows/test/no_fall/urfd_adl-11-cam0/urfd_adl-11-cam0_w0002.json
urfd_adl-06-cam0_w0000,urfd_adl-06-cam0,no_fall,test,/Users/varunreddyseelam/Desktop/Gen_ai/final_pipeline/data/windows/test/no_fall/urfd_adl-06-cam0/urfd_adl-06-cam0_w0000.json
urfd_adl-06-cam0_w0001,urfd_adl-06-cam0,no_fall,test,/Users/varunreddyseelam/Desktop/Gen_ai/final_pipeline/data/windows/test/no_fall/urfd_adl-06-cam0/urfd_adl-06-cam0_w0001.json
urfd_adl-06-cam0_w0002,urfd_adl-06-cam0,no_fall,test,/Users/varunreddyseelam/Desktop/Gen_ai/final_pipeline/data/windows/test/no_fall/urfd_adl-06-cam0/urfd_adl-06-cam0_w0002.json
urfd_adl-06-cam0_w0003,urfd_adl-06-cam0,no_fall,test,/Users/varunreddyseelam/Desktop/Gen_ai/final_pipeline/data/windows/test/no_fall/urfd_adl-06-cam0/urfd_adl-06-cam0_w0003.json
urfd_adl-06-cam0_w0004,urfd_adl-06-cam0,no_fall,test,/Users/varunreddyseelam/Desktop/Gen_ai/final_pipeline/data/windows/test/no_fall/urfd_adl-06-cam0/urfd_adl-06-cam0_w0004.json
le2i_H01_video_5_adl_w0000,le2i_H01_video_5_adl,no_fall,test,/Users/varunreddyseelam/Desktop/Gen_ai/final_pipeline/data/windows/test/no_fall/le2i_H01_video_5_adl/le2i_H01_video_5_adl_w0000.json
le2i_H01_video_5_adl_w0001,le2i_H01_video_5_adl,no_fall,test,/Users/varunreddyseelam/Desktop/Gen_ai/final_pipeline/data/windows/test/no_fall/le2i_H01_video_5_adl/le2i_H01_video_5_adl_w0001.json
le2i_H02_video_33_adl_w0002,le2i_H02_video_33_adl,no_fall,test,/Users/varunreddyseelam/Desktop/Gen_ai/final_pipeline/data/windows/test/no_fall/le2i_H02_video_33_adl/le2i_H02_video_33_adl_w0002.json
le2i_H02_video_33_adl_w0000,le2i_H02_video_33_adl,no_fall,test,/Users/varunreddyseelam/Desktop/Gen_ai/final_pipeline/data/windows/test/no_fall/le2i_H02_video_33_adl/le2i_H02_video_33_adl_w0000.json
le2i_H02_video_33_adl_w0001,le2i_H02_video_33_adl,no_fall,test,/Users/varunreddyseelam/Desktop/Gen_ai/final_pipeline/data/windows/test/no_fall/le2i_H02_video_33_adl/le2i_H02_video_33_adl_w0001.json
le2i_H02_video_32_adl_w0001,le2i_H02_video_32_adl,no_fall,test,/Users/varunreddyseelam/Desktop/Gen_ai/final_pipeline/data/windows/test/no_fall/le2i_H02_video_32_adl/le2i_H02_video_32_adl_w0001.json
le2i_H02_video_32_adl_w0000,le2i_H02_video_32_adl,no_fall,test,/Users/varunreddyseelam/Desktop/Gen_ai/final_pipeline/data/windows/test/no_fall/le2i_H02_video_32_adl/le2i_H02_video_32_adl_w0000.json
le2i_H01_video_14_adl_w0001,le2i_H01_video_14_adl,no_fall,test,/Users/varunreddyseelam/Desktop/Gen_ai/final_pipeline/data/windows/test/no_fall/le2i_H01_video_14_adl/le2i_H01_video_14_adl_w0001.json
le2i_H01_video_14_adl_w0000,le2i_H01_video_14_adl,no_fall,test,/Users/varunreddyseelam/Desktop/Gen_ai/final_pipeline/data/windows/test/no_fall/le2i_H01_video_14_adl/le2i_H01_video_14_adl_w0000.json
le2i_H01_video_14_adl_w0003,le2i_H01_video_14_adl,no_fall,test,/Users/varunreddyseelam/Desktop/Gen_ai/final_pipeline/data/windows/test/no_fall/le2i_H01_video_14_adl/le2i_H01_video_14_adl_w0003.json
le2i_H01_video_14_adl_w0002,le2i_H01_video_14_adl,no_fall,test,/Users/varunreddyseelam/Desktop/Gen_ai/final_pipeline/data/windows/test/no_fall/le2i_H01_video_14_adl/le2i_H01_video_14_adl_w0002.json
urfd_adl-20-cam0_w0004,urfd_adl-20-cam0,no_fall,test,/Users/varunreddyseelam/Desktop/Gen_ai/final_pipeline/data/windows/test/no_fall/urfd_adl-20-cam0/urfd_adl-20-cam0_w0004.json
urfd_adl-20-cam0_w0005,urfd_adl-20-cam0,no_fall,test,/Users/varunreddyseelam/Desktop/Gen_ai/final_pipeline/data/windows/test/no_fall/urfd_adl-20-cam0/urfd_adl-20-cam0_w0005.json
urfd_adl-20-cam0_w0002,urfd_adl-20-cam0,no_fall,test,/Users/varunreddyseelam/Desktop/Gen_ai/final_pipeline/data/windows/test/no_fall/urfd_adl-20-cam0/urfd_adl-20-cam0_w0002.json
urfd_adl-20-cam0_w0003,urfd_adl-20-cam0,no_fall,test,/Users/varunreddyseelam/Desktop/Gen_ai/final_pipeline/data/windows/test/no_fall/urfd_adl-20-cam0/urfd_adl-20-cam0_w0003.json
urfd_adl-20-cam0_w0000,urfd_adl-20-cam0,no_fall,test,/Users/varunreddyseelam/Desktop/Gen_ai/final_pipeline/data/windows/test/no_fall/urfd_adl-20-cam0/urfd_adl-20-cam0_w0000.json
urfd_adl-20-cam0_w0001,urfd_adl-20-cam0,no_fall,test,/Users/varunreddyseelam/Desktop/Gen_ai/final_pipeline/data/windows/test/no_fall/urfd_adl-20-cam0/urfd_adl-20-cam0_w0001.json
gmncsa24_gmncsa_adl_072_w0003,gmncsa24_gmncsa_adl_072,no_fall,test,/Users/varunreddyseelam/Desktop/Gen_ai/final_pipeline/data/windows/test/no_fall/gmncsa24_gmncsa_adl_072/gmncsa24_gmncsa_adl_072_w0003.json
gmncsa24_gmncsa_adl_072_w0002,gmncsa24_gmncsa_adl_072,no_fall,test,/Users/varunreddyseelam/Desktop/Gen_ai/final_pipeline/data/windows/test/no_fall/gmncsa24_gmncsa_adl_072/gmncsa24_gmncsa_adl_072_w0002.json
gmncsa24_gmncsa_adl_072_w0004,gmncsa24_gmncsa_adl_072,no_fall,test,/Users/varunreddyseelam/Desktop/Gen_ai/final_pipeline/data/windows/test/no_fall/gmncsa24_gmncsa_adl_072/gmncsa24_gmncsa_adl_072_w0004.json
gmncsa24_gmncsa_adl_072_w0001,gmncsa24_gmncsa_adl_072,no_fall,test,/Users/varunreddyseelam/Desktop/Gen_ai/final_pipeline/data/windows/test/no_fall/gmncsa24_gmncsa_adl_072/gmncsa24_gmncsa_adl_072_w0001.json
gmncsa24_gmncsa_adl_072_w0000,gmncsa24_gmncsa_adl_072,no_fall,test,/Users/varunreddyseelam/Desktop/Gen_ai/final_pipeline/data/windows/test/no_fall/gmncsa24_gmncsa_adl_072/gmncsa24_gmncsa_adl_072_w0000.json
