window_id,video_id,split,label,target,source_video_path,video_start_time_seconds,video_end_time_seconds,window_start_time_seconds,window_end_time_seconds,window_index,window_size,pose_json,pose_frame_count,frame_paths,frame_timestamps_seconds
fall_01_cam0_w0000,fall_01_cam0,train,fall,1,data/raw/urfd_videos/fall/fall-01/cam0/fall-01-cam0.mp4,0.0,5.3333,0.0,0.6667,0,3,data/processed/window_poses_readable/train/label_fall/fall_01_cam0__video_0p000s_to_5p333s/window_0000__time_0p000s_to_0p667s__frames_000000_to_000020.json,0,data/processed/frames/train/fall/fall_01_cam0/frame_000000.jpg|data/processed/frames/train/fall/fall_01_cam0/frame_000010.jpg|data/processed/frames/train/fall/fall_01_cam0/frame_000020.jpg,0.0|0.3333|0.6667
fall_01_cam0_w0001,fall_01_cam0,train,fall,1,data/raw/urfd_videos/fall/fall-01/cam0/fall-01-cam0.mp4,0.0,5.3333,0.6667,1.3333,1,3,data/processed/window_poses_readable/train/label_fall/fall_01_cam0__video_0p000s_to_5p333s/window_0001__time_0p667s_to_1p333s__frames_000020_to_000040.json,0,data/processed/frames/train/fall/fall_01_cam0/frame_000020.jpg|data/processed/frames/train/fall/fall_01_cam0/frame_000030.jpg|data/processed/frames/train/fall/fall_01_cam0/frame_000040.jpg,0.6667|1.0|1.3333
fall_01_cam0_w0002,fall_01_cam0,train,fall,1,data/raw/urfd_videos/fall/fall-01/cam0/fall-01-cam0.mp4,0.0,5.3333,1.3333,2.0,2,3,data/processed/window_poses_readable/train/label_fall/fall_01_cam0__video_0p000s_to_5p333s/window_0002__time_1p333s_to_2p000s__frames_000040_to_000060.json,0,data/processed/frames/train/fall/fall_01_cam0/frame_000040.jpg|data/processed/frames/train/fall/fall_01_cam0/frame_000050.jpg|data/processed/frames/train/fall/fall_01_cam0/frame_000060.jpg,1.3333|1.6667|2.0
fall_01_cam0_w0003,fall_01_cam0,train,fall,1,data/raw/urfd_videos/fall/fall-01/cam0/fall-01-cam0.mp4,0.0,5.3333,2.0,2.6667,3,3,data/processed/window_poses_readable/train/label_fall/fall_01_cam0__video_0p000s_to_5p333s/window_0003__time_2p000s_to_2p667s__frames_000060_to_000080.json,0,data/processed/frames/train/fall/fall_01_cam0/frame_000060.jpg|data/processed/frames/train/fall/fall_01_cam0/frame_000070.jpg|data/processed/frames/train/fall/fall_01_cam0/frame_000080.jpg,2.0|2.3333|2.6667
fall_01_cam0_w0004,fall_01_cam0,train,fall,1,data/raw/urfd_videos/fall/fall-01/cam0/fall-01-cam0.mp4,0.0,5.3333,2.6667,3.3333,4,3,data/processed/window_poses_readable/train/label_fall/fall_01_cam0__video_0p000s_to_5p333s/window_0004__time_2p667s_to_3p333s__frames_000080_to_000100.json,2,data/processed/frames/train/fall/fall_01_cam0/frame_000080.jpg|data/processed/frames/train/fall/fall_01_cam0/frame_000090.jpg|data/processed/frames/train/fall/fall_01_cam0/frame_000100.jpg,2.6667|3.0|3.3333
fall_01_cam0_w0005,fall_01_cam0,train,fall,1,data/raw/urfd_videos/fall/fall-01/cam0/fall-01-cam0.mp4,0.0,5.3333,3.3333,4.0,5,3,data/processed/window_poses_readable/train/label_fall/fall_01_cam0__video_0p000s_to_5p333s/window_0005__time_3p333s_to_4p000s__frames_000100_to_000120.json,2,data/processed/frames/train/fall/fall_01_cam0/frame_000100.jpg|data/processed/frames/train/fall/fall_01_cam0/frame_000110.jpg|data/processed/frames/train/fall/fall_01_cam0/frame_000120.jpg,3.3333|3.6667|4.0
fall_01_cam0_w0006,fall_01_cam0,train,fall,1,data/raw/urfd_videos/fall/fall-01/cam0/fall-01-cam0.mp4,0.0,5.3333,4.0,4.6667,6,3,data/processed/window_poses_readable/train/label_fall/fall_01_cam0__video_0p000s_to_5p333s/window_0006__time_4p000s_to_4p667s__frames_000120_to_000140.json,0,data/processed/frames/train/fall/fall_01_cam0/frame_000120.jpg|data/processed/frames/train/fall/fall_01_cam0/frame_000130.jpg|data/processed/frames/train/fall/fall_01_cam0/frame_000140.jpg,4.0|4.3333|4.6667
fall_01_cam1_w0000,fall_01_cam1,train,fall,1,data/raw/urfd_videos/fall/fall-01/cam1/fall-01-cam1.mp4,0.0,5.3333,0.0,0.6667,0,3,data/processed/window_poses_readable/train/label_fall/fall_01_cam1__video_0p000s_to_5p333s/window_0000__time_0p000s_to_0p667s__frames_000000_to_000020.json,3,data/processed/frames/train/fall/fall_01_cam1/frame_000000.jpg|data/processed/frames/train/fall/fall_01_cam1/frame_000010.jpg|data/processed/frames/train/fall/fall_01_cam1/frame_000020.jpg,0.0|0.3333|0.6667
fall_01_cam1_w0001,fall_01_cam1,train,fall,1,data/raw/urfd_videos/fall/fall-01/cam1/fall-01-cam1.mp4,0.0,5.3333,0.6667,1.3333,1,3,data/processed/window_poses_readable/train/label_fall/fall_01_cam1__video_0p000s_to_5p333s/window_0001__time_0p667s_to_1p333s__frames_000020_to_000040.json,3,data/processed/frames/train/fall/fall_01_cam1/frame_000020.jpg|data/processed/frames/train/fall/fall_01_cam1/frame_000030.jpg|data/processed/frames/train/fall/fall_01_cam1/frame_000040.jpg,0.6667|1.0|1.3333
fall_01_cam1_w0002,fall_01_cam1,train,fall,1,data/raw/urfd_videos/fall/fall-01/cam1/fall-01-cam1.mp4,0.0,5.3333,1.3333,2.0,2,3,data/processed/window_poses_readable/train/label_fall/fall_01_cam1__video_0p000s_to_5p333s/window_0002__time_1p333s_to_2p000s__frames_000040_to_000060.json,3,data/processed/frames/train/fall/fall_01_cam1/frame_000040.jpg|data/processed/frames/train/fall/fall_01_cam1/frame_000050.jpg|data/processed/frames/train/fall/fall_01_cam1/frame_000060.jpg,1.3333|1.6667|2.0
fall_01_cam1_w0003,fall_01_cam1,train,fall,1,data/raw/urfd_videos/fall/fall-01/cam1/fall-01-cam1.mp4,0.0,5.3333,2.0,2.6667,3,3,data/processed/window_poses_readable/train/label_fall/fall_01_cam1__video_0p000s_to_5p333s/window_0003__time_2p000s_to_2p667s__frames_000060_to_000080.json,3,data/processed/frames/train/fall/fall_01_cam1/frame_000060.jpg|data/processed/frames/train/fall/fall_01_cam1/frame_000070.jpg|data/processed/frames/train/fall/fall_01_cam1/frame_000080.jpg,2.0|2.3333|2.6667
fall_01_cam1_w0004,fall_01_cam1,train,fall,1,data/raw/urfd_videos/fall/fall-01/cam1/fall-01-cam1.mp4,0.0,5.3333,2.6667,3.3333,4,3,data/processed/window_poses_readable/train/label_fall/fall_01_cam1__video_0p000s_to_5p333s/window_0004__time_2p667s_to_3p333s__frames_000080_to_000100.json,3,data/processed/frames/train/fall/fall_01_cam1/frame_000080.jpg|data/processed/frames/train/fall/fall_01_cam1/frame_000090.jpg|data/processed/frames/train/fall/fall_01_cam1/frame_000100.jpg,2.6667|3.0|3.3333
fall_01_cam1_w0005,fall_01_cam1,train,fall,1,data/raw/urfd_videos/fall/fall-01/cam1/fall-01-cam1.mp4,0.0,5.3333,3.3333,4.0,5,3,data/processed/window_poses_readable/train/label_fall/fall_01_cam1__video_0p000s_to_5p333s/window_0005__time_3p333s_to_4p000s__frames_000100_to_000120.json,3,data/processed/frames/train/fall/fall_01_cam1/frame_000100.jpg|data/processed/frames/train/fall/fall_01_cam1/frame_000110.jpg|data/processed/frames/train/fall/fall_01_cam1/frame_000120.jpg,3.3333|3.6667|4.0
fall_01_cam1_w0006,fall_01_cam1,train,fall,1,data/raw/urfd_videos/fall/fall-01/cam1/fall-01-cam1.mp4,0.0,5.3333,4.0,4.6667,6,3,data/processed/window_poses_readable/train/label_fall/fall_01_cam1__video_0p000s_to_5p333s/window_0006__time_4p000s_to_4p667s__frames_000120_to_000140.json,3,data/processed/frames/train/fall/fall_01_cam1/frame_000120.jpg|data/processed/frames/train/fall/fall_01_cam1/frame_000130.jpg|data/processed/frames/train/fall/fall_01_cam1/frame_000140.jpg,4.0|4.3333|4.6667
fall_02_cam0_w0000,fall_02_cam0,train,fall,1,data/raw/urfd_videos/fall/fall-02/cam0/fall-02-cam0.mp4,0.0,3.6667,0.0,0.6667,0,3,data/processed/window_poses_readable/train/label_fall/fall_02_cam0__video_0p000s_to_3p667s/window_0000__time_0p000s_to_0p667s__frames_000000_to_000020.json,3,data/processed/frames/train/fall/fall_02_cam0/frame_000000.jpg|data/processed/frames/train/fall/fall_02_cam0/frame_000010.jpg|data/processed/frames/train/fall/fall_02_cam0/frame_000020.jpg,0.0|0.3333|0.6667
fall_02_cam0_w0001,fall_02_cam0,train,fall,1,data/raw/urfd_videos/fall/fall-02/cam0/fall-02-cam0.mp4,0.0,3.6667,0.6667,1.3333,1,3,data/processed/window_poses_readable/train/label_fall/fall_02_cam0__video_0p000s_to_3p667s/window_0001__time_0p667s_to_1p333s__frames_000020_to_000040.json,3,data/processed/frames/train/fall/fall_02_cam0/frame_000020.jpg|data/processed/frames/train/fall/fall_02_cam0/frame_000030.jpg|data/processed/frames/train/fall/fall_02_cam0/frame_000040.jpg,0.6667|1.0|1.3333
fall_02_cam0_w0002,fall_02_cam0,train,fall,1,data/raw/urfd_videos/fall/fall-02/cam0/fall-02-cam0.mp4,0.0,3.6667,1.3333,2.0,2,3,data/processed/window_poses_readable/train/label_fall/fall_02_cam0__video_0p000s_to_3p667s/window_0002__time_1p333s_to_2p000s__frames_000040_to_000060.json,3,data/processed/frames/train/fall/fall_02_cam0/frame_000040.jpg|data/processed/frames/train/fall/fall_02_cam0/frame_000050.jpg|data/processed/frames/train/fall/fall_02_cam0/frame_000060.jpg,1.3333|1.6667|2.0
fall_02_cam0_w0003,fall_02_cam0,train,fall,1,data/raw/urfd_videos/fall/fall-02/cam0/fall-02-cam0.mp4,0.0,3.6667,2.0,2.6667,3,3,data/processed/window_poses_readable/train/label_fall/fall_02_cam0__video_0p000s_to_3p667s/window_0003__time_2p000s_to_2p667s__frames_000060_to_000080.json,3,data/processed/frames/train/fall/fall_02_cam0/frame_000060.jpg|data/processed/frames/train/fall/fall_02_cam0/frame_000070.jpg|data/processed/frames/train/fall/fall_02_cam0/frame_000080.jpg,2.0|2.3333|2.6667
fall_02_cam0_w0004,fall_02_cam0,train,fall,1,data/raw/urfd_videos/fall/fall-02/cam0/fall-02-cam0.mp4,0.0,3.6667,2.6667,3.3333,4,3,data/processed/window_poses_readable/train/label_fall/fall_02_cam0__video_0p000s_to_3p667s/window_0004__time_2p667s_to_3p333s__frames_000080_to_000100.json,3,data/processed/frames/train/fall/fall_02_cam0/frame_000080.jpg|data/processed/frames/train/fall/fall_02_cam0/frame_000090.jpg|data/processed/frames/train/fall/fall_02_cam0/frame_000100.jpg,2.6667|3.0|3.3333
fall_02_cam1_w0000,fall_02_cam1,train,fall,1,data/raw/urfd_videos/fall/fall-02/cam1/fall-02-cam1.mp4,0.0,3.6667,0.0,0.6667,0,3,data/processed/window_poses_readable/train/label_fall/fall_02_cam1__video_0p000s_to_3p667s/window_0000__time_0p000s_to_0p667s__frames_000000_to_000020.json,1,data/processed/frames/train/fall/fall_02_cam1/frame_000000.jpg|data/processed/frames/train/fall/fall_02_cam1/frame_000010.jpg|data/processed/frames/train/fall/fall_02_cam1/frame_000020.jpg,0.0|0.3333|0.6667
fall_02_cam1_w0001,fall_02_cam1,train,fall,1,data/raw/urfd_videos/fall/fall-02/cam1/fall-02-cam1.mp4,0.0,3.6667,0.6667,1.3333,1,3,data/processed/window_poses_readable/train/label_fall/fall_02_cam1__video_0p000s_to_3p667s/window_0001__time_0p667s_to_1p333s__frames_000020_to_000040.json,3,data/processed/frames/train/fall/fall_02_cam1/frame_000020.jpg|data/processed/frames/train/fall/fall_02_cam1/frame_000030.jpg|data/processed/frames/train/fall/fall_02_cam1/frame_000040.jpg,0.6667|1.0|1.3333
fall_02_cam1_w0002,fall_02_cam1,train,fall,1,data/raw/urfd_videos/fall/fall-02/cam1/fall-02-cam1.mp4,0.0,3.6667,1.3333,2.0,2,3,data/processed/window_poses_readable/train/label_fall/fall_02_cam1__video_0p000s_to_3p667s/window_0002__time_1p333s_to_2p000s__frames_000040_to_000060.json,3,data/processed/frames/train/fall/fall_02_cam1/frame_000040.jpg|data/processed/frames/train/fall/fall_02_cam1/frame_000050.jpg|data/processed/frames/train/fall/fall_02_cam1/frame_000060.jpg,1.3333|1.6667|2.0
fall_02_cam1_w0003,fall_02_cam1,train,fall,1,data/raw/urfd_videos/fall/fall-02/cam1/fall-02-cam1.mp4,0.0,3.6667,2.0,2.6667,3,3,data/processed/window_poses_readable/train/label_fall/fall_02_cam1__video_0p000s_to_3p667s/window_0003__time_2p000s_to_2p667s__frames_000060_to_000080.json,2,data/processed/frames/train/fall/fall_02_cam1/frame_000060.jpg|data/processed/frames/train/fall/fall_02_cam1/frame_000070.jpg|data/processed/frames/train/fall/fall_02_cam1/frame_000080.jpg,2.0|2.3333|2.6667
fall_02_cam1_w0004,fall_02_cam1,train,fall,1,data/raw/urfd_videos/fall/fall-02/cam1/fall-02-cam1.mp4,0.0,3.6667,2.6667,3.3333,4,3,data/processed/window_poses_readable/train/label_fall/fall_02_cam1__video_0p000s_to_3p667s/window_0004__time_2p667s_to_3p333s__frames_000080_to_000100.json,2,data/processed/frames/train/fall/fall_02_cam1/frame_000080.jpg|data/processed/frames/train/fall/fall_02_cam1/frame_000090.jpg|data/processed/frames/train/fall/fall_02_cam1/frame_000100.jpg,2.6667|3.0|3.3333
fall_03_cam0_w0000,fall_03_cam0,train,fall,1,data/raw/urfd_videos/fall/fall-03/cam0/fall-03-cam0.mp4,0.0,7.1667,0.0,0.6667,0,3,data/processed/window_poses_readable/train/label_fall/fall_03_cam0__video_0p000s_to_7p167s/window_0000__time_0p000s_to_0p667s__frames_000000_to_000020.json,0,data/processed/frames/train/fall/fall_03_cam0/frame_000000.jpg|data/processed/frames/train/fall/fall_03_cam0/frame_000010.jpg|data/processed/frames/train/fall/fall_03_cam0/frame_000020.jpg,0.0|0.3333|0.6667
fall_03_cam0_w0001,fall_03_cam0,train,fall,1,data/raw/urfd_videos/fall/fall-03/cam0/fall-03-cam0.mp4,0.0,7.1667,0.6667,1.3333,1,3,data/processed/window_poses_readable/train/label_fall/fall_03_cam0__video_0p000s_to_7p167s/window_0001__time_0p667s_to_1p333s__frames_000020_to_000040.json,0,data/processed/frames/train/fall/fall_03_cam0/frame_000020.jpg|data/processed/frames/train/fall/fall_03_cam0/frame_000030.jpg|data/processed/frames/train/fall/fall_03_cam0/frame_000040.jpg,0.6667|1.0|1.3333
fall_03_cam0_w0002,fall_03_cam0,train,fall,1,data/raw/urfd_videos/fall/fall-03/cam0/fall-03-cam0.mp4,0.0,7.1667,1.3333,2.0,2,3,data/processed/window_poses_readable/train/label_fall/fall_03_cam0__video_0p000s_to_7p167s/window_0002__time_1p333s_to_2p000s__frames_000040_to_000060.json,2,data/processed/frames/train/fall/fall_03_cam0/frame_000040.jpg|data/processed/frames/train/fall/fall_03_cam0/frame_000050.jpg|data/processed/frames/train/fall/fall_03_cam0/frame_000060.jpg,1.3333|1.6667|2.0
fall_03_cam0_w0003,fall_03_cam0,train,fall,1,data/raw/urfd_videos/fall/fall-03/cam0/fall-03-cam0.mp4,0.0,7.1667,2.0,2.6667,3,3,data/processed/window_poses_readable/train/label_fall/fall_03_cam0__video_0p000s_to_7p167s/window_0003__time_2p000s_to_2p667s__frames_000060_to_000080.json,3,data/processed/frames/train/fall/fall_03_cam0/frame_000060.jpg|data/processed/frames/train/fall/fall_03_cam0/frame_000070.jpg|data/processed/frames/train/fall/fall_03_cam0/frame_000080.jpg,2.0|2.3333|2.6667
fall_03_cam0_w0004,fall_03_cam0,train,fall,1,data/raw/urfd_videos/fall/fall-03/cam0/fall-03-cam0.mp4,0.0,7.1667,2.6667,3.3333,4,3,data/processed/window_poses_readable/train/label_fall/fall_03_cam0__video_0p000s_to_7p167s/window_0004__time_2p667s_to_3p333s__frames_000080_to_000100.json,3,data/processed/frames/train/fall/fall_03_cam0/frame_000080.jpg|data/processed/frames/train/fall/fall_03_cam0/frame_000090.jpg|data/processed/frames/train/fall/fall_03_cam0/frame_000100.jpg,2.6667|3.0|3.3333
fall_03_cam0_w0005,fall_03_cam0,train,fall,1,data/raw/urfd_videos/fall/fall-03/cam0/fall-03-cam0.mp4,0.0,7.1667,3.3333,4.0,5,3,data/processed/window_poses_readable/train/label_fall/fall_03_cam0__video_0p000s_to_7p167s/window_0005__time_3p333s_to_4p000s__frames_000100_to_000120.json,3,data/processed/frames/train/fall/fall_03_cam0/frame_000100.jpg|data/processed/frames/train/fall/fall_03_cam0/frame_000110.jpg|data/processed/frames/train/fall/fall_03_cam0/frame_000120.jpg,3.3333|3.6667|4.0
fall_03_cam0_w0006,fall_03_cam0,train,fall,1,data/raw/urfd_videos/fall/fall-03/cam0/fall-03-cam0.mp4,0.0,7.1667,4.0,4.6667,6,3,data/processed/window_poses_readable/train/label_fall/fall_03_cam0__video_0p000s_to_7p167s/window_0006__time_4p000s_to_4p667s__frames_000120_to_000140.json,2,data/processed/frames/train/fall/fall_03_cam0/frame_000120.jpg|data/processed/frames/train/fall/fall_03_cam0/frame_000130.jpg|data/processed/frames/train/fall/fall_03_cam0/frame_000140.jpg,4.0|4.3333|4.6667
fall_03_cam0_w0007,fall_03_cam0,train,fall,1,data/raw/urfd_videos/fall/fall-03/cam0/fall-03-cam0.mp4,0.0,7.1667,4.6667,5.3333,7,3,data/processed/window_poses_readable/train/label_fall/fall_03_cam0__video_0p000s_to_7p167s/window_0007__time_4p667s_to_5p333s__frames_000140_to_000160.json,3,data/processed/frames/train/fall/fall_03_cam0/frame_000140.jpg|data/processed/frames/train/fall/fall_03_cam0/frame_000150.jpg|data/processed/frames/train/fall/fall_03_cam0/frame_000160.jpg,4.6667|5.0|5.3333
fall_03_cam0_w0008,fall_03_cam0,train,fall,1,data/raw/urfd_videos/fall/fall-03/cam0/fall-03-cam0.mp4,0.0,7.1667,5.3333,6.0,8,3,data/processed/window_poses_readable/train/label_fall/fall_03_cam0__video_0p000s_to_7p167s/window_0008__time_5p333s_to_6p000s__frames_000160_to_000180.json,3,data/processed/frames/train/fall/fall_03_cam0/frame_000160.jpg|data/processed/frames/train/fall/fall_03_cam0/frame_000170.jpg|data/processed/frames/train/fall/fall_03_cam0/frame_000180.jpg,5.3333|5.6667|6.0
fall_03_cam0_w0009,fall_03_cam0,train,fall,1,data/raw/urfd_videos/fall/fall-03/cam0/fall-03-cam0.mp4,0.0,7.1667,6.0,6.6667,9,3,data/processed/window_poses_readable/train/label_fall/fall_03_cam0__video_0p000s_to_7p167s/window_0009__time_6p000s_to_6p667s__frames_000180_to_000200.json,3,data/processed/frames/train/fall/fall_03_cam0/frame_000180.jpg|data/processed/frames/train/fall/fall_03_cam0/frame_000190.jpg|data/processed/frames/train/fall/fall_03_cam0/frame_000200.jpg,6.0|6.3333|6.6667
fall_03_cam1_w0000,fall_03_cam1,train,fall,1,data/raw/urfd_videos/fall/fall-03/cam1/fall-03-cam1.mp4,0.0,7.1667,0.0,0.6667,0,3,data/processed/window_poses_readable/train/label_fall/fall_03_cam1__video_0p000s_to_7p167s/window_0000__time_0p000s_to_0p667s__frames_000000_to_000020.json,3,data/processed/frames/train/fall/fall_03_cam1/frame_000000.jpg|data/processed/frames/train/fall/fall_03_cam1/frame_000010.jpg|data/processed/frames/train/fall/fall_03_cam1/frame_000020.jpg,0.0|0.3333|0.6667
fall_03_cam1_w0001,fall_03_cam1,train,fall,1,data/raw/urfd_videos/fall/fall-03/cam1/fall-03-cam1.mp4,0.0,7.1667,0.6667,1.3333,1,3,data/processed/window_poses_readable/train/label_fall/fall_03_cam1__video_0p000s_to_7p167s/window_0001__time_0p667s_to_1p333s__frames_000020_to_000040.json,3,data/processed/frames/train/fall/fall_03_cam1/frame_000020.jpg|data/processed/frames/train/fall/fall_03_cam1/frame_000030.jpg|data/processed/frames/train/fall/fall_03_cam1/frame_000040.jpg,0.6667|1.0|1.3333
fall_03_cam1_w0002,fall_03_cam1,train,fall,1,data/raw/urfd_videos/fall/fall-03/cam1/fall-03-cam1.mp4,0.0,7.1667,1.3333,2.0,2,3,data/processed/window_poses_readable/train/label_fall/fall_03_cam1__video_0p000s_to_7p167s/window_0002__time_1p333s_to_2p000s__frames_000040_to_000060.json,2,data/processed/frames/train/fall/fall_03_cam1/frame_000040.jpg|data/processed/frames/train/fall/fall_03_cam1/frame_000050.jpg|data/processed/frames/train/fall/fall_03_cam1/frame_000060.jpg,1.3333|1.6667|2.0
fall_03_cam1_w0003,fall_03_cam1,train,fall,1,data/raw/urfd_videos/fall/fall-03/cam1/fall-03-cam1.mp4,0.0,7.1667,2.0,2.6667,3,3,data/processed/window_poses_readable/train/label_fall/fall_03_cam1__video_0p000s_to_7p167s/window_0003__time_2p000s_to_2p667s__frames_000060_to_000080.json,2,data/processed/frames/train/fall/fall_03_cam1/frame_000060.jpg|data/processed/frames/train/fall/fall_03_cam1/frame_000070.jpg|data/processed/frames/train/fall/fall_03_cam1/frame_000080.jpg,2.0|2.3333|2.6667
fall_03_cam1_w0004,fall_03_cam1,train,fall,1,data/raw/urfd_videos/fall/fall-03/cam1/fall-03-cam1.mp4,0.0,7.1667,2.6667,3.3333,4,3,data/processed/window_poses_readable/train/label_fall/fall_03_cam1__video_0p000s_to_7p167s/window_0004__time_2p667s_to_3p333s__frames_000080_to_000100.json,2,data/processed/frames/train/fall/fall_03_cam1/frame_000080.jpg|data/processed/frames/train/fall/fall_03_cam1/frame_000090.jpg|data/processed/frames/train/fall/fall_03_cam1/frame_000100.jpg,2.6667|3.0|3.3333
fall_03_cam1_w0005,fall_03_cam1,train,fall,1,data/raw/urfd_videos/fall/fall-03/cam1/fall-03-cam1.mp4,0.0,7.1667,3.3333,4.0,5,3,data/processed/window_poses_readable/train/label_fall/fall_03_cam1__video_0p000s_to_7p167s/window_0005__time_3p333s_to_4p000s__frames_000100_to_000120.json,2,data/processed/frames/train/fall/fall_03_cam1/frame_000100.jpg|data/processed/frames/train/fall/fall_03_cam1/frame_000110.jpg|data/processed/frames/train/fall/fall_03_cam1/frame_000120.jpg,3.3333|3.6667|4.0
fall_03_cam1_w0006,fall_03_cam1,train,fall,1,data/raw/urfd_videos/fall/fall-03/cam1/fall-03-cam1.mp4,0.0,7.1667,4.0,4.6667,6,3,data/processed/window_poses_readable/train/label_fall/fall_03_cam1__video_0p000s_to_7p167s/window_0006__time_4p000s_to_4p667s__frames_000120_to_000140.json,1,data/processed/frames/train/fall/fall_03_cam1/frame_000120.jpg|data/processed/frames/train/fall/fall_03_cam1/frame_000130.jpg|data/processed/frames/train/fall/fall_03_cam1/frame_000140.jpg,4.0|4.3333|4.6667
fall_03_cam1_w0007,fall_03_cam1,train,fall,1,data/raw/urfd_videos/fall/fall-03/cam1/fall-03-cam1.mp4,0.0,7.1667,4.6667,5.3333,7,3,data/processed/window_poses_readable/train/label_fall/fall_03_cam1__video_0p000s_to_7p167s/window_0007__time_4p667s_to_5p333s__frames_000140_to_000160.json,2,data/processed/frames/train/fall/fall_03_cam1/frame_000140.jpg|data/processed/frames/train/fall/fall_03_cam1/frame_000150.jpg|data/processed/frames/train/fall/fall_03_cam1/frame_000160.jpg,4.6667|5.0|5.3333
fall_03_cam1_w0008,fall_03_cam1,train,fall,1,data/raw/urfd_videos/fall/fall-03/cam1/fall-03-cam1.mp4,0.0,7.1667,5.3333,6.0,8,3,data/processed/window_poses_readable/train/label_fall/fall_03_cam1__video_0p000s_to_7p167s/window_0008__time_5p333s_to_6p000s__frames_000160_to_000180.json,2,data/processed/frames/train/fall/fall_03_cam1/frame_000160.jpg|data/processed/frames/train/fall/fall_03_cam1/frame_000170.jpg|data/processed/frames/train/fall/fall_03_cam1/frame_000180.jpg,5.3333|5.6667|6.0
fall_03_cam1_w0009,fall_03_cam1,train,fall,1,data/raw/urfd_videos/fall/fall-03/cam1/fall-03-cam1.mp4,0.0,7.1667,6.0,6.6667,9,3,data/processed/window_poses_readable/train/label_fall/fall_03_cam1__video_0p000s_to_7p167s/window_0009__time_6p000s_to_6p667s__frames_000180_to_000200.json,2,data/processed/frames/train/fall/fall_03_cam1/frame_000180.jpg|data/processed/frames/train/fall/fall_03_cam1/frame_000190.jpg|data/processed/frames/train/fall/fall_03_cam1/frame_000200.jpg,6.0|6.3333|6.6667
fall_06_cam0_w0000,fall_06_cam0,train,fall,1,data/raw/urfd_videos/fall/fall-06/cam0/fall-06-cam0.mp4,0.0,3.3333,0.0,0.6667,0,3,data/processed/window_poses_readable/train/label_fall/fall_06_cam0__video_0p000s_to_3p333s/window_0000__time_0p000s_to_0p667s__frames_000000_to_000020.json,3,data/processed/frames/train/fall/fall_06_cam0/frame_000000.jpg|data/processed/frames/train/fall/fall_06_cam0/frame_000010.jpg|data/processed/frames/train/fall/fall_06_cam0/frame_000020.jpg,0.0|0.3333|0.6667
fall_06_cam0_w0001,fall_06_cam0,train,fall,1,data/raw/urfd_videos/fall/fall-06/cam0/fall-06-cam0.mp4,0.0,3.3333,0.6667,1.3333,1,3,data/processed/window_poses_readable/train/label_fall/fall_06_cam0__video_0p000s_to_3p333s/window_0001__time_0p667s_to_1p333s__frames_000020_to_000040.json,3,data/processed/frames/train/fall/fall_06_cam0/frame_000020.jpg|data/processed/frames/train/fall/fall_06_cam0/frame_000030.jpg|data/processed/frames/train/fall/fall_06_cam0/frame_000040.jpg,0.6667|1.0|1.3333
fall_06_cam0_w0002,fall_06_cam0,train,fall,1,data/raw/urfd_videos/fall/fall-06/cam0/fall-06-cam0.mp4,0.0,3.3333,1.3333,2.0,2,3,data/processed/window_poses_readable/train/label_fall/fall_06_cam0__video_0p000s_to_3p333s/window_0002__time_1p333s_to_2p000s__frames_000040_to_000060.json,3,data/processed/frames/train/fall/fall_06_cam0/frame_000040.jpg|data/processed/frames/train/fall/fall_06_cam0/frame_000050.jpg|data/processed/frames/train/fall/fall_06_cam0/frame_000060.jpg,1.3333|1.6667|2.0
fall_06_cam0_w0003,fall_06_cam0,train,fall,1,data/raw/urfd_videos/fall/fall-06/cam0/fall-06-cam0.mp4,0.0,3.3333,2.0,2.6667,3,3,data/processed/window_poses_readable/train/label_fall/fall_06_cam0__video_0p000s_to_3p333s/window_0003__time_2p000s_to_2p667s__frames_000060_to_000080.json,3,data/processed/frames/train/fall/fall_06_cam0/frame_000060.jpg|data/processed/frames/train/fall/fall_06_cam0/frame_000070.jpg|data/processed/frames/train/fall/fall_06_cam0/frame_000080.jpg,2.0|2.3333|2.6667
fall_06_cam1_w0000,fall_06_cam1,train,fall,1,data/raw/urfd_videos/fall/fall-06/cam1/fall-06-cam1.mp4,0.0,3.3333,0.0,0.6667,0,3,data/processed/window_poses_readable/train/label_fall/fall_06_cam1__video_0p000s_to_3p333s/window_0000__time_0p000s_to_0p667s__frames_000000_to_000020.json,2,data/processed/frames/train/fall/fall_06_cam1/frame_000000.jpg|data/processed/frames/train/fall/fall_06_cam1/frame_000010.jpg|data/processed/frames/train/fall/fall_06_cam1/frame_000020.jpg,0.0|0.3333|0.6667
fall_06_cam1_w0001,fall_06_cam1,train,fall,1,data/raw/urfd_videos/fall/fall-06/cam1/fall-06-cam1.mp4,0.0,3.3333,0.6667,1.3333,1,3,data/processed/window_poses_readable/train/label_fall/fall_06_cam1__video_0p000s_to_3p333s/window_0001__time_0p667s_to_1p333s__frames_000020_to_000040.json,2,data/processed/frames/train/fall/fall_06_cam1/frame_000020.jpg|data/processed/frames/train/fall/fall_06_cam1/frame_000030.jpg|data/processed/frames/train/fall/fall_06_cam1/frame_000040.jpg,0.6667|1.0|1.3333
fall_06_cam1_w0002,fall_06_cam1,train,fall,1,data/raw/urfd_videos/fall/fall-06/cam1/fall-06-cam1.mp4,0.0,3.3333,1.3333,2.0,2,3,data/processed/window_poses_readable/train/label_fall/fall_06_cam1__video_0p000s_to_3p333s/window_0002__time_1p333s_to_2p000s__frames_000040_to_000060.json,2,data/processed/frames/train/fall/fall_06_cam1/frame_000040.jpg|data/processed/frames/train/fall/fall_06_cam1/frame_000050.jpg|data/processed/frames/train/fall/fall_06_cam1/frame_000060.jpg,1.3333|1.6667|2.0
fall_06_cam1_w0003,fall_06_cam1,train,fall,1,data/raw/urfd_videos/fall/fall-06/cam1/fall-06-cam1.mp4,0.0,3.3333,2.0,2.6667,3,3,data/processed/window_poses_readable/train/label_fall/fall_06_cam1__video_0p000s_to_3p333s/window_0003__time_2p000s_to_2p667s__frames_000060_to_000080.json,3,data/processed/frames/train/fall/fall_06_cam1/frame_000060.jpg|data/processed/frames/train/fall/fall_06_cam1/frame_000070.jpg|data/processed/frames/train/fall/fall_06_cam1/frame_000080.jpg,2.0|2.3333|2.6667
fall_07_cam0_w0000,fall_07_cam0,train,fall,1,data/raw/urfd_videos/fall/fall-07/cam0/fall-07-cam0.mp4,0.0,5.2,0.0,0.6667,0,3,data/processed/window_poses_readable/train/label_fall/fall_07_cam0__video_0p000s_to_5p200s/window_0000__time_0p000s_to_0p667s__frames_000000_to_000020.json,3,data/processed/frames/train/fall/fall_07_cam0/frame_000000.jpg|data/processed/frames/train/fall/fall_07_cam0/frame_000010.jpg|data/processed/frames/train/fall/fall_07_cam0/frame_000020.jpg,0.0|0.3333|0.6667
fall_07_cam0_w0001,fall_07_cam0,train,fall,1,data/raw/urfd_videos/fall/fall-07/cam0/fall-07-cam0.mp4,0.0,5.2,0.6667,1.3333,1,3,data/processed/window_poses_readable/train/label_fall/fall_07_cam0__video_0p000s_to_5p200s/window_0001__time_0p667s_to_1p333s__frames_000020_to_000040.json,3,data/processed/frames/train/fall/fall_07_cam0/frame_000020.jpg|data/processed/frames/train/fall/fall_07_cam0/frame_000030.jpg|data/processed/frames/train/fall/fall_07_cam0/frame_000040.jpg,0.6667|1.0|1.3333
fall_07_cam0_w0002,fall_07_cam0,train,fall,1,data/raw/urfd_videos/fall/fall-07/cam0/fall-07-cam0.mp4,0.0,5.2,1.3333,2.0,2,3,data/processed/window_poses_readable/train/label_fall/fall_07_cam0__video_0p000s_to_5p200s/window_0002__time_1p333s_to_2p000s__frames_000040_to_000060.json,3,data/processed/frames/train/fall/fall_07_cam0/frame_000040.jpg|data/processed/frames/train/fall/fall_07_cam0/frame_000050.jpg|data/processed/frames/train/fall/fall_07_cam0/frame_000060.jpg,1.3333|1.6667|2.0
fall_07_cam0_w0003,fall_07_cam0,train,fall,1,data/raw/urfd_videos/fall/fall-07/cam0/fall-07-cam0.mp4,0.0,5.2,2.0,2.6667,3,3,data/processed/window_poses_readable/train/label_fall/fall_07_cam0__video_0p000s_to_5p200s/window_0003__time_2p000s_to_2p667s__frames_000060_to_000080.json,3,data/processed/frames/train/fall/fall_07_cam0/frame_000060.jpg|data/processed/frames/train/fall/fall_07_cam0/frame_000070.jpg|data/processed/frames/train/fall/fall_07_cam0/frame_000080.jpg,2.0|2.3333|2.6667
fall_07_cam0_w0004,fall_07_cam0,train,fall,1,data/raw/urfd_videos/fall/fall-07/cam0/fall-07-cam0.mp4,0.0,5.2,2.6667,3.3333,4,3,data/processed/window_poses_readable/train/label_fall/fall_07_cam0__video_0p000s_to_5p200s/window_0004__time_2p667s_to_3p333s__frames_000080_to_000100.json,3,data/processed/frames/train/fall/fall_07_cam0/frame_000080.jpg|data/processed/frames/train/fall/fall_07_cam0/frame_000090.jpg|data/processed/frames/train/fall/fall_07_cam0/frame_000100.jpg,2.6667|3.0|3.3333
fall_07_cam0_w0005,fall_07_cam0,train,fall,1,data/raw/urfd_videos/fall/fall-07/cam0/fall-07-cam0.mp4,0.0,5.2,3.3333,4.0,5,3,data/processed/window_poses_readable/train/label_fall/fall_07_cam0__video_0p000s_to_5p200s/window_0005__time_3p333s_to_4p000s__frames_000100_to_000120.json,3,data/processed/frames/train/fall/fall_07_cam0/frame_000100.jpg|data/processed/frames/train/fall/fall_07_cam0/frame_000110.jpg|data/processed/frames/train/fall/fall_07_cam0/frame_000120.jpg,3.3333|3.6667|4.0
fall_07_cam0_w0006,fall_07_cam0,train,fall,1,data/raw/urfd_videos/fall/fall-07/cam0/fall-07-cam0.mp4,0.0,5.2,4.0,4.6667,6,3,data/processed/window_poses_readable/train/label_fall/fall_07_cam0__video_0p000s_to_5p200s/window_0006__time_4p000s_to_4p667s__frames_000120_to_000140.json,3,data/processed/frames/train/fall/fall_07_cam0/frame_000120.jpg|data/processed/frames/train/fall/fall_07_cam0/frame_000130.jpg|data/processed/frames/train/fall/fall_07_cam0/frame_000140.jpg,4.0|4.3333|4.6667
fall_07_cam1_w0000,fall_07_cam1,train,fall,1,data/raw/urfd_videos/fall/fall-07/cam1/fall-07-cam1.mp4,0.0,5.2,0.0,0.6667,0,3,data/processed/window_poses_readable/train/label_fall/fall_07_cam1__video_0p000s_to_5p200s/window_0000__time_0p000s_to_0p667s__frames_000000_to_000020.json,3,data/processed/frames/train/fall/fall_07_cam1/frame_000000.jpg|data/processed/frames/train/fall/fall_07_cam1/frame_000010.jpg|data/processed/frames/train/fall/fall_07_cam1/frame_000020.jpg,0.0|0.3333|0.6667
fall_07_cam1_w0001,fall_07_cam1,train,fall,1,data/raw/urfd_videos/fall/fall-07/cam1/fall-07-cam1.mp4,0.0,5.2,0.6667,1.3333,1,3,data/processed/window_poses_readable/train/label_fall/fall_07_cam1__video_0p000s_to_5p200s/window_0001__time_0p667s_to_1p333s__frames_000020_to_000040.json,3,data/processed/frames/train/fall/fall_07_cam1/frame_000020.jpg|data/processed/frames/train/fall/fall_07_cam1/frame_000030.jpg|data/processed/frames/train/fall/fall_07_cam1/frame_000040.jpg,0.6667|1.0|1.3333
fall_07_cam1_w0002,fall_07_cam1,train,fall,1,data/raw/urfd_videos/fall/fall-07/cam1/fall-07-cam1.mp4,0.0,5.2,1.3333,2.0,2,3,data/processed/window_poses_readable/train/label_fall/fall_07_cam1__video_0p000s_to_5p200s/window_0002__time_1p333s_to_2p000s__frames_000040_to_000060.json,2,data/processed/frames/train/fall/fall_07_cam1/frame_000040.jpg|data/processed/frames/train/fall/fall_07_cam1/frame_000050.jpg|data/processed/frames/train/fall/fall_07_cam1/frame_000060.jpg,1.3333|1.6667|2.0
fall_07_cam1_w0003,fall_07_cam1,train,fall,1,data/raw/urfd_videos/fall/fall-07/cam1/fall-07-cam1.mp4,0.0,5.2,2.0,2.6667,3,3,data/processed/window_poses_readable/train/label_fall/fall_07_cam1__video_0p000s_to_5p200s/window_0003__time_2p000s_to_2p667s__frames_000060_to_000080.json,1,data/processed/frames/train/fall/fall_07_cam1/frame_000060.jpg|data/processed/frames/train/fall/fall_07_cam1/frame_000070.jpg|data/processed/frames/train/fall/fall_07_cam1/frame_000080.jpg,2.0|2.3333|2.6667
fall_07_cam1_w0004,fall_07_cam1,train,fall,1,data/raw/urfd_videos/fall/fall-07/cam1/fall-07-cam1.mp4,0.0,5.2,2.6667,3.3333,4,3,data/processed/window_poses_readable/train/label_fall/fall_07_cam1__video_0p000s_to_5p200s/window_0004__time_2p667s_to_3p333s__frames_000080_to_000100.json,1,data/processed/frames/train/fall/fall_07_cam1/frame_000080.jpg|data/processed/frames/train/fall/fall_07_cam1/frame_000090.jpg|data/processed/frames/train/fall/fall_07_cam1/frame_000100.jpg,2.6667|3.0|3.3333
fall_07_cam1_w0005,fall_07_cam1,train,fall,1,data/raw/urfd_videos/fall/fall-07/cam1/fall-07-cam1.mp4,0.0,5.2,3.3333,4.0,5,3,data/processed/window_poses_readable/train/label_fall/fall_07_cam1__video_0p000s_to_5p200s/window_0005__time_3p333s_to_4p000s__frames_000100_to_000120.json,1,data/processed/frames/train/fall/fall_07_cam1/frame_000100.jpg|data/processed/frames/train/fall/fall_07_cam1/frame_000110.jpg|data/processed/frames/train/fall/fall_07_cam1/frame_000120.jpg,3.3333|3.6667|4.0
fall_07_cam1_w0006,fall_07_cam1,train,fall,1,data/raw/urfd_videos/fall/fall-07/cam1/fall-07-cam1.mp4,0.0,5.2,4.0,4.6667,6,3,data/processed/window_poses_readable/train/label_fall/fall_07_cam1__video_0p000s_to_5p200s/window_0006__time_4p000s_to_4p667s__frames_000120_to_000140.json,3,data/processed/frames/train/fall/fall_07_cam1/frame_000120.jpg|data/processed/frames/train/fall/fall_07_cam1/frame_000130.jpg|data/processed/frames/train/fall/fall_07_cam1/frame_000140.jpg,4.0|4.3333|4.6667
fall_08_cam0_w0000,fall_08_cam0,train,fall,1,data/raw/urfd_videos/fall/fall-08/cam0/fall-08-cam0.mp4,0.0,3.0333,0.0,0.6667,0,3,data/processed/window_poses_readable/train/label_fall/fall_08_cam0__video_0p000s_to_3p033s/window_0000__time_0p000s_to_0p667s__frames_000000_to_000020.json,3,data/processed/frames/train/fall/fall_08_cam0/frame_000000.jpg|data/processed/frames/train/fall/fall_08_cam0/frame_000010.jpg|data/processed/frames/train/fall/fall_08_cam0/frame_000020.jpg,0.0|0.3333|0.6667
fall_08_cam0_w0001,fall_08_cam0,train,fall,1,data/raw/urfd_videos/fall/fall-08/cam0/fall-08-cam0.mp4,0.0,3.0333,0.6667,1.3333,1,3,data/processed/window_poses_readable/train/label_fall/fall_08_cam0__video_0p000s_to_3p033s/window_0001__time_0p667s_to_1p333s__frames_000020_to_000040.json,3,data/processed/frames/train/fall/fall_08_cam0/frame_000020.jpg|data/processed/frames/train/fall/fall_08_cam0/frame_000030.jpg|data/processed/frames/train/fall/fall_08_cam0/frame_000040.jpg,0.6667|1.0|1.3333
fall_08_cam0_w0002,fall_08_cam0,train,fall,1,data/raw/urfd_videos/fall/fall-08/cam0/fall-08-cam0.mp4,0.0,3.0333,1.3333,2.0,2,3,data/processed/window_poses_readable/train/label_fall/fall_08_cam0__video_0p000s_to_3p033s/window_0002__time_1p333s_to_2p000s__frames_000040_to_000060.json,3,data/processed/frames/train/fall/fall_08_cam0/frame_000040.jpg|data/processed/frames/train/fall/fall_08_cam0/frame_000050.jpg|data/processed/frames/train/fall/fall_08_cam0/frame_000060.jpg,1.3333|1.6667|2.0
fall_08_cam0_w0003,fall_08_cam0,train,fall,1,data/raw/urfd_videos/fall/fall-08/cam0/fall-08-cam0.mp4,0.0,3.0333,2.0,2.6667,3,3,data/processed/window_poses_readable/train/label_fall/fall_08_cam0__video_0p000s_to_3p033s/window_0003__time_2p000s_to_2p667s__frames_000060_to_000080.json,3,data/processed/frames/train/fall/fall_08_cam0/frame_000060.jpg|data/processed/frames/train/fall/fall_08_cam0/frame_000070.jpg|data/processed/frames/train/fall/fall_08_cam0/frame_000080.jpg,2.0|2.3333|2.6667
fall_08_cam1_w0000,fall_08_cam1,train,fall,1,data/raw/urfd_videos/fall/fall-08/cam1/fall-08-cam1.mp4,0.0,3.0333,0.0,0.6667,0,3,data/processed/window_poses_readable/train/label_fall/fall_08_cam1__video_0p000s_to_3p033s/window_0000__time_0p000s_to_0p667s__frames_000000_to_000020.json,1,data/processed/frames/train/fall/fall_08_cam1/frame_000000.jpg|data/processed/frames/train/fall/fall_08_cam1/frame_000010.jpg|data/processed/frames/train/fall/fall_08_cam1/frame_000020.jpg,0.0|0.3333|0.6667
fall_08_cam1_w0001,fall_08_cam1,train,fall,1,data/raw/urfd_videos/fall/fall-08/cam1/fall-08-cam1.mp4,0.0,3.0333,0.6667,1.3333,1,3,data/processed/window_poses_readable/train/label_fall/fall_08_cam1__video_0p000s_to_3p033s/window_0001__time_0p667s_to_1p333s__frames_000020_to_000040.json,1,data/processed/frames/train/fall/fall_08_cam1/frame_000020.jpg|data/processed/frames/train/fall/fall_08_cam1/frame_000030.jpg|data/processed/frames/train/fall/fall_08_cam1/frame_000040.jpg,0.6667|1.0|1.3333
fall_08_cam1_w0002,fall_08_cam1,train,fall,1,data/raw/urfd_videos/fall/fall-08/cam1/fall-08-cam1.mp4,0.0,3.0333,1.3333,2.0,2,3,data/processed/window_poses_readable/train/label_fall/fall_08_cam1__video_0p000s_to_3p033s/window_0002__time_1p333s_to_2p000s__frames_000040_to_000060.json,2,data/processed/frames/train/fall/fall_08_cam1/frame_000040.jpg|data/processed/frames/train/fall/fall_08_cam1/frame_000050.jpg|data/processed/frames/train/fall/fall_08_cam1/frame_000060.jpg,1.3333|1.6667|2.0
fall_08_cam1_w0003,fall_08_cam1,train,fall,1,data/raw/urfd_videos/fall/fall-08/cam1/fall-08-cam1.mp4,0.0,3.0333,2.0,2.6667,3,3,data/processed/window_poses_readable/train/label_fall/fall_08_cam1__video_0p000s_to_3p033s/window_0003__time_2p000s_to_2p667s__frames_000060_to_000080.json,3,data/processed/frames/train/fall/fall_08_cam1/frame_000060.jpg|data/processed/frames/train/fall/fall_08_cam1/frame_000070.jpg|data/processed/frames/train/fall/fall_08_cam1/frame_000080.jpg,2.0|2.3333|2.6667
fall_09_cam0_w0000,fall_09_cam0,train,fall,1,data/raw/urfd_videos/fall/fall-09/cam0/fall-09-cam0.mp4,0.0,6.1667,0.0,0.6667,0,3,data/processed/window_poses_readable/train/label_fall/fall_09_cam0__video_0p000s_to_6p167s/window_0000__time_0p000s_to_0p667s__frames_000000_to_000020.json,3,data/processed/frames/train/fall/fall_09_cam0/frame_000000.jpg|data/processed/frames/train/fall/fall_09_cam0/frame_000010.jpg|data/processed/frames/train/fall/fall_09_cam0/frame_000020.jpg,0.0|0.3333|0.6667
fall_09_cam0_w0001,fall_09_cam0,train,fall,1,data/raw/urfd_videos/fall/fall-09/cam0/fall-09-cam0.mp4,0.0,6.1667,0.6667,1.3333,1,3,data/processed/window_poses_readable/train/label_fall/fall_09_cam0__video_0p000s_to_6p167s/window_0001__time_0p667s_to_1p333s__frames_000020_to_000040.json,3,data/processed/frames/train/fall/fall_09_cam0/frame_000020.jpg|data/processed/frames/train/fall/fall_09_cam0/frame_000030.jpg|data/processed/frames/train/fall/fall_09_cam0/frame_000040.jpg,0.6667|1.0|1.3333
fall_09_cam0_w0002,fall_09_cam0,train,fall,1,data/raw/urfd_videos/fall/fall-09/cam0/fall-09-cam0.mp4,0.0,6.1667,1.3333,2.0,2,3,data/processed/window_poses_readable/train/label_fall/fall_09_cam0__video_0p000s_to_6p167s/window_0002__time_1p333s_to_2p000s__frames_000040_to_000060.json,3,data/processed/frames/train/fall/fall_09_cam0/frame_000040.jpg|data/processed/frames/train/fall/fall_09_cam0/frame_000050.jpg|data/processed/frames/train/fall/fall_09_cam0/frame_000060.jpg,1.3333|1.6667|2.0
fall_09_cam0_w0003,fall_09_cam0,train,fall,1,data/raw/urfd_videos/fall/fall-09/cam0/fall-09-cam0.mp4,0.0,6.1667,2.0,2.6667,3,3,data/processed/window_poses_readable/train/label_fall/fall_09_cam0__video_0p000s_to_6p167s/window_0003__time_2p000s_to_2p667s__frames_000060_to_000080.json,3,data/processed/frames/train/fall/fall_09_cam0/frame_000060.jpg|data/processed/frames/train/fall/fall_09_cam0/frame_000070.jpg|data/processed/frames/train/fall/fall_09_cam0/frame_000080.jpg,2.0|2.3333|2.6667
fall_09_cam0_w0004,fall_09_cam0,train,fall,1,data/raw/urfd_videos/fall/fall-09/cam0/fall-09-cam0.mp4,0.0,6.1667,2.6667,3.3333,4,3,data/processed/window_poses_readable/train/label_fall/fall_09_cam0__video_0p000s_to_6p167s/window_0004__time_2p667s_to_3p333s__frames_000080_to_000100.json,3,data/processed/frames/train/fall/fall_09_cam0/frame_000080.jpg|data/processed/frames/train/fall/fall_09_cam0/frame_000090.jpg|data/processed/frames/train/fall/fall_09_cam0/frame_000100.jpg,2.6667|3.0|3.3333
fall_09_cam0_w0005,fall_09_cam0,train,fall,1,data/raw/urfd_videos/fall/fall-09/cam0/fall-09-cam0.mp4,0.0,6.1667,3.3333,4.0,5,3,data/processed/window_poses_readable/train/label_fall/fall_09_cam0__video_0p000s_to_6p167s/window_0005__time_3p333s_to_4p000s__frames_000100_to_000120.json,2,data/processed/frames/train/fall/fall_09_cam0/frame_000100.jpg|data/processed/frames/train/fall/fall_09_cam0/frame_000110.jpg|data/processed/frames/train/fall/fall_09_cam0/frame_000120.jpg,3.3333|3.6667|4.0
fall_09_cam0_w0006,fall_09_cam0,train,fall,1,data/raw/urfd_videos/fall/fall-09/cam0/fall-09-cam0.mp4,0.0,6.1667,4.0,4.6667,6,3,data/processed/window_poses_readable/train/label_fall/fall_09_cam0__video_0p000s_to_6p167s/window_0006__time_4p000s_to_4p667s__frames_000120_to_000140.json,3,data/processed/frames/train/fall/fall_09_cam0/frame_000120.jpg|data/processed/frames/train/fall/fall_09_cam0/frame_000130.jpg|data/processed/frames/train/fall/fall_09_cam0/frame_000140.jpg,4.0|4.3333|4.6667
fall_09_cam0_w0007,fall_09_cam0,train,fall,1,data/raw/urfd_videos/fall/fall-09/cam0/fall-09-cam0.mp4,0.0,6.1667,4.6667,5.3333,7,3,data/processed/window_poses_readable/train/label_fall/fall_09_cam0__video_0p000s_to_6p167s/window_0007__time_4p667s_to_5p333s__frames_000140_to_000160.json,1,data/processed/frames/train/fall/fall_09_cam0/frame_000140.jpg|data/processed/frames/train/fall/fall_09_cam0/frame_000150.jpg|data/processed/frames/train/fall/fall_09_cam0/frame_000160.jpg,4.6667|5.0|5.3333
fall_09_cam0_w0008,fall_09_cam0,train,fall,1,data/raw/urfd_videos/fall/fall-09/cam0/fall-09-cam0.mp4,0.0,6.1667,5.3333,6.0,8,3,data/processed/window_poses_readable/train/label_fall/fall_09_cam0__video_0p000s_to_6p167s/window_0008__time_5p333s_to_6p000s__frames_000160_to_000180.json,1,data/processed/frames/train/fall/fall_09_cam0/frame_000160.jpg|data/processed/frames/train/fall/fall_09_cam0/frame_000170.jpg|data/processed/frames/train/fall/fall_09_cam0/frame_000180.jpg,5.3333|5.6667|6.0
fall_09_cam1_w0000,fall_09_cam1,train,fall,1,data/raw/urfd_videos/fall/fall-09/cam1/fall-09-cam1.mp4,0.0,6.1667,0.0,0.6667,0,3,data/processed/window_poses_readable/train/label_fall/fall_09_cam1__video_0p000s_to_6p167s/window_0000__time_0p000s_to_0p667s__frames_000000_to_000020.json,3,data/processed/frames/train/fall/fall_09_cam1/frame_000000.jpg|data/processed/frames/train/fall/fall_09_cam1/frame_000010.jpg|data/processed/frames/train/fall/fall_09_cam1/frame_000020.jpg,0.0|0.3333|0.6667
fall_09_cam1_w0001,fall_09_cam1,train,fall,1,data/raw/urfd_videos/fall/fall-09/cam1/fall-09-cam1.mp4,0.0,6.1667,0.6667,1.3333,1,3,data/processed/window_poses_readable/train/label_fall/fall_09_cam1__video_0p000s_to_6p167s/window_0001__time_0p667s_to_1p333s__frames_000020_to_000040.json,3,data/processed/frames/train/fall/fall_09_cam1/frame_000020.jpg|data/processed/frames/train/fall/fall_09_cam1/frame_000030.jpg|data/processed/frames/train/fall/fall_09_cam1/frame_000040.jpg,0.6667|1.0|1.3333
fall_09_cam1_w0002,fall_09_cam1,train,fall,1,data/raw/urfd_videos/fall/fall-09/cam1/fall-09-cam1.mp4,0.0,6.1667,1.3333,2.0,2,3,data/processed/window_poses_readable/train/label_fall/fall_09_cam1__video_0p000s_to_6p167s/window_0002__time_1p333s_to_2p000s__frames_000040_to_000060.json,3,data/processed/frames/train/fall/fall_09_cam1/frame_000040.jpg|data/processed/frames/train/fall/fall_09_cam1/frame_000050.jpg|data/processed/frames/train/fall/fall_09_cam1/frame_000060.jpg,1.3333|1.6667|2.0
fall_09_cam1_w0003,fall_09_cam1,train,fall,1,data/raw/urfd_videos/fall/fall-09/cam1/fall-09-cam1.mp4,0.0,6.1667,2.0,2.6667,3,3,data/processed/window_poses_readable/train/label_fall/fall_09_cam1__video_0p000s_to_6p167s/window_0003__time_2p000s_to_2p667s__frames_000060_to_000080.json,1,data/processed/frames/train/fall/fall_09_cam1/frame_000060.jpg|data/processed/frames/train/fall/fall_09_cam1/frame_000070.jpg|data/processed/frames/train/fall/fall_09_cam1/frame_000080.jpg,2.0|2.3333|2.6667
fall_09_cam1_w0004,fall_09_cam1,train,fall,1,data/raw/urfd_videos/fall/fall-09/cam1/fall-09-cam1.mp4,0.0,6.1667,2.6667,3.3333,4,3,data/processed/window_poses_readable/train/label_fall/fall_09_cam1__video_0p000s_to_6p167s/window_0004__time_2p667s_to_3p333s__frames_000080_to_000100.json,1,data/processed/frames/train/fall/fall_09_cam1/frame_000080.jpg|data/processed/frames/train/fall/fall_09_cam1/frame_000090.jpg|data/processed/frames/train/fall/fall_09_cam1/frame_000100.jpg,2.6667|3.0|3.3333
fall_09_cam1_w0005,fall_09_cam1,train,fall,1,data/raw/urfd_videos/fall/fall-09/cam1/fall-09-cam1.mp4,0.0,6.1667,3.3333,4.0,5,3,data/processed/window_poses_readable/train/label_fall/fall_09_cam1__video_0p000s_to_6p167s/window_0005__time_3p333s_to_4p000s__frames_000100_to_000120.json,0,data/processed/frames/train/fall/fall_09_cam1/frame_000100.jpg|data/processed/frames/train/fall/fall_09_cam1/frame_000110.jpg|data/processed/frames/train/fall/fall_09_cam1/frame_000120.jpg,3.3333|3.6667|4.0
fall_09_cam1_w0006,fall_09_cam1,train,fall,1,data/raw/urfd_videos/fall/fall-09/cam1/fall-09-cam1.mp4,0.0,6.1667,4.0,4.6667,6,3,data/processed/window_poses_readable/train/label_fall/fall_09_cam1__video_0p000s_to_6p167s/window_0006__time_4p000s_to_4p667s__frames_000120_to_000140.json,1,data/processed/frames/train/fall/fall_09_cam1/frame_000120.jpg|data/processed/frames/train/fall/fall_09_cam1/frame_000130.jpg|data/processed/frames/train/fall/fall_09_cam1/frame_000140.jpg,4.0|4.3333|4.6667
fall_09_cam1_w0007,fall_09_cam1,train,fall,1,data/raw/urfd_videos/fall/fall-09/cam1/fall-09-cam1.mp4,0.0,6.1667,4.6667,5.3333,7,3,data/processed/window_poses_readable/train/label_fall/fall_09_cam1__video_0p000s_to_6p167s/window_0007__time_4p667s_to_5p333s__frames_000140_to_000160.json,3,data/processed/frames/train/fall/fall_09_cam1/frame_000140.jpg|data/processed/frames/train/fall/fall_09_cam1/frame_000150.jpg|data/processed/frames/train/fall/fall_09_cam1/frame_000160.jpg,4.6667|5.0|5.3333
fall_09_cam1_w0008,fall_09_cam1,train,fall,1,data/raw/urfd_videos/fall/fall-09/cam1/fall-09-cam1.mp4,0.0,6.1667,5.3333,6.0,8,3,data/processed/window_poses_readable/train/label_fall/fall_09_cam1__video_0p000s_to_6p167s/window_0008__time_5p333s_to_6p000s__frames_000160_to_000180.json,1,data/processed/frames/train/fall/fall_09_cam1/frame_000160.jpg|data/processed/frames/train/fall/fall_09_cam1/frame_000170.jpg|data/processed/frames/train/fall/fall_09_cam1/frame_000180.jpg,5.3333|5.6667|6.0
fall_10_cam0_w0000,fall_10_cam0,train,fall,1,data/raw/urfd_videos/fall/fall-10/cam0/fall-10-cam0.mp4,0.0,4.3333,0.0,0.6667,0,3,data/processed/window_poses_readable/train/label_fall/fall_10_cam0__video_0p000s_to_4p333s/window_0000__time_0p000s_to_0p667s__frames_000000_to_000020.json,3,data/processed/frames/train/fall/fall_10_cam0/frame_000000.jpg|data/processed/frames/train/fall/fall_10_cam0/frame_000010.jpg|data/processed/frames/train/fall/fall_10_cam0/frame_000020.jpg,0.0|0.3333|0.6667
fall_10_cam0_w0001,fall_10_cam0,train,fall,1,data/raw/urfd_videos/fall/fall-10/cam0/fall-10-cam0.mp4,0.0,4.3333,0.6667,1.3333,1,3,data/processed/window_poses_readable/train/label_fall/fall_10_cam0__video_0p000s_to_4p333s/window_0001__time_0p667s_to_1p333s__frames_000020_to_000040.json,3,data/processed/frames/train/fall/fall_10_cam0/frame_000020.jpg|data/processed/frames/train/fall/fall_10_cam0/frame_000030.jpg|data/processed/frames/train/fall/fall_10_cam0/frame_000040.jpg,0.6667|1.0|1.3333
fall_10_cam0_w0002,fall_10_cam0,train,fall,1,data/raw/urfd_videos/fall/fall-10/cam0/fall-10-cam0.mp4,0.0,4.3333,1.3333,2.0,2,3,data/processed/window_poses_readable/train/label_fall/fall_10_cam0__video_0p000s_to_4p333s/window_0002__time_1p333s_to_2p000s__frames_000040_to_000060.json,3,data/processed/frames/train/fall/fall_10_cam0/frame_000040.jpg|data/processed/frames/train/fall/fall_10_cam0/frame_000050.jpg|data/processed/frames/train/fall/fall_10_cam0/frame_000060.jpg,1.3333|1.6667|2.0
fall_10_cam0_w0003,fall_10_cam0,train,fall,1,data/raw/urfd_videos/fall/fall-10/cam0/fall-10-cam0.mp4,0.0,4.3333,2.0,2.6667,3,3,data/processed/window_poses_readable/train/label_fall/fall_10_cam0__video_0p000s_to_4p333s/window_0003__time_2p000s_to_2p667s__frames_000060_to_000080.json,1,data/processed/frames/train/fall/fall_10_cam0/frame_000060.jpg|data/processed/frames/train/fall/fall_10_cam0/frame_000070.jpg|data/processed/frames/train/fall/fall_10_cam0/frame_000080.jpg,2.0|2.3333|2.6667
fall_10_cam0_w0004,fall_10_cam0,train,fall,1,data/raw/urfd_videos/fall/fall-10/cam0/fall-10-cam0.mp4,0.0,4.3333,2.6667,3.3333,4,3,data/processed/window_poses_readable/train/label_fall/fall_10_cam0__video_0p000s_to_4p333s/window_0004__time_2p667s_to_3p333s__frames_000080_to_000100.json,0,data/processed/frames/train/fall/fall_10_cam0/frame_000080.jpg|data/processed/frames/train/fall/fall_10_cam0/frame_000090.jpg|data/processed/frames/train/fall/fall_10_cam0/frame_000100.jpg,2.6667|3.0|3.3333
fall_10_cam0_w0005,fall_10_cam0,train,fall,1,data/raw/urfd_videos/fall/fall-10/cam0/fall-10-cam0.mp4,0.0,4.3333,3.3333,4.0,5,3,data/processed/window_poses_readable/train/label_fall/fall_10_cam0__video_0p000s_to_4p333s/window_0005__time_3p333s_to_4p000s__frames_000100_to_000120.json,0,data/processed/frames/train/fall/fall_10_cam0/frame_000100.jpg|data/processed/frames/train/fall/fall_10_cam0/frame_000110.jpg|data/processed/frames/train/fall/fall_10_cam0/frame_000120.jpg,3.3333|3.6667|4.0
fall_10_cam1_w0000,fall_10_cam1,train,fall,1,data/raw/urfd_videos/fall/fall-10/cam1/fall-10-cam1.mp4,0.0,4.3333,0.0,0.6667,0,3,data/processed/window_poses_readable/train/label_fall/fall_10_cam1__video_0p000s_to_4p333s/window_0000__time_0p000s_to_0p667s__frames_000000_to_000020.json,1,data/processed/frames/train/fall/fall_10_cam1/frame_000000.jpg|data/processed/frames/train/fall/fall_10_cam1/frame_000010.jpg|data/processed/frames/train/fall/fall_10_cam1/frame_000020.jpg,0.0|0.3333|0.6667
fall_10_cam1_w0001,fall_10_cam1,train,fall,1,data/raw/urfd_videos/fall/fall-10/cam1/fall-10-cam1.mp4,0.0,4.3333,0.6667,1.3333,1,3,data/processed/window_poses_readable/train/label_fall/fall_10_cam1__video_0p000s_to_4p333s/window_0001__time_0p667s_to_1p333s__frames_000020_to_000040.json,1,data/processed/frames/train/fall/fall_10_cam1/frame_000020.jpg|data/processed/frames/train/fall/fall_10_cam1/frame_000030.jpg|data/processed/frames/train/fall/fall_10_cam1/frame_000040.jpg,0.6667|1.0|1.3333
fall_10_cam1_w0002,fall_10_cam1,train,fall,1,data/raw/urfd_videos/fall/fall-10/cam1/fall-10-cam1.mp4,0.0,4.3333,1.3333,2.0,2,3,data/processed/window_poses_readable/train/label_fall/fall_10_cam1__video_0p000s_to_4p333s/window_0002__time_1p333s_to_2p000s__frames_000040_to_000060.json,3,data/processed/frames/train/fall/fall_10_cam1/frame_000040.jpg|data/processed/frames/train/fall/fall_10_cam1/frame_000050.jpg|data/processed/frames/train/fall/fall_10_cam1/frame_000060.jpg,1.3333|1.6667|2.0
fall_10_cam1_w0003,fall_10_cam1,train,fall,1,data/raw/urfd_videos/fall/fall-10/cam1/fall-10-cam1.mp4,0.0,4.3333,2.0,2.6667,3,3,data/processed/window_poses_readable/train/label_fall/fall_10_cam1__video_0p000s_to_4p333s/window_0003__time_2p000s_to_2p667s__frames_000060_to_000080.json,2,data/processed/frames/train/fall/fall_10_cam1/frame_000060.jpg|data/processed/frames/train/fall/fall_10_cam1/frame_000070.jpg|data/processed/frames/train/fall/fall_10_cam1/frame_000080.jpg,2.0|2.3333|2.6667
fall_10_cam1_w0004,fall_10_cam1,train,fall,1,data/raw/urfd_videos/fall/fall-10/cam1/fall-10-cam1.mp4,0.0,4.3333,2.6667,3.3333,4,3,data/processed/window_poses_readable/train/label_fall/fall_10_cam1__video_0p000s_to_4p333s/window_0004__time_2p667s_to_3p333s__frames_000080_to_000100.json,3,data/processed/frames/train/fall/fall_10_cam1/frame_000080.jpg|data/processed/frames/train/fall/fall_10_cam1/frame_000090.jpg|data/processed/frames/train/fall/fall_10_cam1/frame_000100.jpg,2.6667|3.0|3.3333
fall_10_cam1_w0005,fall_10_cam1,train,fall,1,data/raw/urfd_videos/fall/fall-10/cam1/fall-10-cam1.mp4,0.0,4.3333,3.3333,4.0,5,3,data/processed/window_poses_readable/train/label_fall/fall_10_cam1__video_0p000s_to_4p333s/window_0005__time_3p333s_to_4p000s__frames_000100_to_000120.json,3,data/processed/frames/train/fall/fall_10_cam1/frame_000100.jpg|data/processed/frames/train/fall/fall_10_cam1/frame_000110.jpg|data/processed/frames/train/fall/fall_10_cam1/frame_000120.jpg,3.3333|3.6667|4.0
fall_11_cam0_w0000,fall_11_cam0,train,fall,1,data/raw/urfd_videos/fall/fall-11/cam0/fall-11-cam0.mp4,0.0,4.3333,0.0,0.6667,0,3,data/processed/window_poses_readable/train/label_fall/fall_11_cam0__video_0p000s_to_4p333s/window_0000__time_0p000s_to_0p667s__frames_000000_to_000020.json,3,data/processed/frames/train/fall/fall_11_cam0/frame_000000.jpg|data/processed/frames/train/fall/fall_11_cam0/frame_000010.jpg|data/processed/frames/train/fall/fall_11_cam0/frame_000020.jpg,0.0|0.3333|0.6667
fall_11_cam0_w0001,fall_11_cam0,train,fall,1,data/raw/urfd_videos/fall/fall-11/cam0/fall-11-cam0.mp4,0.0,4.3333,0.6667,1.3333,1,3,data/processed/window_poses_readable/train/label_fall/fall_11_cam0__video_0p000s_to_4p333s/window_0001__time_0p667s_to_1p333s__frames_000020_to_000040.json,3,data/processed/frames/train/fall/fall_11_cam0/frame_000020.jpg|data/processed/frames/train/fall/fall_11_cam0/frame_000030.jpg|data/processed/frames/train/fall/fall_11_cam0/frame_000040.jpg,0.6667|1.0|1.3333
fall_11_cam0_w0002,fall_11_cam0,train,fall,1,data/raw/urfd_videos/fall/fall-11/cam0/fall-11-cam0.mp4,0.0,4.3333,1.3333,2.0,2,3,data/processed/window_poses_readable/train/label_fall/fall_11_cam0__video_0p000s_to_4p333s/window_0002__time_1p333s_to_2p000s__frames_000040_to_000060.json,3,data/processed/frames/train/fall/fall_11_cam0/frame_000040.jpg|data/processed/frames/train/fall/fall_11_cam0/frame_000050.jpg|data/processed/frames/train/fall/fall_11_cam0/frame_000060.jpg,1.3333|1.6667|2.0
fall_11_cam0_w0003,fall_11_cam0,train,fall,1,data/raw/urfd_videos/fall/fall-11/cam0/fall-11-cam0.mp4,0.0,4.3333,2.0,2.6667,3,3,data/processed/window_poses_readable/train/label_fall/fall_11_cam0__video_0p000s_to_4p333s/window_0003__time_2p000s_to_2p667s__frames_000060_to_000080.json,3,data/processed/frames/train/fall/fall_11_cam0/frame_000060.jpg|data/processed/frames/train/fall/fall_11_cam0/frame_000070.jpg|data/processed/frames/train/fall/fall_11_cam0/frame_000080.jpg,2.0|2.3333|2.6667
fall_11_cam0_w0004,fall_11_cam0,train,fall,1,data/raw/urfd_videos/fall/fall-11/cam0/fall-11-cam0.mp4,0.0,4.3333,2.6667,3.3333,4,3,data/processed/window_poses_readable/train/label_fall/fall_11_cam0__video_0p000s_to_4p333s/window_0004__time_2p667s_to_3p333s__frames_000080_to_000100.json,3,data/processed/frames/train/fall/fall_11_cam0/frame_000080.jpg|data/processed/frames/train/fall/fall_11_cam0/frame_000090.jpg|data/processed/frames/train/fall/fall_11_cam0/frame_000100.jpg,2.6667|3.0|3.3333
fall_11_cam0_w0005,fall_11_cam0,train,fall,1,data/raw/urfd_videos/fall/fall-11/cam0/fall-11-cam0.mp4,0.0,4.3333,3.3333,4.0,5,3,data/processed/window_poses_readable/train/label_fall/fall_11_cam0__video_0p000s_to_4p333s/window_0005__time_3p333s_to_4p000s__frames_000100_to_000120.json,2,data/processed/frames/train/fall/fall_11_cam0/frame_000100.jpg|data/processed/frames/train/fall/fall_11_cam0/frame_000110.jpg|data/processed/frames/train/fall/fall_11_cam0/frame_000120.jpg,3.3333|3.6667|4.0
fall_11_cam1_w0000,fall_11_cam1,train,fall,1,data/raw/urfd_videos/fall/fall-11/cam1/fall-11-cam1.mp4,0.0,4.3333,0.0,0.6667,0,3,data/processed/window_poses_readable/train/label_fall/fall_11_cam1__video_0p000s_to_4p333s/window_0000__time_0p000s_to_0p667s__frames_000000_to_000020.json,2,data/processed/frames/train/fall/fall_11_cam1/frame_000000.jpg|data/processed/frames/train/fall/fall_11_cam1/frame_000010.jpg|data/processed/frames/train/fall/fall_11_cam1/frame_000020.jpg,0.0|0.3333|0.6667
fall_11_cam1_w0001,fall_11_cam1,train,fall,1,data/raw/urfd_videos/fall/fall-11/cam1/fall-11-cam1.mp4,0.0,4.3333,0.6667,1.3333,1,3,data/processed/window_poses_readable/train/label_fall/fall_11_cam1__video_0p000s_to_4p333s/window_0001__time_0p667s_to_1p333s__frames_000020_to_000040.json,1,data/processed/frames/train/fall/fall_11_cam1/frame_000020.jpg|data/processed/frames/train/fall/fall_11_cam1/frame_000030.jpg|data/processed/frames/train/fall/fall_11_cam1/frame_000040.jpg,0.6667|1.0|1.3333
fall_11_cam1_w0002,fall_11_cam1,train,fall,1,data/raw/urfd_videos/fall/fall-11/cam1/fall-11-cam1.mp4,0.0,4.3333,1.3333,2.0,2,3,data/processed/window_poses_readable/train/label_fall/fall_11_cam1__video_0p000s_to_4p333s/window_0002__time_1p333s_to_2p000s__frames_000040_to_000060.json,3,data/processed/frames/train/fall/fall_11_cam1/frame_000040.jpg|data/processed/frames/train/fall/fall_11_cam1/frame_000050.jpg|data/processed/frames/train/fall/fall_11_cam1/frame_000060.jpg,1.3333|1.6667|2.0
fall_11_cam1_w0003,fall_11_cam1,train,fall,1,data/raw/urfd_videos/fall/fall-11/cam1/fall-11-cam1.mp4,0.0,4.3333,2.0,2.6667,3,3,data/processed/window_poses_readable/train/label_fall/fall_11_cam1__video_0p000s_to_4p333s/window_0003__time_2p000s_to_2p667s__frames_000060_to_000080.json,3,data/processed/frames/train/fall/fall_11_cam1/frame_000060.jpg|data/processed/frames/train/fall/fall_11_cam1/frame_000070.jpg|data/processed/frames/train/fall/fall_11_cam1/frame_000080.jpg,2.0|2.3333|2.6667
fall_11_cam1_w0004,fall_11_cam1,train,fall,1,data/raw/urfd_videos/fall/fall-11/cam1/fall-11-cam1.mp4,0.0,4.3333,2.6667,3.3333,4,3,data/processed/window_poses_readable/train/label_fall/fall_11_cam1__video_0p000s_to_4p333s/window_0004__time_2p667s_to_3p333s__frames_000080_to_000100.json,3,data/processed/frames/train/fall/fall_11_cam1/frame_000080.jpg|data/processed/frames/train/fall/fall_11_cam1/frame_000090.jpg|data/processed/frames/train/fall/fall_11_cam1/frame_000100.jpg,2.6667|3.0|3.3333
fall_11_cam1_w0005,fall_11_cam1,train,fall,1,data/raw/urfd_videos/fall/fall-11/cam1/fall-11-cam1.mp4,0.0,4.3333,3.3333,4.0,5,3,data/processed/window_poses_readable/train/label_fall/fall_11_cam1__video_0p000s_to_4p333s/window_0005__time_3p333s_to_4p000s__frames_000100_to_000120.json,3,data/processed/frames/train/fall/fall_11_cam1/frame_000100.jpg|data/processed/frames/train/fall/fall_11_cam1/frame_000110.jpg|data/processed/frames/train/fall/fall_11_cam1/frame_000120.jpg,3.3333|3.6667|4.0
fall_13_cam0_w0000,fall_13_cam0,train,fall,1,data/raw/urfd_videos/fall/fall-13/cam0/fall-13-cam0.mp4,0.0,2.8333,0.0,0.6667,0,3,data/processed/window_poses_readable/train/label_fall/fall_13_cam0__video_0p000s_to_2p833s/window_0000__time_0p000s_to_0p667s__frames_000000_to_000020.json,3,data/processed/frames/train/fall/fall_13_cam0/frame_000000.jpg|data/processed/frames/train/fall/fall_13_cam0/frame_000010.jpg|data/processed/frames/train/fall/fall_13_cam0/frame_000020.jpg,0.0|0.3333|0.6667
fall_13_cam0_w0001,fall_13_cam0,train,fall,1,data/raw/urfd_videos/fall/fall-13/cam0/fall-13-cam0.mp4,0.0,2.8333,0.6667,1.3333,1,3,data/processed/window_poses_readable/train/label_fall/fall_13_cam0__video_0p000s_to_2p833s/window_0001__time_0p667s_to_1p333s__frames_000020_to_000040.json,3,data/processed/frames/train/fall/fall_13_cam0/frame_000020.jpg|data/processed/frames/train/fall/fall_13_cam0/frame_000030.jpg|data/processed/frames/train/fall/fall_13_cam0/frame_000040.jpg,0.6667|1.0|1.3333
fall_13_cam0_w0002,fall_13_cam0,train,fall,1,data/raw/urfd_videos/fall/fall-13/cam0/fall-13-cam0.mp4,0.0,2.8333,1.3333,2.0,2,3,data/processed/window_poses_readable/train/label_fall/fall_13_cam0__video_0p000s_to_2p833s/window_0002__time_1p333s_to_2p000s__frames_000040_to_000060.json,2,data/processed/frames/train/fall/fall_13_cam0/frame_000040.jpg|data/processed/frames/train/fall/fall_13_cam0/frame_000050.jpg|data/processed/frames/train/fall/fall_13_cam0/frame_000060.jpg,1.3333|1.6667|2.0
fall_13_cam0_w0003,fall_13_cam0,train,fall,1,data/raw/urfd_videos/fall/fall-13/cam0/fall-13-cam0.mp4,0.0,2.8333,2.0,2.6667,3,3,data/processed/window_poses_readable/train/label_fall/fall_13_cam0__video_0p000s_to_2p833s/window_0003__time_2p000s_to_2p667s__frames_000060_to_000080.json,1,data/processed/frames/train/fall/fall_13_cam0/frame_000060.jpg|data/processed/frames/train/fall/fall_13_cam0/frame_000070.jpg|data/processed/frames/train/fall/fall_13_cam0/frame_000080.jpg,2.0|2.3333|2.6667
fall_13_cam1_w0000,fall_13_cam1,train,fall,1,data/raw/urfd_videos/fall/fall-13/cam1/fall-13-cam1.mp4,0.0,2.8333,0.0,0.6667,0,3,data/processed/window_poses_readable/train/label_fall/fall_13_cam1__video_0p000s_to_2p833s/window_0000__time_0p000s_to_0p667s__frames_000000_to_000020.json,1,data/processed/frames/train/fall/fall_13_cam1/frame_000000.jpg|data/processed/frames/train/fall/fall_13_cam1/frame_000010.jpg|data/processed/frames/train/fall/fall_13_cam1/frame_000020.jpg,0.0|0.3333|0.6667
fall_13_cam1_w0001,fall_13_cam1,train,fall,1,data/raw/urfd_videos/fall/fall-13/cam1/fall-13-cam1.mp4,0.0,2.8333,0.6667,1.3333,1,3,data/processed/window_poses_readable/train/label_fall/fall_13_cam1__video_0p000s_to_2p833s/window_0001__time_0p667s_to_1p333s__frames_000020_to_000040.json,1,data/processed/frames/train/fall/fall_13_cam1/frame_000020.jpg|data/processed/frames/train/fall/fall_13_cam1/frame_000030.jpg|data/processed/frames/train/fall/fall_13_cam1/frame_000040.jpg,0.6667|1.0|1.3333
fall_13_cam1_w0002,fall_13_cam1,train,fall,1,data/raw/urfd_videos/fall/fall-13/cam1/fall-13-cam1.mp4,0.0,2.8333,1.3333,2.0,2,3,data/processed/window_poses_readable/train/label_fall/fall_13_cam1__video_0p000s_to_2p833s/window_0002__time_1p333s_to_2p000s__frames_000040_to_000060.json,2,data/processed/frames/train/fall/fall_13_cam1/frame_000040.jpg|data/processed/frames/train/fall/fall_13_cam1/frame_000050.jpg|data/processed/frames/train/fall/fall_13_cam1/frame_000060.jpg,1.3333|1.6667|2.0
fall_13_cam1_w0003,fall_13_cam1,train,fall,1,data/raw/urfd_videos/fall/fall-13/cam1/fall-13-cam1.mp4,0.0,2.8333,2.0,2.6667,3,3,data/processed/window_poses_readable/train/label_fall/fall_13_cam1__video_0p000s_to_2p833s/window_0003__time_2p000s_to_2p667s__frames_000060_to_000080.json,2,data/processed/frames/train/fall/fall_13_cam1/frame_000060.jpg|data/processed/frames/train/fall/fall_13_cam1/frame_000070.jpg|data/processed/frames/train/fall/fall_13_cam1/frame_000080.jpg,2.0|2.3333|2.6667
fall_16_cam0_w0000,fall_16_cam0,train,fall,1,data/raw/urfd_videos/fall/fall-16/cam0/fall-16-cam0.mp4,0.0,1.8333,0.0,0.6667,0,3,data/processed/window_poses_readable/train/label_fall/fall_16_cam0__video_0p000s_to_1p833s/window_0000__time_0p000s_to_0p667s__frames_000000_to_000020.json,3,data/processed/frames/train/fall/fall_16_cam0/frame_000000.jpg|data/processed/frames/train/fall/fall_16_cam0/frame_000010.jpg|data/processed/frames/train/fall/fall_16_cam0/frame_000020.jpg,0.0|0.3333|0.6667
fall_16_cam0_w0001,fall_16_cam0,train,fall,1,data/raw/urfd_videos/fall/fall-16/cam0/fall-16-cam0.mp4,0.0,1.8333,0.6667,1.3333,1,3,data/processed/window_poses_readable/train/label_fall/fall_16_cam0__video_0p000s_to_1p833s/window_0001__time_0p667s_to_1p333s__frames_000020_to_000040.json,3,data/processed/frames/train/fall/fall_16_cam0/frame_000020.jpg|data/processed/frames/train/fall/fall_16_cam0/frame_000030.jpg|data/processed/frames/train/fall/fall_16_cam0/frame_000040.jpg,0.6667|1.0|1.3333
fall_16_cam1_w0000,fall_16_cam1,train,fall,1,data/raw/urfd_videos/fall/fall-16/cam1/fall-16-cam1.mp4,0.0,1.8333,0.0,0.6667,0,3,data/processed/window_poses_readable/train/label_fall/fall_16_cam1__video_0p000s_to_1p833s/window_0000__time_0p000s_to_0p667s__frames_000000_to_000020.json,3,data/processed/frames/train/fall/fall_16_cam1/frame_000000.jpg|data/processed/frames/train/fall/fall_16_cam1/frame_000010.jpg|data/processed/frames/train/fall/fall_16_cam1/frame_000020.jpg,0.0|0.3333|0.6667
fall_16_cam1_w0001,fall_16_cam1,train,fall,1,data/raw/urfd_videos/fall/fall-16/cam1/fall-16-cam1.mp4,0.0,1.8333,0.6667,1.3333,1,3,data/processed/window_poses_readable/train/label_fall/fall_16_cam1__video_0p000s_to_1p833s/window_0001__time_0p667s_to_1p333s__frames_000020_to_000040.json,3,data/processed/frames/train/fall/fall_16_cam1/frame_000020.jpg|data/processed/frames/train/fall/fall_16_cam1/frame_000030.jpg|data/processed/frames/train/fall/fall_16_cam1/frame_000040.jpg,0.6667|1.0|1.3333
fall_17_cam0_w0000,fall_17_cam0,train,fall,1,data/raw/urfd_videos/fall/fall-17/cam0/fall-17-cam0.mp4,0.0,3.1667,0.0,0.6667,0,3,data/processed/window_poses_readable/train/label_fall/fall_17_cam0__video_0p000s_to_3p167s/window_0000__time_0p000s_to_0p667s__frames_000000_to_000020.json,3,data/processed/frames/train/fall/fall_17_cam0/frame_000000.jpg|data/processed/frames/train/fall/fall_17_cam0/frame_000010.jpg|data/processed/frames/train/fall/fall_17_cam0/frame_000020.jpg,0.0|0.3333|0.6667
fall_17_cam0_w0001,fall_17_cam0,train,fall,1,data/raw/urfd_videos/fall/fall-17/cam0/fall-17-cam0.mp4,0.0,3.1667,0.6667,1.3333,1,3,data/processed/window_poses_readable/train/label_fall/fall_17_cam0__video_0p000s_to_3p167s/window_0001__time_0p667s_to_1p333s__frames_000020_to_000040.json,3,data/processed/frames/train/fall/fall_17_cam0/frame_000020.jpg|data/processed/frames/train/fall/fall_17_cam0/frame_000030.jpg|data/processed/frames/train/fall/fall_17_cam0/frame_000040.jpg,0.6667|1.0|1.3333
fall_17_cam0_w0002,fall_17_cam0,train,fall,1,data/raw/urfd_videos/fall/fall-17/cam0/fall-17-cam0.mp4,0.0,3.1667,1.3333,2.0,2,3,data/processed/window_poses_readable/train/label_fall/fall_17_cam0__video_0p000s_to_3p167s/window_0002__time_1p333s_to_2p000s__frames_000040_to_000060.json,2,data/processed/frames/train/fall/fall_17_cam0/frame_000040.jpg|data/processed/frames/train/fall/fall_17_cam0/frame_000050.jpg|data/processed/frames/train/fall/fall_17_cam0/frame_000060.jpg,1.3333|1.6667|2.0
fall_17_cam0_w0003,fall_17_cam0,train,fall,1,data/raw/urfd_videos/fall/fall-17/cam0/fall-17-cam0.mp4,0.0,3.1667,2.0,2.6667,3,3,data/processed/window_poses_readable/train/label_fall/fall_17_cam0__video_0p000s_to_3p167s/window_0003__time_2p000s_to_2p667s__frames_000060_to_000080.json,2,data/processed/frames/train/fall/fall_17_cam0/frame_000060.jpg|data/processed/frames/train/fall/fall_17_cam0/frame_000070.jpg|data/processed/frames/train/fall/fall_17_cam0/frame_000080.jpg,2.0|2.3333|2.6667
fall_17_cam1_w0000,fall_17_cam1,train,fall,1,data/raw/urfd_videos/fall/fall-17/cam1/fall-17-cam1.mp4,0.0,3.1667,0.0,0.6667,0,3,data/processed/window_poses_readable/train/label_fall/fall_17_cam1__video_0p000s_to_3p167s/window_0000__time_0p000s_to_0p667s__frames_000000_to_000020.json,3,data/processed/frames/train/fall/fall_17_cam1/frame_000000.jpg|data/processed/frames/train/fall/fall_17_cam1/frame_000010.jpg|data/processed/frames/train/fall/fall_17_cam1/frame_000020.jpg,0.0|0.3333|0.6667
fall_17_cam1_w0001,fall_17_cam1,train,fall,1,data/raw/urfd_videos/fall/fall-17/cam1/fall-17-cam1.mp4,0.0,3.1667,0.6667,1.3333,1,3,data/processed/window_poses_readable/train/label_fall/fall_17_cam1__video_0p000s_to_3p167s/window_0001__time_0p667s_to_1p333s__frames_000020_to_000040.json,3,data/processed/frames/train/fall/fall_17_cam1/frame_000020.jpg|data/processed/frames/train/fall/fall_17_cam1/frame_000030.jpg|data/processed/frames/train/fall/fall_17_cam1/frame_000040.jpg,0.6667|1.0|1.3333
fall_17_cam1_w0002,fall_17_cam1,train,fall,1,data/raw/urfd_videos/fall/fall-17/cam1/fall-17-cam1.mp4,0.0,3.1667,1.3333,2.0,2,3,data/processed/window_poses_readable/train/label_fall/fall_17_cam1__video_0p000s_to_3p167s/window_0002__time_1p333s_to_2p000s__frames_000040_to_000060.json,2,data/processed/frames/train/fall/fall_17_cam1/frame_000040.jpg|data/processed/frames/train/fall/fall_17_cam1/frame_000050.jpg|data/processed/frames/train/fall/fall_17_cam1/frame_000060.jpg,1.3333|1.6667|2.0
fall_17_cam1_w0003,fall_17_cam1,train,fall,1,data/raw/urfd_videos/fall/fall-17/cam1/fall-17-cam1.mp4,0.0,3.1667,2.0,2.6667,3,3,data/processed/window_poses_readable/train/label_fall/fall_17_cam1__video_0p000s_to_3p167s/window_0003__time_2p000s_to_2p667s__frames_000060_to_000080.json,1,data/processed/frames/train/fall/fall_17_cam1/frame_000060.jpg|data/processed/frames/train/fall/fall_17_cam1/frame_000070.jpg|data/processed/frames/train/fall/fall_17_cam1/frame_000080.jpg,2.0|2.3333|2.6667
fall_19_cam0_w0000,fall_19_cam0,train,fall,1,data/raw/urfd_videos/fall/fall-19/cam0/fall-19-cam0.mp4,0.0,3.3333,0.0,0.6667,0,3,data/processed/window_poses_readable/train/label_fall/fall_19_cam0__video_0p000s_to_3p333s/window_0000__time_0p000s_to_0p667s__frames_000000_to_000020.json,3,data/processed/frames/train/fall/fall_19_cam0/frame_000000.jpg|data/processed/frames/train/fall/fall_19_cam0/frame_000010.jpg|data/processed/frames/train/fall/fall_19_cam0/frame_000020.jpg,0.0|0.3333|0.6667
fall_19_cam0_w0001,fall_19_cam0,train,fall,1,data/raw/urfd_videos/fall/fall-19/cam0/fall-19-cam0.mp4,0.0,3.3333,0.6667,1.3333,1,3,data/processed/window_poses_readable/train/label_fall/fall_19_cam0__video_0p000s_to_3p333s/window_0001__time_0p667s_to_1p333s__frames_000020_to_000040.json,2,data/processed/frames/train/fall/fall_19_cam0/frame_000020.jpg|data/processed/frames/train/fall/fall_19_cam0/frame_000030.jpg|data/processed/frames/train/fall/fall_19_cam0/frame_000040.jpg,0.6667|1.0|1.3333
fall_19_cam0_w0002,fall_19_cam0,train,fall,1,data/raw/urfd_videos/fall/fall-19/cam0/fall-19-cam0.mp4,0.0,3.3333,1.3333,2.0,2,3,data/processed/window_poses_readable/train/label_fall/fall_19_cam0__video_0p000s_to_3p333s/window_0002__time_1p333s_to_2p000s__frames_000040_to_000060.json,3,data/processed/frames/train/fall/fall_19_cam0/frame_000040.jpg|data/processed/frames/train/fall/fall_19_cam0/frame_000050.jpg|data/processed/frames/train/fall/fall_19_cam0/frame_000060.jpg,1.3333|1.6667|2.0
fall_19_cam0_w0003,fall_19_cam0,train,fall,1,data/raw/urfd_videos/fall/fall-19/cam0/fall-19-cam0.mp4,0.0,3.3333,2.0,2.6667,3,3,data/processed/window_poses_readable/train/label_fall/fall_19_cam0__video_0p000s_to_3p333s/window_0003__time_2p000s_to_2p667s__frames_000060_to_000080.json,3,data/processed/frames/train/fall/fall_19_cam0/frame_000060.jpg|data/processed/frames/train/fall/fall_19_cam0/frame_000070.jpg|data/processed/frames/train/fall/fall_19_cam0/frame_000080.jpg,2.0|2.3333|2.6667
fall_19_cam1_w0000,fall_19_cam1,train,fall,1,data/raw/urfd_videos/fall/fall-19/cam1/fall-19-cam1.mp4,0.0,3.3333,0.0,0.6667,0,3,data/processed/window_poses_readable/train/label_fall/fall_19_cam1__video_0p000s_to_3p333s/window_0000__time_0p000s_to_0p667s__frames_000000_to_000020.json,3,data/processed/frames/train/fall/fall_19_cam1/frame_000000.jpg|data/processed/frames/train/fall/fall_19_cam1/frame_000010.jpg|data/processed/frames/train/fall/fall_19_cam1/frame_000020.jpg,0.0|0.3333|0.6667
fall_19_cam1_w0001,fall_19_cam1,train,fall,1,data/raw/urfd_videos/fall/fall-19/cam1/fall-19-cam1.mp4,0.0,3.3333,0.6667,1.3333,1,3,data/processed/window_poses_readable/train/label_fall/fall_19_cam1__video_0p000s_to_3p333s/window_0001__time_0p667s_to_1p333s__frames_000020_to_000040.json,3,data/processed/frames/train/fall/fall_19_cam1/frame_000020.jpg|data/processed/frames/train/fall/fall_19_cam1/frame_000030.jpg|data/processed/frames/train/fall/fall_19_cam1/frame_000040.jpg,0.6667|1.0|1.3333
fall_19_cam1_w0002,fall_19_cam1,train,fall,1,data/raw/urfd_videos/fall/fall-19/cam1/fall-19-cam1.mp4,0.0,3.3333,1.3333,2.0,2,3,data/processed/window_poses_readable/train/label_fall/fall_19_cam1__video_0p000s_to_3p333s/window_0002__time_1p333s_to_2p000s__frames_000040_to_000060.json,2,data/processed/frames/train/fall/fall_19_cam1/frame_000040.jpg|data/processed/frames/train/fall/fall_19_cam1/frame_000050.jpg|data/processed/frames/train/fall/fall_19_cam1/frame_000060.jpg,1.3333|1.6667|2.0
fall_19_cam1_w0003,fall_19_cam1,train,fall,1,data/raw/urfd_videos/fall/fall-19/cam1/fall-19-cam1.mp4,0.0,3.3333,2.0,2.6667,3,3,data/processed/window_poses_readable/train/label_fall/fall_19_cam1__video_0p000s_to_3p333s/window_0003__time_2p000s_to_2p667s__frames_000060_to_000080.json,3,data/processed/frames/train/fall/fall_19_cam1/frame_000060.jpg|data/processed/frames/train/fall/fall_19_cam1/frame_000070.jpg|data/processed/frames/train/fall/fall_19_cam1/frame_000080.jpg,2.0|2.3333|2.6667
fall_20_cam0_w0000,fall_20_cam0,train,fall,1,data/raw/urfd_videos/fall/fall-20/cam0/fall-20-cam0.mp4,0.0,3.6667,0.0,0.6667,0,3,data/processed/window_poses_readable/train/label_fall/fall_20_cam0__video_0p000s_to_3p667s/window_0000__time_0p000s_to_0p667s__frames_000000_to_000020.json,3,data/processed/frames/train/fall/fall_20_cam0/frame_000000.jpg|data/processed/frames/train/fall/fall_20_cam0/frame_000010.jpg|data/processed/frames/train/fall/fall_20_cam0/frame_000020.jpg,0.0|0.3333|0.6667
fall_20_cam0_w0001,fall_20_cam0,train,fall,1,data/raw/urfd_videos/fall/fall-20/cam0/fall-20-cam0.mp4,0.0,3.6667,0.6667,1.3333,1,3,data/processed/window_poses_readable/train/label_fall/fall_20_cam0__video_0p000s_to_3p667s/window_0001__time_0p667s_to_1p333s__frames_000020_to_000040.json,3,data/processed/frames/train/fall/fall_20_cam0/frame_000020.jpg|data/processed/frames/train/fall/fall_20_cam0/frame_000030.jpg|data/processed/frames/train/fall/fall_20_cam0/frame_000040.jpg,0.6667|1.0|1.3333
fall_20_cam0_w0002,fall_20_cam0,train,fall,1,data/raw/urfd_videos/fall/fall-20/cam0/fall-20-cam0.mp4,0.0,3.6667,1.3333,2.0,2,3,data/processed/window_poses_readable/train/label_fall/fall_20_cam0__video_0p000s_to_3p667s/window_0002__time_1p333s_to_2p000s__frames_000040_to_000060.json,3,data/processed/frames/train/fall/fall_20_cam0/frame_000040.jpg|data/processed/frames/train/fall/fall_20_cam0/frame_000050.jpg|data/processed/frames/train/fall/fall_20_cam0/frame_000060.jpg,1.3333|1.6667|2.0
fall_20_cam0_w0003,fall_20_cam0,train,fall,1,data/raw/urfd_videos/fall/fall-20/cam0/fall-20-cam0.mp4,0.0,3.6667,2.0,2.6667,3,3,data/processed/window_poses_readable/train/label_fall/fall_20_cam0__video_0p000s_to_3p667s/window_0003__time_2p000s_to_2p667s__frames_000060_to_000080.json,3,data/processed/frames/train/fall/fall_20_cam0/frame_000060.jpg|data/processed/frames/train/fall/fall_20_cam0/frame_000070.jpg|data/processed/frames/train/fall/fall_20_cam0/frame_000080.jpg,2.0|2.3333|2.6667
fall_20_cam0_w0004,fall_20_cam0,train,fall,1,data/raw/urfd_videos/fall/fall-20/cam0/fall-20-cam0.mp4,0.0,3.6667,2.6667,3.3333,4,3,data/processed/window_poses_readable/train/label_fall/fall_20_cam0__video_0p000s_to_3p667s/window_0004__time_2p667s_to_3p333s__frames_000080_to_000100.json,3,data/processed/frames/train/fall/fall_20_cam0/frame_000080.jpg|data/processed/frames/train/fall/fall_20_cam0/frame_000090.jpg|data/processed/frames/train/fall/fall_20_cam0/frame_000100.jpg,2.6667|3.0|3.3333
fall_20_cam1_w0000,fall_20_cam1,train,fall,1,data/raw/urfd_videos/fall/fall-20/cam1/fall-20-cam1.mp4,0.0,3.6667,0.0,0.6667,0,3,data/processed/window_poses_readable/train/label_fall/fall_20_cam1__video_0p000s_to_3p667s/window_0000__time_0p000s_to_0p667s__frames_000000_to_000020.json,2,data/processed/frames/train/fall/fall_20_cam1/frame_000000.jpg|data/processed/frames/train/fall/fall_20_cam1/frame_000010.jpg|data/processed/frames/train/fall/fall_20_cam1/frame_000020.jpg,0.0|0.3333|0.6667
fall_20_cam1_w0001,fall_20_cam1,train,fall,1,data/raw/urfd_videos/fall/fall-20/cam1/fall-20-cam1.mp4,0.0,3.6667,0.6667,1.3333,1,3,data/processed/window_poses_readable/train/label_fall/fall_20_cam1__video_0p000s_to_3p667s/window_0001__time_0p667s_to_1p333s__frames_000020_to_000040.json,3,data/processed/frames/train/fall/fall_20_cam1/frame_000020.jpg|data/processed/frames/train/fall/fall_20_cam1/frame_000030.jpg|data/processed/frames/train/fall/fall_20_cam1/frame_000040.jpg,0.6667|1.0|1.3333
fall_20_cam1_w0002,fall_20_cam1,train,fall,1,data/raw/urfd_videos/fall/fall-20/cam1/fall-20-cam1.mp4,0.0,3.6667,1.3333,2.0,2,3,data/processed/window_poses_readable/train/label_fall/fall_20_cam1__video_0p000s_to_3p667s/window_0002__time_1p333s_to_2p000s__frames_000040_to_000060.json,2,data/processed/frames/train/fall/fall_20_cam1/frame_000040.jpg|data/processed/frames/train/fall/fall_20_cam1/frame_000050.jpg|data/processed/frames/train/fall/fall_20_cam1/frame_000060.jpg,1.3333|1.6667|2.0
fall_20_cam1_w0003,fall_20_cam1,train,fall,1,data/raw/urfd_videos/fall/fall-20/cam1/fall-20-cam1.mp4,0.0,3.6667,2.0,2.6667,3,3,data/processed/window_poses_readable/train/label_fall/fall_20_cam1__video_0p000s_to_3p667s/window_0003__time_2p000s_to_2p667s__frames_000060_to_000080.json,1,data/processed/frames/train/fall/fall_20_cam1/frame_000060.jpg|data/processed/frames/train/fall/fall_20_cam1/frame_000070.jpg|data/processed/frames/train/fall/fall_20_cam1/frame_000080.jpg,2.0|2.3333|2.6667
fall_20_cam1_w0004,fall_20_cam1,train,fall,1,data/raw/urfd_videos/fall/fall-20/cam1/fall-20-cam1.mp4,0.0,3.6667,2.6667,3.3333,4,3,data/processed/window_poses_readable/train/label_fall/fall_20_cam1__video_0p000s_to_3p667s/window_0004__time_2p667s_to_3p333s__frames_000080_to_000100.json,3,data/processed/frames/train/fall/fall_20_cam1/frame_000080.jpg|data/processed/frames/train/fall/fall_20_cam1/frame_000090.jpg|data/processed/frames/train/fall/fall_20_cam1/frame_000100.jpg,2.6667|3.0|3.3333
fall_21_cam0_w0000,fall_21_cam0,train,fall,1,data/raw/urfd_videos/fall/fall-21/cam0/fall-21-cam0.mp4,0.0,1.8333,0.0,0.6667,0,3,data/processed/window_poses_readable/train/label_fall/fall_21_cam0__video_0p000s_to_1p833s/window_0000__time_0p000s_to_0p667s__frames_000000_to_000020.json,3,data/processed/frames/train/fall/fall_21_cam0/frame_000000.jpg|data/processed/frames/train/fall/fall_21_cam0/frame_000010.jpg|data/processed/frames/train/fall/fall_21_cam0/frame_000020.jpg,0.0|0.3333|0.6667
fall_21_cam0_w0001,fall_21_cam0,train,fall,1,data/raw/urfd_videos/fall/fall-21/cam0/fall-21-cam0.mp4,0.0,1.8333,0.6667,1.3333,1,3,data/processed/window_poses_readable/train/label_fall/fall_21_cam0__video_0p000s_to_1p833s/window_0001__time_0p667s_to_1p333s__frames_000020_to_000040.json,3,data/processed/frames/train/fall/fall_21_cam0/frame_000020.jpg|data/processed/frames/train/fall/fall_21_cam0/frame_000030.jpg|data/processed/frames/train/fall/fall_21_cam0/frame_000040.jpg,0.6667|1.0|1.3333
fall_21_cam1_w0000,fall_21_cam1,train,fall,1,data/raw/urfd_videos/fall/fall-21/cam1/fall-21-cam1.mp4,0.0,1.8333,0.0,0.6667,0,3,data/processed/window_poses_readable/train/label_fall/fall_21_cam1__video_0p000s_to_1p833s/window_0000__time_0p000s_to_0p667s__frames_000000_to_000020.json,3,data/processed/frames/train/fall/fall_21_cam1/frame_000000.jpg|data/processed/frames/train/fall/fall_21_cam1/frame_000010.jpg|data/processed/frames/train/fall/fall_21_cam1/frame_000020.jpg,0.0|0.3333|0.6667
fall_21_cam1_w0001,fall_21_cam1,train,fall,1,data/raw/urfd_videos/fall/fall-21/cam1/fall-21-cam1.mp4,0.0,1.8333,0.6667,1.3333,1,3,data/processed/window_poses_readable/train/label_fall/fall_21_cam1__video_0p000s_to_1p833s/window_0001__time_0p667s_to_1p333s__frames_000020_to_000040.json,1,data/processed/frames/train/fall/fall_21_cam1/frame_000020.jpg|data/processed/frames/train/fall/fall_21_cam1/frame_000030.jpg|data/processed/frames/train/fall/fall_21_cam1/frame_000040.jpg,0.6667|1.0|1.3333
fall_22_cam0_w0000,fall_22_cam0,train,fall,1,data/raw/urfd_videos/fall/fall-22/cam0/fall-22-cam0.mp4,0.0,1.8667,0.0,0.6667,0,3,data/processed/window_poses_readable/train/label_fall/fall_22_cam0__video_0p000s_to_1p867s/window_0000__time_0p000s_to_0p667s__frames_000000_to_000020.json,3,data/processed/frames/train/fall/fall_22_cam0/frame_000000.jpg|data/processed/frames/train/fall/fall_22_cam0/frame_000010.jpg|data/processed/frames/train/fall/fall_22_cam0/frame_000020.jpg,0.0|0.3333|0.6667
fall_22_cam0_w0001,fall_22_cam0,train,fall,1,data/raw/urfd_videos/fall/fall-22/cam0/fall-22-cam0.mp4,0.0,1.8667,0.6667,1.3333,1,3,data/processed/window_poses_readable/train/label_fall/fall_22_cam0__video_0p000s_to_1p867s/window_0001__time_0p667s_to_1p333s__frames_000020_to_000040.json,2,data/processed/frames/train/fall/fall_22_cam0/frame_000020.jpg|data/processed/frames/train/fall/fall_22_cam0/frame_000030.jpg|data/processed/frames/train/fall/fall_22_cam0/frame_000040.jpg,0.6667|1.0|1.3333
fall_22_cam1_w0000,fall_22_cam1,train,fall,1,data/raw/urfd_videos/fall/fall-22/cam1/fall-22-cam1.mp4,0.0,1.8667,0.0,0.6667,0,3,data/processed/window_poses_readable/train/label_fall/fall_22_cam1__video_0p000s_to_1p867s/window_0000__time_0p000s_to_0p667s__frames_000000_to_000020.json,2,data/processed/frames/train/fall/fall_22_cam1/frame_000000.jpg|data/processed/frames/train/fall/fall_22_cam1/frame_000010.jpg|data/processed/frames/train/fall/fall_22_cam1/frame_000020.jpg,0.0|0.3333|0.6667
fall_22_cam1_w0001,fall_22_cam1,train,fall,1,data/raw/urfd_videos/fall/fall-22/cam1/fall-22-cam1.mp4,0.0,1.8667,0.6667,1.3333,1,3,data/processed/window_poses_readable/train/label_fall/fall_22_cam1__video_0p000s_to_1p867s/window_0001__time_0p667s_to_1p333s__frames_000020_to_000040.json,3,data/processed/frames/train/fall/fall_22_cam1/frame_000020.jpg|data/processed/frames/train/fall/fall_22_cam1/frame_000030.jpg|data/processed/frames/train/fall/fall_22_cam1/frame_000040.jpg,0.6667|1.0|1.3333
fall_23_cam0_w0000,fall_23_cam0,train,fall,1,data/raw/urfd_videos/fall/fall-23/cam0/fall-23-cam0.mp4,0.0,2.5,0.0,0.6667,0,3,data/processed/window_poses_readable/train/label_fall/fall_23_cam0__video_0p000s_to_2p500s/window_0000__time_0p000s_to_0p667s__frames_000000_to_000020.json,0,data/processed/frames/train/fall/fall_23_cam0/frame_000000.jpg|data/processed/frames/train/fall/fall_23_cam0/frame_000010.jpg|data/processed/frames/train/fall/fall_23_cam0/frame_000020.jpg,0.0|0.3333|0.6667
fall_23_cam0_w0001,fall_23_cam0,train,fall,1,data/raw/urfd_videos/fall/fall-23/cam0/fall-23-cam0.mp4,0.0,2.5,0.6667,1.3333,1,3,data/processed/window_poses_readable/train/label_fall/fall_23_cam0__video_0p000s_to_2p500s/window_0001__time_0p667s_to_1p333s__frames_000020_to_000040.json,2,data/processed/frames/train/fall/fall_23_cam0/frame_000020.jpg|data/processed/frames/train/fall/fall_23_cam0/frame_000030.jpg|data/processed/frames/train/fall/fall_23_cam0/frame_000040.jpg,0.6667|1.0|1.3333
fall_23_cam0_w0002,fall_23_cam0,train,fall,1,data/raw/urfd_videos/fall/fall-23/cam0/fall-23-cam0.mp4,0.0,2.5,1.3333,2.0,2,3,data/processed/window_poses_readable/train/label_fall/fall_23_cam0__video_0p000s_to_2p500s/window_0002__time_1p333s_to_2p000s__frames_000040_to_000060.json,2,data/processed/frames/train/fall/fall_23_cam0/frame_000040.jpg|data/processed/frames/train/fall/fall_23_cam0/frame_000050.jpg|data/processed/frames/train/fall/fall_23_cam0/frame_000060.jpg,1.3333|1.6667|2.0
fall_23_cam1_w0000,fall_23_cam1,train,fall,1,data/raw/urfd_videos/fall/fall-23/cam1/fall-23-cam1.mp4,0.0,2.5,0.0,0.6667,0,3,data/processed/window_poses_readable/train/label_fall/fall_23_cam1__video_0p000s_to_2p500s/window_0000__time_0p000s_to_0p667s__frames_000000_to_000020.json,3,data/processed/frames/train/fall/fall_23_cam1/frame_000000.jpg|data/processed/frames/train/fall/fall_23_cam1/frame_000010.jpg|data/processed/frames/train/fall/fall_23_cam1/frame_000020.jpg,0.0|0.3333|0.6667
fall_23_cam1_w0001,fall_23_cam1,train,fall,1,data/raw/urfd_videos/fall/fall-23/cam1/fall-23-cam1.mp4,0.0,2.5,0.6667,1.3333,1,3,data/processed/window_poses_readable/train/label_fall/fall_23_cam1__video_0p000s_to_2p500s/window_0001__time_0p667s_to_1p333s__frames_000020_to_000040.json,3,data/processed/frames/train/fall/fall_23_cam1/frame_000020.jpg|data/processed/frames/train/fall/fall_23_cam1/frame_000030.jpg|data/processed/frames/train/fall/fall_23_cam1/frame_000040.jpg,0.6667|1.0|1.3333
fall_23_cam1_w0002,fall_23_cam1,train,fall,1,data/raw/urfd_videos/fall/fall-23/cam1/fall-23-cam1.mp4,0.0,2.5,1.3333,2.0,2,3,data/processed/window_poses_readable/train/label_fall/fall_23_cam1__video_0p000s_to_2p500s/window_0002__time_1p333s_to_2p000s__frames_000040_to_000060.json,3,data/processed/frames/train/fall/fall_23_cam1/frame_000040.jpg|data/processed/frames/train/fall/fall_23_cam1/frame_000050.jpg|data/processed/frames/train/fall/fall_23_cam1/frame_000060.jpg,1.3333|1.6667|2.0
fall_24_cam0_w0000,fall_24_cam0,train,fall,1,data/raw/urfd_videos/fall/fall-24/cam0/fall-24-cam0.mp4,0.0,2.0,0.0,0.6667,0,3,data/processed/window_poses_readable/train/label_fall/fall_24_cam0__video_0p000s_to_2p000s/window_0000__time_0p000s_to_0p667s__frames_000000_to_000020.json,2,data/processed/frames/train/fall/fall_24_cam0/frame_000000.jpg|data/processed/frames/train/fall/fall_24_cam0/frame_000010.jpg|data/processed/frames/train/fall/fall_24_cam0/frame_000020.jpg,0.0|0.3333|0.6667
fall_24_cam0_w0001,fall_24_cam0,train,fall,1,data/raw/urfd_videos/fall/fall-24/cam0/fall-24-cam0.mp4,0.0,2.0,0.6667,1.3333,1,3,data/processed/window_poses_readable/train/label_fall/fall_24_cam0__video_0p000s_to_2p000s/window_0001__time_0p667s_to_1p333s__frames_000020_to_000040.json,2,data/processed/frames/train/fall/fall_24_cam0/frame_000020.jpg|data/processed/frames/train/fall/fall_24_cam0/frame_000030.jpg|data/processed/frames/train/fall/fall_24_cam0/frame_000040.jpg,0.6667|1.0|1.3333
fall_24_cam1_w0000,fall_24_cam1,train,fall,1,data/raw/urfd_videos/fall/fall-24/cam1/fall-24-cam1.mp4,0.0,2.0,0.0,0.6667,0,3,data/processed/window_poses_readable/train/label_fall/fall_24_cam1__video_0p000s_to_2p000s/window_0000__time_0p000s_to_0p667s__frames_000000_to_000020.json,3,data/processed/frames/train/fall/fall_24_cam1/frame_000000.jpg|data/processed/frames/train/fall/fall_24_cam1/frame_000010.jpg|data/processed/frames/train/fall/fall_24_cam1/frame_000020.jpg,0.0|0.3333|0.6667
fall_24_cam1_w0001,fall_24_cam1,train,fall,1,data/raw/urfd_videos/fall/fall-24/cam1/fall-24-cam1.mp4,0.0,2.0,0.6667,1.3333,1,3,data/processed/window_poses_readable/train/label_fall/fall_24_cam1__video_0p000s_to_2p000s/window_0001__time_0p667s_to_1p333s__frames_000020_to_000040.json,3,data/processed/frames/train/fall/fall_24_cam1/frame_000020.jpg|data/processed/frames/train/fall/fall_24_cam1/frame_000030.jpg|data/processed/frames/train/fall/fall_24_cam1/frame_000040.jpg,0.6667|1.0|1.3333
fall_25_cam0_w0000,fall_25_cam0,train,fall,1,data/raw/urfd_videos/fall/fall-25/cam0/fall-25-cam0.mp4,0.0,2.8333,0.0,0.6667,0,3,data/processed/window_poses_readable/train/label_fall/fall_25_cam0__video_0p000s_to_2p833s/window_0000__time_0p000s_to_0p667s__frames_000000_to_000020.json,0,data/processed/frames/train/fall/fall_25_cam0/frame_000000.jpg|data/processed/frames/train/fall/fall_25_cam0/frame_000010.jpg|data/processed/frames/train/fall/fall_25_cam0/frame_000020.jpg,0.0|0.3333|0.6667
fall_25_cam0_w0001,fall_25_cam0,train,fall,1,data/raw/urfd_videos/fall/fall-25/cam0/fall-25-cam0.mp4,0.0,2.8333,0.6667,1.3333,1,3,data/processed/window_poses_readable/train/label_fall/fall_25_cam0__video_0p000s_to_2p833s/window_0001__time_0p667s_to_1p333s__frames_000020_to_000040.json,1,data/processed/frames/train/fall/fall_25_cam0/frame_000020.jpg|data/processed/frames/train/fall/fall_25_cam0/frame_000030.jpg|data/processed/frames/train/fall/fall_25_cam0/frame_000040.jpg,0.6667|1.0|1.3333
fall_25_cam0_w0002,fall_25_cam0,train,fall,1,data/raw/urfd_videos/fall/fall-25/cam0/fall-25-cam0.mp4,0.0,2.8333,1.3333,2.0,2,3,data/processed/window_poses_readable/train/label_fall/fall_25_cam0__video_0p000s_to_2p833s/window_0002__time_1p333s_to_2p000s__frames_000040_to_000060.json,2,data/processed/frames/train/fall/fall_25_cam0/frame_000040.jpg|data/processed/frames/train/fall/fall_25_cam0/frame_000050.jpg|data/processed/frames/train/fall/fall_25_cam0/frame_000060.jpg,1.3333|1.6667|2.0
fall_25_cam0_w0003,fall_25_cam0,train,fall,1,data/raw/urfd_videos/fall/fall-25/cam0/fall-25-cam0.mp4,0.0,2.8333,2.0,2.6667,3,3,data/processed/window_poses_readable/train/label_fall/fall_25_cam0__video_0p000s_to_2p833s/window_0003__time_2p000s_to_2p667s__frames_000060_to_000080.json,2,data/processed/frames/train/fall/fall_25_cam0/frame_000060.jpg|data/processed/frames/train/fall/fall_25_cam0/frame_000070.jpg|data/processed/frames/train/fall/fall_25_cam0/frame_000080.jpg,2.0|2.3333|2.6667
fall_25_cam1_w0000,fall_25_cam1,train,fall,1,data/raw/urfd_videos/fall/fall-25/cam1/fall-25-cam1.mp4,0.0,2.8333,0.0,0.6667,0,3,data/processed/window_poses_readable/train/label_fall/fall_25_cam1__video_0p000s_to_2p833s/window_0000__time_0p000s_to_0p667s__frames_000000_to_000020.json,3,data/processed/frames/train/fall/fall_25_cam1/frame_000000.jpg|data/processed/frames/train/fall/fall_25_cam1/frame_000010.jpg|data/processed/frames/train/fall/fall_25_cam1/frame_000020.jpg,0.0|0.3333|0.6667
fall_25_cam1_w0001,fall_25_cam1,train,fall,1,data/raw/urfd_videos/fall/fall-25/cam1/fall-25-cam1.mp4,0.0,2.8333,0.6667,1.3333,1,3,data/processed/window_poses_readable/train/label_fall/fall_25_cam1__video_0p000s_to_2p833s/window_0001__time_0p667s_to_1p333s__frames_000020_to_000040.json,3,data/processed/frames/train/fall/fall_25_cam1/frame_000020.jpg|data/processed/frames/train/fall/fall_25_cam1/frame_000030.jpg|data/processed/frames/train/fall/fall_25_cam1/frame_000040.jpg,0.6667|1.0|1.3333
fall_25_cam1_w0002,fall_25_cam1,train,fall,1,data/raw/urfd_videos/fall/fall-25/cam1/fall-25-cam1.mp4,0.0,2.8333,1.3333,2.0,2,3,data/processed/window_poses_readable/train/label_fall/fall_25_cam1__video_0p000s_to_2p833s/window_0002__time_1p333s_to_2p000s__frames_000040_to_000060.json,3,data/processed/frames/train/fall/fall_25_cam1/frame_000040.jpg|data/processed/frames/train/fall/fall_25_cam1/frame_000050.jpg|data/processed/frames/train/fall/fall_25_cam1/frame_000060.jpg,1.3333|1.6667|2.0
fall_25_cam1_w0003,fall_25_cam1,train,fall,1,data/raw/urfd_videos/fall/fall-25/cam1/fall-25-cam1.mp4,0.0,2.8333,2.0,2.6667,3,3,data/processed/window_poses_readable/train/label_fall/fall_25_cam1__video_0p000s_to_2p833s/window_0003__time_2p000s_to_2p667s__frames_000060_to_000080.json,3,data/processed/frames/train/fall/fall_25_cam1/frame_000060.jpg|data/processed/frames/train/fall/fall_25_cam1/frame_000070.jpg|data/processed/frames/train/fall/fall_25_cam1/frame_000080.jpg,2.0|2.3333|2.6667
fall_27_cam0_w0000,fall_27_cam0,train,fall,1,data/raw/urfd_videos/fall/fall-27/cam0/fall-27-cam0.mp4,0.0,3.0667,0.0,0.6667,0,3,data/processed/window_poses_readable/train/label_fall/fall_27_cam0__video_0p000s_to_3p067s/window_0000__time_0p000s_to_0p667s__frames_000000_to_000020.json,1,data/processed/frames/train/fall/fall_27_cam0/frame_000000.jpg|data/processed/frames/train/fall/fall_27_cam0/frame_000010.jpg|data/processed/frames/train/fall/fall_27_cam0/frame_000020.jpg,0.0|0.3333|0.6667
fall_27_cam0_w0001,fall_27_cam0,train,fall,1,data/raw/urfd_videos/fall/fall-27/cam0/fall-27-cam0.mp4,0.0,3.0667,0.6667,1.3333,1,3,data/processed/window_poses_readable/train/label_fall/fall_27_cam0__video_0p000s_to_3p067s/window_0001__time_0p667s_to_1p333s__frames_000020_to_000040.json,2,data/processed/frames/train/fall/fall_27_cam0/frame_000020.jpg|data/processed/frames/train/fall/fall_27_cam0/frame_000030.jpg|data/processed/frames/train/fall/fall_27_cam0/frame_000040.jpg,0.6667|1.0|1.3333
fall_27_cam0_w0002,fall_27_cam0,train,fall,1,data/raw/urfd_videos/fall/fall-27/cam0/fall-27-cam0.mp4,0.0,3.0667,1.3333,2.0,2,3,data/processed/window_poses_readable/train/label_fall/fall_27_cam0__video_0p000s_to_3p067s/window_0002__time_1p333s_to_2p000s__frames_000040_to_000060.json,3,data/processed/frames/train/fall/fall_27_cam0/frame_000040.jpg|data/processed/frames/train/fall/fall_27_cam0/frame_000050.jpg|data/processed/frames/train/fall/fall_27_cam0/frame_000060.jpg,1.3333|1.6667|2.0
fall_27_cam0_w0003,fall_27_cam0,train,fall,1,data/raw/urfd_videos/fall/fall-27/cam0/fall-27-cam0.mp4,0.0,3.0667,2.0,2.6667,3,3,data/processed/window_poses_readable/train/label_fall/fall_27_cam0__video_0p000s_to_3p067s/window_0003__time_2p000s_to_2p667s__frames_000060_to_000080.json,2,data/processed/frames/train/fall/fall_27_cam0/frame_000060.jpg|data/processed/frames/train/fall/fall_27_cam0/frame_000070.jpg|data/processed/frames/train/fall/fall_27_cam0/frame_000080.jpg,2.0|2.3333|2.6667
fall_27_cam1_w0000,fall_27_cam1,train,fall,1,data/raw/urfd_videos/fall/fall-27/cam1/fall-27-cam1.mp4,0.0,3.0667,0.0,0.6667,0,3,data/processed/window_poses_readable/train/label_fall/fall_27_cam1__video_0p000s_to_3p067s/window_0000__time_0p000s_to_0p667s__frames_000000_to_000020.json,3,data/processed/frames/train/fall/fall_27_cam1/frame_000000.jpg|data/processed/frames/train/fall/fall_27_cam1/frame_000010.jpg|data/processed/frames/train/fall/fall_27_cam1/frame_000020.jpg,0.0|0.3333|0.6667
fall_27_cam1_w0001,fall_27_cam1,train,fall,1,data/raw/urfd_videos/fall/fall-27/cam1/fall-27-cam1.mp4,0.0,3.0667,0.6667,1.3333,1,3,data/processed/window_poses_readable/train/label_fall/fall_27_cam1__video_0p000s_to_3p067s/window_0001__time_0p667s_to_1p333s__frames_000020_to_000040.json,2,data/processed/frames/train/fall/fall_27_cam1/frame_000020.jpg|data/processed/frames/train/fall/fall_27_cam1/frame_000030.jpg|data/processed/frames/train/fall/fall_27_cam1/frame_000040.jpg,0.6667|1.0|1.3333
fall_27_cam1_w0002,fall_27_cam1,train,fall,1,data/raw/urfd_videos/fall/fall-27/cam1/fall-27-cam1.mp4,0.0,3.0667,1.3333,2.0,2,3,data/processed/window_poses_readable/train/label_fall/fall_27_cam1__video_0p000s_to_3p067s/window_0002__time_1p333s_to_2p000s__frames_000040_to_000060.json,2,data/processed/frames/train/fall/fall_27_cam1/frame_000040.jpg|data/processed/frames/train/fall/fall_27_cam1/frame_000050.jpg|data/processed/frames/train/fall/fall_27_cam1/frame_000060.jpg,1.3333|1.6667|2.0
fall_27_cam1_w0003,fall_27_cam1,train,fall,1,data/raw/urfd_videos/fall/fall-27/cam1/fall-27-cam1.mp4,0.0,3.0667,2.0,2.6667,3,3,data/processed/window_poses_readable/train/label_fall/fall_27_cam1__video_0p000s_to_3p067s/window_0003__time_2p000s_to_2p667s__frames_000060_to_000080.json,3,data/processed/frames/train/fall/fall_27_cam1/frame_000060.jpg|data/processed/frames/train/fall/fall_27_cam1/frame_000070.jpg|data/processed/frames/train/fall/fall_27_cam1/frame_000080.jpg,2.0|2.3333|2.6667
voxel_01-2_w0000,voxel_01-2,train,fall,1,data/raw/voxel_huggingface_data/Fall/01-2.mp4,0.0,6.3681,0.0,0.6703,0,3,data/processed/window_poses_readable/train/label_fall/voxel_01-2__video_0p000s_to_6p368s/window_0000__time_0p000s_to_0p670s__frames_000000_to_000020.json,3,data/processed/frames/train/fall/voxel_01-2/frame_000000.jpg|data/processed/frames/train/fall/voxel_01-2/frame_000010.jpg|data/processed/frames/train/fall/voxel_01-2/frame_000020.jpg,0.0|0.3352|0.6703
voxel_01-2_w0001,voxel_01-2,train,fall,1,data/raw/voxel_huggingface_data/Fall/01-2.mp4,0.0,6.3681,0.6703,1.3407,1,3,data/processed/window_poses_readable/train/label_fall/voxel_01-2__video_0p000s_to_6p368s/window_0001__time_0p670s_to_1p341s__frames_000020_to_000040.json,3,data/processed/frames/train/fall/voxel_01-2/frame_000020.jpg|data/processed/frames/train/fall/voxel_01-2/frame_000030.jpg|data/processed/frames/train/fall/voxel_01-2/frame_000040.jpg,0.6703|1.0055|1.3407
voxel_01-2_w0002,voxel_01-2,train,fall,1,data/raw/voxel_huggingface_data/Fall/01-2.mp4,0.0,6.3681,1.3407,2.011,2,3,data/processed/window_poses_readable/train/label_fall/voxel_01-2__video_0p000s_to_6p368s/window_0002__time_1p341s_to_2p011s__frames_000040_to_000060.json,3,data/processed/frames/train/fall/voxel_01-2/frame_000040.jpg|data/processed/frames/train/fall/voxel_01-2/frame_000050.jpg|data/processed/frames/train/fall/voxel_01-2/frame_000060.jpg,1.3407|1.6758|2.011
voxel_01-2_w0003,voxel_01-2,train,fall,1,data/raw/voxel_huggingface_data/Fall/01-2.mp4,0.0,6.3681,2.011,2.6813,3,3,data/processed/window_poses_readable/train/label_fall/voxel_01-2__video_0p000s_to_6p368s/window_0003__time_2p011s_to_2p681s__frames_000060_to_000080.json,3,data/processed/frames/train/fall/voxel_01-2/frame_000060.jpg|data/processed/frames/train/fall/voxel_01-2/frame_000070.jpg|data/processed/frames/train/fall/voxel_01-2/frame_000080.jpg,2.011|2.3461|2.6813
voxel_01-2_w0004,voxel_01-2,train,fall,1,data/raw/voxel_huggingface_data/Fall/01-2.mp4,0.0,6.3681,2.6813,3.3516,4,3,data/processed/window_poses_readable/train/label_fall/voxel_01-2__video_0p000s_to_6p368s/window_0004__time_2p681s_to_3p352s__frames_000080_to_000100.json,3,data/processed/frames/train/fall/voxel_01-2/frame_000080.jpg|data/processed/frames/train/fall/voxel_01-2/frame_000090.jpg|data/processed/frames/train/fall/voxel_01-2/frame_000100.jpg,2.6813|3.0165|3.3516
voxel_01-2_w0005,voxel_01-2,train,fall,1,data/raw/voxel_huggingface_data/Fall/01-2.mp4,0.0,6.3681,3.3516,4.022,5,3,data/processed/window_poses_readable/train/label_fall/voxel_01-2__video_0p000s_to_6p368s/window_0005__time_3p352s_to_4p022s__frames_000100_to_000120.json,3,data/processed/frames/train/fall/voxel_01-2/frame_000100.jpg|data/processed/frames/train/fall/voxel_01-2/frame_000110.jpg|data/processed/frames/train/fall/voxel_01-2/frame_000120.jpg,3.3516|3.6868|4.022
voxel_01-2_w0006,voxel_01-2,train,fall,1,data/raw/voxel_huggingface_data/Fall/01-2.mp4,0.0,6.3681,4.022,4.6923,6,3,data/processed/window_poses_readable/train/label_fall/voxel_01-2__video_0p000s_to_6p368s/window_0006__time_4p022s_to_4p692s__frames_000120_to_000140.json,3,data/processed/frames/train/fall/voxel_01-2/frame_000120.jpg|data/processed/frames/train/fall/voxel_01-2/frame_000130.jpg|data/processed/frames/train/fall/voxel_01-2/frame_000140.jpg,4.022|4.3571|4.6923
voxel_01-2_w0007,voxel_01-2,train,fall,1,data/raw/voxel_huggingface_data/Fall/01-2.mp4,0.0,6.3681,4.6923,5.3626,7,3,data/processed/window_poses_readable/train/label_fall/voxel_01-2__video_0p000s_to_6p368s/window_0007__time_4p692s_to_5p363s__frames_000140_to_000160.json,3,data/processed/frames/train/fall/voxel_01-2/frame_000140.jpg|data/processed/frames/train/fall/voxel_01-2/frame_000150.jpg|data/processed/frames/train/fall/voxel_01-2/frame_000160.jpg,4.6923|5.0274|5.3626
voxel_01-2_w0008,voxel_01-2,train,fall,1,data/raw/voxel_huggingface_data/Fall/01-2.mp4,0.0,6.3681,5.3626,6.0329,8,3,data/processed/window_poses_readable/train/label_fall/voxel_01-2__video_0p000s_to_6p368s/window_0008__time_5p363s_to_6p033s__frames_000160_to_000180.json,3,data/processed/frames/train/fall/voxel_01-2/frame_000160.jpg|data/processed/frames/train/fall/voxel_01-2/frame_000170.jpg|data/processed/frames/train/fall/voxel_01-2/frame_000180.jpg,5.3626|5.6978|6.0329
voxel_01-6_w0000,voxel_01-6,train,fall,1,data/raw/voxel_huggingface_data/Fall/01-6.mp4,0.0,4.6575,0.0,0.6701,0,3,data/processed/window_poses_readable/train/label_fall/voxel_01-6__video_0p000s_to_4p657s/window_0000__time_0p000s_to_0p670s__frames_000000_to_000020.json,1,data/processed/frames/train/fall/voxel_01-6/frame_000000.jpg|data/processed/frames/train/fall/voxel_01-6/frame_000010.jpg|data/processed/frames/train/fall/voxel_01-6/frame_000020.jpg,0.0|0.3351|0.6701
voxel_01-6_w0001,voxel_01-6,train,fall,1,data/raw/voxel_huggingface_data/Fall/01-6.mp4,0.0,4.6575,0.6701,1.3403,1,3,data/processed/window_poses_readable/train/label_fall/voxel_01-6__video_0p000s_to_4p657s/window_0001__time_0p670s_to_1p340s__frames_000020_to_000040.json,0,data/processed/frames/train/fall/voxel_01-6/frame_000020.jpg|data/processed/frames/train/fall/voxel_01-6/frame_000030.jpg|data/processed/frames/train/fall/voxel_01-6/frame_000040.jpg,0.6701|1.0052|1.3403
voxel_01-6_w0002,voxel_01-6,train,fall,1,data/raw/voxel_huggingface_data/Fall/01-6.mp4,0.0,4.6575,1.3403,2.0104,2,3,data/processed/window_poses_readable/train/label_fall/voxel_01-6__video_0p000s_to_4p657s/window_0002__time_1p340s_to_2p010s__frames_000040_to_000060.json,2,data/processed/frames/train/fall/voxel_01-6/frame_000040.jpg|data/processed/frames/train/fall/voxel_01-6/frame_000050.jpg|data/processed/frames/train/fall/voxel_01-6/frame_000060.jpg,1.3403|1.6754|2.0104
voxel_01-6_w0003,voxel_01-6,train,fall,1,data/raw/voxel_huggingface_data/Fall/01-6.mp4,0.0,4.6575,2.0104,2.6806,3,3,data/processed/window_poses_readable/train/label_fall/voxel_01-6__video_0p000s_to_4p657s/window_0003__time_2p010s_to_2p681s__frames_000060_to_000080.json,3,data/processed/frames/train/fall/voxel_01-6/frame_000060.jpg|data/processed/frames/train/fall/voxel_01-6/frame_000070.jpg|data/processed/frames/train/fall/voxel_01-6/frame_000080.jpg,2.0104|2.3455|2.6806
voxel_01-6_w0004,voxel_01-6,train,fall,1,data/raw/voxel_huggingface_data/Fall/01-6.mp4,0.0,4.6575,2.6806,3.3507,4,3,data/processed/window_poses_readable/train/label_fall/voxel_01-6__video_0p000s_to_4p657s/window_0004__time_2p681s_to_3p351s__frames_000080_to_000100.json,3,data/processed/frames/train/fall/voxel_01-6/frame_000080.jpg|data/processed/frames/train/fall/voxel_01-6/frame_000090.jpg|data/processed/frames/train/fall/voxel_01-6/frame_000100.jpg,2.6806|3.0157|3.3507
voxel_01-6_w0005,voxel_01-6,train,fall,1,data/raw/voxel_huggingface_data/Fall/01-6.mp4,0.0,4.6575,3.3507,4.0209,5,3,data/processed/window_poses_readable/train/label_fall/voxel_01-6__video_0p000s_to_4p657s/window_0005__time_3p351s_to_4p021s__frames_000100_to_000120.json,3,data/processed/frames/train/fall/voxel_01-6/frame_000100.jpg|data/processed/frames/train/fall/voxel_01-6/frame_000110.jpg|data/processed/frames/train/fall/voxel_01-6/frame_000120.jpg,3.3507|3.6858|4.0209
voxel_01-8_w0000,voxel_01-8,train,fall,1,data/raw/voxel_huggingface_data/Fall/01-8.mp4,0.0,6.8655,0.0,0.6764,0,3,data/processed/window_poses_readable/train/label_fall/voxel_01-8__video_0p000s_to_6p865s/window_0000__time_0p000s_to_0p676s__frames_000000_to_000020.json,3,data/processed/frames/train/fall/voxel_01-8/frame_000000.jpg|data/processed/frames/train/fall/voxel_01-8/frame_000010.jpg|data/processed/frames/train/fall/voxel_01-8/frame_000020.jpg,0.0|0.3382|0.6764
voxel_01-8_w0001,voxel_01-8,train,fall,1,data/raw/voxel_huggingface_data/Fall/01-8.mp4,0.0,6.8655,0.6764,1.3528,1,3,data/processed/window_poses_readable/train/label_fall/voxel_01-8__video_0p000s_to_6p865s/window_0001__time_0p676s_to_1p353s__frames_000020_to_000040.json,3,data/processed/frames/train/fall/voxel_01-8/frame_000020.jpg|data/processed/frames/train/fall/voxel_01-8/frame_000030.jpg|data/processed/frames/train/fall/voxel_01-8/frame_000040.jpg,0.6764|1.0146|1.3528
voxel_01-8_w0002,voxel_01-8,train,fall,1,data/raw/voxel_huggingface_data/Fall/01-8.mp4,0.0,6.8655,1.3528,2.0292,2,3,data/processed/window_poses_readable/train/label_fall/voxel_01-8__video_0p000s_to_6p865s/window_0002__time_1p353s_to_2p029s__frames_000040_to_000060.json,3,data/processed/frames/train/fall/voxel_01-8/frame_000040.jpg|data/processed/frames/train/fall/voxel_01-8/frame_000050.jpg|data/processed/frames/train/fall/voxel_01-8/frame_000060.jpg,1.3528|1.691|2.0292
voxel_01-8_w0003,voxel_01-8,train,fall,1,data/raw/voxel_huggingface_data/Fall/01-8.mp4,0.0,6.8655,2.0292,2.6718,3,3,data/processed/window_poses_readable/train/label_fall/voxel_01-8__video_0p000s_to_6p865s/window_0003__time_2p029s_to_2p672s__frames_000060_to_000079.json,3,data/processed/frames/train/fall/voxel_01-8/frame_000060.jpg|data/processed/frames/train/fall/voxel_01-8/frame_000069.jpg|data/processed/frames/train/fall/voxel_01-8/frame_000079.jpg,2.0292|2.3336|2.6718
voxel_01-8_w0004,voxel_01-8,train,fall,1,data/raw/voxel_huggingface_data/Fall/01-8.mp4,0.0,6.8655,2.6718,3.3482,4,3,data/processed/window_poses_readable/train/label_fall/voxel_01-8__video_0p000s_to_6p865s/window_0004__time_2p672s_to_3p348s__frames_000079_to_000099.json,3,data/processed/frames/train/fall/voxel_01-8/frame_000079.jpg|data/processed/frames/train/fall/voxel_01-8/frame_000089.jpg|data/processed/frames/train/fall/voxel_01-8/frame_000099.jpg,2.6718|3.01|3.3482
voxel_01-8_w0005,voxel_01-8,train,fall,1,data/raw/voxel_huggingface_data/Fall/01-8.mp4,0.0,6.8655,3.3482,4.0246,5,3,data/processed/window_poses_readable/train/label_fall/voxel_01-8__video_0p000s_to_6p865s/window_0005__time_3p348s_to_4p025s__frames_000099_to_000119.json,3,data/processed/frames/train/fall/voxel_01-8/frame_000099.jpg|data/processed/frames/train/fall/voxel_01-8/frame_000109.jpg|data/processed/frames/train/fall/voxel_01-8/frame_000119.jpg,3.3482|3.6864|4.0246
voxel_01-8_w0006,voxel_01-8,train,fall,1,data/raw/voxel_huggingface_data/Fall/01-8.mp4,0.0,6.8655,4.0246,4.6672,6,3,data/processed/window_poses_readable/train/label_fall/voxel_01-8__video_0p000s_to_6p865s/window_0006__time_4p025s_to_4p667s__frames_000119_to_000138.json,1,data/processed/frames/train/fall/voxel_01-8/frame_000119.jpg|data/processed/frames/train/fall/voxel_01-8/frame_000129.jpg|data/processed/frames/train/fall/voxel_01-8/frame_000138.jpg,4.0246|4.3628|4.6672
voxel_01-8_w0007,voxel_01-8,train,fall,1,data/raw/voxel_huggingface_data/Fall/01-8.mp4,0.0,6.8655,4.6672,5.3436,7,3,data/processed/window_poses_readable/train/label_fall/voxel_01-8__video_0p000s_to_6p865s/window_0007__time_4p667s_to_5p344s__frames_000138_to_000158.json,0,data/processed/frames/train/fall/voxel_01-8/frame_000138.jpg|data/processed/frames/train/fall/voxel_01-8/frame_000148.jpg|data/processed/frames/train/fall/voxel_01-8/frame_000158.jpg,4.6672|5.0054|5.3436
voxel_01-8_w0008,voxel_01-8,train,fall,1,data/raw/voxel_huggingface_data/Fall/01-8.mp4,0.0,6.8655,5.3436,6.02,8,3,data/processed/window_poses_readable/train/label_fall/voxel_01-8__video_0p000s_to_6p865s/window_0008__time_5p344s_to_6p020s__frames_000158_to_000178.json,0,data/processed/frames/train/fall/voxel_01-8/frame_000158.jpg|data/processed/frames/train/fall/voxel_01-8/frame_000168.jpg|data/processed/frames/train/fall/voxel_01-8/frame_000178.jpg,5.3436|5.6818|6.02
voxel_01-8_w0009,voxel_01-8,train,fall,1,data/raw/voxel_huggingface_data/Fall/01-8.mp4,0.0,6.8655,6.02,6.6964,9,3,data/processed/window_poses_readable/train/label_fall/voxel_01-8__video_0p000s_to_6p865s/window_0009__time_6p020s_to_6p696s__frames_000178_to_000198.json,0,data/processed/frames/train/fall/voxel_01-8/frame_000178.jpg|data/processed/frames/train/fall/voxel_01-8/frame_000188.jpg|data/processed/frames/train/fall/voxel_01-8/frame_000198.jpg,6.02|6.3582|6.6964
voxel_02-2_w0000,voxel_02-2,train,fall,1,data/raw/voxel_huggingface_data/Fall/02-2.mp4,0.0,8.4479,0.0,0.6705,0,3,data/processed/window_poses_readable/train/label_fall/voxel_02-2__video_0p000s_to_8p448s/window_0000__time_0p000s_to_0p670s__frames_000000_to_000020.json,3,data/processed/frames/train/fall/voxel_02-2/frame_000000.jpg|data/processed/frames/train/fall/voxel_02-2/frame_000010.jpg|data/processed/frames/train/fall/voxel_02-2/frame_000020.jpg,0.0|0.3352|0.6705
voxel_02-2_w0001,voxel_02-2,train,fall,1,data/raw/voxel_huggingface_data/Fall/02-2.mp4,0.0,8.4479,0.6705,1.3409,1,3,data/processed/window_poses_readable/train/label_fall/voxel_02-2__video_0p000s_to_8p448s/window_0001__time_0p670s_to_1p341s__frames_000020_to_000040.json,3,data/processed/frames/train/fall/voxel_02-2/frame_000020.jpg|data/processed/frames/train/fall/voxel_02-2/frame_000030.jpg|data/processed/frames/train/fall/voxel_02-2/frame_000040.jpg,0.6705|1.0057|1.3409
voxel_02-2_w0002,voxel_02-2,train,fall,1,data/raw/voxel_huggingface_data/Fall/02-2.mp4,0.0,8.4479,1.3409,2.0114,2,3,data/processed/window_poses_readable/train/label_fall/voxel_02-2__video_0p000s_to_8p448s/window_0002__time_1p341s_to_2p011s__frames_000040_to_000060.json,3,data/processed/frames/train/fall/voxel_02-2/frame_000040.jpg|data/processed/frames/train/fall/voxel_02-2/frame_000050.jpg|data/processed/frames/train/fall/voxel_02-2/frame_000060.jpg,1.3409|1.6762|2.0114
voxel_02-2_w0003,voxel_02-2,train,fall,1,data/raw/voxel_huggingface_data/Fall/02-2.mp4,0.0,8.4479,2.0114,2.6819,3,3,data/processed/window_poses_readable/train/label_fall/voxel_02-2__video_0p000s_to_8p448s/window_0003__time_2p011s_to_2p682s__frames_000060_to_000080.json,3,data/processed/frames/train/fall/voxel_02-2/frame_000060.jpg|data/processed/frames/train/fall/voxel_02-2/frame_000070.jpg|data/processed/frames/train/fall/voxel_02-2/frame_000080.jpg,2.0114|2.3466|2.6819
voxel_02-2_w0004,voxel_02-2,train,fall,1,data/raw/voxel_huggingface_data/Fall/02-2.mp4,0.0,8.4479,2.6819,3.3523,4,3,data/processed/window_poses_readable/train/label_fall/voxel_02-2__video_0p000s_to_8p448s/window_0004__time_2p682s_to_3p352s__frames_000080_to_000100.json,3,data/processed/frames/train/fall/voxel_02-2/frame_000080.jpg|data/processed/frames/train/fall/voxel_02-2/frame_000090.jpg|data/processed/frames/train/fall/voxel_02-2/frame_000100.jpg,2.6819|3.0171|3.3523
voxel_02-2_w0005,voxel_02-2,train,fall,1,data/raw/voxel_huggingface_data/Fall/02-2.mp4,0.0,8.4479,3.3523,4.0228,5,3,data/processed/window_poses_readable/train/label_fall/voxel_02-2__video_0p000s_to_8p448s/window_0005__time_3p352s_to_4p023s__frames_000100_to_000120.json,3,data/processed/frames/train/fall/voxel_02-2/frame_000100.jpg|data/processed/frames/train/fall/voxel_02-2/frame_000110.jpg|data/processed/frames/train/fall/voxel_02-2/frame_000120.jpg,3.3523|3.6876|4.0228
voxel_02-2_w0006,voxel_02-2,train,fall,1,data/raw/voxel_huggingface_data/Fall/02-2.mp4,0.0,8.4479,4.0228,4.6933,6,3,data/processed/window_poses_readable/train/label_fall/voxel_02-2__video_0p000s_to_8p448s/window_0006__time_4p023s_to_4p693s__frames_000120_to_000140.json,3,data/processed/frames/train/fall/voxel_02-2/frame_000120.jpg|data/processed/frames/train/fall/voxel_02-2/frame_000130.jpg|data/processed/frames/train/fall/voxel_02-2/frame_000140.jpg,4.0228|4.358|4.6933
voxel_02-2_w0007,voxel_02-2,train,fall,1,data/raw/voxel_huggingface_data/Fall/02-2.mp4,0.0,8.4479,4.6933,5.3637,7,3,data/processed/window_poses_readable/train/label_fall/voxel_02-2__video_0p000s_to_8p448s/window_0007__time_4p693s_to_5p364s__frames_000140_to_000160.json,3,data/processed/frames/train/fall/voxel_02-2/frame_000140.jpg|data/processed/frames/train/fall/voxel_02-2/frame_000150.jpg|data/processed/frames/train/fall/voxel_02-2/frame_000160.jpg,4.6933|5.0285|5.3637
voxel_02-2_w0008,voxel_02-2,train,fall,1,data/raw/voxel_huggingface_data/Fall/02-2.mp4,0.0,8.4479,5.3637,6.0007,8,3,data/processed/window_poses_readable/train/label_fall/voxel_02-2__video_0p000s_to_8p448s/window_0008__time_5p364s_to_6p001s__frames_000160_to_000179.json,1,data/processed/frames/train/fall/voxel_02-2/frame_000160.jpg|data/processed/frames/train/fall/voxel_02-2/frame_000170.jpg|data/processed/frames/train/fall/voxel_02-2/frame_000179.jpg,5.3637|5.699|6.0007
voxel_02-2_w0009,voxel_02-2,train,fall,1,data/raw/voxel_huggingface_data/Fall/02-2.mp4,0.0,8.4479,6.0007,6.6712,9,3,data/processed/window_poses_readable/train/label_fall/voxel_02-2__video_0p000s_to_8p448s/window_0009__time_6p001s_to_6p671s__frames_000179_to_000199.json,0,data/processed/frames/train/fall/voxel_02-2/frame_000179.jpg|data/processed/frames/train/fall/voxel_02-2/frame_000189.jpg|data/processed/frames/train/fall/voxel_02-2/frame_000199.jpg,6.0007|6.3359|6.6712
voxel_02-2_w0010,voxel_02-2,train,fall,1,data/raw/voxel_huggingface_data/Fall/02-2.mp4,0.0,8.4479,6.6712,7.3416,10,3,data/processed/window_poses_readable/train/label_fall/voxel_02-2__video_0p000s_to_8p448s/window_0010__time_6p671s_to_7p342s__frames_000199_to_000219.json,1,data/processed/frames/train/fall/voxel_02-2/frame_000199.jpg|data/processed/frames/train/fall/voxel_02-2/frame_000209.jpg|data/processed/frames/train/fall/voxel_02-2/frame_000219.jpg,6.6712|7.0064|7.3416
voxel_02-2_w0011,voxel_02-2,train,fall,1,data/raw/voxel_huggingface_data/Fall/02-2.mp4,0.0,8.4479,7.3416,8.0121,11,3,data/processed/window_poses_readable/train/label_fall/voxel_02-2__video_0p000s_to_8p448s/window_0011__time_7p342s_to_8p012s__frames_000219_to_000239.json,2,data/processed/frames/train/fall/voxel_02-2/frame_000219.jpg|data/processed/frames/train/fall/voxel_02-2/frame_000229.jpg|data/processed/frames/train/fall/voxel_02-2/frame_000239.jpg,7.3416|7.6769|8.0121
voxel_02-8_w0000,voxel_02-8,train,fall,1,data/raw/voxel_huggingface_data/Fall/02-8.mp4,0.0,6.3695,0.0,0.674,0,3,data/processed/window_poses_readable/train/label_fall/voxel_02-8__video_0p000s_to_6p370s/window_0000__time_0p000s_to_0p674s__frames_000000_to_000020.json,3,data/processed/frames/train/fall/voxel_02-8/frame_000000.jpg|data/processed/frames/train/fall/voxel_02-8/frame_000010.jpg|data/processed/frames/train/fall/voxel_02-8/frame_000020.jpg,0.0|0.337|0.674
voxel_02-8_w0001,voxel_02-8,train,fall,1,data/raw/voxel_huggingface_data/Fall/02-8.mp4,0.0,6.3695,0.674,1.348,1,3,data/processed/window_poses_readable/train/label_fall/voxel_02-8__video_0p000s_to_6p370s/window_0001__time_0p674s_to_1p348s__frames_000020_to_000040.json,3,data/processed/frames/train/fall/voxel_02-8/frame_000020.jpg|data/processed/frames/train/fall/voxel_02-8/frame_000030.jpg|data/processed/frames/train/fall/voxel_02-8/frame_000040.jpg,0.674|1.011|1.348
voxel_02-8_w0002,voxel_02-8,train,fall,1,data/raw/voxel_huggingface_data/Fall/02-8.mp4,0.0,6.3695,1.348,2.0221,2,3,data/processed/window_poses_readable/train/label_fall/voxel_02-8__video_0p000s_to_6p370s/window_0002__time_1p348s_to_2p022s__frames_000040_to_000060.json,3,data/processed/frames/train/fall/voxel_02-8/frame_000040.jpg|data/processed/frames/train/fall/voxel_02-8/frame_000050.jpg|data/processed/frames/train/fall/voxel_02-8/frame_000060.jpg,1.348|1.6851|2.0221
voxel_02-8_w0003,voxel_02-8,train,fall,1,data/raw/voxel_huggingface_data/Fall/02-8.mp4,0.0,6.3695,2.0221,2.6961,3,3,data/processed/window_poses_readable/train/label_fall/voxel_02-8__video_0p000s_to_6p370s/window_0003__time_2p022s_to_2p696s__frames_000060_to_000080.json,3,data/processed/frames/train/fall/voxel_02-8/frame_000060.jpg|data/processed/frames/train/fall/voxel_02-8/frame_000070.jpg|data/processed/frames/train/fall/voxel_02-8/frame_000080.jpg,2.0221|2.3591|2.6961
voxel_02-8_w0004,voxel_02-8,train,fall,1,data/raw/voxel_huggingface_data/Fall/02-8.mp4,0.0,6.3695,2.6961,3.3364,4,3,data/processed/window_poses_readable/train/label_fall/voxel_02-8__video_0p000s_to_6p370s/window_0004__time_2p696s_to_3p336s__frames_000080_to_000099.json,1,data/processed/frames/train/fall/voxel_02-8/frame_000080.jpg|data/processed/frames/train/fall/voxel_02-8/frame_000090.jpg|data/processed/frames/train/fall/voxel_02-8/frame_000099.jpg,2.6961|3.0331|3.3364
voxel_02-8_w0005,voxel_02-8,train,fall,1,data/raw/voxel_huggingface_data/Fall/02-8.mp4,0.0,6.3695,3.3364,4.0104,5,3,data/processed/window_poses_readable/train/label_fall/voxel_02-8__video_0p000s_to_6p370s/window_0005__time_3p336s_to_4p010s__frames_000099_to_000119.json,1,data/processed/frames/train/fall/voxel_02-8/frame_000099.jpg|data/processed/frames/train/fall/voxel_02-8/frame_000109.jpg|data/processed/frames/train/fall/voxel_02-8/frame_000119.jpg,3.3364|3.6734|4.0104
voxel_02-8_w0006,voxel_02-8,train,fall,1,data/raw/voxel_huggingface_data/Fall/02-8.mp4,0.0,6.3695,4.0104,4.6844,6,3,data/processed/window_poses_readable/train/label_fall/voxel_02-8__video_0p000s_to_6p370s/window_0006__time_4p010s_to_4p684s__frames_000119_to_000139.json,0,data/processed/frames/train/fall/voxel_02-8/frame_000119.jpg|data/processed/frames/train/fall/voxel_02-8/frame_000129.jpg|data/processed/frames/train/fall/voxel_02-8/frame_000139.jpg,4.0104|4.3474|4.6844
voxel_02-8_w0007,voxel_02-8,train,fall,1,data/raw/voxel_huggingface_data/Fall/02-8.mp4,0.0,6.3695,4.6844,5.3585,7,3,data/processed/window_poses_readable/train/label_fall/voxel_02-8__video_0p000s_to_6p370s/window_0007__time_4p684s_to_5p359s__frames_000139_to_000159.json,0,data/processed/frames/train/fall/voxel_02-8/frame_000139.jpg|data/processed/frames/train/fall/voxel_02-8/frame_000149.jpg|data/processed/frames/train/fall/voxel_02-8/frame_000159.jpg,4.6844|5.0215|5.3585
voxel_02-8_w0008,voxel_02-8,train,fall,1,data/raw/voxel_huggingface_data/Fall/02-8.mp4,0.0,6.3695,5.3585,6.0325,8,3,data/processed/window_poses_readable/train/label_fall/voxel_02-8__video_0p000s_to_6p370s/window_0008__time_5p359s_to_6p032s__frames_000159_to_000179.json,0,data/processed/frames/train/fall/voxel_02-8/frame_000159.jpg|data/processed/frames/train/fall/voxel_02-8/frame_000169.jpg|data/processed/frames/train/fall/voxel_02-8/frame_000179.jpg,5.3585|5.6955|6.0325
voxel_03-2_w0000,voxel_03-2,train,fall,1,data/raw/voxel_huggingface_data/Fall/03-2.mp4,0.0,7.0416,0.0,0.6706,0,3,data/processed/window_poses_readable/train/label_fall/voxel_03-2__video_0p000s_to_7p042s/window_0000__time_0p000s_to_0p671s__frames_000000_to_000020.json,3,data/processed/frames/train/fall/voxel_03-2/frame_000000.jpg|data/processed/frames/train/fall/voxel_03-2/frame_000010.jpg|data/processed/frames/train/fall/voxel_03-2/frame_000020.jpg,0.0|0.3353|0.6706
voxel_03-2_w0001,voxel_03-2,train,fall,1,data/raw/voxel_huggingface_data/Fall/03-2.mp4,0.0,7.0416,0.6706,1.3413,1,3,data/processed/window_poses_readable/train/label_fall/voxel_03-2__video_0p000s_to_7p042s/window_0001__time_0p671s_to_1p341s__frames_000020_to_000040.json,3,data/processed/frames/train/fall/voxel_03-2/frame_000020.jpg|data/processed/frames/train/fall/voxel_03-2/frame_000030.jpg|data/processed/frames/train/fall/voxel_03-2/frame_000040.jpg,0.6706|1.0059|1.3413
voxel_03-2_w0002,voxel_03-2,train,fall,1,data/raw/voxel_huggingface_data/Fall/03-2.mp4,0.0,7.0416,1.3413,2.0119,2,3,data/processed/window_poses_readable/train/label_fall/voxel_03-2__video_0p000s_to_7p042s/window_0002__time_1p341s_to_2p012s__frames_000040_to_000060.json,2,data/processed/frames/train/fall/voxel_03-2/frame_000040.jpg|data/processed/frames/train/fall/voxel_03-2/frame_000050.jpg|data/processed/frames/train/fall/voxel_03-2/frame_000060.jpg,1.3413|1.6766|2.0119
voxel_03-2_w0003,voxel_03-2,train,fall,1,data/raw/voxel_huggingface_data/Fall/03-2.mp4,0.0,7.0416,2.0119,2.6825,3,3,data/processed/window_poses_readable/train/label_fall/voxel_03-2__video_0p000s_to_7p042s/window_0003__time_2p012s_to_2p683s__frames_000060_to_000080.json,2,data/processed/frames/train/fall/voxel_03-2/frame_000060.jpg|data/processed/frames/train/fall/voxel_03-2/frame_000070.jpg|data/processed/frames/train/fall/voxel_03-2/frame_000080.jpg,2.0119|2.3472|2.6825
voxel_03-2_w0004,voxel_03-2,train,fall,1,data/raw/voxel_huggingface_data/Fall/03-2.mp4,0.0,7.0416,2.6825,3.3531,4,3,data/processed/window_poses_readable/train/label_fall/voxel_03-2__video_0p000s_to_7p042s/window_0004__time_2p683s_to_3p353s__frames_000080_to_000100.json,2,data/processed/frames/train/fall/voxel_03-2/frame_000080.jpg|data/processed/frames/train/fall/voxel_03-2/frame_000090.jpg|data/processed/frames/train/fall/voxel_03-2/frame_000100.jpg,2.6825|3.0178|3.3531
voxel_03-2_w0005,voxel_03-2,train,fall,1,data/raw/voxel_huggingface_data/Fall/03-2.mp4,0.0,7.0416,3.3531,4.0238,5,3,data/processed/window_poses_readable/train/label_fall/voxel_03-2__video_0p000s_to_7p042s/window_0005__time_3p353s_to_4p024s__frames_000100_to_000120.json,3,data/processed/frames/train/fall/voxel_03-2/frame_000100.jpg|data/processed/frames/train/fall/voxel_03-2/frame_000110.jpg|data/processed/frames/train/fall/voxel_03-2/frame_000120.jpg,3.3531|3.6884|4.0238
voxel_03-2_w0006,voxel_03-2,train,fall,1,data/raw/voxel_huggingface_data/Fall/03-2.mp4,0.0,7.0416,4.0238,4.6944,6,3,data/processed/window_poses_readable/train/label_fall/voxel_03-2__video_0p000s_to_7p042s/window_0006__time_4p024s_to_4p694s__frames_000120_to_000140.json,3,data/processed/frames/train/fall/voxel_03-2/frame_000120.jpg|data/processed/frames/train/fall/voxel_03-2/frame_000130.jpg|data/processed/frames/train/fall/voxel_03-2/frame_000140.jpg,4.0238|4.3591|4.6944
voxel_03-2_w0007,voxel_03-2,train,fall,1,data/raw/voxel_huggingface_data/Fall/03-2.mp4,0.0,7.0416,4.6944,5.365,7,3,data/processed/window_poses_readable/train/label_fall/voxel_03-2__video_0p000s_to_7p042s/window_0007__time_4p694s_to_5p365s__frames_000140_to_000160.json,3,data/processed/frames/train/fall/voxel_03-2/frame_000140.jpg|data/processed/frames/train/fall/voxel_03-2/frame_000150.jpg|data/processed/frames/train/fall/voxel_03-2/frame_000160.jpg,4.6944|5.0297|5.365
voxel_03-2_w0008,voxel_03-2,train,fall,1,data/raw/voxel_huggingface_data/Fall/03-2.mp4,0.0,7.0416,5.365,6.0021,8,3,data/processed/window_poses_readable/train/label_fall/voxel_03-2__video_0p000s_to_7p042s/window_0008__time_5p365s_to_6p002s__frames_000160_to_000179.json,3,data/processed/frames/train/fall/voxel_03-2/frame_000160.jpg|data/processed/frames/train/fall/voxel_03-2/frame_000169.jpg|data/processed/frames/train/fall/voxel_03-2/frame_000179.jpg,5.365|5.6668|6.0021
voxel_03-2_w0009,voxel_03-2,train,fall,1,data/raw/voxel_huggingface_data/Fall/03-2.mp4,0.0,7.0416,6.0021,6.6727,9,3,data/processed/window_poses_readable/train/label_fall/voxel_03-2__video_0p000s_to_7p042s/window_0009__time_6p002s_to_6p673s__frames_000179_to_000199.json,2,data/processed/frames/train/fall/voxel_03-2/frame_000179.jpg|data/processed/frames/train/fall/voxel_03-2/frame_000189.jpg|data/processed/frames/train/fall/voxel_03-2/frame_000199.jpg,6.0021|6.3374|6.6727
voxel_03-4_w0000,voxel_03-4,train,fall,1,data/raw/voxel_huggingface_data/Fall/03-4.mp4,0.0,5.6016,0.0,0.6709,0,3,data/processed/window_poses_readable/train/label_fall/voxel_03-4__video_0p000s_to_5p602s/window_0000__time_0p000s_to_0p671s__frames_000000_to_000020.json,3,data/processed/frames/train/fall/voxel_03-4/frame_000000.jpg|data/processed/frames/train/fall/voxel_03-4/frame_000010.jpg|data/processed/frames/train/fall/voxel_03-4/frame_000020.jpg,0.0|0.3354|0.6709
voxel_03-4_w0001,voxel_03-4,train,fall,1,data/raw/voxel_huggingface_data/Fall/03-4.mp4,0.0,5.6016,0.6709,1.3417,1,3,data/processed/window_poses_readable/train/label_fall/voxel_03-4__video_0p000s_to_5p602s/window_0001__time_0p671s_to_1p342s__frames_000020_to_000040.json,3,data/processed/frames/train/fall/voxel_03-4/frame_000020.jpg|data/processed/frames/train/fall/voxel_03-4/frame_000030.jpg|data/processed/frames/train/fall/voxel_03-4/frame_000040.jpg,0.6709|1.0063|1.3417
voxel_03-4_w0002,voxel_03-4,train,fall,1,data/raw/voxel_huggingface_data/Fall/03-4.mp4,0.0,5.6016,1.3417,2.0126,2,3,data/processed/window_poses_readable/train/label_fall/voxel_03-4__video_0p000s_to_5p602s/window_0002__time_1p342s_to_2p013s__frames_000040_to_000060.json,3,data/processed/frames/train/fall/voxel_03-4/frame_000040.jpg|data/processed/frames/train/fall/voxel_03-4/frame_000050.jpg|data/processed/frames/train/fall/voxel_03-4/frame_000060.jpg,1.3417|1.6771|2.0126
voxel_03-4_w0003,voxel_03-4,train,fall,1,data/raw/voxel_huggingface_data/Fall/03-4.mp4,0.0,5.6016,2.0126,2.6834,3,3,data/processed/window_poses_readable/train/label_fall/voxel_03-4__video_0p000s_to_5p602s/window_0003__time_2p013s_to_2p683s__frames_000060_to_000080.json,3,data/processed/frames/train/fall/voxel_03-4/frame_000060.jpg|data/processed/frames/train/fall/voxel_03-4/frame_000070.jpg|data/processed/frames/train/fall/voxel_03-4/frame_000080.jpg,2.0126|2.348|2.6834
voxel_03-4_w0004,voxel_03-4,train,fall,1,data/raw/voxel_huggingface_data/Fall/03-4.mp4,0.0,5.6016,2.6834,3.3543,4,3,data/processed/window_poses_readable/train/label_fall/voxel_03-4__video_0p000s_to_5p602s/window_0004__time_2p683s_to_3p354s__frames_000080_to_000100.json,3,data/processed/frames/train/fall/voxel_03-4/frame_000080.jpg|data/processed/frames/train/fall/voxel_03-4/frame_000090.jpg|data/processed/frames/train/fall/voxel_03-4/frame_000100.jpg,2.6834|3.0188|3.3543
voxel_03-4_w0005,voxel_03-4,train,fall,1,data/raw/voxel_huggingface_data/Fall/03-4.mp4,0.0,5.6016,3.3543,4.0251,5,3,data/processed/window_poses_readable/train/label_fall/voxel_03-4__video_0p000s_to_5p602s/window_0005__time_3p354s_to_4p025s__frames_000100_to_000120.json,3,data/processed/frames/train/fall/voxel_03-4/frame_000100.jpg|data/processed/frames/train/fall/voxel_03-4/frame_000110.jpg|data/processed/frames/train/fall/voxel_03-4/frame_000120.jpg,3.3543|3.6897|4.0251
voxel_03-4_w0006,voxel_03-4,train,fall,1,data/raw/voxel_huggingface_data/Fall/03-4.mp4,0.0,5.6016,4.0251,4.696,6,3,data/processed/window_poses_readable/train/label_fall/voxel_03-4__video_0p000s_to_5p602s/window_0006__time_4p025s_to_4p696s__frames_000120_to_000140.json,3,data/processed/frames/train/fall/voxel_03-4/frame_000120.jpg|data/processed/frames/train/fall/voxel_03-4/frame_000130.jpg|data/processed/frames/train/fall/voxel_03-4/frame_000140.jpg,4.0251|4.3606|4.696
voxel_03-4_w0007,voxel_03-4,train,fall,1,data/raw/voxel_huggingface_data/Fall/03-4.mp4,0.0,5.6016,4.696,5.3668,7,3,data/processed/window_poses_readable/train/label_fall/voxel_03-4__video_0p000s_to_5p602s/window_0007__time_4p696s_to_5p367s__frames_000140_to_000160.json,3,data/processed/frames/train/fall/voxel_03-4/frame_000140.jpg|data/processed/frames/train/fall/voxel_03-4/frame_000150.jpg|data/processed/frames/train/fall/voxel_03-4/frame_000160.jpg,4.696|5.0314|5.3668
voxel_03-6_w0000,voxel_03-6,train,fall,1,data/raw/voxel_huggingface_data/Fall/03-6.mp4,0.0,6.7055,0.0,0.6706,0,3,data/processed/window_poses_readable/train/label_fall/voxel_03-6__video_0p000s_to_6p705s/window_0000__time_0p000s_to_0p671s__frames_000000_to_000020.json,0,data/processed/frames/train/fall/voxel_03-6/frame_000000.jpg|data/processed/frames/train/fall/voxel_03-6/frame_000010.jpg|data/processed/frames/train/fall/voxel_03-6/frame_000020.jpg,0.0|0.3353|0.6706
voxel_03-6_w0001,voxel_03-6,train,fall,1,data/raw/voxel_huggingface_data/Fall/03-6.mp4,0.0,6.7055,0.6706,1.3411,1,3,data/processed/window_poses_readable/train/label_fall/voxel_03-6__video_0p000s_to_6p705s/window_0001__time_0p671s_to_1p341s__frames_000020_to_000040.json,0,data/processed/frames/train/fall/voxel_03-6/frame_000020.jpg|data/processed/frames/train/fall/voxel_03-6/frame_000030.jpg|data/processed/frames/train/fall/voxel_03-6/frame_000040.jpg,0.6706|1.0058|1.3411
voxel_03-6_w0002,voxel_03-6,train,fall,1,data/raw/voxel_huggingface_data/Fall/03-6.mp4,0.0,6.7055,1.3411,2.0117,2,3,data/processed/window_poses_readable/train/label_fall/voxel_03-6__video_0p000s_to_6p705s/window_0002__time_1p341s_to_2p012s__frames_000040_to_000060.json,0,data/processed/frames/train/fall/voxel_03-6/frame_000040.jpg|data/processed/frames/train/fall/voxel_03-6/frame_000050.jpg|data/processed/frames/train/fall/voxel_03-6/frame_000060.jpg,1.3411|1.6764|2.0117
voxel_03-6_w0003,voxel_03-6,train,fall,1,data/raw/voxel_huggingface_data/Fall/03-6.mp4,0.0,6.7055,2.0117,2.6822,3,3,data/processed/window_poses_readable/train/label_fall/voxel_03-6__video_0p000s_to_6p705s/window_0003__time_2p012s_to_2p682s__frames_000060_to_000080.json,2,data/processed/frames/train/fall/voxel_03-6/frame_000060.jpg|data/processed/frames/train/fall/voxel_03-6/frame_000070.jpg|data/processed/frames/train/fall/voxel_03-6/frame_000080.jpg,2.0117|2.3469|2.6822
voxel_03-6_w0004,voxel_03-6,train,fall,1,data/raw/voxel_huggingface_data/Fall/03-6.mp4,0.0,6.7055,2.6822,3.3528,4,3,data/processed/window_poses_readable/train/label_fall/voxel_03-6__video_0p000s_to_6p705s/window_0004__time_2p682s_to_3p353s__frames_000080_to_000100.json,2,data/processed/frames/train/fall/voxel_03-6/frame_000080.jpg|data/processed/frames/train/fall/voxel_03-6/frame_000090.jpg|data/processed/frames/train/fall/voxel_03-6/frame_000100.jpg,2.6822|3.0175|3.3528
voxel_03-6_w0005,voxel_03-6,train,fall,1,data/raw/voxel_huggingface_data/Fall/03-6.mp4,0.0,6.7055,3.3528,4.0233,5,3,data/processed/window_poses_readable/train/label_fall/voxel_03-6__video_0p000s_to_6p705s/window_0005__time_3p353s_to_4p023s__frames_000100_to_000120.json,3,data/processed/frames/train/fall/voxel_03-6/frame_000100.jpg|data/processed/frames/train/fall/voxel_03-6/frame_000110.jpg|data/processed/frames/train/fall/voxel_03-6/frame_000120.jpg,3.3528|3.688|4.0233
voxel_03-6_w0006,voxel_03-6,train,fall,1,data/raw/voxel_huggingface_data/Fall/03-6.mp4,0.0,6.7055,4.0233,4.6939,6,3,data/processed/window_poses_readable/train/label_fall/voxel_03-6__video_0p000s_to_6p705s/window_0006__time_4p023s_to_4p694s__frames_000120_to_000140.json,1,data/processed/frames/train/fall/voxel_03-6/frame_000120.jpg|data/processed/frames/train/fall/voxel_03-6/frame_000130.jpg|data/processed/frames/train/fall/voxel_03-6/frame_000140.jpg,4.0233|4.3586|4.6939
voxel_03-6_w0007,voxel_03-6,train,fall,1,data/raw/voxel_huggingface_data/Fall/03-6.mp4,0.0,6.7055,4.6939,5.3644,7,3,data/processed/window_poses_readable/train/label_fall/voxel_03-6__video_0p000s_to_6p705s/window_0007__time_4p694s_to_5p364s__frames_000140_to_000160.json,0,data/processed/frames/train/fall/voxel_03-6/frame_000140.jpg|data/processed/frames/train/fall/voxel_03-6/frame_000150.jpg|data/processed/frames/train/fall/voxel_03-6/frame_000160.jpg,4.6939|5.0292|5.3644
voxel_03-6_w0008,voxel_03-6,train,fall,1,data/raw/voxel_huggingface_data/Fall/03-6.mp4,0.0,6.7055,5.3644,6.0015,8,3,data/processed/window_poses_readable/train/label_fall/voxel_03-6__video_0p000s_to_6p705s/window_0008__time_5p364s_to_6p002s__frames_000160_to_000179.json,2,data/processed/frames/train/fall/voxel_03-6/frame_000160.jpg|data/processed/frames/train/fall/voxel_03-6/frame_000170.jpg|data/processed/frames/train/fall/voxel_03-6/frame_000179.jpg,5.3644|5.6997|6.0015
voxel_03-6_w0009,voxel_03-6,train,fall,1,data/raw/voxel_huggingface_data/Fall/03-6.mp4,0.0,6.7055,6.0015,6.672,9,3,data/processed/window_poses_readable/train/label_fall/voxel_03-6__video_0p000s_to_6p705s/window_0009__time_6p002s_to_6p672s__frames_000179_to_000199.json,3,data/processed/frames/train/fall/voxel_03-6/frame_000179.jpg|data/processed/frames/train/fall/voxel_03-6/frame_000189.jpg|data/processed/frames/train/fall/voxel_03-6/frame_000199.jpg,6.0015|6.3367|6.672
voxel_03-8_w0000,voxel_03-8,train,fall,1,data/raw/voxel_huggingface_data/Fall/03-8.mp4,0.0,5.9216,0.0,0.6729,0,3,data/processed/window_poses_readable/train/label_fall/voxel_03-8__video_0p000s_to_5p922s/window_0000__time_0p000s_to_0p673s__frames_000000_to_000020.json,3,data/processed/frames/train/fall/voxel_03-8/frame_000000.jpg|data/processed/frames/train/fall/voxel_03-8/frame_000010.jpg|data/processed/frames/train/fall/voxel_03-8/frame_000020.jpg,0.0|0.3365|0.6729
voxel_03-8_w0001,voxel_03-8,train,fall,1,data/raw/voxel_huggingface_data/Fall/03-8.mp4,0.0,5.9216,0.6729,1.3458,1,3,data/processed/window_poses_readable/train/label_fall/voxel_03-8__video_0p000s_to_5p922s/window_0001__time_0p673s_to_1p346s__frames_000020_to_000040.json,3,data/processed/frames/train/fall/voxel_03-8/frame_000020.jpg|data/processed/frames/train/fall/voxel_03-8/frame_000030.jpg|data/processed/frames/train/fall/voxel_03-8/frame_000040.jpg,0.6729|1.0094|1.3458
voxel_03-8_w0002,voxel_03-8,train,fall,1,data/raw/voxel_huggingface_data/Fall/03-8.mp4,0.0,5.9216,1.3458,2.0187,2,3,data/processed/window_poses_readable/train/label_fall/voxel_03-8__video_0p000s_to_5p922s/window_0002__time_1p346s_to_2p019s__frames_000040_to_000060.json,3,data/processed/frames/train/fall/voxel_03-8/frame_000040.jpg|data/processed/frames/train/fall/voxel_03-8/frame_000050.jpg|data/processed/frames/train/fall/voxel_03-8/frame_000060.jpg,1.3458|1.6823|2.0187
voxel_03-8_w0003,voxel_03-8,train,fall,1,data/raw/voxel_huggingface_data/Fall/03-8.mp4,0.0,5.9216,2.0187,2.6917,3,3,data/processed/window_poses_readable/train/label_fall/voxel_03-8__video_0p000s_to_5p922s/window_0003__time_2p019s_to_2p692s__frames_000060_to_000080.json,3,data/processed/frames/train/fall/voxel_03-8/frame_000060.jpg|data/processed/frames/train/fall/voxel_03-8/frame_000070.jpg|data/processed/frames/train/fall/voxel_03-8/frame_000080.jpg,2.0187|2.3552|2.6917
voxel_03-8_w0004,voxel_03-8,train,fall,1,data/raw/voxel_huggingface_data/Fall/03-8.mp4,0.0,5.9216,2.6917,3.3646,4,3,data/processed/window_poses_readable/train/label_fall/voxel_03-8__video_0p000s_to_5p922s/window_0004__time_2p692s_to_3p365s__frames_000080_to_000100.json,3,data/processed/frames/train/fall/voxel_03-8/frame_000080.jpg|data/processed/frames/train/fall/voxel_03-8/frame_000090.jpg|data/processed/frames/train/fall/voxel_03-8/frame_000100.jpg,2.6917|3.0281|3.3646
voxel_03-8_w0005,voxel_03-8,train,fall,1,data/raw/voxel_huggingface_data/Fall/03-8.mp4,0.0,5.9216,3.3646,4.0038,5,3,data/processed/window_poses_readable/train/label_fall/voxel_03-8__video_0p000s_to_5p922s/window_0005__time_3p365s_to_4p004s__frames_000100_to_000119.json,3,data/processed/frames/train/fall/voxel_03-8/frame_000100.jpg|data/processed/frames/train/fall/voxel_03-8/frame_000109.jpg|data/processed/frames/train/fall/voxel_03-8/frame_000119.jpg,3.3646|3.6674|4.0038
voxel_03-8_w0006,voxel_03-8,train,fall,1,data/raw/voxel_huggingface_data/Fall/03-8.mp4,0.0,5.9216,4.0038,4.6767,6,3,data/processed/window_poses_readable/train/label_fall/voxel_03-8__video_0p000s_to_5p922s/window_0006__time_4p004s_to_4p677s__frames_000119_to_000139.json,3,data/processed/frames/train/fall/voxel_03-8/frame_000119.jpg|data/processed/frames/train/fall/voxel_03-8/frame_000129.jpg|data/processed/frames/train/fall/voxel_03-8/frame_000139.jpg,4.0038|4.3403|4.6767
voxel_03-8_w0007,voxel_03-8,train,fall,1,data/raw/voxel_huggingface_data/Fall/03-8.mp4,0.0,5.9216,4.6767,5.3497,7,3,data/processed/window_poses_readable/train/label_fall/voxel_03-8__video_0p000s_to_5p922s/window_0007__time_4p677s_to_5p350s__frames_000139_to_000159.json,3,data/processed/frames/train/fall/voxel_03-8/frame_000139.jpg|data/processed/frames/train/fall/voxel_03-8/frame_000149.jpg|data/processed/frames/train/fall/voxel_03-8/frame_000159.jpg,4.6767|5.0132|5.3497
voxel_04-2_w0000,voxel_04-2,train,fall,1,data/raw/voxel_huggingface_data/Fall/04-2.mp4,0.0,10.2096,0.0,0.6695,0,3,data/processed/window_poses_readable/train/label_fall/voxel_04-2__video_0p000s_to_10p210s/window_0000__time_0p000s_to_0p669s__frames_000000_to_000020.json,3,data/processed/frames/train/fall/voxel_04-2/frame_000000.jpg|data/processed/frames/train/fall/voxel_04-2/frame_000010.jpg|data/processed/frames/train/fall/voxel_04-2/frame_000020.jpg,0.0|0.3347|0.6695
voxel_04-2_w0001,voxel_04-2,train,fall,1,data/raw/voxel_huggingface_data/Fall/04-2.mp4,0.0,10.2096,0.6695,1.339,1,3,data/processed/window_poses_readable/train/label_fall/voxel_04-2__video_0p000s_to_10p210s/window_0001__time_0p669s_to_1p339s__frames_000020_to_000040.json,3,data/processed/frames/train/fall/voxel_04-2/frame_000020.jpg|data/processed/frames/train/fall/voxel_04-2/frame_000030.jpg|data/processed/frames/train/fall/voxel_04-2/frame_000040.jpg,0.6695|1.0042|1.339
voxel_04-2_w0002,voxel_04-2,train,fall,1,data/raw/voxel_huggingface_data/Fall/04-2.mp4,0.0,10.2096,1.339,2.0085,2,3,data/processed/window_poses_readable/train/label_fall/voxel_04-2__video_0p000s_to_10p210s/window_0002__time_1p339s_to_2p009s__frames_000040_to_000060.json,3,data/processed/frames/train/fall/voxel_04-2/frame_000040.jpg|data/processed/frames/train/fall/voxel_04-2/frame_000050.jpg|data/processed/frames/train/fall/voxel_04-2/frame_000060.jpg,1.339|1.6737|2.0085
voxel_04-2_w0003,voxel_04-2,train,fall,1,data/raw/voxel_huggingface_data/Fall/04-2.mp4,0.0,10.2096,2.0085,2.6779,3,3,data/processed/window_poses_readable/train/label_fall/voxel_04-2__video_0p000s_to_10p210s/window_0003__time_2p009s_to_2p678s__frames_000060_to_000080.json,3,data/processed/frames/train/fall/voxel_04-2/frame_000060.jpg|data/processed/frames/train/fall/voxel_04-2/frame_000070.jpg|data/processed/frames/train/fall/voxel_04-2/frame_000080.jpg,2.0085|2.3432|2.6779
voxel_04-2_w0004,voxel_04-2,train,fall,1,data/raw/voxel_huggingface_data/Fall/04-2.mp4,0.0,10.2096,2.6779,3.3474,4,3,data/processed/window_poses_readable/train/label_fall/voxel_04-2__video_0p000s_to_10p210s/window_0004__time_2p678s_to_3p347s__frames_000080_to_000100.json,3,data/processed/frames/train/fall/voxel_04-2/frame_000080.jpg|data/processed/frames/train/fall/voxel_04-2/frame_000090.jpg|data/processed/frames/train/fall/voxel_04-2/frame_000100.jpg,2.6779|3.0127|3.3474
voxel_04-2_w0005,voxel_04-2,train,fall,1,data/raw/voxel_huggingface_data/Fall/04-2.mp4,0.0,10.2096,3.3474,4.0169,5,3,data/processed/window_poses_readable/train/label_fall/voxel_04-2__video_0p000s_to_10p210s/window_0005__time_3p347s_to_4p017s__frames_000100_to_000120.json,3,data/processed/frames/train/fall/voxel_04-2/frame_000100.jpg|data/processed/frames/train/fall/voxel_04-2/frame_000110.jpg|data/processed/frames/train/fall/voxel_04-2/frame_000120.jpg,3.3474|3.6822|4.0169
voxel_04-2_w0006,voxel_04-2,train,fall,1,data/raw/voxel_huggingface_data/Fall/04-2.mp4,0.0,10.2096,4.0169,4.6864,6,3,data/processed/window_poses_readable/train/label_fall/voxel_04-2__video_0p000s_to_10p210s/window_0006__time_4p017s_to_4p686s__frames_000120_to_000140.json,3,data/processed/frames/train/fall/voxel_04-2/frame_000120.jpg|data/processed/frames/train/fall/voxel_04-2/frame_000130.jpg|data/processed/frames/train/fall/voxel_04-2/frame_000140.jpg,4.0169|4.3517|4.6864
voxel_04-2_w0007,voxel_04-2,train,fall,1,data/raw/voxel_huggingface_data/Fall/04-2.mp4,0.0,10.2096,4.6864,5.3559,7,3,data/processed/window_poses_readable/train/label_fall/voxel_04-2__video_0p000s_to_10p210s/window_0007__time_4p686s_to_5p356s__frames_000140_to_000160.json,3,data/processed/frames/train/fall/voxel_04-2/frame_000140.jpg|data/processed/frames/train/fall/voxel_04-2/frame_000150.jpg|data/processed/frames/train/fall/voxel_04-2/frame_000160.jpg,4.6864|5.0211|5.3559
voxel_04-2_w0008,voxel_04-2,train,fall,1,data/raw/voxel_huggingface_data/Fall/04-2.mp4,0.0,10.2096,5.3559,6.0254,8,3,data/processed/window_poses_readable/train/label_fall/voxel_04-2__video_0p000s_to_10p210s/window_0008__time_5p356s_to_6p025s__frames_000160_to_000180.json,3,data/processed/frames/train/fall/voxel_04-2/frame_000160.jpg|data/processed/frames/train/fall/voxel_04-2/frame_000170.jpg|data/processed/frames/train/fall/voxel_04-2/frame_000180.jpg,5.3559|5.6906|6.0254
voxel_04-2_w0009,voxel_04-2,train,fall,1,data/raw/voxel_huggingface_data/Fall/04-2.mp4,0.0,10.2096,6.0254,6.6949,9,3,data/processed/window_poses_readable/train/label_fall/voxel_04-2__video_0p000s_to_10p210s/window_0009__time_6p025s_to_6p695s__frames_000180_to_000200.json,3,data/processed/frames/train/fall/voxel_04-2/frame_000180.jpg|data/processed/frames/train/fall/voxel_04-2/frame_000190.jpg|data/processed/frames/train/fall/voxel_04-2/frame_000200.jpg,6.0254|6.3601|6.6949
voxel_04-2_w0010,voxel_04-2,train,fall,1,data/raw/voxel_huggingface_data/Fall/04-2.mp4,0.0,10.2096,6.6949,7.3643,10,3,data/processed/window_poses_readable/train/label_fall/voxel_04-2__video_0p000s_to_10p210s/window_0010__time_6p695s_to_7p364s__frames_000200_to_000220.json,3,data/processed/frames/train/fall/voxel_04-2/frame_000200.jpg|data/processed/frames/train/fall/voxel_04-2/frame_000210.jpg|data/processed/frames/train/fall/voxel_04-2/frame_000220.jpg,6.6949|7.0296|7.3643
voxel_04-2_w0011,voxel_04-2,train,fall,1,data/raw/voxel_huggingface_data/Fall/04-2.mp4,0.0,10.2096,7.3643,8.0003,11,3,data/processed/window_poses_readable/train/label_fall/voxel_04-2__video_0p000s_to_10p210s/window_0011__time_7p364s_to_8p000s__frames_000220_to_000239.json,3,data/processed/frames/train/fall/voxel_04-2/frame_000220.jpg|data/processed/frames/train/fall/voxel_04-2/frame_000230.jpg|data/processed/frames/train/fall/voxel_04-2/frame_000239.jpg,7.3643|7.6991|8.0003
voxel_04-2_w0012,voxel_04-2,train,fall,1,data/raw/voxel_huggingface_data/Fall/04-2.mp4,0.0,10.2096,8.0003,8.6698,12,3,data/processed/window_poses_readable/train/label_fall/voxel_04-2__video_0p000s_to_10p210s/window_0012__time_8p000s_to_8p670s__frames_000239_to_000259.json,3,data/processed/frames/train/fall/voxel_04-2/frame_000239.jpg|data/processed/frames/train/fall/voxel_04-2/frame_000249.jpg|data/processed/frames/train/fall/voxel_04-2/frame_000259.jpg,8.0003|8.3351|8.6698
voxel_04-2_w0013,voxel_04-2,train,fall,1,data/raw/voxel_huggingface_data/Fall/04-2.mp4,0.0,10.2096,8.6698,9.3393,13,3,data/processed/window_poses_readable/train/label_fall/voxel_04-2__video_0p000s_to_10p210s/window_0013__time_8p670s_to_9p339s__frames_000259_to_000279.json,3,data/processed/frames/train/fall/voxel_04-2/frame_000259.jpg|data/processed/frames/train/fall/voxel_04-2/frame_000269.jpg|data/processed/frames/train/fall/voxel_04-2/frame_000279.jpg,8.6698|9.0046|9.3393
voxel_04-2_w0014,voxel_04-2,train,fall,1,data/raw/voxel_huggingface_data/Fall/04-2.mp4,0.0,10.2096,9.3393,10.0088,14,3,data/processed/window_poses_readable/train/label_fall/voxel_04-2__video_0p000s_to_10p210s/window_0014__time_9p339s_to_10p009s__frames_000279_to_000299.json,3,data/processed/frames/train/fall/voxel_04-2/frame_000279.jpg|data/processed/frames/train/fall/voxel_04-2/frame_000289.jpg|data/processed/frames/train/fall/voxel_04-2/frame_000299.jpg,9.3393|9.6741|10.0088
voxel_04-4_w0000,voxel_04-4,train,fall,1,data/raw/voxel_huggingface_data/Fall/04-4.mp4,0.0,5.4575,0.0,0.6696,0,3,data/processed/window_poses_readable/train/label_fall/voxel_04-4__video_0p000s_to_5p457s/window_0000__time_0p000s_to_0p670s__frames_000000_to_000020.json,3,data/processed/frames/train/fall/voxel_04-4/frame_000000.jpg|data/processed/frames/train/fall/voxel_04-4/frame_000010.jpg|data/processed/frames/train/fall/voxel_04-4/frame_000020.jpg,0.0|0.3348|0.6696
voxel_04-4_w0001,voxel_04-4,train,fall,1,data/raw/voxel_huggingface_data/Fall/04-4.mp4,0.0,5.4575,0.6696,1.3393,1,3,data/processed/window_poses_readable/train/label_fall/voxel_04-4__video_0p000s_to_5p457s/window_0001__time_0p670s_to_1p339s__frames_000020_to_000040.json,3,data/processed/frames/train/fall/voxel_04-4/frame_000020.jpg|data/processed/frames/train/fall/voxel_04-4/frame_000030.jpg|data/processed/frames/train/fall/voxel_04-4/frame_000040.jpg,0.6696|1.0045|1.3393
voxel_04-4_w0002,voxel_04-4,train,fall,1,data/raw/voxel_huggingface_data/Fall/04-4.mp4,0.0,5.4575,1.3393,2.0089,2,3,data/processed/window_poses_readable/train/label_fall/voxel_04-4__video_0p000s_to_5p457s/window_0002__time_1p339s_to_2p009s__frames_000040_to_000060.json,3,data/processed/frames/train/fall/voxel_04-4/frame_000040.jpg|data/processed/frames/train/fall/voxel_04-4/frame_000050.jpg|data/processed/frames/train/fall/voxel_04-4/frame_000060.jpg,1.3393|1.6741|2.0089
voxel_04-4_w0003,voxel_04-4,train,fall,1,data/raw/voxel_huggingface_data/Fall/04-4.mp4,0.0,5.4575,2.0089,2.6785,3,3,data/processed/window_poses_readable/train/label_fall/voxel_04-4__video_0p000s_to_5p457s/window_0003__time_2p009s_to_2p679s__frames_000060_to_000080.json,3,data/processed/frames/train/fall/voxel_04-4/frame_000060.jpg|data/processed/frames/train/fall/voxel_04-4/frame_000070.jpg|data/processed/frames/train/fall/voxel_04-4/frame_000080.jpg,2.0089|2.3437|2.6785
voxel_04-4_w0004,voxel_04-4,train,fall,1,data/raw/voxel_huggingface_data/Fall/04-4.mp4,0.0,5.4575,2.6785,3.3482,4,3,data/processed/window_poses_readable/train/label_fall/voxel_04-4__video_0p000s_to_5p457s/window_0004__time_2p679s_to_3p348s__frames_000080_to_000100.json,3,data/processed/frames/train/fall/voxel_04-4/frame_000080.jpg|data/processed/frames/train/fall/voxel_04-4/frame_000090.jpg|data/processed/frames/train/fall/voxel_04-4/frame_000100.jpg,2.6785|3.0134|3.3482
voxel_04-4_w0005,voxel_04-4,train,fall,1,data/raw/voxel_huggingface_data/Fall/04-4.mp4,0.0,5.4575,3.3482,4.0178,5,3,data/processed/window_poses_readable/train/label_fall/voxel_04-4__video_0p000s_to_5p457s/window_0005__time_3p348s_to_4p018s__frames_000100_to_000120.json,3,data/processed/frames/train/fall/voxel_04-4/frame_000100.jpg|data/processed/frames/train/fall/voxel_04-4/frame_000110.jpg|data/processed/frames/train/fall/voxel_04-4/frame_000120.jpg,3.3482|3.683|4.0178
voxel_04-4_w0006,voxel_04-4,train,fall,1,data/raw/voxel_huggingface_data/Fall/04-4.mp4,0.0,5.4575,4.0178,4.6874,6,3,data/processed/window_poses_readable/train/label_fall/voxel_04-4__video_0p000s_to_5p457s/window_0006__time_4p018s_to_4p687s__frames_000120_to_000140.json,3,data/processed/frames/train/fall/voxel_04-4/frame_000120.jpg|data/processed/frames/train/fall/voxel_04-4/frame_000130.jpg|data/processed/frames/train/fall/voxel_04-4/frame_000140.jpg,4.0178|4.3526|4.6874
voxel_04-4_w0007,voxel_04-4,train,fall,1,data/raw/voxel_huggingface_data/Fall/04-4.mp4,0.0,5.4575,4.6874,5.3571,7,3,data/processed/window_poses_readable/train/label_fall/voxel_04-4__video_0p000s_to_5p457s/window_0007__time_4p687s_to_5p357s__frames_000140_to_000160.json,3,data/processed/frames/train/fall/voxel_04-4/frame_000140.jpg|data/processed/frames/train/fall/voxel_04-4/frame_000150.jpg|data/processed/frames/train/fall/voxel_04-4/frame_000160.jpg,4.6874|5.0223|5.3571
voxel_04-6_w0000,voxel_04-6,train,fall,1,data/raw/voxel_huggingface_data/Fall/04-6.mp4,0.0,4.7216,0.0,0.6697,0,3,data/processed/window_poses_readable/train/label_fall/voxel_04-6__video_0p000s_to_4p722s/window_0000__time_0p000s_to_0p670s__frames_000000_to_000020.json,0,data/processed/frames/train/fall/voxel_04-6/frame_000000.jpg|data/processed/frames/train/fall/voxel_04-6/frame_000010.jpg|data/processed/frames/train/fall/voxel_04-6/frame_000020.jpg,0.0|0.3349|0.6697
voxel_04-6_w0001,voxel_04-6,train,fall,1,data/raw/voxel_huggingface_data/Fall/04-6.mp4,0.0,4.7216,0.6697,1.3395,1,3,data/processed/window_poses_readable/train/label_fall/voxel_04-6__video_0p000s_to_4p722s/window_0001__time_0p670s_to_1p339s__frames_000020_to_000040.json,2,data/processed/frames/train/fall/voxel_04-6/frame_000020.jpg|data/processed/frames/train/fall/voxel_04-6/frame_000030.jpg|data/processed/frames/train/fall/voxel_04-6/frame_000040.jpg,0.6697|1.0046|1.3395
voxel_04-6_w0002,voxel_04-6,train,fall,1,data/raw/voxel_huggingface_data/Fall/04-6.mp4,0.0,4.7216,1.3395,2.0092,2,3,data/processed/window_poses_readable/train/label_fall/voxel_04-6__video_0p000s_to_4p722s/window_0002__time_1p339s_to_2p009s__frames_000040_to_000060.json,3,data/processed/frames/train/fall/voxel_04-6/frame_000040.jpg|data/processed/frames/train/fall/voxel_04-6/frame_000050.jpg|data/processed/frames/train/fall/voxel_04-6/frame_000060.jpg,1.3395|1.6743|2.0092
voxel_04-6_w0003,voxel_04-6,train,fall,1,data/raw/voxel_huggingface_data/Fall/04-6.mp4,0.0,4.7216,2.0092,2.6789,3,3,data/processed/window_poses_readable/train/label_fall/voxel_04-6__video_0p000s_to_4p722s/window_0003__time_2p009s_to_2p679s__frames_000060_to_000080.json,3,data/processed/frames/train/fall/voxel_04-6/frame_000060.jpg|data/processed/frames/train/fall/voxel_04-6/frame_000070.jpg|data/processed/frames/train/fall/voxel_04-6/frame_000080.jpg,2.0092|2.344|2.6789
voxel_04-6_w0004,voxel_04-6,train,fall,1,data/raw/voxel_huggingface_data/Fall/04-6.mp4,0.0,4.7216,2.6789,3.3486,4,3,data/processed/window_poses_readable/train/label_fall/voxel_04-6__video_0p000s_to_4p722s/window_0004__time_2p679s_to_3p349s__frames_000080_to_000100.json,3,data/processed/frames/train/fall/voxel_04-6/frame_000080.jpg|data/processed/frames/train/fall/voxel_04-6/frame_000090.jpg|data/processed/frames/train/fall/voxel_04-6/frame_000100.jpg,2.6789|3.0138|3.3486
voxel_04-6_w0005,voxel_04-6,train,fall,1,data/raw/voxel_huggingface_data/Fall/04-6.mp4,0.0,4.7216,3.3486,4.0184,5,3,data/processed/window_poses_readable/train/label_fall/voxel_04-6__video_0p000s_to_4p722s/window_0005__time_3p349s_to_4p018s__frames_000100_to_000120.json,3,data/processed/frames/train/fall/voxel_04-6/frame_000100.jpg|data/processed/frames/train/fall/voxel_04-6/frame_000110.jpg|data/processed/frames/train/fall/voxel_04-6/frame_000120.jpg,3.3486|3.6835|4.0184
voxel_04-6_w0006,voxel_04-6,train,fall,1,data/raw/voxel_huggingface_data/Fall/04-6.mp4,0.0,4.7216,4.0184,4.6881,6,3,data/processed/window_poses_readable/train/label_fall/voxel_04-6__video_0p000s_to_4p722s/window_0006__time_4p018s_to_4p688s__frames_000120_to_000140.json,3,data/processed/frames/train/fall/voxel_04-6/frame_000120.jpg|data/processed/frames/train/fall/voxel_04-6/frame_000130.jpg|data/processed/frames/train/fall/voxel_04-6/frame_000140.jpg,4.0184|4.3532|4.6881
voxel_04-8_w0000,voxel_04-8,train,fall,1,data/raw/voxel_huggingface_data/Fall/04-8.mp4,0.0,4.9613,0.0,0.6796,0,3,data/processed/window_poses_readable/train/label_fall/voxel_04-8__video_0p000s_to_4p961s/window_0000__time_0p000s_to_0p680s__frames_000000_to_000020.json,3,data/processed/frames/train/fall/voxel_04-8/frame_000000.jpg|data/processed/frames/train/fall/voxel_04-8/frame_000010.jpg|data/processed/frames/train/fall/voxel_04-8/frame_000020.jpg,0.0|0.3398|0.6796
voxel_04-8_w0001,voxel_04-8,train,fall,1,data/raw/voxel_huggingface_data/Fall/04-8.mp4,0.0,4.9613,0.6796,1.3593,1,3,data/processed/window_poses_readable/train/label_fall/voxel_04-8__video_0p000s_to_4p961s/window_0001__time_0p680s_to_1p359s__frames_000020_to_000040.json,3,data/processed/frames/train/fall/voxel_04-8/frame_000020.jpg|data/processed/frames/train/fall/voxel_04-8/frame_000030.jpg|data/processed/frames/train/fall/voxel_04-8/frame_000040.jpg,0.6796|1.0194|1.3593
voxel_04-8_w0002,voxel_04-8,train,fall,1,data/raw/voxel_huggingface_data/Fall/04-8.mp4,0.0,4.9613,1.3593,2.0049,2,3,data/processed/window_poses_readable/train/label_fall/voxel_04-8__video_0p000s_to_4p961s/window_0002__time_1p359s_to_2p005s__frames_000040_to_000059.json,3,data/processed/frames/train/fall/voxel_04-8/frame_000040.jpg|data/processed/frames/train/fall/voxel_04-8/frame_000050.jpg|data/processed/frames/train/fall/voxel_04-8/frame_000059.jpg,1.3593|1.6991|2.0049
voxel_04-8_w0003,voxel_04-8,train,fall,1,data/raw/voxel_huggingface_data/Fall/04-8.mp4,0.0,4.9613,2.0049,2.6845,3,3,data/processed/window_poses_readable/train/label_fall/voxel_04-8__video_0p000s_to_4p961s/window_0003__time_2p005s_to_2p684s__frames_000059_to_000079.json,3,data/processed/frames/train/fall/voxel_04-8/frame_000059.jpg|data/processed/frames/train/fall/voxel_04-8/frame_000069.jpg|data/processed/frames/train/fall/voxel_04-8/frame_000079.jpg,2.0049|2.3447|2.6845
voxel_04-8_w0004,voxel_04-8,train,fall,1,data/raw/voxel_huggingface_data/Fall/04-8.mp4,0.0,4.9613,2.6845,3.3642,4,3,data/processed/window_poses_readable/train/label_fall/voxel_04-8__video_0p000s_to_4p961s/window_0004__time_2p684s_to_3p364s__frames_000079_to_000099.json,3,data/processed/frames/train/fall/voxel_04-8/frame_000079.jpg|data/processed/frames/train/fall/voxel_04-8/frame_000089.jpg|data/processed/frames/train/fall/voxel_04-8/frame_000099.jpg,2.6845|3.0244|3.3642
voxel_04-8_w0005,voxel_04-8,train,fall,1,data/raw/voxel_huggingface_data/Fall/04-8.mp4,0.0,4.9613,3.3642,4.0098,5,3,data/processed/window_poses_readable/train/label_fall/voxel_04-8__video_0p000s_to_4p961s/window_0005__time_3p364s_to_4p010s__frames_000099_to_000118.json,3,data/processed/frames/train/fall/voxel_04-8/frame_000099.jpg|data/processed/frames/train/fall/voxel_04-8/frame_000108.jpg|data/processed/frames/train/fall/voxel_04-8/frame_000118.jpg,3.3642|3.67|4.0098
voxel_04-8_w0006,voxel_04-8,train,fall,1,data/raw/voxel_huggingface_data/Fall/04-8.mp4,0.0,4.9613,4.0098,4.6894,6,3,data/processed/window_poses_readable/train/label_fall/voxel_04-8__video_0p000s_to_4p961s/window_0006__time_4p010s_to_4p689s__frames_000118_to_000138.json,3,data/processed/frames/train/fall/voxel_04-8/frame_000118.jpg|data/processed/frames/train/fall/voxel_04-8/frame_000128.jpg|data/processed/frames/train/fall/voxel_04-8/frame_000138.jpg,4.0098|4.3496|4.6894
voxel_05-2_w0000,voxel_05-2,train,fall,1,data/raw/voxel_huggingface_data/Fall/05-2.mp4,0.0,4.5281,0.0,0.6708,0,3,data/processed/window_poses_readable/train/label_fall/voxel_05-2__video_0p000s_to_4p528s/window_0000__time_0p000s_to_0p671s__frames_000000_to_000020.json,3,data/processed/frames/train/fall/voxel_05-2/frame_000000.jpg|data/processed/frames/train/fall/voxel_05-2/frame_000010.jpg|data/processed/frames/train/fall/voxel_05-2/frame_000020.jpg,0.0|0.3354|0.6708
voxel_05-2_w0001,voxel_05-2,train,fall,1,data/raw/voxel_huggingface_data/Fall/05-2.mp4,0.0,4.5281,0.6708,1.3417,1,3,data/processed/window_poses_readable/train/label_fall/voxel_05-2__video_0p000s_to_4p528s/window_0001__time_0p671s_to_1p342s__frames_000020_to_000040.json,3,data/processed/frames/train/fall/voxel_05-2/frame_000020.jpg|data/processed/frames/train/fall/voxel_05-2/frame_000030.jpg|data/processed/frames/train/fall/voxel_05-2/frame_000040.jpg,0.6708|1.0063|1.3417
voxel_05-2_w0002,voxel_05-2,train,fall,1,data/raw/voxel_huggingface_data/Fall/05-2.mp4,0.0,4.5281,1.3417,2.0125,2,3,data/processed/window_poses_readable/train/label_fall/voxel_05-2__video_0p000s_to_4p528s/window_0002__time_1p342s_to_2p013s__frames_000040_to_000060.json,3,data/processed/frames/train/fall/voxel_05-2/frame_000040.jpg|data/processed/frames/train/fall/voxel_05-2/frame_000050.jpg|data/processed/frames/train/fall/voxel_05-2/frame_000060.jpg,1.3417|1.6771|2.0125
voxel_05-2_w0003,voxel_05-2,train,fall,1,data/raw/voxel_huggingface_data/Fall/05-2.mp4,0.0,4.5281,2.0125,2.6833,3,3,data/processed/window_poses_readable/train/label_fall/voxel_05-2__video_0p000s_to_4p528s/window_0003__time_2p013s_to_2p683s__frames_000060_to_000080.json,3,data/processed/frames/train/fall/voxel_05-2/frame_000060.jpg|data/processed/frames/train/fall/voxel_05-2/frame_000070.jpg|data/processed/frames/train/fall/voxel_05-2/frame_000080.jpg,2.0125|2.3479|2.6833
voxel_05-2_w0004,voxel_05-2,train,fall,1,data/raw/voxel_huggingface_data/Fall/05-2.mp4,0.0,4.5281,2.6833,3.3542,4,3,data/processed/window_poses_readable/train/label_fall/voxel_05-2__video_0p000s_to_4p528s/window_0004__time_2p683s_to_3p354s__frames_000080_to_000100.json,3,data/processed/frames/train/fall/voxel_05-2/frame_000080.jpg|data/processed/frames/train/fall/voxel_05-2/frame_000090.jpg|data/processed/frames/train/fall/voxel_05-2/frame_000100.jpg,2.6833|3.0188|3.3542
voxel_05-2_w0005,voxel_05-2,train,fall,1,data/raw/voxel_huggingface_data/Fall/05-2.mp4,0.0,4.5281,3.3542,4.025,5,3,data/processed/window_poses_readable/train/label_fall/voxel_05-2__video_0p000s_to_4p528s/window_0005__time_3p354s_to_4p025s__frames_000100_to_000120.json,3,data/processed/frames/train/fall/voxel_05-2/frame_000100.jpg|data/processed/frames/train/fall/voxel_05-2/frame_000110.jpg|data/processed/frames/train/fall/voxel_05-2/frame_000120.jpg,3.3542|3.6896|4.025
voxel_05-4_w0000,voxel_05-4,train,fall,1,data/raw/voxel_huggingface_data/Fall/05-4.mp4,0.0,10.0494,0.0,0.67,0,3,data/processed/window_poses_readable/train/label_fall/voxel_05-4__video_0p000s_to_10p049s/window_0000__time_0p000s_to_0p670s__frames_000000_to_000020.json,3,data/processed/frames/train/fall/voxel_05-4/frame_000000.jpg|data/processed/frames/train/fall/voxel_05-4/frame_000010.jpg|data/processed/frames/train/fall/voxel_05-4/frame_000020.jpg,0.0|0.335|0.67
voxel_05-4_w0001,voxel_05-4,train,fall,1,data/raw/voxel_huggingface_data/Fall/05-4.mp4,0.0,10.0494,0.67,1.3399,1,3,data/processed/window_poses_readable/train/label_fall/voxel_05-4__video_0p000s_to_10p049s/window_0001__time_0p670s_to_1p340s__frames_000020_to_000040.json,3,data/processed/frames/train/fall/voxel_05-4/frame_000020.jpg|data/processed/frames/train/fall/voxel_05-4/frame_000030.jpg|data/processed/frames/train/fall/voxel_05-4/frame_000040.jpg,0.67|1.0049|1.3399
voxel_05-4_w0002,voxel_05-4,train,fall,1,data/raw/voxel_huggingface_data/Fall/05-4.mp4,0.0,10.0494,1.3399,2.0099,2,3,data/processed/window_poses_readable/train/label_fall/voxel_05-4__video_0p000s_to_10p049s/window_0002__time_1p340s_to_2p010s__frames_000040_to_000060.json,3,data/processed/frames/train/fall/voxel_05-4/frame_000040.jpg|data/processed/frames/train/fall/voxel_05-4/frame_000050.jpg|data/processed/frames/train/fall/voxel_05-4/frame_000060.jpg,1.3399|1.6749|2.0099
voxel_05-4_w0003,voxel_05-4,train,fall,1,data/raw/voxel_huggingface_data/Fall/05-4.mp4,0.0,10.0494,2.0099,2.6798,3,3,data/processed/window_poses_readable/train/label_fall/voxel_05-4__video_0p000s_to_10p049s/window_0003__time_2p010s_to_2p680s__frames_000060_to_000080.json,3,data/processed/frames/train/fall/voxel_05-4/frame_000060.jpg|data/processed/frames/train/fall/voxel_05-4/frame_000070.jpg|data/processed/frames/train/fall/voxel_05-4/frame_000080.jpg,2.0099|2.3449|2.6798
voxel_05-4_w0004,voxel_05-4,train,fall,1,data/raw/voxel_huggingface_data/Fall/05-4.mp4,0.0,10.0494,2.6798,3.3498,4,3,data/processed/window_poses_readable/train/label_fall/voxel_05-4__video_0p000s_to_10p049s/window_0004__time_2p680s_to_3p350s__frames_000080_to_000100.json,3,data/processed/frames/train/fall/voxel_05-4/frame_000080.jpg|data/processed/frames/train/fall/voxel_05-4/frame_000090.jpg|data/processed/frames/train/fall/voxel_05-4/frame_000100.jpg,2.6798|3.0148|3.3498
voxel_05-4_w0005,voxel_05-4,train,fall,1,data/raw/voxel_huggingface_data/Fall/05-4.mp4,0.0,10.0494,3.3498,4.0198,5,3,data/processed/window_poses_readable/train/label_fall/voxel_05-4__video_0p000s_to_10p049s/window_0005__time_3p350s_to_4p020s__frames_000100_to_000120.json,2,data/processed/frames/train/fall/voxel_05-4/frame_000100.jpg|data/processed/frames/train/fall/voxel_05-4/frame_000110.jpg|data/processed/frames/train/fall/voxel_05-4/frame_000120.jpg,3.3498|3.6848|4.0198
voxel_05-4_w0006,voxel_05-4,train,fall,1,data/raw/voxel_huggingface_data/Fall/05-4.mp4,0.0,10.0494,4.0198,4.6897,6,3,data/processed/window_poses_readable/train/label_fall/voxel_05-4__video_0p000s_to_10p049s/window_0006__time_4p020s_to_4p690s__frames_000120_to_000140.json,2,data/processed/frames/train/fall/voxel_05-4/frame_000120.jpg|data/processed/frames/train/fall/voxel_05-4/frame_000130.jpg|data/processed/frames/train/fall/voxel_05-4/frame_000140.jpg,4.0198|4.3547|4.6897
voxel_05-4_w0007,voxel_05-4,train,fall,1,data/raw/voxel_huggingface_data/Fall/05-4.mp4,0.0,10.0494,4.6897,5.3597,7,3,data/processed/window_poses_readable/train/label_fall/voxel_05-4__video_0p000s_to_10p049s/window_0007__time_4p690s_to_5p360s__frames_000140_to_000160.json,3,data/processed/frames/train/fall/voxel_05-4/frame_000140.jpg|data/processed/frames/train/fall/voxel_05-4/frame_000150.jpg|data/processed/frames/train/fall/voxel_05-4/frame_000160.jpg,4.6897|5.0247|5.3597
voxel_05-4_w0008,voxel_05-4,train,fall,1,data/raw/voxel_huggingface_data/Fall/05-4.mp4,0.0,10.0494,5.3597,6.0296,8,3,data/processed/window_poses_readable/train/label_fall/voxel_05-4__video_0p000s_to_10p049s/window_0008__time_5p360s_to_6p030s__frames_000160_to_000180.json,3,data/processed/frames/train/fall/voxel_05-4/frame_000160.jpg|data/processed/frames/train/fall/voxel_05-4/frame_000170.jpg|data/processed/frames/train/fall/voxel_05-4/frame_000180.jpg,5.3597|5.6946|6.0296
voxel_05-4_w0009,voxel_05-4,train,fall,1,data/raw/voxel_huggingface_data/Fall/05-4.mp4,0.0,10.0494,6.0296,6.6996,9,3,data/processed/window_poses_readable/train/label_fall/voxel_05-4__video_0p000s_to_10p049s/window_0009__time_6p030s_to_6p700s__frames_000180_to_000200.json,3,data/processed/frames/train/fall/voxel_05-4/frame_000180.jpg|data/processed/frames/train/fall/voxel_05-4/frame_000190.jpg|data/processed/frames/train/fall/voxel_05-4/frame_000200.jpg,6.0296|6.3646|6.6996
voxel_05-4_w0010,voxel_05-4,train,fall,1,data/raw/voxel_huggingface_data/Fall/05-4.mp4,0.0,10.0494,6.6996,7.336,10,3,data/processed/window_poses_readable/train/label_fall/voxel_05-4__video_0p000s_to_10p049s/window_0010__time_6p700s_to_7p336s__frames_000200_to_000219.json,3,data/processed/frames/train/fall/voxel_05-4/frame_000200.jpg|data/processed/frames/train/fall/voxel_05-4/frame_000209.jpg|data/processed/frames/train/fall/voxel_05-4/frame_000219.jpg,6.6996|7.0011|7.336
voxel_05-4_w0011,voxel_05-4,train,fall,1,data/raw/voxel_huggingface_data/Fall/05-4.mp4,0.0,10.0494,7.336,8.006,11,3,data/processed/window_poses_readable/train/label_fall/voxel_05-4__video_0p000s_to_10p049s/window_0011__time_7p336s_to_8p006s__frames_000219_to_000239.json,3,data/processed/frames/train/fall/voxel_05-4/frame_000219.jpg|data/processed/frames/train/fall/voxel_05-4/frame_000229.jpg|data/processed/frames/train/fall/voxel_05-4/frame_000239.jpg,7.336|7.671|8.006
voxel_05-4_w0012,voxel_05-4,train,fall,1,data/raw/voxel_huggingface_data/Fall/05-4.mp4,0.0,10.0494,8.006,8.676,12,3,data/processed/window_poses_readable/train/label_fall/voxel_05-4__video_0p000s_to_10p049s/window_0012__time_8p006s_to_8p676s__frames_000239_to_000259.json,3,data/processed/frames/train/fall/voxel_05-4/frame_000239.jpg|data/processed/frames/train/fall/voxel_05-4/frame_000249.jpg|data/processed/frames/train/fall/voxel_05-4/frame_000259.jpg,8.006|8.341|8.676
voxel_05-4_w0013,voxel_05-4,train,fall,1,data/raw/voxel_huggingface_data/Fall/05-4.mp4,0.0,10.0494,8.676,9.3459,13,3,data/processed/window_poses_readable/train/label_fall/voxel_05-4__video_0p000s_to_10p049s/window_0013__time_8p676s_to_9p346s__frames_000259_to_000279.json,3,data/processed/frames/train/fall/voxel_05-4/frame_000259.jpg|data/processed/frames/train/fall/voxel_05-4/frame_000269.jpg|data/processed/frames/train/fall/voxel_05-4/frame_000279.jpg,8.676|9.0109|9.3459
voxel_05-4_w0014,voxel_05-4,train,fall,1,data/raw/voxel_huggingface_data/Fall/05-4.mp4,0.0,10.0494,9.3459,10.0159,14,3,data/processed/window_poses_readable/train/label_fall/voxel_05-4__video_0p000s_to_10p049s/window_0014__time_9p346s_to_10p016s__frames_000279_to_000299.json,3,data/processed/frames/train/fall/voxel_05-4/frame_000279.jpg|data/processed/frames/train/fall/voxel_05-4/frame_000289.jpg|data/processed/frames/train/fall/voxel_05-4/frame_000299.jpg,9.3459|9.6809|10.0159
voxel_05-6_w0000,voxel_05-6,train,fall,1,data/raw/voxel_huggingface_data/Fall/05-6.mp4,0.0,7.4096,0.0,0.6706,0,3,data/processed/window_poses_readable/train/label_fall/voxel_05-6__video_0p000s_to_7p410s/window_0000__time_0p000s_to_0p671s__frames_000000_to_000020.json,3,data/processed/frames/train/fall/voxel_05-6/frame_000000.jpg|data/processed/frames/train/fall/voxel_05-6/frame_000010.jpg|data/processed/frames/train/fall/voxel_05-6/frame_000020.jpg,0.0|0.3353|0.6706
voxel_05-6_w0001,voxel_05-6,train,fall,1,data/raw/voxel_huggingface_data/Fall/05-6.mp4,0.0,7.4096,0.6706,1.3411,1,3,data/processed/window_poses_readable/train/label_fall/voxel_05-6__video_0p000s_to_7p410s/window_0001__time_0p671s_to_1p341s__frames_000020_to_000040.json,3,data/processed/frames/train/fall/voxel_05-6/frame_000020.jpg|data/processed/frames/train/fall/voxel_05-6/frame_000030.jpg|data/processed/frames/train/fall/voxel_05-6/frame_000040.jpg,0.6706|1.0058|1.3411
voxel_05-6_w0002,voxel_05-6,train,fall,1,data/raw/voxel_huggingface_data/Fall/05-6.mp4,0.0,7.4096,1.3411,2.0117,2,3,data/processed/window_poses_readable/train/label_fall/voxel_05-6__video_0p000s_to_7p410s/window_0002__time_1p341s_to_2p012s__frames_000040_to_000060.json,3,data/processed/frames/train/fall/voxel_05-6/frame_000040.jpg|data/processed/frames/train/fall/voxel_05-6/frame_000050.jpg|data/processed/frames/train/fall/voxel_05-6/frame_000060.jpg,1.3411|1.6764|2.0117
voxel_05-6_w0003,voxel_05-6,train,fall,1,data/raw/voxel_huggingface_data/Fall/05-6.mp4,0.0,7.4096,2.0117,2.6822,3,3,data/processed/window_poses_readable/train/label_fall/voxel_05-6__video_0p000s_to_7p410s/window_0003__time_2p012s_to_2p682s__frames_000060_to_000080.json,3,data/processed/frames/train/fall/voxel_05-6/frame_000060.jpg|data/processed/frames/train/fall/voxel_05-6/frame_000070.jpg|data/processed/frames/train/fall/voxel_05-6/frame_000080.jpg,2.0117|2.3469|2.6822
voxel_05-6_w0004,voxel_05-6,train,fall,1,data/raw/voxel_huggingface_data/Fall/05-6.mp4,0.0,7.4096,2.6822,3.3528,4,3,data/processed/window_poses_readable/train/label_fall/voxel_05-6__video_0p000s_to_7p410s/window_0004__time_2p682s_to_3p353s__frames_000080_to_000100.json,3,data/processed/frames/train/fall/voxel_05-6/frame_000080.jpg|data/processed/frames/train/fall/voxel_05-6/frame_000090.jpg|data/processed/frames/train/fall/voxel_05-6/frame_000100.jpg,2.6822|3.0175|3.3528
voxel_05-6_w0005,voxel_05-6,train,fall,1,data/raw/voxel_huggingface_data/Fall/05-6.mp4,0.0,7.4096,3.3528,4.0233,5,3,data/processed/window_poses_readable/train/label_fall/voxel_05-6__video_0p000s_to_7p410s/window_0005__time_3p353s_to_4p023s__frames_000100_to_000120.json,3,data/processed/frames/train/fall/voxel_05-6/frame_000100.jpg|data/processed/frames/train/fall/voxel_05-6/frame_000110.jpg|data/processed/frames/train/fall/voxel_05-6/frame_000120.jpg,3.3528|3.6881|4.0233
voxel_05-6_w0006,voxel_05-6,train,fall,1,data/raw/voxel_huggingface_data/Fall/05-6.mp4,0.0,7.4096,4.0233,4.6939,6,3,data/processed/window_poses_readable/train/label_fall/voxel_05-6__video_0p000s_to_7p410s/window_0006__time_4p023s_to_4p694s__frames_000120_to_000140.json,3,data/processed/frames/train/fall/voxel_05-6/frame_000120.jpg|data/processed/frames/train/fall/voxel_05-6/frame_000130.jpg|data/processed/frames/train/fall/voxel_05-6/frame_000140.jpg,4.0233|4.3586|4.6939
voxel_05-6_w0007,voxel_05-6,train,fall,1,data/raw/voxel_huggingface_data/Fall/05-6.mp4,0.0,7.4096,4.6939,5.3644,7,3,data/processed/window_poses_readable/train/label_fall/voxel_05-6__video_0p000s_to_7p410s/window_0007__time_4p694s_to_5p364s__frames_000140_to_000160.json,3,data/processed/frames/train/fall/voxel_05-6/frame_000140.jpg|data/processed/frames/train/fall/voxel_05-6/frame_000150.jpg|data/processed/frames/train/fall/voxel_05-6/frame_000160.jpg,4.6939|5.0292|5.3644
voxel_05-6_w0008,voxel_05-6,train,fall,1,data/raw/voxel_huggingface_data/Fall/05-6.mp4,0.0,7.4096,5.3644,6.0015,8,3,data/processed/window_poses_readable/train/label_fall/voxel_05-6__video_0p000s_to_7p410s/window_0008__time_5p364s_to_6p002s__frames_000160_to_000179.json,3,data/processed/frames/train/fall/voxel_05-6/frame_000160.jpg|data/processed/frames/train/fall/voxel_05-6/frame_000170.jpg|data/processed/frames/train/fall/voxel_05-6/frame_000179.jpg,5.3644|5.6997|6.0015
voxel_05-6_w0009,voxel_05-6,train,fall,1,data/raw/voxel_huggingface_data/Fall/05-6.mp4,0.0,7.4096,6.0015,6.672,9,3,data/processed/window_poses_readable/train/label_fall/voxel_05-6__video_0p000s_to_7p410s/window_0009__time_6p002s_to_6p672s__frames_000179_to_000199.json,3,data/processed/frames/train/fall/voxel_05-6/frame_000179.jpg|data/processed/frames/train/fall/voxel_05-6/frame_000189.jpg|data/processed/frames/train/fall/voxel_05-6/frame_000199.jpg,6.0015|6.3368|6.672
voxel_05-6_w0010,voxel_05-6,train,fall,1,data/raw/voxel_huggingface_data/Fall/05-6.mp4,0.0,7.4096,6.672,7.3426,10,3,data/processed/window_poses_readable/train/label_fall/voxel_05-6__video_0p000s_to_7p410s/window_0010__time_6p672s_to_7p343s__frames_000199_to_000219.json,3,data/processed/frames/train/fall/voxel_05-6/frame_000199.jpg|data/processed/frames/train/fall/voxel_05-6/frame_000209.jpg|data/processed/frames/train/fall/voxel_05-6/frame_000219.jpg,6.672|7.0073|7.3426
voxel_05-8_w0000,voxel_05-8,train,fall,1,data/raw/voxel_huggingface_data/Fall/05-8.mp4,0.0,5.8576,0.0,0.6733,0,3,data/processed/window_poses_readable/train/label_fall/voxel_05-8__video_0p000s_to_5p858s/window_0000__time_0p000s_to_0p673s__frames_000000_to_000020.json,3,data/processed/frames/train/fall/voxel_05-8/frame_000000.jpg|data/processed/frames/train/fall/voxel_05-8/frame_000010.jpg|data/processed/frames/train/fall/voxel_05-8/frame_000020.jpg,0.0|0.3366|0.6733
voxel_05-8_w0001,voxel_05-8,train,fall,1,data/raw/voxel_huggingface_data/Fall/05-8.mp4,0.0,5.8576,0.6733,1.3466,1,3,data/processed/window_poses_readable/train/label_fall/voxel_05-8__video_0p000s_to_5p858s/window_0001__time_0p673s_to_1p347s__frames_000020_to_000040.json,3,data/processed/frames/train/fall/voxel_05-8/frame_000020.jpg|data/processed/frames/train/fall/voxel_05-8/frame_000030.jpg|data/processed/frames/train/fall/voxel_05-8/frame_000040.jpg,0.6733|1.0099|1.3466
voxel_05-8_w0002,voxel_05-8,train,fall,1,data/raw/voxel_huggingface_data/Fall/05-8.mp4,0.0,5.8576,1.3466,2.0199,2,3,data/processed/window_poses_readable/train/label_fall/voxel_05-8__video_0p000s_to_5p858s/window_0002__time_1p347s_to_2p020s__frames_000040_to_000060.json,3,data/processed/frames/train/fall/voxel_05-8/frame_000040.jpg|data/processed/frames/train/fall/voxel_05-8/frame_000050.jpg|data/processed/frames/train/fall/voxel_05-8/frame_000060.jpg,1.3466|1.6832|2.0199
voxel_05-8_w0003,voxel_05-8,train,fall,1,data/raw/voxel_huggingface_data/Fall/05-8.mp4,0.0,5.8576,2.0199,2.6932,3,3,data/processed/window_poses_readable/train/label_fall/voxel_05-8__video_0p000s_to_5p858s/window_0003__time_2p020s_to_2p693s__frames_000060_to_000080.json,3,data/processed/frames/train/fall/voxel_05-8/frame_000060.jpg|data/processed/frames/train/fall/voxel_05-8/frame_000070.jpg|data/processed/frames/train/fall/voxel_05-8/frame_000080.jpg,2.0199|2.3565|2.6932
voxel_05-8_w0004,voxel_05-8,train,fall,1,data/raw/voxel_huggingface_data/Fall/05-8.mp4,0.0,5.8576,2.6932,3.3665,4,3,data/processed/window_poses_readable/train/label_fall/voxel_05-8__video_0p000s_to_5p858s/window_0004__time_2p693s_to_3p366s__frames_000080_to_000100.json,3,data/processed/frames/train/fall/voxel_05-8/frame_000080.jpg|data/processed/frames/train/fall/voxel_05-8/frame_000090.jpg|data/processed/frames/train/fall/voxel_05-8/frame_000100.jpg,2.6932|3.0298|3.3665
voxel_05-8_w0005,voxel_05-8,train,fall,1,data/raw/voxel_huggingface_data/Fall/05-8.mp4,0.0,5.8576,3.3665,4.0061,5,3,data/processed/window_poses_readable/train/label_fall/voxel_05-8__video_0p000s_to_5p858s/window_0005__time_3p366s_to_4p006s__frames_000100_to_000119.json,3,data/processed/frames/train/fall/voxel_05-8/frame_000100.jpg|data/processed/frames/train/fall/voxel_05-8/frame_000109.jpg|data/processed/frames/train/fall/voxel_05-8/frame_000119.jpg,3.3665|3.6694|4.0061
voxel_05-8_w0006,voxel_05-8,train,fall,1,data/raw/voxel_huggingface_data/Fall/05-8.mp4,0.0,5.8576,4.0061,4.6794,6,3,data/processed/window_poses_readable/train/label_fall/voxel_05-8__video_0p000s_to_5p858s/window_0006__time_4p006s_to_4p679s__frames_000119_to_000139.json,3,data/processed/frames/train/fall/voxel_05-8/frame_000119.jpg|data/processed/frames/train/fall/voxel_05-8/frame_000129.jpg|data/processed/frames/train/fall/voxel_05-8/frame_000139.jpg,4.0061|4.3427|4.6794
voxel_05-8_w0007,voxel_05-8,train,fall,1,data/raw/voxel_huggingface_data/Fall/05-8.mp4,0.0,5.8576,4.6794,5.3527,7,3,data/processed/window_poses_readable/train/label_fall/voxel_05-8__video_0p000s_to_5p858s/window_0007__time_4p679s_to_5p353s__frames_000139_to_000159.json,3,data/processed/frames/train/fall/voxel_05-8/frame_000139.jpg|data/processed/frames/train/fall/voxel_05-8/frame_000149.jpg|data/processed/frames/train/fall/voxel_05-8/frame_000159.jpg,4.6794|5.016|5.3527
voxel_06_w0000,voxel_06,train,fall,1,data/raw/voxel_huggingface_data/Fall/06.mp4,0.0,6.4961,0.0,0.6697,0,3,data/processed/window_poses_readable/train/label_fall/voxel_06__video_0p000s_to_6p496s/window_0000__time_0p000s_to_0p670s__frames_000000_to_000020.json,3,data/processed/frames/train/fall/voxel_06/frame_000000.jpg|data/processed/frames/train/fall/voxel_06/frame_000010.jpg|data/processed/frames/train/fall/voxel_06/frame_000020.jpg,0.0|0.3348|0.6697
voxel_06_w0001,voxel_06,train,fall,1,data/raw/voxel_huggingface_data/Fall/06.mp4,0.0,6.4961,0.6697,1.3394,1,3,data/processed/window_poses_readable/train/label_fall/voxel_06__video_0p000s_to_6p496s/window_0001__time_0p670s_to_1p339s__frames_000020_to_000040.json,3,data/processed/frames/train/fall/voxel_06/frame_000020.jpg|data/processed/frames/train/fall/voxel_06/frame_000030.jpg|data/processed/frames/train/fall/voxel_06/frame_000040.jpg,0.6697|1.0045|1.3394
voxel_06_w0002,voxel_06,train,fall,1,data/raw/voxel_huggingface_data/Fall/06.mp4,0.0,6.4961,1.3394,2.0091,2,3,data/processed/window_poses_readable/train/label_fall/voxel_06__video_0p000s_to_6p496s/window_0002__time_1p339s_to_2p009s__frames_000040_to_000060.json,3,data/processed/frames/train/fall/voxel_06/frame_000040.jpg|data/processed/frames/train/fall/voxel_06/frame_000050.jpg|data/processed/frames/train/fall/voxel_06/frame_000060.jpg,1.3394|1.6742|2.0091
voxel_06_w0003,voxel_06,train,fall,1,data/raw/voxel_huggingface_data/Fall/06.mp4,0.0,6.4961,2.0091,2.6788,3,3,data/processed/window_poses_readable/train/label_fall/voxel_06__video_0p000s_to_6p496s/window_0003__time_2p009s_to_2p679s__frames_000060_to_000080.json,3,data/processed/frames/train/fall/voxel_06/frame_000060.jpg|data/processed/frames/train/fall/voxel_06/frame_000070.jpg|data/processed/frames/train/fall/voxel_06/frame_000080.jpg,2.0091|2.3439|2.6788
voxel_06_w0004,voxel_06,train,fall,1,data/raw/voxel_huggingface_data/Fall/06.mp4,0.0,6.4961,2.6788,3.3485,4,3,data/processed/window_poses_readable/train/label_fall/voxel_06__video_0p000s_to_6p496s/window_0004__time_2p679s_to_3p349s__frames_000080_to_000100.json,3,data/processed/frames/train/fall/voxel_06/frame_000080.jpg|data/processed/frames/train/fall/voxel_06/frame_000090.jpg|data/processed/frames/train/fall/voxel_06/frame_000100.jpg,2.6788|3.0136|3.3485
voxel_06_w0005,voxel_06,train,fall,1,data/raw/voxel_huggingface_data/Fall/06.mp4,0.0,6.4961,3.3485,4.0182,5,3,data/processed/window_poses_readable/train/label_fall/voxel_06__video_0p000s_to_6p496s/window_0005__time_3p349s_to_4p018s__frames_000100_to_000120.json,3,data/processed/frames/train/fall/voxel_06/frame_000100.jpg|data/processed/frames/train/fall/voxel_06/frame_000110.jpg|data/processed/frames/train/fall/voxel_06/frame_000120.jpg,3.3485|3.6833|4.0182
voxel_06_w0006,voxel_06,train,fall,1,data/raw/voxel_huggingface_data/Fall/06.mp4,0.0,6.4961,4.0182,4.6879,6,3,data/processed/window_poses_readable/train/label_fall/voxel_06__video_0p000s_to_6p496s/window_0006__time_4p018s_to_4p688s__frames_000120_to_000140.json,3,data/processed/frames/train/fall/voxel_06/frame_000120.jpg|data/processed/frames/train/fall/voxel_06/frame_000130.jpg|data/processed/frames/train/fall/voxel_06/frame_000140.jpg,4.0182|4.353|4.6879
voxel_06_w0007,voxel_06,train,fall,1,data/raw/voxel_huggingface_data/Fall/06.mp4,0.0,6.4961,4.6879,5.3576,7,3,data/processed/window_poses_readable/train/label_fall/voxel_06__video_0p000s_to_6p496s/window_0007__time_4p688s_to_5p358s__frames_000140_to_000160.json,3,data/processed/frames/train/fall/voxel_06/frame_000140.jpg|data/processed/frames/train/fall/voxel_06/frame_000150.jpg|data/processed/frames/train/fall/voxel_06/frame_000160.jpg,4.6879|5.0227|5.3576
voxel_06_w0008,voxel_06,train,fall,1,data/raw/voxel_huggingface_data/Fall/06.mp4,0.0,6.4961,5.3576,6.0273,8,3,data/processed/window_poses_readable/train/label_fall/voxel_06__video_0p000s_to_6p496s/window_0008__time_5p358s_to_6p027s__frames_000160_to_000180.json,3,data/processed/frames/train/fall/voxel_06/frame_000160.jpg|data/processed/frames/train/fall/voxel_06/frame_000170.jpg|data/processed/frames/train/fall/voxel_06/frame_000180.jpg,5.3576|5.6924|6.0273
voxel_06-3_w0000,voxel_06-3,train,fall,1,data/raw/voxel_huggingface_data/Fall/06-3.mp4,0.0,5.5536,0.0,0.6691,0,3,data/processed/window_poses_readable/train/label_fall/voxel_06-3__video_0p000s_to_5p554s/window_0000__time_0p000s_to_0p669s__frames_000000_to_000020.json,3,data/processed/frames/train/fall/voxel_06-3/frame_000000.jpg|data/processed/frames/train/fall/voxel_06-3/frame_000010.jpg|data/processed/frames/train/fall/voxel_06-3/frame_000020.jpg,0.0|0.3346|0.6691
voxel_06-3_w0001,voxel_06-3,train,fall,1,data/raw/voxel_huggingface_data/Fall/06-3.mp4,0.0,5.5536,0.6691,1.3382,1,3,data/processed/window_poses_readable/train/label_fall/voxel_06-3__video_0p000s_to_5p554s/window_0001__time_0p669s_to_1p338s__frames_000020_to_000040.json,3,data/processed/frames/train/fall/voxel_06-3/frame_000020.jpg|data/processed/frames/train/fall/voxel_06-3/frame_000030.jpg|data/processed/frames/train/fall/voxel_06-3/frame_000040.jpg,0.6691|1.0037|1.3382
voxel_06-3_w0002,voxel_06-3,train,fall,1,data/raw/voxel_huggingface_data/Fall/06-3.mp4,0.0,5.5536,1.3382,2.0073,2,3,data/processed/window_poses_readable/train/label_fall/voxel_06-3__video_0p000s_to_5p554s/window_0002__time_1p338s_to_2p007s__frames_000040_to_000060.json,3,data/processed/frames/train/fall/voxel_06-3/frame_000040.jpg|data/processed/frames/train/fall/voxel_06-3/frame_000050.jpg|data/processed/frames/train/fall/voxel_06-3/frame_000060.jpg,1.3382|1.6728|2.0073
voxel_06-3_w0003,voxel_06-3,train,fall,1,data/raw/voxel_huggingface_data/Fall/06-3.mp4,0.0,5.5536,2.0073,2.6765,3,3,data/processed/window_poses_readable/train/label_fall/voxel_06-3__video_0p000s_to_5p554s/window_0003__time_2p007s_to_2p676s__frames_000060_to_000080.json,3,data/processed/frames/train/fall/voxel_06-3/frame_000060.jpg|data/processed/frames/train/fall/voxel_06-3/frame_000070.jpg|data/processed/frames/train/fall/voxel_06-3/frame_000080.jpg,2.0073|2.3419|2.6765
voxel_06-3_w0004,voxel_06-3,train,fall,1,data/raw/voxel_huggingface_data/Fall/06-3.mp4,0.0,5.5536,2.6765,3.3456,4,3,data/processed/window_poses_readable/train/label_fall/voxel_06-3__video_0p000s_to_5p554s/window_0004__time_2p676s_to_3p346s__frames_000080_to_000100.json,3,data/processed/frames/train/fall/voxel_06-3/frame_000080.jpg|data/processed/frames/train/fall/voxel_06-3/frame_000090.jpg|data/processed/frames/train/fall/voxel_06-3/frame_000100.jpg,2.6765|3.011|3.3456
voxel_06-3_w0005,voxel_06-3,train,fall,1,data/raw/voxel_huggingface_data/Fall/06-3.mp4,0.0,5.5536,3.3456,4.0147,5,3,data/processed/window_poses_readable/train/label_fall/voxel_06-3__video_0p000s_to_5p554s/window_0005__time_3p346s_to_4p015s__frames_000100_to_000120.json,3,data/processed/frames/train/fall/voxel_06-3/frame_000100.jpg|data/processed/frames/train/fall/voxel_06-3/frame_000110.jpg|data/processed/frames/train/fall/voxel_06-3/frame_000120.jpg,3.3456|3.6801|4.0147
voxel_06-3_w0006,voxel_06-3,train,fall,1,data/raw/voxel_huggingface_data/Fall/06-3.mp4,0.0,5.5536,4.0147,4.6838,6,3,data/processed/window_poses_readable/train/label_fall/voxel_06-3__video_0p000s_to_5p554s/window_0006__time_4p015s_to_4p684s__frames_000120_to_000140.json,3,data/processed/frames/train/fall/voxel_06-3/frame_000120.jpg|data/processed/frames/train/fall/voxel_06-3/frame_000130.jpg|data/processed/frames/train/fall/voxel_06-3/frame_000140.jpg,4.0147|4.3492|4.6838
voxel_06-3_w0007,voxel_06-3,train,fall,1,data/raw/voxel_huggingface_data/Fall/06-3.mp4,0.0,5.5536,4.6838,5.3529,7,3,data/processed/window_poses_readable/train/label_fall/voxel_06-3__video_0p000s_to_5p554s/window_0007__time_4p684s_to_5p353s__frames_000140_to_000160.json,3,data/processed/frames/train/fall/voxel_06-3/frame_000140.jpg|data/processed/frames/train/fall/voxel_06-3/frame_000150.jpg|data/processed/frames/train/fall/voxel_06-3/frame_000160.jpg,4.6838|5.0184|5.3529
voxel_06-5_w0000,voxel_06-5,train,fall,1,data/raw/voxel_huggingface_data/Fall/06-5.mp4,0.0,6.1296,0.0,0.6699,0,3,data/processed/window_poses_readable/train/label_fall/voxel_06-5__video_0p000s_to_6p130s/window_0000__time_0p000s_to_0p670s__frames_000000_to_000020.json,3,data/processed/frames/train/fall/voxel_06-5/frame_000000.jpg|data/processed/frames/train/fall/voxel_06-5/frame_000010.jpg|data/processed/frames/train/fall/voxel_06-5/frame_000020.jpg,0.0|0.335|0.6699
voxel_06-5_w0001,voxel_06-5,train,fall,1,data/raw/voxel_huggingface_data/Fall/06-5.mp4,0.0,6.1296,0.6699,1.3398,1,3,data/processed/window_poses_readable/train/label_fall/voxel_06-5__video_0p000s_to_6p130s/window_0001__time_0p670s_to_1p340s__frames_000020_to_000040.json,3,data/processed/frames/train/fall/voxel_06-5/frame_000020.jpg|data/processed/frames/train/fall/voxel_06-5/frame_000030.jpg|data/processed/frames/train/fall/voxel_06-5/frame_000040.jpg,0.6699|1.0049|1.3398
voxel_06-5_w0002,voxel_06-5,train,fall,1,data/raw/voxel_huggingface_data/Fall/06-5.mp4,0.0,6.1296,1.3398,2.0097,2,3,data/processed/window_poses_readable/train/label_fall/voxel_06-5__video_0p000s_to_6p130s/window_0002__time_1p340s_to_2p010s__frames_000040_to_000060.json,3,data/processed/frames/train/fall/voxel_06-5/frame_000040.jpg|data/processed/frames/train/fall/voxel_06-5/frame_000050.jpg|data/processed/frames/train/fall/voxel_06-5/frame_000060.jpg,1.3398|1.6748|2.0097
voxel_06-5_w0003,voxel_06-5,train,fall,1,data/raw/voxel_huggingface_data/Fall/06-5.mp4,0.0,6.1296,2.0097,2.6796,3,3,data/processed/window_poses_readable/train/label_fall/voxel_06-5__video_0p000s_to_6p130s/window_0003__time_2p010s_to_2p680s__frames_000060_to_000080.json,3,data/processed/frames/train/fall/voxel_06-5/frame_000060.jpg|data/processed/frames/train/fall/voxel_06-5/frame_000070.jpg|data/processed/frames/train/fall/voxel_06-5/frame_000080.jpg,2.0097|2.3447|2.6796
voxel_06-5_w0004,voxel_06-5,train,fall,1,data/raw/voxel_huggingface_data/Fall/06-5.mp4,0.0,6.1296,2.6796,3.3495,4,3,data/processed/window_poses_readable/train/label_fall/voxel_06-5__video_0p000s_to_6p130s/window_0004__time_2p680s_to_3p349s__frames_000080_to_000100.json,3,data/processed/frames/train/fall/voxel_06-5/frame_000080.jpg|data/processed/frames/train/fall/voxel_06-5/frame_000090.jpg|data/processed/frames/train/fall/voxel_06-5/frame_000100.jpg,2.6796|3.0146|3.3495
voxel_06-5_w0005,voxel_06-5,train,fall,1,data/raw/voxel_huggingface_data/Fall/06-5.mp4,0.0,6.1296,3.3495,4.0194,5,3,data/processed/window_poses_readable/train/label_fall/voxel_06-5__video_0p000s_to_6p130s/window_0005__time_3p349s_to_4p019s__frames_000100_to_000120.json,3,data/processed/frames/train/fall/voxel_06-5/frame_000100.jpg|data/processed/frames/train/fall/voxel_06-5/frame_000110.jpg|data/processed/frames/train/fall/voxel_06-5/frame_000120.jpg,3.3495|3.6845|4.0194
voxel_06-5_w0006,voxel_06-5,train,fall,1,data/raw/voxel_huggingface_data/Fall/06-5.mp4,0.0,6.1296,4.0194,4.6893,6,3,data/processed/window_poses_readable/train/label_fall/voxel_06-5__video_0p000s_to_6p130s/window_0006__time_4p019s_to_4p689s__frames_000120_to_000140.json,3,data/processed/frames/train/fall/voxel_06-5/frame_000120.jpg|data/processed/frames/train/fall/voxel_06-5/frame_000130.jpg|data/processed/frames/train/fall/voxel_06-5/frame_000140.jpg,4.0194|4.3544|4.6893
voxel_06-5_w0007,voxel_06-5,train,fall,1,data/raw/voxel_huggingface_data/Fall/06-5.mp4,0.0,6.1296,4.6893,5.3592,7,3,data/processed/window_poses_readable/train/label_fall/voxel_06-5__video_0p000s_to_6p130s/window_0007__time_4p689s_to_5p359s__frames_000140_to_000160.json,3,data/processed/frames/train/fall/voxel_06-5/frame_000140.jpg|data/processed/frames/train/fall/voxel_06-5/frame_000150.jpg|data/processed/frames/train/fall/voxel_06-5/frame_000160.jpg,4.6893|5.0243|5.3592
voxel_06-5_w0008,voxel_06-5,train,fall,1,data/raw/voxel_huggingface_data/Fall/06-5.mp4,0.0,6.1296,5.3592,6.0291,8,3,data/processed/window_poses_readable/train/label_fall/voxel_06-5__video_0p000s_to_6p130s/window_0008__time_5p359s_to_6p029s__frames_000160_to_000180.json,2,data/processed/frames/train/fall/voxel_06-5/frame_000160.jpg|data/processed/frames/train/fall/voxel_06-5/frame_000170.jpg|data/processed/frames/train/fall/voxel_06-5/frame_000180.jpg,5.3592|5.6942|6.0291
voxel_06-7_w0000,voxel_06-7,train,fall,1,data/raw/voxel_huggingface_data/Fall/06-7.mp4,0.0,5.6972,0.0,0.6742,0,3,data/processed/window_poses_readable/train/label_fall/voxel_06-7__video_0p000s_to_5p697s/window_0000__time_0p000s_to_0p674s__frames_000000_to_000020.json,3,data/processed/frames/train/fall/voxel_06-7/frame_000000.jpg|data/processed/frames/train/fall/voxel_06-7/frame_000010.jpg|data/processed/frames/train/fall/voxel_06-7/frame_000020.jpg,0.0|0.3371|0.6742
voxel_06-7_w0001,voxel_06-7,train,fall,1,data/raw/voxel_huggingface_data/Fall/06-7.mp4,0.0,5.6972,0.6742,1.3485,1,3,data/processed/window_poses_readable/train/label_fall/voxel_06-7__video_0p000s_to_5p697s/window_0001__time_0p674s_to_1p349s__frames_000020_to_000040.json,3,data/processed/frames/train/fall/voxel_06-7/frame_000020.jpg|data/processed/frames/train/fall/voxel_06-7/frame_000030.jpg|data/processed/frames/train/fall/voxel_06-7/frame_000040.jpg,0.6742|1.0113|1.3485
voxel_06-7_w0002,voxel_06-7,train,fall,1,data/raw/voxel_huggingface_data/Fall/06-7.mp4,0.0,5.6972,1.3485,2.0227,2,3,data/processed/window_poses_readable/train/label_fall/voxel_06-7__video_0p000s_to_5p697s/window_0002__time_1p349s_to_2p023s__frames_000040_to_000060.json,3,data/processed/frames/train/fall/voxel_06-7/frame_000040.jpg|data/processed/frames/train/fall/voxel_06-7/frame_000050.jpg|data/processed/frames/train/fall/voxel_06-7/frame_000060.jpg,1.3485|1.6856|2.0227
voxel_06-7_w0003,voxel_06-7,train,fall,1,data/raw/voxel_huggingface_data/Fall/06-7.mp4,0.0,5.6972,2.0227,2.6969,3,3,data/processed/window_poses_readable/train/label_fall/voxel_06-7__video_0p000s_to_5p697s/window_0003__time_2p023s_to_2p697s__frames_000060_to_000080.json,3,data/processed/frames/train/fall/voxel_06-7/frame_000060.jpg|data/processed/frames/train/fall/voxel_06-7/frame_000070.jpg|data/processed/frames/train/fall/voxel_06-7/frame_000080.jpg,2.0227|2.3598|2.6969
voxel_06-7_w0004,voxel_06-7,train,fall,1,data/raw/voxel_huggingface_data/Fall/06-7.mp4,0.0,5.6972,2.6969,3.3374,4,3,data/processed/window_poses_readable/train/label_fall/voxel_06-7__video_0p000s_to_5p697s/window_0004__time_2p697s_to_3p337s__frames_000080_to_000099.json,3,data/processed/frames/train/fall/voxel_06-7/frame_000080.jpg|data/processed/frames/train/fall/voxel_06-7/frame_000089.jpg|data/processed/frames/train/fall/voxel_06-7/frame_000099.jpg,2.6969|3.0003|3.3374
voxel_06-7_w0005,voxel_06-7,train,fall,1,data/raw/voxel_huggingface_data/Fall/06-7.mp4,0.0,5.6972,3.3374,4.0117,5,3,data/processed/window_poses_readable/train/label_fall/voxel_06-7__video_0p000s_to_5p697s/window_0005__time_3p337s_to_4p012s__frames_000099_to_000119.json,3,data/processed/frames/train/fall/voxel_06-7/frame_000099.jpg|data/processed/frames/train/fall/voxel_06-7/frame_000109.jpg|data/processed/frames/train/fall/voxel_06-7/frame_000119.jpg,3.3374|3.6745|4.0117
voxel_06-7_w0006,voxel_06-7,train,fall,1,data/raw/voxel_huggingface_data/Fall/06-7.mp4,0.0,5.6972,4.0117,4.6859,6,3,data/processed/window_poses_readable/train/label_fall/voxel_06-7__video_0p000s_to_5p697s/window_0006__time_4p012s_to_4p686s__frames_000119_to_000139.json,3,data/processed/frames/train/fall/voxel_06-7/frame_000119.jpg|data/processed/frames/train/fall/voxel_06-7/frame_000129.jpg|data/processed/frames/train/fall/voxel_06-7/frame_000139.jpg,4.0117|4.3488|4.6859
voxel_06-7_w0007,voxel_06-7,train,fall,1,data/raw/voxel_huggingface_data/Fall/06-7.mp4,0.0,5.6972,4.6859,5.3601,7,3,data/processed/window_poses_readable/train/label_fall/voxel_06-7__video_0p000s_to_5p697s/window_0007__time_4p686s_to_5p360s__frames_000139_to_000159.json,3,data/processed/frames/train/fall/voxel_06-7/frame_000139.jpg|data/processed/frames/train/fall/voxel_06-7/frame_000149.jpg|data/processed/frames/train/fall/voxel_06-7/frame_000159.jpg,4.6859|5.023|5.3601
voxel_07-4_w0000,voxel_07-4,train,fall,1,data/raw/voxel_huggingface_data/Fall/07-4.mp4,0.0,9.0254,0.0,0.671,0,3,data/processed/window_poses_readable/train/label_fall/voxel_07-4__video_0p000s_to_9p025s/window_0000__time_0p000s_to_0p671s__frames_000000_to_000020.json,3,data/processed/frames/train/fall/voxel_07-4/frame_000000.jpg|data/processed/frames/train/fall/voxel_07-4/frame_000010.jpg|data/processed/frames/train/fall/voxel_07-4/frame_000020.jpg,0.0|0.3355|0.671
voxel_07-4_w0001,voxel_07-4,train,fall,1,data/raw/voxel_huggingface_data/Fall/07-4.mp4,0.0,9.0254,0.671,1.3421,1,3,data/processed/window_poses_readable/train/label_fall/voxel_07-4__video_0p000s_to_9p025s/window_0001__time_0p671s_to_1p342s__frames_000020_to_000040.json,3,data/processed/frames/train/fall/voxel_07-4/frame_000020.jpg|data/processed/frames/train/fall/voxel_07-4/frame_000030.jpg|data/processed/frames/train/fall/voxel_07-4/frame_000040.jpg,0.671|1.0065|1.3421
voxel_07-4_w0002,voxel_07-4,train,fall,1,data/raw/voxel_huggingface_data/Fall/07-4.mp4,0.0,9.0254,1.3421,2.0131,2,3,data/processed/window_poses_readable/train/label_fall/voxel_07-4__video_0p000s_to_9p025s/window_0002__time_1p342s_to_2p013s__frames_000040_to_000060.json,3,data/processed/frames/train/fall/voxel_07-4/frame_000040.jpg|data/processed/frames/train/fall/voxel_07-4/frame_000050.jpg|data/processed/frames/train/fall/voxel_07-4/frame_000060.jpg,1.3421|1.6776|2.0131
voxel_07-4_w0003,voxel_07-4,train,fall,1,data/raw/voxel_huggingface_data/Fall/07-4.mp4,0.0,9.0254,2.0131,2.6841,3,3,data/processed/window_poses_readable/train/label_fall/voxel_07-4__video_0p000s_to_9p025s/window_0003__time_2p013s_to_2p684s__frames_000060_to_000080.json,3,data/processed/frames/train/fall/voxel_07-4/frame_000060.jpg|data/processed/frames/train/fall/voxel_07-4/frame_000070.jpg|data/processed/frames/train/fall/voxel_07-4/frame_000080.jpg,2.0131|2.3486|2.6841
voxel_07-4_w0004,voxel_07-4,train,fall,1,data/raw/voxel_huggingface_data/Fall/07-4.mp4,0.0,9.0254,2.6841,3.3552,4,3,data/processed/window_poses_readable/train/label_fall/voxel_07-4__video_0p000s_to_9p025s/window_0004__time_2p684s_to_3p355s__frames_000080_to_000100.json,3,data/processed/frames/train/fall/voxel_07-4/frame_000080.jpg|data/processed/frames/train/fall/voxel_07-4/frame_000090.jpg|data/processed/frames/train/fall/voxel_07-4/frame_000100.jpg,2.6841|3.0196|3.3552
voxel_07-4_w0005,voxel_07-4,train,fall,1,data/raw/voxel_huggingface_data/Fall/07-4.mp4,0.0,9.0254,3.3552,4.0262,5,3,data/processed/window_poses_readable/train/label_fall/voxel_07-4__video_0p000s_to_9p025s/window_0005__time_3p355s_to_4p026s__frames_000100_to_000120.json,3,data/processed/frames/train/fall/voxel_07-4/frame_000100.jpg|data/processed/frames/train/fall/voxel_07-4/frame_000110.jpg|data/processed/frames/train/fall/voxel_07-4/frame_000120.jpg,3.3552|3.6907|4.0262
voxel_07-4_w0006,voxel_07-4,train,fall,1,data/raw/voxel_huggingface_data/Fall/07-4.mp4,0.0,9.0254,4.0262,4.6972,6,3,data/processed/window_poses_readable/train/label_fall/voxel_07-4__video_0p000s_to_9p025s/window_0006__time_4p026s_to_4p697s__frames_000120_to_000140.json,3,data/processed/frames/train/fall/voxel_07-4/frame_000120.jpg|data/processed/frames/train/fall/voxel_07-4/frame_000130.jpg|data/processed/frames/train/fall/voxel_07-4/frame_000140.jpg,4.0262|4.3617|4.6972
voxel_07-4_w0007,voxel_07-4,train,fall,1,data/raw/voxel_huggingface_data/Fall/07-4.mp4,0.0,9.0254,4.6972,5.3347,7,3,data/processed/window_poses_readable/train/label_fall/voxel_07-4__video_0p000s_to_9p025s/window_0007__time_4p697s_to_5p335s__frames_000140_to_000159.json,3,data/processed/frames/train/fall/voxel_07-4/frame_000140.jpg|data/processed/frames/train/fall/voxel_07-4/frame_000150.jpg|data/processed/frames/train/fall/voxel_07-4/frame_000159.jpg,4.6972|5.0327|5.3347
voxel_07-4_w0008,voxel_07-4,train,fall,1,data/raw/voxel_huggingface_data/Fall/07-4.mp4,0.0,9.0254,5.3347,6.0057,8,3,data/processed/window_poses_readable/train/label_fall/voxel_07-4__video_0p000s_to_9p025s/window_0008__time_5p335s_to_6p006s__frames_000159_to_000179.json,3,data/processed/frames/train/fall/voxel_07-4/frame_000159.jpg|data/processed/frames/train/fall/voxel_07-4/frame_000169.jpg|data/processed/frames/train/fall/voxel_07-4/frame_000179.jpg,5.3347|5.6702|6.0057
voxel_07-4_w0009,voxel_07-4,train,fall,1,data/raw/voxel_huggingface_data/Fall/07-4.mp4,0.0,9.0254,6.0057,6.6768,9,3,data/processed/window_poses_readable/train/label_fall/voxel_07-4__video_0p000s_to_9p025s/window_0009__time_6p006s_to_6p677s__frames_000179_to_000199.json,3,data/processed/frames/train/fall/voxel_07-4/frame_000179.jpg|data/processed/frames/train/fall/voxel_07-4/frame_000189.jpg|data/processed/frames/train/fall/voxel_07-4/frame_000199.jpg,6.0057|6.3413|6.6768
voxel_07-4_w0010,voxel_07-4,train,fall,1,data/raw/voxel_huggingface_data/Fall/07-4.mp4,0.0,9.0254,6.6768,7.3478,10,3,data/processed/window_poses_readable/train/label_fall/voxel_07-4__video_0p000s_to_9p025s/window_0010__time_6p677s_to_7p348s__frames_000199_to_000219.json,3,data/processed/frames/train/fall/voxel_07-4/frame_000199.jpg|data/processed/frames/train/fall/voxel_07-4/frame_000209.jpg|data/processed/frames/train/fall/voxel_07-4/frame_000219.jpg,6.6768|7.0123|7.3478
voxel_07-4_w0011,voxel_07-4,train,fall,1,data/raw/voxel_huggingface_data/Fall/07-4.mp4,0.0,9.0254,7.3478,8.0188,11,3,data/processed/window_poses_readable/train/label_fall/voxel_07-4__video_0p000s_to_9p025s/window_0011__time_7p348s_to_8p019s__frames_000219_to_000239.json,3,data/processed/frames/train/fall/voxel_07-4/frame_000219.jpg|data/processed/frames/train/fall/voxel_07-4/frame_000229.jpg|data/processed/frames/train/fall/voxel_07-4/frame_000239.jpg,7.3478|7.6833|8.0188
voxel_07-4_w0012,voxel_07-4,train,fall,1,data/raw/voxel_huggingface_data/Fall/07-4.mp4,0.0,9.0254,8.0188,8.6899,12,3,data/processed/window_poses_readable/train/label_fall/voxel_07-4__video_0p000s_to_9p025s/window_0012__time_8p019s_to_8p690s__frames_000239_to_000259.json,3,data/processed/frames/train/fall/voxel_07-4/frame_000239.jpg|data/processed/frames/train/fall/voxel_07-4/frame_000249.jpg|data/processed/frames/train/fall/voxel_07-4/frame_000259.jpg,8.0188|8.3544|8.6899
voxel_07-6_w0000,voxel_07-6,train,fall,1,data/raw/voxel_huggingface_data/Fall/07-6.mp4,0.0,6.305,0.0,0.6707,0,3,data/processed/window_poses_readable/train/label_fall/voxel_07-6__video_0p000s_to_6p305s/window_0000__time_0p000s_to_0p671s__frames_000000_to_000020.json,3,data/processed/frames/train/fall/voxel_07-6/frame_000000.jpg|data/processed/frames/train/fall/voxel_07-6/frame_000010.jpg|data/processed/frames/train/fall/voxel_07-6/frame_000020.jpg,0.0|0.3354|0.6707
voxel_07-6_w0001,voxel_07-6,train,fall,1,data/raw/voxel_huggingface_data/Fall/07-6.mp4,0.0,6.305,0.6707,1.3415,1,3,data/processed/window_poses_readable/train/label_fall/voxel_07-6__video_0p000s_to_6p305s/window_0001__time_0p671s_to_1p341s__frames_000020_to_000040.json,3,data/processed/frames/train/fall/voxel_07-6/frame_000020.jpg|data/processed/frames/train/fall/voxel_07-6/frame_000030.jpg|data/processed/frames/train/fall/voxel_07-6/frame_000040.jpg,0.6707|1.0061|1.3415
voxel_07-6_w0002,voxel_07-6,train,fall,1,data/raw/voxel_huggingface_data/Fall/07-6.mp4,0.0,6.305,1.3415,2.0122,2,3,data/processed/window_poses_readable/train/label_fall/voxel_07-6__video_0p000s_to_6p305s/window_0002__time_1p341s_to_2p012s__frames_000040_to_000060.json,3,data/processed/frames/train/fall/voxel_07-6/frame_000040.jpg|data/processed/frames/train/fall/voxel_07-6/frame_000050.jpg|data/processed/frames/train/fall/voxel_07-6/frame_000060.jpg,1.3415|1.6769|2.0122
voxel_07-6_w0003,voxel_07-6,train,fall,1,data/raw/voxel_huggingface_data/Fall/07-6.mp4,0.0,6.305,2.0122,2.683,3,3,data/processed/window_poses_readable/train/label_fall/voxel_07-6__video_0p000s_to_6p305s/window_0003__time_2p012s_to_2p683s__frames_000060_to_000080.json,3,data/processed/frames/train/fall/voxel_07-6/frame_000060.jpg|data/processed/frames/train/fall/voxel_07-6/frame_000070.jpg|data/processed/frames/train/fall/voxel_07-6/frame_000080.jpg,2.0122|2.3476|2.683
voxel_07-6_w0004,voxel_07-6,train,fall,1,data/raw/voxel_huggingface_data/Fall/07-6.mp4,0.0,6.305,2.683,3.3537,4,3,data/processed/window_poses_readable/train/label_fall/voxel_07-6__video_0p000s_to_6p305s/window_0004__time_2p683s_to_3p354s__frames_000080_to_000100.json,3,data/processed/frames/train/fall/voxel_07-6/frame_000080.jpg|data/processed/frames/train/fall/voxel_07-6/frame_000090.jpg|data/processed/frames/train/fall/voxel_07-6/frame_000100.jpg,2.683|3.0184|3.3537
voxel_07-6_w0005,voxel_07-6,train,fall,1,data/raw/voxel_huggingface_data/Fall/07-6.mp4,0.0,6.305,3.3537,4.0245,5,3,data/processed/window_poses_readable/train/label_fall/voxel_07-6__video_0p000s_to_6p305s/window_0005__time_3p354s_to_4p024s__frames_000100_to_000120.json,3,data/processed/frames/train/fall/voxel_07-6/frame_000100.jpg|data/processed/frames/train/fall/voxel_07-6/frame_000110.jpg|data/processed/frames/train/fall/voxel_07-6/frame_000120.jpg,3.3537|3.6891|4.0245
voxel_07-6_w0006,voxel_07-6,train,fall,1,data/raw/voxel_huggingface_data/Fall/07-6.mp4,0.0,6.305,4.0245,4.6952,6,3,data/processed/window_poses_readable/train/label_fall/voxel_07-6__video_0p000s_to_6p305s/window_0006__time_4p024s_to_4p695s__frames_000120_to_000140.json,3,data/processed/frames/train/fall/voxel_07-6/frame_000120.jpg|data/processed/frames/train/fall/voxel_07-6/frame_000130.jpg|data/processed/frames/train/fall/voxel_07-6/frame_000140.jpg,4.0245|4.3599|4.6952
voxel_07-6_w0007,voxel_07-6,train,fall,1,data/raw/voxel_huggingface_data/Fall/07-6.mp4,0.0,6.305,4.6952,5.366,7,3,data/processed/window_poses_readable/train/label_fall/voxel_07-6__video_0p000s_to_6p305s/window_0007__time_4p695s_to_5p366s__frames_000140_to_000160.json,3,data/processed/frames/train/fall/voxel_07-6/frame_000140.jpg|data/processed/frames/train/fall/voxel_07-6/frame_000150.jpg|data/processed/frames/train/fall/voxel_07-6/frame_000160.jpg,4.6952|5.0306|5.366
voxel_07-6_w0008,voxel_07-6,train,fall,1,data/raw/voxel_huggingface_data/Fall/07-6.mp4,0.0,6.305,5.366,6.0032,8,3,data/processed/window_poses_readable/train/label_fall/voxel_07-6__video_0p000s_to_6p305s/window_0008__time_5p366s_to_6p003s__frames_000160_to_000179.json,3,data/processed/frames/train/fall/voxel_07-6/frame_000160.jpg|data/processed/frames/train/fall/voxel_07-6/frame_000169.jpg|data/processed/frames/train/fall/voxel_07-6/frame_000179.jpg,5.366|5.6678|6.0032
voxel_08-2_w0000,voxel_08-2,train,fall,1,data/raw/voxel_huggingface_data/Fall/08-2.mp4,0.0,6.0643,0.0,0.6701,0,3,data/processed/window_poses_readable/train/label_fall/voxel_08-2__video_0p000s_to_6p064s/window_0000__time_0p000s_to_0p670s__frames_000000_to_000020.json,3,data/processed/frames/train/fall/voxel_08-2/frame_000000.jpg|data/processed/frames/train/fall/voxel_08-2/frame_000010.jpg|data/processed/frames/train/fall/voxel_08-2/frame_000020.jpg,0.0|0.335|0.6701
voxel_08-2_w0001,voxel_08-2,train,fall,1,data/raw/voxel_huggingface_data/Fall/08-2.mp4,0.0,6.0643,0.6701,1.3402,1,3,data/processed/window_poses_readable/train/label_fall/voxel_08-2__video_0p000s_to_6p064s/window_0001__time_0p670s_to_1p340s__frames_000020_to_000040.json,3,data/processed/frames/train/fall/voxel_08-2/frame_000020.jpg|data/processed/frames/train/fall/voxel_08-2/frame_000030.jpg|data/processed/frames/train/fall/voxel_08-2/frame_000040.jpg,0.6701|1.0051|1.3402
voxel_08-2_w0002,voxel_08-2,train,fall,1,data/raw/voxel_huggingface_data/Fall/08-2.mp4,0.0,6.0643,1.3402,2.0103,2,3,data/processed/window_poses_readable/train/label_fall/voxel_08-2__video_0p000s_to_6p064s/window_0002__time_1p340s_to_2p010s__frames_000040_to_000060.json,3,data/processed/frames/train/fall/voxel_08-2/frame_000040.jpg|data/processed/frames/train/fall/voxel_08-2/frame_000050.jpg|data/processed/frames/train/fall/voxel_08-2/frame_000060.jpg,1.3402|1.6752|2.0103
voxel_08-2_w0003,voxel_08-2,train,fall,1,data/raw/voxel_huggingface_data/Fall/08-2.mp4,0.0,6.0643,2.0103,2.6804,3,3,data/processed/window_poses_readable/train/label_fall/voxel_08-2__video_0p000s_to_6p064s/window_0003__time_2p010s_to_2p680s__frames_000060_to_000080.json,3,data/processed/frames/train/fall/voxel_08-2/frame_000060.jpg|data/processed/frames/train/fall/voxel_08-2/frame_000070.jpg|data/processed/frames/train/fall/voxel_08-2/frame_000080.jpg,2.0103|2.3453|2.6804
voxel_08-2_w0004,voxel_08-2,train,fall,1,data/raw/voxel_huggingface_data/Fall/08-2.mp4,0.0,6.0643,2.6804,3.3505,4,3,data/processed/window_poses_readable/train/label_fall/voxel_08-2__video_0p000s_to_6p064s/window_0004__time_2p680s_to_3p350s__frames_000080_to_000100.json,3,data/processed/frames/train/fall/voxel_08-2/frame_000080.jpg|data/processed/frames/train/fall/voxel_08-2/frame_000090.jpg|data/processed/frames/train/fall/voxel_08-2/frame_000100.jpg,2.6804|3.0154|3.3505
voxel_08-2_w0005,voxel_08-2,train,fall,1,data/raw/voxel_huggingface_data/Fall/08-2.mp4,0.0,6.0643,3.3505,4.0206,5,3,data/processed/window_poses_readable/train/label_fall/voxel_08-2__video_0p000s_to_6p064s/window_0005__time_3p350s_to_4p021s__frames_000100_to_000120.json,3,data/processed/frames/train/fall/voxel_08-2/frame_000100.jpg|data/processed/frames/train/fall/voxel_08-2/frame_000110.jpg|data/processed/frames/train/fall/voxel_08-2/frame_000120.jpg,3.3505|3.6855|4.0206
voxel_08-2_w0006,voxel_08-2,train,fall,1,data/raw/voxel_huggingface_data/Fall/08-2.mp4,0.0,6.0643,4.0206,4.6907,6,3,data/processed/window_poses_readable/train/label_fall/voxel_08-2__video_0p000s_to_6p064s/window_0006__time_4p021s_to_4p691s__frames_000120_to_000140.json,3,data/processed/frames/train/fall/voxel_08-2/frame_000120.jpg|data/processed/frames/train/fall/voxel_08-2/frame_000130.jpg|data/processed/frames/train/fall/voxel_08-2/frame_000140.jpg,4.0206|4.3556|4.6907
voxel_08-2_w0007,voxel_08-2,train,fall,1,data/raw/voxel_huggingface_data/Fall/08-2.mp4,0.0,6.0643,4.6907,5.3607,7,3,data/processed/window_poses_readable/train/label_fall/voxel_08-2__video_0p000s_to_6p064s/window_0007__time_4p691s_to_5p361s__frames_000140_to_000160.json,3,data/processed/frames/train/fall/voxel_08-2/frame_000140.jpg|data/processed/frames/train/fall/voxel_08-2/frame_000150.jpg|data/processed/frames/train/fall/voxel_08-2/frame_000160.jpg,4.6907|5.0257|5.3607
voxel_08-2_w0008,voxel_08-2,train,fall,1,data/raw/voxel_huggingface_data/Fall/08-2.mp4,0.0,6.0643,5.3607,6.0308,8,3,data/processed/window_poses_readable/train/label_fall/voxel_08-2__video_0p000s_to_6p064s/window_0008__time_5p361s_to_6p031s__frames_000160_to_000180.json,3,data/processed/frames/train/fall/voxel_08-2/frame_000160.jpg|data/processed/frames/train/fall/voxel_08-2/frame_000170.jpg|data/processed/frames/train/fall/voxel_08-2/frame_000180.jpg,5.3607|5.6958|6.0308
voxel_08-4_w0000,voxel_08-4,train,fall,1,data/raw/voxel_huggingface_data/Fall/08-4.mp4,0.0,6.3373,0.0,0.6814,0,3,data/processed/window_poses_readable/train/label_fall/voxel_08-4__video_0p000s_to_6p337s/window_0000__time_0p000s_to_0p681s__frames_000000_to_000020.json,3,data/processed/frames/train/fall/voxel_08-4/frame_000000.jpg|data/processed/frames/train/fall/voxel_08-4/frame_000010.jpg|data/processed/frames/train/fall/voxel_08-4/frame_000020.jpg,0.0|0.3407|0.6814
voxel_08-4_w0001,voxel_08-4,train,fall,1,data/raw/voxel_huggingface_data/Fall/08-4.mp4,0.0,6.3373,0.6814,1.3629,1,3,data/processed/window_poses_readable/train/label_fall/voxel_08-4__video_0p000s_to_6p337s/window_0001__time_0p681s_to_1p363s__frames_000020_to_000040.json,3,data/processed/frames/train/fall/voxel_08-4/frame_000020.jpg|data/processed/frames/train/fall/voxel_08-4/frame_000030.jpg|data/processed/frames/train/fall/voxel_08-4/frame_000040.jpg,0.6814|1.0221|1.3629
voxel_08-4_w0002,voxel_08-4,train,fall,1,data/raw/voxel_huggingface_data/Fall/08-4.mp4,0.0,6.3373,1.3629,2.0102,2,3,data/processed/window_poses_readable/train/label_fall/voxel_08-4__video_0p000s_to_6p337s/window_0002__time_1p363s_to_2p010s__frames_000040_to_000059.json,3,data/processed/frames/train/fall/voxel_08-4/frame_000040.jpg|data/processed/frames/train/fall/voxel_08-4/frame_000049.jpg|data/processed/frames/train/fall/voxel_08-4/frame_000059.jpg,1.3629|1.6695|2.0102
voxel_08-4_w0003,voxel_08-4,train,fall,1,data/raw/voxel_huggingface_data/Fall/08-4.mp4,0.0,6.3373,2.0102,2.6917,3,3,data/processed/window_poses_readable/train/label_fall/voxel_08-4__video_0p000s_to_6p337s/window_0003__time_2p010s_to_2p692s__frames_000059_to_000079.json,2,data/processed/frames/train/fall/voxel_08-4/frame_000059.jpg|data/processed/frames/train/fall/voxel_08-4/frame_000069.jpg|data/processed/frames/train/fall/voxel_08-4/frame_000079.jpg,2.0102|2.3509|2.6917
voxel_08-4_w0004,voxel_08-4,train,fall,1,data/raw/voxel_huggingface_data/Fall/08-4.mp4,0.0,6.3373,2.6917,3.339,4,3,data/processed/window_poses_readable/train/label_fall/voxel_08-4__video_0p000s_to_6p337s/window_0004__time_2p692s_to_3p339s__frames_000079_to_000098.json,3,data/processed/frames/train/fall/voxel_08-4/frame_000079.jpg|data/processed/frames/train/fall/voxel_08-4/frame_000089.jpg|data/processed/frames/train/fall/voxel_08-4/frame_000098.jpg,2.6917|3.0324|3.339
voxel_08-4_w0005,voxel_08-4,train,fall,1,data/raw/voxel_huggingface_data/Fall/08-4.mp4,0.0,6.3373,3.339,4.0204,5,3,data/processed/window_poses_readable/train/label_fall/voxel_08-4__video_0p000s_to_6p337s/window_0005__time_3p339s_to_4p020s__frames_000098_to_000118.json,3,data/processed/frames/train/fall/voxel_08-4/frame_000098.jpg|data/processed/frames/train/fall/voxel_08-4/frame_000108.jpg|data/processed/frames/train/fall/voxel_08-4/frame_000118.jpg,3.339|3.6797|4.0204
voxel_08-4_w0006,voxel_08-4,train,fall,1,data/raw/voxel_huggingface_data/Fall/08-4.mp4,0.0,6.3373,4.0204,4.6678,6,3,data/processed/window_poses_readable/train/label_fall/voxel_08-4__video_0p000s_to_6p337s/window_0006__time_4p020s_to_4p668s__frames_000118_to_000137.json,3,data/processed/frames/train/fall/voxel_08-4/frame_000118.jpg|data/processed/frames/train/fall/voxel_08-4/frame_000128.jpg|data/processed/frames/train/fall/voxel_08-4/frame_000137.jpg,4.0204|4.3612|4.6678
voxel_08-4_w0007,voxel_08-4,train,fall,1,data/raw/voxel_huggingface_data/Fall/08-4.mp4,0.0,6.3373,4.6678,5.3492,7,3,data/processed/window_poses_readable/train/label_fall/voxel_08-4__video_0p000s_to_6p337s/window_0007__time_4p668s_to_5p349s__frames_000137_to_000157.json,3,data/processed/frames/train/fall/voxel_08-4/frame_000137.jpg|data/processed/frames/train/fall/voxel_08-4/frame_000147.jpg|data/processed/frames/train/fall/voxel_08-4/frame_000157.jpg,4.6678|5.0085|5.3492
voxel_08-4_w0008,voxel_08-4,train,fall,1,data/raw/voxel_huggingface_data/Fall/08-4.mp4,0.0,6.3373,5.3492,6.0307,8,3,data/processed/window_poses_readable/train/label_fall/voxel_08-4__video_0p000s_to_6p337s/window_0008__time_5p349s_to_6p031s__frames_000157_to_000177.json,3,data/processed/frames/train/fall/voxel_08-4/frame_000157.jpg|data/processed/frames/train/fall/voxel_08-4/frame_000167.jpg|data/processed/frames/train/fall/voxel_08-4/frame_000177.jpg,5.3492|5.6899|6.0307
voxel_08-6_w0000,voxel_08-6,train,fall,1,data/raw/voxel_huggingface_data/Fall/08-6.mp4,0.0,6.2575,0.0,0.6693,0,3,data/processed/window_poses_readable/train/label_fall/voxel_08-6__video_0p000s_to_6p258s/window_0000__time_0p000s_to_0p669s__frames_000000_to_000020.json,3,data/processed/frames/train/fall/voxel_08-6/frame_000000.jpg|data/processed/frames/train/fall/voxel_08-6/frame_000010.jpg|data/processed/frames/train/fall/voxel_08-6/frame_000020.jpg,0.0|0.3346|0.6693
voxel_08-6_w0001,voxel_08-6,train,fall,1,data/raw/voxel_huggingface_data/Fall/08-6.mp4,0.0,6.2575,0.6693,1.3385,1,3,data/processed/window_poses_readable/train/label_fall/voxel_08-6__video_0p000s_to_6p258s/window_0001__time_0p669s_to_1p339s__frames_000020_to_000040.json,3,data/processed/frames/train/fall/voxel_08-6/frame_000020.jpg|data/processed/frames/train/fall/voxel_08-6/frame_000030.jpg|data/processed/frames/train/fall/voxel_08-6/frame_000040.jpg,0.6693|1.0039|1.3385
voxel_08-6_w0002,voxel_08-6,train,fall,1,data/raw/voxel_huggingface_data/Fall/08-6.mp4,0.0,6.2575,1.3385,2.0078,2,3,data/processed/window_poses_readable/train/label_fall/voxel_08-6__video_0p000s_to_6p258s/window_0002__time_1p339s_to_2p008s__frames_000040_to_000060.json,3,data/processed/frames/train/fall/voxel_08-6/frame_000040.jpg|data/processed/frames/train/fall/voxel_08-6/frame_000050.jpg|data/processed/frames/train/fall/voxel_08-6/frame_000060.jpg,1.3385|1.6731|2.0078
voxel_08-6_w0003,voxel_08-6,train,fall,1,data/raw/voxel_huggingface_data/Fall/08-6.mp4,0.0,6.2575,2.0078,2.677,3,3,data/processed/window_poses_readable/train/label_fall/voxel_08-6__video_0p000s_to_6p258s/window_0003__time_2p008s_to_2p677s__frames_000060_to_000080.json,3,data/processed/frames/train/fall/voxel_08-6/frame_000060.jpg|data/processed/frames/train/fall/voxel_08-6/frame_000070.jpg|data/processed/frames/train/fall/voxel_08-6/frame_000080.jpg,2.0078|2.3424|2.677
voxel_08-6_w0004,voxel_08-6,train,fall,1,data/raw/voxel_huggingface_data/Fall/08-6.mp4,0.0,6.2575,2.677,3.3463,4,3,data/processed/window_poses_readable/train/label_fall/voxel_08-6__video_0p000s_to_6p258s/window_0004__time_2p677s_to_3p346s__frames_000080_to_000100.json,3,data/processed/frames/train/fall/voxel_08-6/frame_000080.jpg|data/processed/frames/train/fall/voxel_08-6/frame_000090.jpg|data/processed/frames/train/fall/voxel_08-6/frame_000100.jpg,2.677|3.0116|3.3463
voxel_08-6_w0005,voxel_08-6,train,fall,1,data/raw/voxel_huggingface_data/Fall/08-6.mp4,0.0,6.2575,3.3463,4.0155,5,3,data/processed/window_poses_readable/train/label_fall/voxel_08-6__video_0p000s_to_6p258s/window_0005__time_3p346s_to_4p016s__frames_000100_to_000120.json,2,data/processed/frames/train/fall/voxel_08-6/frame_000100.jpg|data/processed/frames/train/fall/voxel_08-6/frame_000110.jpg|data/processed/frames/train/fall/voxel_08-6/frame_000120.jpg,3.3463|3.6809|4.0155
voxel_08-6_w0006,voxel_08-6,train,fall,1,data/raw/voxel_huggingface_data/Fall/08-6.mp4,0.0,6.2575,4.0155,4.6848,6,3,data/processed/window_poses_readable/train/label_fall/voxel_08-6__video_0p000s_to_6p258s/window_0006__time_4p016s_to_4p685s__frames_000120_to_000140.json,2,data/processed/frames/train/fall/voxel_08-6/frame_000120.jpg|data/processed/frames/train/fall/voxel_08-6/frame_000130.jpg|data/processed/frames/train/fall/voxel_08-6/frame_000140.jpg,4.0155|4.3502|4.6848
voxel_08-6_w0007,voxel_08-6,train,fall,1,data/raw/voxel_huggingface_data/Fall/08-6.mp4,0.0,6.2575,4.6848,5.354,7,3,data/processed/window_poses_readable/train/label_fall/voxel_08-6__video_0p000s_to_6p258s/window_0007__time_4p685s_to_5p354s__frames_000140_to_000160.json,2,data/processed/frames/train/fall/voxel_08-6/frame_000140.jpg|data/processed/frames/train/fall/voxel_08-6/frame_000150.jpg|data/processed/frames/train/fall/voxel_08-6/frame_000160.jpg,4.6848|5.0194|5.354
voxel_08-6_w0008,voxel_08-6,train,fall,1,data/raw/voxel_huggingface_data/Fall/08-6.mp4,0.0,6.2575,5.354,6.0233,8,3,data/processed/window_poses_readable/train/label_fall/voxel_08-6__video_0p000s_to_6p258s/window_0008__time_5p354s_to_6p023s__frames_000160_to_000180.json,3,data/processed/frames/train/fall/voxel_08-6/frame_000160.jpg|data/processed/frames/train/fall/voxel_08-6/frame_000170.jpg|data/processed/frames/train/fall/voxel_08-6/frame_000180.jpg,5.354|5.6887|6.0233
voxel_08-8_w0000,voxel_08-8,train,fall,1,data/raw/voxel_huggingface_data/Fall/08-8.mp4,0.0,4.3534,0.0,0.675,0,3,data/processed/window_poses_readable/train/label_fall/voxel_08-8__video_0p000s_to_4p353s/window_0000__time_0p000s_to_0p675s__frames_000000_to_000020.json,3,data/processed/frames/train/fall/voxel_08-8/frame_000000.jpg|data/processed/frames/train/fall/voxel_08-8/frame_000010.jpg|data/processed/frames/train/fall/voxel_08-8/frame_000020.jpg,0.0|0.3375|0.675
voxel_08-8_w0001,voxel_08-8,train,fall,1,data/raw/voxel_huggingface_data/Fall/08-8.mp4,0.0,4.3534,0.675,1.3499,1,3,data/processed/window_poses_readable/train/label_fall/voxel_08-8__video_0p000s_to_4p353s/window_0001__time_0p675s_to_1p350s__frames_000020_to_000040.json,3,data/processed/frames/train/fall/voxel_08-8/frame_000020.jpg|data/processed/frames/train/fall/voxel_08-8/frame_000030.jpg|data/processed/frames/train/fall/voxel_08-8/frame_000040.jpg,0.675|1.0124|1.3499
voxel_08-8_w0002,voxel_08-8,train,fall,1,data/raw/voxel_huggingface_data/Fall/08-8.mp4,0.0,4.3534,1.3499,2.0249,2,3,data/processed/window_poses_readable/train/label_fall/voxel_08-8__video_0p000s_to_4p353s/window_0002__time_1p350s_to_2p025s__frames_000040_to_000060.json,3,data/processed/frames/train/fall/voxel_08-8/frame_000040.jpg|data/processed/frames/train/fall/voxel_08-8/frame_000050.jpg|data/processed/frames/train/fall/voxel_08-8/frame_000060.jpg,1.3499|1.6874|2.0249
voxel_08-8_w0003,voxel_08-8,train,fall,1,data/raw/voxel_huggingface_data/Fall/08-8.mp4,0.0,4.3534,2.0249,2.6998,3,3,data/processed/window_poses_readable/train/label_fall/voxel_08-8__video_0p000s_to_4p353s/window_0003__time_2p025s_to_2p700s__frames_000060_to_000080.json,3,data/processed/frames/train/fall/voxel_08-8/frame_000060.jpg|data/processed/frames/train/fall/voxel_08-8/frame_000070.jpg|data/processed/frames/train/fall/voxel_08-8/frame_000080.jpg,2.0249|2.3623|2.6998
voxel_08-8_w0004,voxel_08-8,train,fall,1,data/raw/voxel_huggingface_data/Fall/08-8.mp4,0.0,4.3534,2.6998,3.341,4,3,data/processed/window_poses_readable/train/label_fall/voxel_08-8__video_0p000s_to_4p353s/window_0004__time_2p700s_to_3p341s__frames_000080_to_000099.json,3,data/processed/frames/train/fall/voxel_08-8/frame_000080.jpg|data/processed/frames/train/fall/voxel_08-8/frame_000089.jpg|data/processed/frames/train/fall/voxel_08-8/frame_000099.jpg,2.6998|3.0035|3.341
voxel_08-8_w0005,voxel_08-8,train,fall,1,data/raw/voxel_huggingface_data/Fall/08-8.mp4,0.0,4.3534,3.341,4.016,5,3,data/processed/window_poses_readable/train/label_fall/voxel_08-8__video_0p000s_to_4p353s/window_0005__time_3p341s_to_4p016s__frames_000099_to_000119.json,3,data/processed/frames/train/fall/voxel_08-8/frame_000099.jpg|data/processed/frames/train/fall/voxel_08-8/frame_000109.jpg|data/processed/frames/train/fall/voxel_08-8/frame_000119.jpg,3.341|3.6785|4.016
voxel_09-2_w0000,voxel_09-2,train,fall,1,data/raw/voxel_huggingface_data/Fall/09-2.mp4,0.0,5.6002,0.0,0.6707,0,3,data/processed/window_poses_readable/train/label_fall/voxel_09-2__video_0p000s_to_5p600s/window_0000__time_0p000s_to_0p671s__frames_000000_to_000020.json,3,data/processed/frames/train/fall/voxel_09-2/frame_000000.jpg|data/processed/frames/train/fall/voxel_09-2/frame_000010.jpg|data/processed/frames/train/fall/voxel_09-2/frame_000020.jpg,0.0|0.3353|0.6707
voxel_09-2_w0001,voxel_09-2,train,fall,1,data/raw/voxel_huggingface_data/Fall/09-2.mp4,0.0,5.6002,0.6707,1.3414,1,3,data/processed/window_poses_readable/train/label_fall/voxel_09-2__video_0p000s_to_5p600s/window_0001__time_0p671s_to_1p341s__frames_000020_to_000040.json,3,data/processed/frames/train/fall/voxel_09-2/frame_000020.jpg|data/processed/frames/train/fall/voxel_09-2/frame_000030.jpg|data/processed/frames/train/fall/voxel_09-2/frame_000040.jpg,0.6707|1.006|1.3414
voxel_09-2_w0002,voxel_09-2,train,fall,1,data/raw/voxel_huggingface_data/Fall/09-2.mp4,0.0,5.6002,1.3414,2.012,2,3,data/processed/window_poses_readable/train/label_fall/voxel_09-2__video_0p000s_to_5p600s/window_0002__time_1p341s_to_2p012s__frames_000040_to_000060.json,3,data/processed/frames/train/fall/voxel_09-2/frame_000040.jpg|data/processed/frames/train/fall/voxel_09-2/frame_000050.jpg|data/processed/frames/train/fall/voxel_09-2/frame_000060.jpg,1.3414|1.6767|2.012
voxel_09-2_w0003,voxel_09-2,train,fall,1,data/raw/voxel_huggingface_data/Fall/09-2.mp4,0.0,5.6002,2.012,2.6827,3,3,data/processed/window_poses_readable/train/label_fall/voxel_09-2__video_0p000s_to_5p600s/window_0003__time_2p012s_to_2p683s__frames_000060_to_000080.json,2,data/processed/frames/train/fall/voxel_09-2/frame_000060.jpg|data/processed/frames/train/fall/voxel_09-2/frame_000070.jpg|data/processed/frames/train/fall/voxel_09-2/frame_000080.jpg,2.012|2.3474|2.6827
voxel_09-2_w0004,voxel_09-2,train,fall,1,data/raw/voxel_huggingface_data/Fall/09-2.mp4,0.0,5.6002,2.6827,3.3534,4,3,data/processed/window_poses_readable/train/label_fall/voxel_09-2__video_0p000s_to_5p600s/window_0004__time_2p683s_to_3p353s__frames_000080_to_000100.json,1,data/processed/frames/train/fall/voxel_09-2/frame_000080.jpg|data/processed/frames/train/fall/voxel_09-2/frame_000090.jpg|data/processed/frames/train/fall/voxel_09-2/frame_000100.jpg,2.6827|3.0181|3.3534
voxel_09-2_w0005,voxel_09-2,train,fall,1,data/raw/voxel_huggingface_data/Fall/09-2.mp4,0.0,5.6002,3.3534,4.0241,5,3,data/processed/window_poses_readable/train/label_fall/voxel_09-2__video_0p000s_to_5p600s/window_0005__time_3p353s_to_4p024s__frames_000100_to_000120.json,1,data/processed/frames/train/fall/voxel_09-2/frame_000100.jpg|data/processed/frames/train/fall/voxel_09-2/frame_000110.jpg|data/processed/frames/train/fall/voxel_09-2/frame_000120.jpg,3.3534|3.6887|4.0241
voxel_09-2_w0006,voxel_09-2,train,fall,1,data/raw/voxel_huggingface_data/Fall/09-2.mp4,0.0,5.6002,4.0241,4.6948,6,3,data/processed/window_poses_readable/train/label_fall/voxel_09-2__video_0p000s_to_5p600s/window_0006__time_4p024s_to_4p695s__frames_000120_to_000140.json,1,data/processed/frames/train/fall/voxel_09-2/frame_000120.jpg|data/processed/frames/train/fall/voxel_09-2/frame_000130.jpg|data/processed/frames/train/fall/voxel_09-2/frame_000140.jpg,4.0241|4.3594|4.6948
voxel_09-2_w0007,voxel_09-2,train,fall,1,data/raw/voxel_huggingface_data/Fall/09-2.mp4,0.0,5.6002,4.6948,5.3654,7,3,data/processed/window_poses_readable/train/label_fall/voxel_09-2__video_0p000s_to_5p600s/window_0007__time_4p695s_to_5p365s__frames_000140_to_000160.json,3,data/processed/frames/train/fall/voxel_09-2/frame_000140.jpg|data/processed/frames/train/fall/voxel_09-2/frame_000150.jpg|data/processed/frames/train/fall/voxel_09-2/frame_000160.jpg,4.6948|5.0301|5.3654
voxel_09-4_w0000,voxel_09-4,train,fall,1,data/raw/voxel_huggingface_data/Fall/09-4.mp4,0.0,6.2242,0.0,0.6693,0,3,data/processed/window_poses_readable/train/label_fall/voxel_09-4__video_0p000s_to_6p224s/window_0000__time_0p000s_to_0p669s__frames_000000_to_000020.json,3,data/processed/frames/train/fall/voxel_09-4/frame_000000.jpg|data/processed/frames/train/fall/voxel_09-4/frame_000010.jpg|data/processed/frames/train/fall/voxel_09-4/frame_000020.jpg,0.0|0.3346|0.6693
voxel_09-4_w0001,voxel_09-4,train,fall,1,data/raw/voxel_huggingface_data/Fall/09-4.mp4,0.0,6.2242,0.6693,1.3385,1,3,data/processed/window_poses_readable/train/label_fall/voxel_09-4__video_0p000s_to_6p224s/window_0001__time_0p669s_to_1p339s__frames_000020_to_000040.json,3,data/processed/frames/train/fall/voxel_09-4/frame_000020.jpg|data/processed/frames/train/fall/voxel_09-4/frame_000030.jpg|data/processed/frames/train/fall/voxel_09-4/frame_000040.jpg,0.6693|1.0039|1.3385
voxel_09-4_w0002,voxel_09-4,train,fall,1,data/raw/voxel_huggingface_data/Fall/09-4.mp4,0.0,6.2242,1.3385,2.0078,2,3,data/processed/window_poses_readable/train/label_fall/voxel_09-4__video_0p000s_to_6p224s/window_0002__time_1p339s_to_2p008s__frames_000040_to_000060.json,3,data/processed/frames/train/fall/voxel_09-4/frame_000040.jpg|data/processed/frames/train/fall/voxel_09-4/frame_000050.jpg|data/processed/frames/train/fall/voxel_09-4/frame_000060.jpg,1.3385|1.6732|2.0078
voxel_09-4_w0003,voxel_09-4,train,fall,1,data/raw/voxel_huggingface_data/Fall/09-4.mp4,0.0,6.2242,2.0078,2.6771,3,3,data/processed/window_poses_readable/train/label_fall/voxel_09-4__video_0p000s_to_6p224s/window_0003__time_2p008s_to_2p677s__frames_000060_to_000080.json,3,data/processed/frames/train/fall/voxel_09-4/frame_000060.jpg|data/processed/frames/train/fall/voxel_09-4/frame_000070.jpg|data/processed/frames/train/fall/voxel_09-4/frame_000080.jpg,2.0078|2.3425|2.6771
voxel_09-4_w0004,voxel_09-4,train,fall,1,data/raw/voxel_huggingface_data/Fall/09-4.mp4,0.0,6.2242,2.6771,3.3464,4,3,data/processed/window_poses_readable/train/label_fall/voxel_09-4__video_0p000s_to_6p224s/window_0004__time_2p677s_to_3p346s__frames_000080_to_000100.json,3,data/processed/frames/train/fall/voxel_09-4/frame_000080.jpg|data/processed/frames/train/fall/voxel_09-4/frame_000090.jpg|data/processed/frames/train/fall/voxel_09-4/frame_000100.jpg,2.6771|3.0117|3.3464
voxel_09-4_w0005,voxel_09-4,train,fall,1,data/raw/voxel_huggingface_data/Fall/09-4.mp4,0.0,6.2242,3.3464,4.0156,5,3,data/processed/window_poses_readable/train/label_fall/voxel_09-4__video_0p000s_to_6p224s/window_0005__time_3p346s_to_4p016s__frames_000100_to_000120.json,3,data/processed/frames/train/fall/voxel_09-4/frame_000100.jpg|data/processed/frames/train/fall/voxel_09-4/frame_000110.jpg|data/processed/frames/train/fall/voxel_09-4/frame_000120.jpg,3.3464|3.681|4.0156
voxel_09-4_w0006,voxel_09-4,train,fall,1,data/raw/voxel_huggingface_data/Fall/09-4.mp4,0.0,6.2242,4.0156,4.6849,6,3,data/processed/window_poses_readable/train/label_fall/voxel_09-4__video_0p000s_to_6p224s/window_0006__time_4p016s_to_4p685s__frames_000120_to_000140.json,3,data/processed/frames/train/fall/voxel_09-4/frame_000120.jpg|data/processed/frames/train/fall/voxel_09-4/frame_000130.jpg|data/processed/frames/train/fall/voxel_09-4/frame_000140.jpg,4.0156|4.3503|4.6849
voxel_09-4_w0007,voxel_09-4,train,fall,1,data/raw/voxel_huggingface_data/Fall/09-4.mp4,0.0,6.2242,4.6849,5.3542,7,3,data/processed/window_poses_readable/train/label_fall/voxel_09-4__video_0p000s_to_6p224s/window_0007__time_4p685s_to_5p354s__frames_000140_to_000160.json,3,data/processed/frames/train/fall/voxel_09-4/frame_000140.jpg|data/processed/frames/train/fall/voxel_09-4/frame_000150.jpg|data/processed/frames/train/fall/voxel_09-4/frame_000160.jpg,4.6849|5.0195|5.3542
voxel_09-4_w0008,voxel_09-4,train,fall,1,data/raw/voxel_huggingface_data/Fall/09-4.mp4,0.0,6.2242,5.3542,6.0235,8,3,data/processed/window_poses_readable/train/label_fall/voxel_09-4__video_0p000s_to_6p224s/window_0008__time_5p354s_to_6p024s__frames_000160_to_000180.json,3,data/processed/frames/train/fall/voxel_09-4/frame_000160.jpg|data/processed/frames/train/fall/voxel_09-4/frame_000170.jpg|data/processed/frames/train/fall/voxel_09-4/frame_000180.jpg,5.3542|5.6888|6.0235
voxel_09-8_w0000,voxel_09-8,train,fall,1,data/raw/voxel_huggingface_data/Fall/09-8.mp4,0.0,4.4815,0.0,0.6842,0,3,data/processed/window_poses_readable/train/label_fall/voxel_09-8__video_0p000s_to_4p481s/window_0000__time_0p000s_to_0p684s__frames_000000_to_000020.json,3,data/processed/frames/train/fall/voxel_09-8/frame_000000.jpg|data/processed/frames/train/fall/voxel_09-8/frame_000010.jpg|data/processed/frames/train/fall/voxel_09-8/frame_000020.jpg,0.0|0.3421|0.6842
voxel_09-8_w0001,voxel_09-8,train,fall,1,data/raw/voxel_huggingface_data/Fall/09-8.mp4,0.0,4.4815,0.6842,1.3342,1,3,data/processed/window_poses_readable/train/label_fall/voxel_09-8__video_0p000s_to_4p481s/window_0001__time_0p684s_to_1p334s__frames_000020_to_000039.json,3,data/processed/frames/train/fall/voxel_09-8/frame_000020.jpg|data/processed/frames/train/fall/voxel_09-8/frame_000030.jpg|data/processed/frames/train/fall/voxel_09-8/frame_000039.jpg,0.6842|1.0263|1.3342
voxel_09-8_w0002,voxel_09-8,train,fall,1,data/raw/voxel_huggingface_data/Fall/09-8.mp4,0.0,4.4815,1.3342,2.0184,2,3,data/processed/window_poses_readable/train/label_fall/voxel_09-8__video_0p000s_to_4p481s/window_0002__time_1p334s_to_2p018s__frames_000039_to_000059.json,3,data/processed/frames/train/fall/voxel_09-8/frame_000039.jpg|data/processed/frames/train/fall/voxel_09-8/frame_000049.jpg|data/processed/frames/train/fall/voxel_09-8/frame_000059.jpg,1.3342|1.6763|2.0184
voxel_09-8_w0003,voxel_09-8,train,fall,1,data/raw/voxel_huggingface_data/Fall/09-8.mp4,0.0,4.4815,2.0184,2.6684,3,3,data/processed/window_poses_readable/train/label_fall/voxel_09-8__video_0p000s_to_4p481s/window_0003__time_2p018s_to_2p668s__frames_000059_to_000078.json,3,data/processed/frames/train/fall/voxel_09-8/frame_000059.jpg|data/processed/frames/train/fall/voxel_09-8/frame_000069.jpg|data/processed/frames/train/fall/voxel_09-8/frame_000078.jpg,2.0184|2.3605|2.6684
voxel_09-8_w0004,voxel_09-8,train,fall,1,data/raw/voxel_huggingface_data/Fall/09-8.mp4,0.0,4.4815,2.6684,3.3526,4,3,data/processed/window_poses_readable/train/label_fall/voxel_09-8__video_0p000s_to_4p481s/window_0004__time_2p668s_to_3p353s__frames_000078_to_000098.json,2,data/processed/frames/train/fall/voxel_09-8/frame_000078.jpg|data/processed/frames/train/fall/voxel_09-8/frame_000088.jpg|data/processed/frames/train/fall/voxel_09-8/frame_000098.jpg,2.6684|3.0105|3.3526
voxel_09-8_w0005,voxel_09-8,train,fall,1,data/raw/voxel_huggingface_data/Fall/09-8.mp4,0.0,4.4815,3.3526,4.0026,5,3,data/processed/window_poses_readable/train/label_fall/voxel_09-8__video_0p000s_to_4p481s/window_0005__time_3p353s_to_4p003s__frames_000098_to_000117.json,2,data/processed/frames/train/fall/voxel_09-8/frame_000098.jpg|data/processed/frames/train/fall/voxel_09-8/frame_000108.jpg|data/processed/frames/train/fall/voxel_09-8/frame_000117.jpg,3.3526|3.6947|4.0026
voxel_10-2_w0000,voxel_10-2,train,fall,1,data/raw/voxel_huggingface_data/Fall/10-2.mp4,0.0,11.1375,0.0,0.6669,0,3,data/processed/window_poses_readable/train/label_fall/voxel_10-2__video_0p000s_to_11p137s/window_0000__time_0p000s_to_0p667s__frames_000000_to_000010.json,3,data/processed/frames/train/fall/voxel_10-2/frame_000000.jpg|data/processed/frames/train/fall/voxel_10-2/frame_000005.jpg|data/processed/frames/train/fall/voxel_10-2/frame_000010.jpg,0.0|0.3335|0.6669
voxel_10-2_w0001,voxel_10-2,train,fall,1,data/raw/voxel_huggingface_data/Fall/10-2.mp4,0.0,11.1375,0.6669,1.3338,1,3,data/processed/window_poses_readable/train/label_fall/voxel_10-2__video_0p000s_to_11p137s/window_0001__time_0p667s_to_1p334s__frames_000010_to_000020.json,3,data/processed/frames/train/fall/voxel_10-2/frame_000010.jpg|data/processed/frames/train/fall/voxel_10-2/frame_000015.jpg|data/processed/frames/train/fall/voxel_10-2/frame_000020.jpg,0.6669|1.0004|1.3338
voxel_10-2_w0002,voxel_10-2,train,fall,1,data/raw/voxel_huggingface_data/Fall/10-2.mp4,0.0,11.1375,1.3338,2.0007,2,3,data/processed/window_poses_readable/train/label_fall/voxel_10-2__video_0p000s_to_11p137s/window_0002__time_1p334s_to_2p001s__frames_000020_to_000030.json,1,data/processed/frames/train/fall/voxel_10-2/frame_000020.jpg|data/processed/frames/train/fall/voxel_10-2/frame_000025.jpg|data/processed/frames/train/fall/voxel_10-2/frame_000030.jpg,1.3338|1.6673|2.0007
voxel_10-2_w0003,voxel_10-2,train,fall,1,data/raw/voxel_huggingface_data/Fall/10-2.mp4,0.0,11.1375,2.0007,2.6677,3,3,data/processed/window_poses_readable/train/label_fall/voxel_10-2__video_0p000s_to_11p137s/window_0003__time_2p001s_to_2p668s__frames_000030_to_000040.json,1,data/processed/frames/train/fall/voxel_10-2/frame_000030.jpg|data/processed/frames/train/fall/voxel_10-2/frame_000035.jpg|data/processed/frames/train/fall/voxel_10-2/frame_000040.jpg,2.0007|2.3342|2.6677
voxel_10-2_w0004,voxel_10-2,train,fall,1,data/raw/voxel_huggingface_data/Fall/10-2.mp4,0.0,11.1375,2.6677,3.3346,4,3,data/processed/window_poses_readable/train/label_fall/voxel_10-2__video_0p000s_to_11p137s/window_0004__time_2p668s_to_3p335s__frames_000040_to_000050.json,2,data/processed/frames/train/fall/voxel_10-2/frame_000040.jpg|data/processed/frames/train/fall/voxel_10-2/frame_000045.jpg|data/processed/frames/train/fall/voxel_10-2/frame_000050.jpg,2.6677|3.0011|3.3346
voxel_10-2_w0005,voxel_10-2,train,fall,1,data/raw/voxel_huggingface_data/Fall/10-2.mp4,0.0,11.1375,3.3346,4.0015,5,3,data/processed/window_poses_readable/train/label_fall/voxel_10-2__video_0p000s_to_11p137s/window_0005__time_3p335s_to_4p002s__frames_000050_to_000060.json,3,data/processed/frames/train/fall/voxel_10-2/frame_000050.jpg|data/processed/frames/train/fall/voxel_10-2/frame_000055.jpg|data/processed/frames/train/fall/voxel_10-2/frame_000060.jpg,3.3346|3.668|4.0015
voxel_10-2_w0006,voxel_10-2,train,fall,1,data/raw/voxel_huggingface_data/Fall/10-2.mp4,0.0,11.1375,4.0015,4.6684,6,3,data/processed/window_poses_readable/train/label_fall/voxel_10-2__video_0p000s_to_11p137s/window_0006__time_4p002s_to_4p668s__frames_000060_to_000070.json,2,data/processed/frames/train/fall/voxel_10-2/frame_000060.jpg|data/processed/frames/train/fall/voxel_10-2/frame_000065.jpg|data/processed/frames/train/fall/voxel_10-2/frame_000070.jpg,4.0015|4.335|4.6684
voxel_10-2_w0007,voxel_10-2,train,fall,1,data/raw/voxel_huggingface_data/Fall/10-2.mp4,0.0,11.1375,4.6684,5.3353,7,3,data/processed/window_poses_readable/train/label_fall/voxel_10-2__video_0p000s_to_11p137s/window_0007__time_4p668s_to_5p335s__frames_000070_to_000080.json,2,data/processed/frames/train/fall/voxel_10-2/frame_000070.jpg|data/processed/frames/train/fall/voxel_10-2/frame_000075.jpg|data/processed/frames/train/fall/voxel_10-2/frame_000080.jpg,4.6684|5.0019|5.3353
voxel_10-2_w0008,voxel_10-2,train,fall,1,data/raw/voxel_huggingface_data/Fall/10-2.mp4,0.0,11.1375,5.3353,6.0022,8,3,data/processed/window_poses_readable/train/label_fall/voxel_10-2__video_0p000s_to_11p137s/window_0008__time_5p335s_to_6p002s__frames_000080_to_000090.json,2,data/processed/frames/train/fall/voxel_10-2/frame_000080.jpg|data/processed/frames/train/fall/voxel_10-2/frame_000085.jpg|data/processed/frames/train/fall/voxel_10-2/frame_000090.jpg,5.3353|5.6688|6.0022
voxel_10-2_w0009,voxel_10-2,train,fall,1,data/raw/voxel_huggingface_data/Fall/10-2.mp4,0.0,11.1375,6.0022,6.6692,9,3,data/processed/window_poses_readable/train/label_fall/voxel_10-2__video_0p000s_to_11p137s/window_0009__time_6p002s_to_6p669s__frames_000090_to_000100.json,3,data/processed/frames/train/fall/voxel_10-2/frame_000090.jpg|data/processed/frames/train/fall/voxel_10-2/frame_000095.jpg|data/processed/frames/train/fall/voxel_10-2/frame_000100.jpg,6.0022|6.3357|6.6692
voxel_10-2_w0010,voxel_10-2,train,fall,1,data/raw/voxel_huggingface_data/Fall/10-2.mp4,0.0,11.1375,6.6692,7.3361,10,3,data/processed/window_poses_readable/train/label_fall/voxel_10-2__video_0p000s_to_11p137s/window_0010__time_6p669s_to_7p336s__frames_000100_to_000110.json,3,data/processed/frames/train/fall/voxel_10-2/frame_000100.jpg|data/processed/frames/train/fall/voxel_10-2/frame_000105.jpg|data/processed/frames/train/fall/voxel_10-2/frame_000110.jpg,6.6692|7.0026|7.3361
voxel_10-2_w0011,voxel_10-2,train,fall,1,data/raw/voxel_huggingface_data/Fall/10-2.mp4,0.0,11.1375,7.3361,8.003,11,3,data/processed/window_poses_readable/train/label_fall/voxel_10-2__video_0p000s_to_11p137s/window_0011__time_7p336s_to_8p003s__frames_000110_to_000120.json,3,data/processed/frames/train/fall/voxel_10-2/frame_000110.jpg|data/processed/frames/train/fall/voxel_10-2/frame_000115.jpg|data/processed/frames/train/fall/voxel_10-2/frame_000120.jpg,7.3361|7.6695|8.003
voxel_10-2_w0012,voxel_10-2,train,fall,1,data/raw/voxel_huggingface_data/Fall/10-2.mp4,0.0,11.1375,8.003,8.6699,12,3,data/processed/window_poses_readable/train/label_fall/voxel_10-2__video_0p000s_to_11p137s/window_0012__time_8p003s_to_8p670s__frames_000120_to_000130.json,3,data/processed/frames/train/fall/voxel_10-2/frame_000120.jpg|data/processed/frames/train/fall/voxel_10-2/frame_000125.jpg|data/processed/frames/train/fall/voxel_10-2/frame_000130.jpg,8.003|8.3364|8.6699
voxel_10-2_w0013,voxel_10-2,train,fall,1,data/raw/voxel_huggingface_data/Fall/10-2.mp4,0.0,11.1375,8.6699,9.3368,13,3,data/processed/window_poses_readable/train/label_fall/voxel_10-2__video_0p000s_to_11p137s/window_0013__time_8p670s_to_9p337s__frames_000130_to_000140.json,3,data/processed/frames/train/fall/voxel_10-2/frame_000130.jpg|data/processed/frames/train/fall/voxel_10-2/frame_000135.jpg|data/processed/frames/train/fall/voxel_10-2/frame_000140.jpg,8.6699|9.0034|9.3368
voxel_10-2_w0014,voxel_10-2,train,fall,1,data/raw/voxel_huggingface_data/Fall/10-2.mp4,0.0,11.1375,9.3368,10.0037,14,3,data/processed/window_poses_readable/train/label_fall/voxel_10-2__video_0p000s_to_11p137s/window_0014__time_9p337s_to_10p004s__frames_000140_to_000150.json,2,data/processed/frames/train/fall/voxel_10-2/frame_000140.jpg|data/processed/frames/train/fall/voxel_10-2/frame_000145.jpg|data/processed/frames/train/fall/voxel_10-2/frame_000150.jpg,9.3368|9.6703|10.0037
voxel_10-2_w0015,voxel_10-2,train,fall,1,data/raw/voxel_huggingface_data/Fall/10-2.mp4,0.0,11.1375,10.0037,10.6707,15,3,data/processed/window_poses_readable/train/label_fall/voxel_10-2__video_0p000s_to_11p137s/window_0015__time_10p004s_to_10p671s__frames_000150_to_000160.json,1,data/processed/frames/train/fall/voxel_10-2/frame_000150.jpg|data/processed/frames/train/fall/voxel_10-2/frame_000155.jpg|data/processed/frames/train/fall/voxel_10-2/frame_000160.jpg,10.0037|10.3372|10.6707
voxel_10-4_w0000,voxel_10-4,train,fall,1,data/raw/voxel_huggingface_data/Fall/10-4.mp4,0.0,4.3856,0.0,0.6696,0,3,data/processed/window_poses_readable/train/label_fall/voxel_10-4__video_0p000s_to_4p386s/window_0000__time_0p000s_to_0p670s__frames_000000_to_000020.json,3,data/processed/frames/train/fall/voxel_10-4/frame_000000.jpg|data/processed/frames/train/fall/voxel_10-4/frame_000010.jpg|data/processed/frames/train/fall/voxel_10-4/frame_000020.jpg,0.0|0.3348|0.6696
voxel_10-4_w0001,voxel_10-4,train,fall,1,data/raw/voxel_huggingface_data/Fall/10-4.mp4,0.0,4.3856,0.6696,1.3391,1,3,data/processed/window_poses_readable/train/label_fall/voxel_10-4__video_0p000s_to_4p386s/window_0001__time_0p670s_to_1p339s__frames_000020_to_000040.json,3,data/processed/frames/train/fall/voxel_10-4/frame_000020.jpg|data/processed/frames/train/fall/voxel_10-4/frame_000030.jpg|data/processed/frames/train/fall/voxel_10-4/frame_000040.jpg,0.6696|1.0043|1.3391
voxel_10-4_w0002,voxel_10-4,train,fall,1,data/raw/voxel_huggingface_data/Fall/10-4.mp4,0.0,4.3856,1.3391,2.0087,2,3,data/processed/window_poses_readable/train/label_fall/voxel_10-4__video_0p000s_to_4p386s/window_0002__time_1p339s_to_2p009s__frames_000040_to_000060.json,3,data/processed/frames/train/fall/voxel_10-4/frame_000040.jpg|data/processed/frames/train/fall/voxel_10-4/frame_000050.jpg|data/processed/frames/train/fall/voxel_10-4/frame_000060.jpg,1.3391|1.6739|2.0087
voxel_10-4_w0003,voxel_10-4,train,fall,1,data/raw/voxel_huggingface_data/Fall/10-4.mp4,0.0,4.3856,2.0087,2.6782,3,3,data/processed/window_poses_readable/train/label_fall/voxel_10-4__video_0p000s_to_4p386s/window_0003__time_2p009s_to_2p678s__frames_000060_to_000080.json,3,data/processed/frames/train/fall/voxel_10-4/frame_000060.jpg|data/processed/frames/train/fall/voxel_10-4/frame_000070.jpg|data/processed/frames/train/fall/voxel_10-4/frame_000080.jpg,2.0087|2.3434|2.6782
voxel_10-4_w0004,voxel_10-4,train,fall,1,data/raw/voxel_huggingface_data/Fall/10-4.mp4,0.0,4.3856,2.6782,3.3478,4,3,data/processed/window_poses_readable/train/label_fall/voxel_10-4__video_0p000s_to_4p386s/window_0004__time_2p678s_to_3p348s__frames_000080_to_000100.json,2,data/processed/frames/train/fall/voxel_10-4/frame_000080.jpg|data/processed/frames/train/fall/voxel_10-4/frame_000090.jpg|data/processed/frames/train/fall/voxel_10-4/frame_000100.jpg,2.6782|3.013|3.3478
voxel_10-4_w0005,voxel_10-4,train,fall,1,data/raw/voxel_huggingface_data/Fall/10-4.mp4,0.0,4.3856,3.3478,4.0173,5,3,data/processed/window_poses_readable/train/label_fall/voxel_10-4__video_0p000s_to_4p386s/window_0005__time_3p348s_to_4p017s__frames_000100_to_000120.json,3,data/processed/frames/train/fall/voxel_10-4/frame_000100.jpg|data/processed/frames/train/fall/voxel_10-4/frame_000110.jpg|data/processed/frames/train/fall/voxel_10-4/frame_000120.jpg,3.3478|3.6825|4.0173
voxel_10-6_w0000,voxel_10-6,train,fall,1,data/raw/voxel_huggingface_data/Fall/10-6.mp4,0.0,5.0576,0.0,0.6699,0,3,data/processed/window_poses_readable/train/label_fall/voxel_10-6__video_0p000s_to_5p058s/window_0000__time_0p000s_to_0p670s__frames_000000_to_000020.json,3,data/processed/frames/train/fall/voxel_10-6/frame_000000.jpg|data/processed/frames/train/fall/voxel_10-6/frame_000010.jpg|data/processed/frames/train/fall/voxel_10-6/frame_000020.jpg,0.0|0.3349|0.6699
voxel_10-6_w0001,voxel_10-6,train,fall,1,data/raw/voxel_huggingface_data/Fall/10-6.mp4,0.0,5.0576,0.6699,1.3398,1,3,data/processed/window_poses_readable/train/label_fall/voxel_10-6__video_0p000s_to_5p058s/window_0001__time_0p670s_to_1p340s__frames_000020_to_000040.json,3,data/processed/frames/train/fall/voxel_10-6/frame_000020.jpg|data/processed/frames/train/fall/voxel_10-6/frame_000030.jpg|data/processed/frames/train/fall/voxel_10-6/frame_000040.jpg,0.6699|1.0048|1.3398
voxel_10-6_w0002,voxel_10-6,train,fall,1,data/raw/voxel_huggingface_data/Fall/10-6.mp4,0.0,5.0576,1.3398,2.0096,2,3,data/processed/window_poses_readable/train/label_fall/voxel_10-6__video_0p000s_to_5p058s/window_0002__time_1p340s_to_2p010s__frames_000040_to_000060.json,3,data/processed/frames/train/fall/voxel_10-6/frame_000040.jpg|data/processed/frames/train/fall/voxel_10-6/frame_000050.jpg|data/processed/frames/train/fall/voxel_10-6/frame_000060.jpg,1.3398|1.6747|2.0096
voxel_10-6_w0003,voxel_10-6,train,fall,1,data/raw/voxel_huggingface_data/Fall/10-6.mp4,0.0,5.0576,2.0096,2.6795,3,3,data/processed/window_poses_readable/train/label_fall/voxel_10-6__video_0p000s_to_5p058s/window_0003__time_2p010s_to_2p679s__frames_000060_to_000080.json,3,data/processed/frames/train/fall/voxel_10-6/frame_000060.jpg|data/processed/frames/train/fall/voxel_10-6/frame_000070.jpg|data/processed/frames/train/fall/voxel_10-6/frame_000080.jpg,2.0096|2.3446|2.6795
voxel_10-6_w0004,voxel_10-6,train,fall,1,data/raw/voxel_huggingface_data/Fall/10-6.mp4,0.0,5.0576,2.6795,3.3494,4,3,data/processed/window_poses_readable/train/label_fall/voxel_10-6__video_0p000s_to_5p058s/window_0004__time_2p679s_to_3p349s__frames_000080_to_000100.json,1,data/processed/frames/train/fall/voxel_10-6/frame_000080.jpg|data/processed/frames/train/fall/voxel_10-6/frame_000090.jpg|data/processed/frames/train/fall/voxel_10-6/frame_000100.jpg,2.6795|3.0144|3.3494
voxel_10-6_w0005,voxel_10-6,train,fall,1,data/raw/voxel_huggingface_data/Fall/10-6.mp4,0.0,5.0576,3.3494,4.0193,5,3,data/processed/window_poses_readable/train/label_fall/voxel_10-6__video_0p000s_to_5p058s/window_0005__time_3p349s_to_4p019s__frames_000100_to_000120.json,1,data/processed/frames/train/fall/voxel_10-6/frame_000100.jpg|data/processed/frames/train/fall/voxel_10-6/frame_000110.jpg|data/processed/frames/train/fall/voxel_10-6/frame_000120.jpg,3.3494|3.6843|4.0193
voxel_10-6_w0006,voxel_10-6,train,fall,1,data/raw/voxel_huggingface_data/Fall/10-6.mp4,0.0,5.0576,4.0193,4.6891,6,3,data/processed/window_poses_readable/train/label_fall/voxel_10-6__video_0p000s_to_5p058s/window_0006__time_4p019s_to_4p689s__frames_000120_to_000140.json,0,data/processed/frames/train/fall/voxel_10-6/frame_000120.jpg|data/processed/frames/train/fall/voxel_10-6/frame_000130.jpg|data/processed/frames/train/fall/voxel_10-6/frame_000140.jpg,4.0193|4.3542|4.6891
voxel_11-2_w0000,voxel_11-2,train,fall,1,data/raw/voxel_huggingface_data/Fall/11-2.mp4,0.0,10.5933,0.0,0.7329,0,3,data/processed/window_poses_readable/train/label_fall/voxel_11-2__video_0p000s_to_10p593s/window_0000__time_0p000s_to_0p733s__frames_000000_to_000011.json,3,data/processed/frames/train/fall/voxel_11-2/frame_000000.jpg|data/processed/frames/train/fall/voxel_11-2/frame_000006.jpg|data/processed/frames/train/fall/voxel_11-2/frame_000011.jpg,0.0|0.3997|0.7329
voxel_11-2_w0001,voxel_11-2,train,fall,1,data/raw/voxel_huggingface_data/Fall/11-2.mp4,0.0,10.5933,0.7329,1.3991,1,3,data/processed/window_poses_readable/train/label_fall/voxel_11-2__video_0p000s_to_10p593s/window_0001__time_0p733s_to_1p399s__frames_000011_to_000021.json,2,data/processed/frames/train/fall/voxel_11-2/frame_000011.jpg|data/processed/frames/train/fall/voxel_11-2/frame_000016.jpg|data/processed/frames/train/fall/voxel_11-2/frame_000021.jpg,0.7329|1.066|1.3991
voxel_11-2_w0002,voxel_11-2,train,fall,1,data/raw/voxel_huggingface_data/Fall/11-2.mp4,0.0,10.5933,1.3991,2.0654,2,3,data/processed/window_poses_readable/train/label_fall/voxel_11-2__video_0p000s_to_10p593s/window_0002__time_1p399s_to_2p065s__frames_000021_to_000031.json,1,data/processed/frames/train/fall/voxel_11-2/frame_000021.jpg|data/processed/frames/train/fall/voxel_11-2/frame_000026.jpg|data/processed/frames/train/fall/voxel_11-2/frame_000031.jpg,1.3991|1.7322|2.0654
voxel_11-2_w0003,voxel_11-2,train,fall,1,data/raw/voxel_huggingface_data/Fall/11-2.mp4,0.0,10.5933,2.0654,2.7316,3,3,data/processed/window_poses_readable/train/label_fall/voxel_11-2__video_0p000s_to_10p593s/window_0003__time_2p065s_to_2p732s__frames_000031_to_000041.json,2,data/processed/frames/train/fall/voxel_11-2/frame_000031.jpg|data/processed/frames/train/fall/voxel_11-2/frame_000036.jpg|data/processed/frames/train/fall/voxel_11-2/frame_000041.jpg,2.0654|2.3985|2.7316
voxel_11-2_w0004,voxel_11-2,train,fall,1,data/raw/voxel_huggingface_data/Fall/11-2.mp4,0.0,10.5933,2.7316,3.3979,4,3,data/processed/window_poses_readable/train/label_fall/voxel_11-2__video_0p000s_to_10p593s/window_0004__time_2p732s_to_3p398s__frames_000041_to_000051.json,0,data/processed/frames/train/fall/voxel_11-2/frame_000041.jpg|data/processed/frames/train/fall/voxel_11-2/frame_000046.jpg|data/processed/frames/train/fall/voxel_11-2/frame_000051.jpg,2.7316|3.0647|3.3979
voxel_11-2_w0005,voxel_11-2,train,fall,1,data/raw/voxel_huggingface_data/Fall/11-2.mp4,0.0,10.5933,3.3979,4.0641,5,3,data/processed/window_poses_readable/train/label_fall/voxel_11-2__video_0p000s_to_10p593s/window_0005__time_3p398s_to_4p064s__frames_000051_to_000061.json,0,data/processed/frames/train/fall/voxel_11-2/frame_000051.jpg|data/processed/frames/train/fall/voxel_11-2/frame_000056.jpg|data/processed/frames/train/fall/voxel_11-2/frame_000061.jpg,3.3979|3.731|4.0641
voxel_11-2_w0006,voxel_11-2,train,fall,1,data/raw/voxel_huggingface_data/Fall/11-2.mp4,0.0,10.5933,4.0641,4.7304,6,3,data/processed/window_poses_readable/train/label_fall/voxel_11-2__video_0p000s_to_10p593s/window_0006__time_4p064s_to_4p730s__frames_000061_to_000071.json,2,data/processed/frames/train/fall/voxel_11-2/frame_000061.jpg|data/processed/frames/train/fall/voxel_11-2/frame_000066.jpg|data/processed/frames/train/fall/voxel_11-2/frame_000071.jpg,4.0641|4.3972|4.7304
voxel_11-2_w0007,voxel_11-2,train,fall,1,data/raw/voxel_huggingface_data/Fall/11-2.mp4,0.0,10.5933,4.7304,5.3966,7,3,data/processed/window_poses_readable/train/label_fall/voxel_11-2__video_0p000s_to_10p593s/window_0007__time_4p730s_to_5p397s__frames_000071_to_000081.json,2,data/processed/frames/train/fall/voxel_11-2/frame_000071.jpg|data/processed/frames/train/fall/voxel_11-2/frame_000076.jpg|data/processed/frames/train/fall/voxel_11-2/frame_000081.jpg,4.7304|5.0635|5.3966
voxel_11-2_w0008,voxel_11-2,train,fall,1,data/raw/voxel_huggingface_data/Fall/11-2.mp4,0.0,10.5933,5.3966,6.0629,8,3,data/processed/window_poses_readable/train/label_fall/voxel_11-2__video_0p000s_to_10p593s/window_0008__time_5p397s_to_6p063s__frames_000081_to_000091.json,2,data/processed/frames/train/fall/voxel_11-2/frame_000081.jpg|data/processed/frames/train/fall/voxel_11-2/frame_000086.jpg|data/processed/frames/train/fall/voxel_11-2/frame_000091.jpg,5.3966|5.7297|6.0629
voxel_11-2_w0009,voxel_11-2,train,fall,1,data/raw/voxel_huggingface_data/Fall/11-2.mp4,0.0,10.5933,6.0629,6.7291,9,3,data/processed/window_poses_readable/train/label_fall/voxel_11-2__video_0p000s_to_10p593s/window_0009__time_6p063s_to_6p729s__frames_000091_to_000101.json,1,data/processed/frames/train/fall/voxel_11-2/frame_000091.jpg|data/processed/frames/train/fall/voxel_11-2/frame_000096.jpg|data/processed/frames/train/fall/voxel_11-2/frame_000101.jpg,6.0629|6.396|6.7291
voxel_11-2_w0010,voxel_11-2,train,fall,1,data/raw/voxel_huggingface_data/Fall/11-2.mp4,0.0,10.5933,6.7291,7.3954,10,3,data/processed/window_poses_readable/train/label_fall/voxel_11-2__video_0p000s_to_10p593s/window_0010__time_6p729s_to_7p395s__frames_000101_to_000111.json,3,data/processed/frames/train/fall/voxel_11-2/frame_000101.jpg|data/processed/frames/train/fall/voxel_11-2/frame_000106.jpg|data/processed/frames/train/fall/voxel_11-2/frame_000111.jpg,6.7291|7.0622|7.3954
voxel_11-2_w0011,voxel_11-2,train,fall,1,data/raw/voxel_huggingface_data/Fall/11-2.mp4,0.0,10.5933,7.3954,8.0616,11,3,data/processed/window_poses_readable/train/label_fall/voxel_11-2__video_0p000s_to_10p593s/window_0011__time_7p395s_to_8p062s__frames_000111_to_000121.json,3,data/processed/frames/train/fall/voxel_11-2/frame_000111.jpg|data/processed/frames/train/fall/voxel_11-2/frame_000116.jpg|data/processed/frames/train/fall/voxel_11-2/frame_000121.jpg,7.3954|7.7285|8.0616
voxel_11-2_w0012,voxel_11-2,train,fall,1,data/raw/voxel_huggingface_data/Fall/11-2.mp4,0.0,10.5933,8.0616,8.7279,12,3,data/processed/window_poses_readable/train/label_fall/voxel_11-2__video_0p000s_to_10p593s/window_0012__time_8p062s_to_8p728s__frames_000121_to_000131.json,3,data/processed/frames/train/fall/voxel_11-2/frame_000121.jpg|data/processed/frames/train/fall/voxel_11-2/frame_000126.jpg|data/processed/frames/train/fall/voxel_11-2/frame_000131.jpg,8.0616|8.3947|8.7279
voxel_11-2_w0013,voxel_11-2,train,fall,1,data/raw/voxel_huggingface_data/Fall/11-2.mp4,0.0,10.5933,8.7279,9.3941,13,3,data/processed/window_poses_readable/train/label_fall/voxel_11-2__video_0p000s_to_10p593s/window_0013__time_8p728s_to_9p394s__frames_000131_to_000141.json,3,data/processed/frames/train/fall/voxel_11-2/frame_000131.jpg|data/processed/frames/train/fall/voxel_11-2/frame_000136.jpg|data/processed/frames/train/fall/voxel_11-2/frame_000141.jpg,8.7279|9.061|9.3941
voxel_11-2_w0014,voxel_11-2,train,fall,1,data/raw/voxel_huggingface_data/Fall/11-2.mp4,0.0,10.5933,9.3941,10.0604,14,3,data/processed/window_poses_readable/train/label_fall/voxel_11-2__video_0p000s_to_10p593s/window_0014__time_9p394s_to_10p060s__frames_000141_to_000151.json,3,data/processed/frames/train/fall/voxel_11-2/frame_000141.jpg|data/processed/frames/train/fall/voxel_11-2/frame_000146.jpg|data/processed/frames/train/fall/voxel_11-2/frame_000151.jpg,9.3941|9.7272|10.0604
voxel_11-6_w0000,voxel_11-6,train,fall,1,data/raw/voxel_huggingface_data/Fall/11-6.mp4,0.0,4.5615,0.0,0.6708,0,3,data/processed/window_poses_readable/train/label_fall/voxel_11-6__video_0p000s_to_4p561s/window_0000__time_0p000s_to_0p671s__frames_000000_to_000020.json,2,data/processed/frames/train/fall/voxel_11-6/frame_000000.jpg|data/processed/frames/train/fall/voxel_11-6/frame_000010.jpg|data/processed/frames/train/fall/voxel_11-6/frame_000020.jpg,0.0|0.3354|0.6708
voxel_11-6_w0001,voxel_11-6,train,fall,1,data/raw/voxel_huggingface_data/Fall/11-6.mp4,0.0,4.5615,0.6708,1.3416,1,3,data/processed/window_poses_readable/train/label_fall/voxel_11-6__video_0p000s_to_4p561s/window_0001__time_0p671s_to_1p342s__frames_000020_to_000040.json,3,data/processed/frames/train/fall/voxel_11-6/frame_000020.jpg|data/processed/frames/train/fall/voxel_11-6/frame_000030.jpg|data/processed/frames/train/fall/voxel_11-6/frame_000040.jpg,0.6708|1.0062|1.3416
voxel_11-6_w0002,voxel_11-6,train,fall,1,data/raw/voxel_huggingface_data/Fall/11-6.mp4,0.0,4.5615,1.3416,2.0124,2,3,data/processed/window_poses_readable/train/label_fall/voxel_11-6__video_0p000s_to_4p561s/window_0002__time_1p342s_to_2p012s__frames_000040_to_000060.json,3,data/processed/frames/train/fall/voxel_11-6/frame_000040.jpg|data/processed/frames/train/fall/voxel_11-6/frame_000050.jpg|data/processed/frames/train/fall/voxel_11-6/frame_000060.jpg,1.3416|1.677|2.0124
voxel_11-6_w0003,voxel_11-6,train,fall,1,data/raw/voxel_huggingface_data/Fall/11-6.mp4,0.0,4.5615,2.0124,2.6832,3,3,data/processed/window_poses_readable/train/label_fall/voxel_11-6__video_0p000s_to_4p561s/window_0003__time_2p012s_to_2p683s__frames_000060_to_000080.json,2,data/processed/frames/train/fall/voxel_11-6/frame_000060.jpg|data/processed/frames/train/fall/voxel_11-6/frame_000070.jpg|data/processed/frames/train/fall/voxel_11-6/frame_000080.jpg,2.0124|2.3478|2.6832
voxel_11-6_w0004,voxel_11-6,train,fall,1,data/raw/voxel_huggingface_data/Fall/11-6.mp4,0.0,4.5615,2.6832,3.354,4,3,data/processed/window_poses_readable/train/label_fall/voxel_11-6__video_0p000s_to_4p561s/window_0004__time_2p683s_to_3p354s__frames_000080_to_000100.json,3,data/processed/frames/train/fall/voxel_11-6/frame_000080.jpg|data/processed/frames/train/fall/voxel_11-6/frame_000090.jpg|data/processed/frames/train/fall/voxel_11-6/frame_000100.jpg,2.6832|3.0186|3.354
voxel_11-6_w0005,voxel_11-6,train,fall,1,data/raw/voxel_huggingface_data/Fall/11-6.mp4,0.0,4.5615,3.354,4.0248,5,3,data/processed/window_poses_readable/train/label_fall/voxel_11-6__video_0p000s_to_4p561s/window_0005__time_3p354s_to_4p025s__frames_000100_to_000120.json,3,data/processed/frames/train/fall/voxel_11-6/frame_000100.jpg|data/processed/frames/train/fall/voxel_11-6/frame_000110.jpg|data/processed/frames/train/fall/voxel_11-6/frame_000120.jpg,3.354|3.6894|4.0248
voxel_11-8_w0000,voxel_11-8,train,fall,1,data/raw/voxel_huggingface_data/Fall/11-8.mp4,0.0,6.0974,0.0,0.6737,0,3,data/processed/window_poses_readable/train/label_fall/voxel_11-8__video_0p000s_to_6p097s/window_0000__time_0p000s_to_0p674s__frames_000000_to_000020.json,3,data/processed/frames/train/fall/voxel_11-8/frame_000000.jpg|data/processed/frames/train/fall/voxel_11-8/frame_000010.jpg|data/processed/frames/train/fall/voxel_11-8/frame_000020.jpg,0.0|0.3369|0.6737
voxel_11-8_w0001,voxel_11-8,train,fall,1,data/raw/voxel_huggingface_data/Fall/11-8.mp4,0.0,6.0974,0.6737,1.3475,1,3,data/processed/window_poses_readable/train/label_fall/voxel_11-8__video_0p000s_to_6p097s/window_0001__time_0p674s_to_1p347s__frames_000020_to_000040.json,3,data/processed/frames/train/fall/voxel_11-8/frame_000020.jpg|data/processed/frames/train/fall/voxel_11-8/frame_000030.jpg|data/processed/frames/train/fall/voxel_11-8/frame_000040.jpg,0.6737|1.0106|1.3475
voxel_11-8_w0002,voxel_11-8,train,fall,1,data/raw/voxel_huggingface_data/Fall/11-8.mp4,0.0,6.0974,1.3475,2.0212,2,3,data/processed/window_poses_readable/train/label_fall/voxel_11-8__video_0p000s_to_6p097s/window_0002__time_1p347s_to_2p021s__frames_000040_to_000060.json,3,data/processed/frames/train/fall/voxel_11-8/frame_000040.jpg|data/processed/frames/train/fall/voxel_11-8/frame_000050.jpg|data/processed/frames/train/fall/voxel_11-8/frame_000060.jpg,1.3475|1.6844|2.0212
voxel_11-8_w0003,voxel_11-8,train,fall,1,data/raw/voxel_huggingface_data/Fall/11-8.mp4,0.0,6.0974,2.0212,2.695,3,3,data/processed/window_poses_readable/train/label_fall/voxel_11-8__video_0p000s_to_6p097s/window_0003__time_2p021s_to_2p695s__frames_000060_to_000080.json,3,data/processed/frames/train/fall/voxel_11-8/frame_000060.jpg|data/processed/frames/train/fall/voxel_11-8/frame_000070.jpg|data/processed/frames/train/fall/voxel_11-8/frame_000080.jpg,2.0212|2.3581|2.695
voxel_11-8_w0004,voxel_11-8,train,fall,1,data/raw/voxel_huggingface_data/Fall/11-8.mp4,0.0,6.0974,2.695,3.335,4,3,data/processed/window_poses_readable/train/label_fall/voxel_11-8__video_0p000s_to_6p097s/window_0004__time_2p695s_to_3p335s__frames_000080_to_000099.json,3,data/processed/frames/train/fall/voxel_11-8/frame_000080.jpg|data/processed/frames/train/fall/voxel_11-8/frame_000090.jpg|data/processed/frames/train/fall/voxel_11-8/frame_000099.jpg,2.695|3.0319|3.335
voxel_11-8_w0005,voxel_11-8,train,fall,1,data/raw/voxel_huggingface_data/Fall/11-8.mp4,0.0,6.0974,3.335,4.0088,5,3,data/processed/window_poses_readable/train/label_fall/voxel_11-8__video_0p000s_to_6p097s/window_0005__time_3p335s_to_4p009s__frames_000099_to_000119.json,3,data/processed/frames/train/fall/voxel_11-8/frame_000099.jpg|data/processed/frames/train/fall/voxel_11-8/frame_000109.jpg|data/processed/frames/train/fall/voxel_11-8/frame_000119.jpg,3.335|3.6719|4.0088
voxel_11-8_w0006,voxel_11-8,train,fall,1,data/raw/voxel_huggingface_data/Fall/11-8.mp4,0.0,6.0974,4.0088,4.6825,6,3,data/processed/window_poses_readable/train/label_fall/voxel_11-8__video_0p000s_to_6p097s/window_0006__time_4p009s_to_4p683s__frames_000119_to_000139.json,3,data/processed/frames/train/fall/voxel_11-8/frame_000119.jpg|data/processed/frames/train/fall/voxel_11-8/frame_000129.jpg|data/processed/frames/train/fall/voxel_11-8/frame_000139.jpg,4.0088|4.3457|4.6825
voxel_11-8_w0007,voxel_11-8,train,fall,1,data/raw/voxel_huggingface_data/Fall/11-8.mp4,0.0,6.0974,4.6825,5.3563,7,3,data/processed/window_poses_readable/train/label_fall/voxel_11-8__video_0p000s_to_6p097s/window_0007__time_4p683s_to_5p356s__frames_000139_to_000159.json,3,data/processed/frames/train/fall/voxel_11-8/frame_000139.jpg|data/processed/frames/train/fall/voxel_11-8/frame_000149.jpg|data/processed/frames/train/fall/voxel_11-8/frame_000159.jpg,4.6825|5.0194|5.3563
voxel_11-8_w0008,voxel_11-8,train,fall,1,data/raw/voxel_huggingface_data/Fall/11-8.mp4,0.0,6.0974,5.3563,6.03,8,3,data/processed/window_poses_readable/train/label_fall/voxel_11-8__video_0p000s_to_6p097s/window_0008__time_5p356s_to_6p030s__frames_000159_to_000179.json,3,data/processed/frames/train/fall/voxel_11-8/frame_000159.jpg|data/processed/frames/train/fall/voxel_11-8/frame_000169.jpg|data/processed/frames/train/fall/voxel_11-8/frame_000179.jpg,5.3563|5.6931|6.03
voxel_12-2_w0000,voxel_12-2,train,fall,1,data/raw/voxel_huggingface_data/Fall/12-2.mp4,0.0,12.2574,0.0,0.7328,0,3,data/processed/window_poses_readable/train/label_fall/voxel_12-2__video_0p000s_to_12p257s/window_0000__time_0p000s_to_0p733s__frames_000000_to_000011.json,3,data/processed/frames/train/fall/voxel_12-2/frame_000000.jpg|data/processed/frames/train/fall/voxel_12-2/frame_000006.jpg|data/processed/frames/train/fall/voxel_12-2/frame_000011.jpg,0.0|0.3997|0.7328
voxel_12-2_w0001,voxel_12-2,train,fall,1,data/raw/voxel_huggingface_data/Fall/12-2.mp4,0.0,12.2574,0.7328,1.3989,1,3,data/processed/window_poses_readable/train/label_fall/voxel_12-2__video_0p000s_to_12p257s/window_0001__time_0p733s_to_1p399s__frames_000011_to_000021.json,3,data/processed/frames/train/fall/voxel_12-2/frame_000011.jpg|data/processed/frames/train/fall/voxel_12-2/frame_000016.jpg|data/processed/frames/train/fall/voxel_12-2/frame_000021.jpg,0.7328|1.0659|1.3989
voxel_12-2_w0002,voxel_12-2,train,fall,1,data/raw/voxel_huggingface_data/Fall/12-2.mp4,0.0,12.2574,1.3989,2.0651,2,3,data/processed/window_poses_readable/train/label_fall/voxel_12-2__video_0p000s_to_12p257s/window_0002__time_1p399s_to_2p065s__frames_000021_to_000031.json,3,data/processed/frames/train/fall/voxel_12-2/frame_000021.jpg|data/processed/frames/train/fall/voxel_12-2/frame_000026.jpg|data/processed/frames/train/fall/voxel_12-2/frame_000031.jpg,1.3989|1.732|2.0651
voxel_12-2_w0003,voxel_12-2,train,fall,1,data/raw/voxel_huggingface_data/Fall/12-2.mp4,0.0,12.2574,2.0651,2.7313,3,3,data/processed/window_poses_readable/train/label_fall/voxel_12-2__video_0p000s_to_12p257s/window_0003__time_2p065s_to_2p731s__frames_000031_to_000041.json,3,data/processed/frames/train/fall/voxel_12-2/frame_000031.jpg|data/processed/frames/train/fall/voxel_12-2/frame_000036.jpg|data/processed/frames/train/fall/voxel_12-2/frame_000041.jpg,2.0651|2.3982|2.7313
voxel_12-2_w0004,voxel_12-2,train,fall,1,data/raw/voxel_huggingface_data/Fall/12-2.mp4,0.0,12.2574,2.7313,3.3974,4,3,data/processed/window_poses_readable/train/label_fall/voxel_12-2__video_0p000s_to_12p257s/window_0004__time_2p731s_to_3p397s__frames_000041_to_000051.json,3,data/processed/frames/train/fall/voxel_12-2/frame_000041.jpg|data/processed/frames/train/fall/voxel_12-2/frame_000046.jpg|data/processed/frames/train/fall/voxel_12-2/frame_000051.jpg,2.7313|3.0644|3.3974
voxel_12-2_w0005,voxel_12-2,train,fall,1,data/raw/voxel_huggingface_data/Fall/12-2.mp4,0.0,12.2574,3.3974,4.0636,5,3,data/processed/window_poses_readable/train/label_fall/voxel_12-2__video_0p000s_to_12p257s/window_0005__time_3p397s_to_4p064s__frames_000051_to_000061.json,3,data/processed/frames/train/fall/voxel_12-2/frame_000051.jpg|data/processed/frames/train/fall/voxel_12-2/frame_000056.jpg|data/processed/frames/train/fall/voxel_12-2/frame_000061.jpg,3.3974|3.7305|4.0636
voxel_12-2_w0006,voxel_12-2,train,fall,1,data/raw/voxel_huggingface_data/Fall/12-2.mp4,0.0,12.2574,4.0636,4.7298,6,3,data/processed/window_poses_readable/train/label_fall/voxel_12-2__video_0p000s_to_12p257s/window_0006__time_4p064s_to_4p730s__frames_000061_to_000071.json,3,data/processed/frames/train/fall/voxel_12-2/frame_000061.jpg|data/processed/frames/train/fall/voxel_12-2/frame_000066.jpg|data/processed/frames/train/fall/voxel_12-2/frame_000071.jpg,4.0636|4.3967|4.7298
voxel_12-2_w0007,voxel_12-2,train,fall,1,data/raw/voxel_huggingface_data/Fall/12-2.mp4,0.0,12.2574,4.7298,5.3959,7,3,data/processed/window_poses_readable/train/label_fall/voxel_12-2__video_0p000s_to_12p257s/window_0007__time_4p730s_to_5p396s__frames_000071_to_000081.json,3,data/processed/frames/train/fall/voxel_12-2/frame_000071.jpg|data/processed/frames/train/fall/voxel_12-2/frame_000076.jpg|data/processed/frames/train/fall/voxel_12-2/frame_000081.jpg,4.7298|5.0629|5.3959
voxel_12-2_w0008,voxel_12-2,train,fall,1,data/raw/voxel_huggingface_data/Fall/12-2.mp4,0.0,12.2574,5.3959,6.0621,8,3,data/processed/window_poses_readable/train/label_fall/voxel_12-2__video_0p000s_to_12p257s/window_0008__time_5p396s_to_6p062s__frames_000081_to_000091.json,3,data/processed/frames/train/fall/voxel_12-2/frame_000081.jpg|data/processed/frames/train/fall/voxel_12-2/frame_000086.jpg|data/processed/frames/train/fall/voxel_12-2/frame_000091.jpg,5.3959|5.729|6.0621
voxel_12-2_w0009,voxel_12-2,train,fall,1,data/raw/voxel_huggingface_data/Fall/12-2.mp4,0.0,12.2574,6.0621,6.7283,9,3,data/processed/window_poses_readable/train/label_fall/voxel_12-2__video_0p000s_to_12p257s/window_0009__time_6p062s_to_6p728s__frames_000091_to_000101.json,3,data/processed/frames/train/fall/voxel_12-2/frame_000091.jpg|data/processed/frames/train/fall/voxel_12-2/frame_000096.jpg|data/processed/frames/train/fall/voxel_12-2/frame_000101.jpg,6.0621|6.3952|6.7283
voxel_12-2_w0010,voxel_12-2,train,fall,1,data/raw/voxel_huggingface_data/Fall/12-2.mp4,0.0,12.2574,6.7283,7.3944,10,3,data/processed/window_poses_readable/train/label_fall/voxel_12-2__video_0p000s_to_12p257s/window_0010__time_6p728s_to_7p394s__frames_000101_to_000111.json,2,data/processed/frames/train/fall/voxel_12-2/frame_000101.jpg|data/processed/frames/train/fall/voxel_12-2/frame_000106.jpg|data/processed/frames/train/fall/voxel_12-2/frame_000111.jpg,6.7283|7.0613|7.3944
voxel_12-2_w0011,voxel_12-2,train,fall,1,data/raw/voxel_huggingface_data/Fall/12-2.mp4,0.0,12.2574,7.3944,8.0606,11,3,data/processed/window_poses_readable/train/label_fall/voxel_12-2__video_0p000s_to_12p257s/window_0011__time_7p394s_to_8p061s__frames_000111_to_000121.json,1,data/processed/frames/train/fall/voxel_12-2/frame_000111.jpg|data/processed/frames/train/fall/voxel_12-2/frame_000116.jpg|data/processed/frames/train/fall/voxel_12-2/frame_000121.jpg,7.3944|7.7275|8.0606
voxel_12-2_w0012,voxel_12-2,train,fall,1,data/raw/voxel_huggingface_data/Fall/12-2.mp4,0.0,12.2574,8.0606,8.7268,12,3,data/processed/window_poses_readable/train/label_fall/voxel_12-2__video_0p000s_to_12p257s/window_0012__time_8p061s_to_8p727s__frames_000121_to_000131.json,2,data/processed/frames/train/fall/voxel_12-2/frame_000121.jpg|data/processed/frames/train/fall/voxel_12-2/frame_000126.jpg|data/processed/frames/train/fall/voxel_12-2/frame_000131.jpg,8.0606|8.3937|8.7268
voxel_12-2_w0013,voxel_12-2,train,fall,1,data/raw/voxel_huggingface_data/Fall/12-2.mp4,0.0,12.2574,8.7268,9.3929,13,3,data/processed/window_poses_readable/train/label_fall/voxel_12-2__video_0p000s_to_12p257s/window_0013__time_8p727s_to_9p393s__frames_000131_to_000141.json,2,data/processed/frames/train/fall/voxel_12-2/frame_000131.jpg|data/processed/frames/train/fall/voxel_12-2/frame_000136.jpg|data/processed/frames/train/fall/voxel_12-2/frame_000141.jpg,8.7268|9.0598|9.3929
voxel_12-2_w0014,voxel_12-2,train,fall,1,data/raw/voxel_huggingface_data/Fall/12-2.mp4,0.0,12.2574,9.3929,10.0591,14,3,data/processed/window_poses_readable/train/label_fall/voxel_12-2__video_0p000s_to_12p257s/window_0014__time_9p393s_to_10p059s__frames_000141_to_000151.json,0,data/processed/frames/train/fall/voxel_12-2/frame_000141.jpg|data/processed/frames/train/fall/voxel_12-2/frame_000146.jpg|data/processed/frames/train/fall/voxel_12-2/frame_000151.jpg,9.3929|9.726|10.0591
voxel_12-2_w0015,voxel_12-2,train,fall,1,data/raw/voxel_huggingface_data/Fall/12-2.mp4,0.0,12.2574,10.0591,10.7253,15,3,data/processed/window_poses_readable/train/label_fall/voxel_12-2__video_0p000s_to_12p257s/window_0015__time_10p059s_to_10p725s__frames_000151_to_000161.json,1,data/processed/frames/train/fall/voxel_12-2/frame_000151.jpg|data/processed/frames/train/fall/voxel_12-2/frame_000156.jpg|data/processed/frames/train/fall/voxel_12-2/frame_000161.jpg,10.0591|10.3922|10.7253
voxel_12-2_w0016,voxel_12-2,train,fall,1,data/raw/voxel_huggingface_data/Fall/12-2.mp4,0.0,12.2574,10.7253,11.3914,16,3,data/processed/window_poses_readable/train/label_fall/voxel_12-2__video_0p000s_to_12p257s/window_0016__time_10p725s_to_11p391s__frames_000161_to_000171.json,1,data/processed/frames/train/fall/voxel_12-2/frame_000161.jpg|data/processed/frames/train/fall/voxel_12-2/frame_000166.jpg|data/processed/frames/train/fall/voxel_12-2/frame_000171.jpg,10.7253|11.0583|11.3914
voxel_12-2_w0017,voxel_12-2,train,fall,1,data/raw/voxel_huggingface_data/Fall/12-2.mp4,0.0,12.2574,11.3914,12.0576,17,3,data/processed/window_poses_readable/train/label_fall/voxel_12-2__video_0p000s_to_12p257s/window_0017__time_11p391s_to_12p058s__frames_000171_to_000181.json,0,data/processed/frames/train/fall/voxel_12-2/frame_000171.jpg|data/processed/frames/train/fall/voxel_12-2/frame_000176.jpg|data/processed/frames/train/fall/voxel_12-2/frame_000181.jpg,11.3914|11.7245|12.0576
voxel_12-6_w0000,voxel_12-6,train,fall,1,data/raw/voxel_huggingface_data/Fall/12-6.mp4,0.0,4.6253,0.0,0.6703,0,3,data/processed/window_poses_readable/train/label_fall/voxel_12-6__video_0p000s_to_4p625s/window_0000__time_0p000s_to_0p670s__frames_000000_to_000020.json,3,data/processed/frames/train/fall/voxel_12-6/frame_000000.jpg|data/processed/frames/train/fall/voxel_12-6/frame_000010.jpg|data/processed/frames/train/fall/voxel_12-6/frame_000020.jpg,0.0|0.3352|0.6703
voxel_12-6_w0001,voxel_12-6,train,fall,1,data/raw/voxel_huggingface_data/Fall/12-6.mp4,0.0,4.6253,0.6703,1.3407,1,3,data/processed/window_poses_readable/train/label_fall/voxel_12-6__video_0p000s_to_4p625s/window_0001__time_0p670s_to_1p341s__frames_000020_to_000040.json,3,data/processed/frames/train/fall/voxel_12-6/frame_000020.jpg|data/processed/frames/train/fall/voxel_12-6/frame_000030.jpg|data/processed/frames/train/fall/voxel_12-6/frame_000040.jpg,0.6703|1.0055|1.3407
voxel_12-6_w0002,voxel_12-6,train,fall,1,data/raw/voxel_huggingface_data/Fall/12-6.mp4,0.0,4.6253,1.3407,2.011,2,3,data/processed/window_poses_readable/train/label_fall/voxel_12-6__video_0p000s_to_4p625s/window_0002__time_1p341s_to_2p011s__frames_000040_to_000060.json,2,data/processed/frames/train/fall/voxel_12-6/frame_000040.jpg|data/processed/frames/train/fall/voxel_12-6/frame_000050.jpg|data/processed/frames/train/fall/voxel_12-6/frame_000060.jpg,1.3407|1.6758|2.011
voxel_12-6_w0003,voxel_12-6,train,fall,1,data/raw/voxel_huggingface_data/Fall/12-6.mp4,0.0,4.6253,2.011,2.6814,3,3,data/processed/window_poses_readable/train/label_fall/voxel_12-6__video_0p000s_to_4p625s/window_0003__time_2p011s_to_2p681s__frames_000060_to_000080.json,1,data/processed/frames/train/fall/voxel_12-6/frame_000060.jpg|data/processed/frames/train/fall/voxel_12-6/frame_000070.jpg|data/processed/frames/train/fall/voxel_12-6/frame_000080.jpg,2.011|2.3462|2.6814
voxel_12-6_w0004,voxel_12-6,train,fall,1,data/raw/voxel_huggingface_data/Fall/12-6.mp4,0.0,4.6253,2.6814,3.3517,4,3,data/processed/window_poses_readable/train/label_fall/voxel_12-6__video_0p000s_to_4p625s/window_0004__time_2p681s_to_3p352s__frames_000080_to_000100.json,1,data/processed/frames/train/fall/voxel_12-6/frame_000080.jpg|data/processed/frames/train/fall/voxel_12-6/frame_000090.jpg|data/processed/frames/train/fall/voxel_12-6/frame_000100.jpg,2.6814|3.0165|3.3517
voxel_12-6_w0005,voxel_12-6,train,fall,1,data/raw/voxel_huggingface_data/Fall/12-6.mp4,0.0,4.6253,3.3517,4.022,5,3,data/processed/window_poses_readable/train/label_fall/voxel_12-6__video_0p000s_to_4p625s/window_0005__time_3p352s_to_4p022s__frames_000100_to_000120.json,1,data/processed/frames/train/fall/voxel_12-6/frame_000100.jpg|data/processed/frames/train/fall/voxel_12-6/frame_000110.jpg|data/processed/frames/train/fall/voxel_12-6/frame_000120.jpg,3.3517|3.6869|4.022
voxel_13-2_w0000,voxel_13-2,train,fall,1,data/raw/voxel_huggingface_data/Fall/13-2.mp4,0.0,8.896,0.0,0.6689,0,3,data/processed/window_poses_readable/train/label_fall/voxel_13-2__video_0p000s_to_8p896s/window_0000__time_0p000s_to_0p669s__frames_000000_to_000010.json,3,data/processed/frames/train/fall/voxel_13-2/frame_000000.jpg|data/processed/frames/train/fall/voxel_13-2/frame_000005.jpg|data/processed/frames/train/fall/voxel_13-2/frame_000010.jpg,0.0|0.3344|0.6689
voxel_13-2_w0001,voxel_13-2,train,fall,1,data/raw/voxel_huggingface_data/Fall/13-2.mp4,0.0,8.896,0.6689,1.3377,1,3,data/processed/window_poses_readable/train/label_fall/voxel_13-2__video_0p000s_to_8p896s/window_0001__time_0p669s_to_1p338s__frames_000010_to_000020.json,3,data/processed/frames/train/fall/voxel_13-2/frame_000010.jpg|data/processed/frames/train/fall/voxel_13-2/frame_000015.jpg|data/processed/frames/train/fall/voxel_13-2/frame_000020.jpg,0.6689|1.0033|1.3377
voxel_13-2_w0002,voxel_13-2,train,fall,1,data/raw/voxel_huggingface_data/Fall/13-2.mp4,0.0,8.896,1.3377,2.0066,2,3,data/processed/window_poses_readable/train/label_fall/voxel_13-2__video_0p000s_to_8p896s/window_0002__time_1p338s_to_2p007s__frames_000020_to_000030.json,3,data/processed/frames/train/fall/voxel_13-2/frame_000020.jpg|data/processed/frames/train/fall/voxel_13-2/frame_000025.jpg|data/processed/frames/train/fall/voxel_13-2/frame_000030.jpg,1.3377|1.6722|2.0066
voxel_13-2_w0003,voxel_13-2,train,fall,1,data/raw/voxel_huggingface_data/Fall/13-2.mp4,0.0,8.896,2.0066,2.6755,3,3,data/processed/window_poses_readable/train/label_fall/voxel_13-2__video_0p000s_to_8p896s/window_0003__time_2p007s_to_2p675s__frames_000030_to_000040.json,3,data/processed/frames/train/fall/voxel_13-2/frame_000030.jpg|data/processed/frames/train/fall/voxel_13-2/frame_000035.jpg|data/processed/frames/train/fall/voxel_13-2/frame_000040.jpg,2.0066|2.3411|2.6755
voxel_13-2_w0004,voxel_13-2,train,fall,1,data/raw/voxel_huggingface_data/Fall/13-2.mp4,0.0,8.896,2.6755,3.3444,4,3,data/processed/window_poses_readable/train/label_fall/voxel_13-2__video_0p000s_to_8p896s/window_0004__time_2p675s_to_3p344s__frames_000040_to_000050.json,1,data/processed/frames/train/fall/voxel_13-2/frame_000040.jpg|data/processed/frames/train/fall/voxel_13-2/frame_000045.jpg|data/processed/frames/train/fall/voxel_13-2/frame_000050.jpg,2.6755|3.0099|3.3444
voxel_13-2_w0005,voxel_13-2,train,fall,1,data/raw/voxel_huggingface_data/Fall/13-2.mp4,0.0,8.896,3.3444,4.0132,5,3,data/processed/window_poses_readable/train/label_fall/voxel_13-2__video_0p000s_to_8p896s/window_0005__time_3p344s_to_4p013s__frames_000050_to_000060.json,1,data/processed/frames/train/fall/voxel_13-2/frame_000050.jpg|data/processed/frames/train/fall/voxel_13-2/frame_000055.jpg|data/processed/frames/train/fall/voxel_13-2/frame_000060.jpg,3.3444|3.6788|4.0132
voxel_13-2_w0006,voxel_13-2,train,fall,1,data/raw/voxel_huggingface_data/Fall/13-2.mp4,0.0,8.896,4.0132,4.6821,6,3,data/processed/window_poses_readable/train/label_fall/voxel_13-2__video_0p000s_to_8p896s/window_0006__time_4p013s_to_4p682s__frames_000060_to_000070.json,1,data/processed/frames/train/fall/voxel_13-2/frame_000060.jpg|data/processed/frames/train/fall/voxel_13-2/frame_000065.jpg|data/processed/frames/train/fall/voxel_13-2/frame_000070.jpg,4.0132|4.3477|4.6821
voxel_13-2_w0007,voxel_13-2,train,fall,1,data/raw/voxel_huggingface_data/Fall/13-2.mp4,0.0,8.896,4.6821,5.351,7,3,data/processed/window_poses_readable/train/label_fall/voxel_13-2__video_0p000s_to_8p896s/window_0007__time_4p682s_to_5p351s__frames_000070_to_000080.json,2,data/processed/frames/train/fall/voxel_13-2/frame_000070.jpg|data/processed/frames/train/fall/voxel_13-2/frame_000075.jpg|data/processed/frames/train/fall/voxel_13-2/frame_000080.jpg,4.6821|5.0166|5.351
voxel_13-2_w0008,voxel_13-2,train,fall,1,data/raw/voxel_huggingface_data/Fall/13-2.mp4,0.0,8.896,5.351,6.0199,8,3,data/processed/window_poses_readable/train/label_fall/voxel_13-2__video_0p000s_to_8p896s/window_0008__time_5p351s_to_6p020s__frames_000080_to_000090.json,2,data/processed/frames/train/fall/voxel_13-2/frame_000080.jpg|data/processed/frames/train/fall/voxel_13-2/frame_000085.jpg|data/processed/frames/train/fall/voxel_13-2/frame_000090.jpg,5.351|5.6854|6.0199
voxel_13-2_w0009,voxel_13-2,train,fall,1,data/raw/voxel_huggingface_data/Fall/13-2.mp4,0.0,8.896,6.0199,6.6887,9,3,data/processed/window_poses_readable/train/label_fall/voxel_13-2__video_0p000s_to_8p896s/window_0009__time_6p020s_to_6p689s__frames_000090_to_000100.json,3,data/processed/frames/train/fall/voxel_13-2/frame_000090.jpg|data/processed/frames/train/fall/voxel_13-2/frame_000095.jpg|data/processed/frames/train/fall/voxel_13-2/frame_000100.jpg,6.0199|6.3543|6.6887
voxel_13-2_w0010,voxel_13-2,train,fall,1,data/raw/voxel_huggingface_data/Fall/13-2.mp4,0.0,8.896,6.6887,7.3576,10,3,data/processed/window_poses_readable/train/label_fall/voxel_13-2__video_0p000s_to_8p896s/window_0010__time_6p689s_to_7p358s__frames_000100_to_000110.json,3,data/processed/frames/train/fall/voxel_13-2/frame_000100.jpg|data/processed/frames/train/fall/voxel_13-2/frame_000105.jpg|data/processed/frames/train/fall/voxel_13-2/frame_000110.jpg,6.6887|7.0232|7.3576
voxel_13-2_w0011,voxel_13-2,train,fall,1,data/raw/voxel_huggingface_data/Fall/13-2.mp4,0.0,8.896,7.3576,8.0265,11,3,data/processed/window_poses_readable/train/label_fall/voxel_13-2__video_0p000s_to_8p896s/window_0011__time_7p358s_to_8p027s__frames_000110_to_000120.json,1,data/processed/frames/train/fall/voxel_13-2/frame_000110.jpg|data/processed/frames/train/fall/voxel_13-2/frame_000115.jpg|data/processed/frames/train/fall/voxel_13-2/frame_000120.jpg,7.3576|7.6921|8.0265
voxel_13-2_w0012,voxel_13-2,train,fall,1,data/raw/voxel_huggingface_data/Fall/13-2.mp4,0.0,8.896,8.0265,8.6954,12,3,data/processed/window_poses_readable/train/label_fall/voxel_13-2__video_0p000s_to_8p896s/window_0012__time_8p027s_to_8p695s__frames_000120_to_000130.json,0,data/processed/frames/train/fall/voxel_13-2/frame_000120.jpg|data/processed/frames/train/fall/voxel_13-2/frame_000125.jpg|data/processed/frames/train/fall/voxel_13-2/frame_000130.jpg,8.0265|8.3609|8.6954
voxel_13-4_w0000,voxel_13-4,train,fall,1,data/raw/voxel_huggingface_data/Fall/13-4.mp4,0.0,4.0482,0.0,0.6691,0,3,data/processed/window_poses_readable/train/label_fall/voxel_13-4__video_0p000s_to_4p048s/window_0000__time_0p000s_to_0p669s__frames_000000_to_000020.json,3,data/processed/frames/train/fall/voxel_13-4/frame_000000.jpg|data/processed/frames/train/fall/voxel_13-4/frame_000010.jpg|data/processed/frames/train/fall/voxel_13-4/frame_000020.jpg,0.0|0.3346|0.6691
voxel_13-4_w0001,voxel_13-4,train,fall,1,data/raw/voxel_huggingface_data/Fall/13-4.mp4,0.0,4.0482,0.6691,1.3383,1,3,data/processed/window_poses_readable/train/label_fall/voxel_13-4__video_0p000s_to_4p048s/window_0001__time_0p669s_to_1p338s__frames_000020_to_000040.json,3,data/processed/frames/train/fall/voxel_13-4/frame_000020.jpg|data/processed/frames/train/fall/voxel_13-4/frame_000030.jpg|data/processed/frames/train/fall/voxel_13-4/frame_000040.jpg,0.6691|1.0037|1.3383
voxel_13-4_w0002,voxel_13-4,train,fall,1,data/raw/voxel_huggingface_data/Fall/13-4.mp4,0.0,4.0482,1.3383,2.0074,2,3,data/processed/window_poses_readable/train/label_fall/voxel_13-4__video_0p000s_to_4p048s/window_0002__time_1p338s_to_2p007s__frames_000040_to_000060.json,3,data/processed/frames/train/fall/voxel_13-4/frame_000040.jpg|data/processed/frames/train/fall/voxel_13-4/frame_000050.jpg|data/processed/frames/train/fall/voxel_13-4/frame_000060.jpg,1.3383|1.6728|2.0074
voxel_13-4_w0003,voxel_13-4,train,fall,1,data/raw/voxel_huggingface_data/Fall/13-4.mp4,0.0,4.0482,2.0074,2.6765,3,3,data/processed/window_poses_readable/train/label_fall/voxel_13-4__video_0p000s_to_4p048s/window_0003__time_2p007s_to_2p676s__frames_000060_to_000080.json,3,data/processed/frames/train/fall/voxel_13-4/frame_000060.jpg|data/processed/frames/train/fall/voxel_13-4/frame_000070.jpg|data/processed/frames/train/fall/voxel_13-4/frame_000080.jpg,2.0074|2.342|2.6765
voxel_13-4_w0004,voxel_13-4,train,fall,1,data/raw/voxel_huggingface_data/Fall/13-4.mp4,0.0,4.0482,2.6765,3.3456,4,3,data/processed/window_poses_readable/train/label_fall/voxel_13-4__video_0p000s_to_4p048s/window_0004__time_2p676s_to_3p346s__frames_000080_to_000100.json,3,data/processed/frames/train/fall/voxel_13-4/frame_000080.jpg|data/processed/frames/train/fall/voxel_13-4/frame_000090.jpg|data/processed/frames/train/fall/voxel_13-4/frame_000100.jpg,2.6765|3.0111|3.3456
voxel_13-4_w0005,voxel_13-4,train,fall,1,data/raw/voxel_huggingface_data/Fall/13-4.mp4,0.0,4.0482,3.3456,4.0148,5,3,data/processed/window_poses_readable/train/label_fall/voxel_13-4__video_0p000s_to_4p048s/window_0005__time_3p346s_to_4p015s__frames_000100_to_000120.json,3,data/processed/frames/train/fall/voxel_13-4/frame_000100.jpg|data/processed/frames/train/fall/voxel_13-4/frame_000110.jpg|data/processed/frames/train/fall/voxel_13-4/frame_000120.jpg,3.3456|3.6802|4.0148
voxel_13-6_w0000,voxel_13-6,train,fall,1,data/raw/voxel_huggingface_data/Fall/13-6.mp4,0.0,4.9934,0.0,0.6703,0,3,data/processed/window_poses_readable/train/label_fall/voxel_13-6__video_0p000s_to_4p993s/window_0000__time_0p000s_to_0p670s__frames_000000_to_000020.json,3,data/processed/frames/train/fall/voxel_13-6/frame_000000.jpg|data/processed/frames/train/fall/voxel_13-6/frame_000010.jpg|data/processed/frames/train/fall/voxel_13-6/frame_000020.jpg,0.0|0.3351|0.6703
voxel_13-6_w0001,voxel_13-6,train,fall,1,data/raw/voxel_huggingface_data/Fall/13-6.mp4,0.0,4.9934,0.6703,1.3405,1,3,data/processed/window_poses_readable/train/label_fall/voxel_13-6__video_0p000s_to_4p993s/window_0001__time_0p670s_to_1p341s__frames_000020_to_000040.json,3,data/processed/frames/train/fall/voxel_13-6/frame_000020.jpg|data/processed/frames/train/fall/voxel_13-6/frame_000030.jpg|data/processed/frames/train/fall/voxel_13-6/frame_000040.jpg,0.6703|1.0054|1.3405
voxel_13-6_w0002,voxel_13-6,train,fall,1,data/raw/voxel_huggingface_data/Fall/13-6.mp4,0.0,4.9934,1.3405,2.0108,2,3,data/processed/window_poses_readable/train/label_fall/voxel_13-6__video_0p000s_to_4p993s/window_0002__time_1p341s_to_2p011s__frames_000040_to_000060.json,3,data/processed/frames/train/fall/voxel_13-6/frame_000040.jpg|data/processed/frames/train/fall/voxel_13-6/frame_000050.jpg|data/processed/frames/train/fall/voxel_13-6/frame_000060.jpg,1.3405|1.6756|2.0108
voxel_13-6_w0003,voxel_13-6,train,fall,1,data/raw/voxel_huggingface_data/Fall/13-6.mp4,0.0,4.9934,2.0108,2.681,3,3,data/processed/window_poses_readable/train/label_fall/voxel_13-6__video_0p000s_to_4p993s/window_0003__time_2p011s_to_2p681s__frames_000060_to_000080.json,3,data/processed/frames/train/fall/voxel_13-6/frame_000060.jpg|data/processed/frames/train/fall/voxel_13-6/frame_000070.jpg|data/processed/frames/train/fall/voxel_13-6/frame_000080.jpg,2.0108|2.3459|2.681
voxel_13-6_w0004,voxel_13-6,train,fall,1,data/raw/voxel_huggingface_data/Fall/13-6.mp4,0.0,4.9934,2.681,3.3513,4,3,data/processed/window_poses_readable/train/label_fall/voxel_13-6__video_0p000s_to_4p993s/window_0004__time_2p681s_to_3p351s__frames_000080_to_000100.json,3,data/processed/frames/train/fall/voxel_13-6/frame_000080.jpg|data/processed/frames/train/fall/voxel_13-6/frame_000090.jpg|data/processed/frames/train/fall/voxel_13-6/frame_000100.jpg,2.681|3.0161|3.3513
voxel_13-6_w0005,voxel_13-6,train,fall,1,data/raw/voxel_huggingface_data/Fall/13-6.mp4,0.0,4.9934,3.3513,4.0215,5,3,data/processed/window_poses_readable/train/label_fall/voxel_13-6__video_0p000s_to_4p993s/window_0005__time_3p351s_to_4p021s__frames_000100_to_000120.json,3,data/processed/frames/train/fall/voxel_13-6/frame_000100.jpg|data/processed/frames/train/fall/voxel_13-6/frame_000110.jpg|data/processed/frames/train/fall/voxel_13-6/frame_000120.jpg,3.3513|3.6864|4.0215
voxel_13-6_w0006,voxel_13-6,train,fall,1,data/raw/voxel_huggingface_data/Fall/13-6.mp4,0.0,4.9934,4.0215,4.6918,6,3,data/processed/window_poses_readable/train/label_fall/voxel_13-6__video_0p000s_to_4p993s/window_0006__time_4p021s_to_4p692s__frames_000120_to_000140.json,3,data/processed/frames/train/fall/voxel_13-6/frame_000120.jpg|data/processed/frames/train/fall/voxel_13-6/frame_000130.jpg|data/processed/frames/train/fall/voxel_13-6/frame_000140.jpg,4.0215|4.3566|4.6918
voxel_14-6_w0000,voxel_14-6,train,fall,1,data/raw/voxel_huggingface_data/Fall/14-6.mp4,0.0,5.2496,0.0,0.6687,0,3,data/processed/window_poses_readable/train/label_fall/voxel_14-6__video_0p000s_to_5p250s/window_0000__time_0p000s_to_0p669s__frames_000000_to_000020.json,3,data/processed/frames/train/fall/voxel_14-6/frame_000000.jpg|data/processed/frames/train/fall/voxel_14-6/frame_000010.jpg|data/processed/frames/train/fall/voxel_14-6/frame_000020.jpg,0.0|0.3344|0.6687
voxel_14-6_w0001,voxel_14-6,train,fall,1,data/raw/voxel_huggingface_data/Fall/14-6.mp4,0.0,5.2496,0.6687,1.3375,1,3,data/processed/window_poses_readable/train/label_fall/voxel_14-6__video_0p000s_to_5p250s/window_0001__time_0p669s_to_1p337s__frames_000020_to_000040.json,3,data/processed/frames/train/fall/voxel_14-6/frame_000020.jpg|data/processed/frames/train/fall/voxel_14-6/frame_000030.jpg|data/processed/frames/train/fall/voxel_14-6/frame_000040.jpg,0.6687|1.0031|1.3375
voxel_14-6_w0002,voxel_14-6,train,fall,1,data/raw/voxel_huggingface_data/Fall/14-6.mp4,0.0,5.2496,1.3375,2.0062,2,3,data/processed/window_poses_readable/train/label_fall/voxel_14-6__video_0p000s_to_5p250s/window_0002__time_1p337s_to_2p006s__frames_000040_to_000060.json,3,data/processed/frames/train/fall/voxel_14-6/frame_000040.jpg|data/processed/frames/train/fall/voxel_14-6/frame_000050.jpg|data/processed/frames/train/fall/voxel_14-6/frame_000060.jpg,1.3375|1.6718|2.0062
voxel_14-6_w0003,voxel_14-6,train,fall,1,data/raw/voxel_huggingface_data/Fall/14-6.mp4,0.0,5.2496,2.0062,2.6749,3,3,data/processed/window_poses_readable/train/label_fall/voxel_14-6__video_0p000s_to_5p250s/window_0003__time_2p006s_to_2p675s__frames_000060_to_000080.json,3,data/processed/frames/train/fall/voxel_14-6/frame_000060.jpg|data/processed/frames/train/fall/voxel_14-6/frame_000070.jpg|data/processed/frames/train/fall/voxel_14-6/frame_000080.jpg,2.0062|2.3406|2.6749
voxel_14-6_w0004,voxel_14-6,train,fall,1,data/raw/voxel_huggingface_data/Fall/14-6.mp4,0.0,5.2496,2.6749,3.3437,4,3,data/processed/window_poses_readable/train/label_fall/voxel_14-6__video_0p000s_to_5p250s/window_0004__time_2p675s_to_3p344s__frames_000080_to_000100.json,3,data/processed/frames/train/fall/voxel_14-6/frame_000080.jpg|data/processed/frames/train/fall/voxel_14-6/frame_000090.jpg|data/processed/frames/train/fall/voxel_14-6/frame_000100.jpg,2.6749|3.0093|3.3437
voxel_14-6_w0005,voxel_14-6,train,fall,1,data/raw/voxel_huggingface_data/Fall/14-6.mp4,0.0,5.2496,3.3437,4.0124,5,3,data/processed/window_poses_readable/train/label_fall/voxel_14-6__video_0p000s_to_5p250s/window_0005__time_3p344s_to_4p012s__frames_000100_to_000120.json,1,data/processed/frames/train/fall/voxel_14-6/frame_000100.jpg|data/processed/frames/train/fall/voxel_14-6/frame_000110.jpg|data/processed/frames/train/fall/voxel_14-6/frame_000120.jpg,3.3437|3.678|4.0124
voxel_14-6_w0006,voxel_14-6,train,fall,1,data/raw/voxel_huggingface_data/Fall/14-6.mp4,0.0,5.2496,4.0124,4.6811,6,3,data/processed/window_poses_readable/train/label_fall/voxel_14-6__video_0p000s_to_5p250s/window_0006__time_4p012s_to_4p681s__frames_000120_to_000140.json,0,data/processed/frames/train/fall/voxel_14-6/frame_000120.jpg|data/processed/frames/train/fall/voxel_14-6/frame_000130.jpg|data/processed/frames/train/fall/voxel_14-6/frame_000140.jpg,4.0124|4.3468|4.6811
voxel_14-8_w0000,voxel_14-8,train,fall,1,data/raw/voxel_huggingface_data/Fall/14-8.mp4,0.0,5.6973,0.0,0.6742,0,3,data/processed/window_poses_readable/train/label_fall/voxel_14-8__video_0p000s_to_5p697s/window_0000__time_0p000s_to_0p674s__frames_000000_to_000020.json,3,data/processed/frames/train/fall/voxel_14-8/frame_000000.jpg|data/processed/frames/train/fall/voxel_14-8/frame_000010.jpg|data/processed/frames/train/fall/voxel_14-8/frame_000020.jpg,0.0|0.3371|0.6742
voxel_14-8_w0001,voxel_14-8,train,fall,1,data/raw/voxel_huggingface_data/Fall/14-8.mp4,0.0,5.6973,0.6742,1.3485,1,3,data/processed/window_poses_readable/train/label_fall/voxel_14-8__video_0p000s_to_5p697s/window_0001__time_0p674s_to_1p349s__frames_000020_to_000040.json,3,data/processed/frames/train/fall/voxel_14-8/frame_000020.jpg|data/processed/frames/train/fall/voxel_14-8/frame_000030.jpg|data/processed/frames/train/fall/voxel_14-8/frame_000040.jpg,0.6742|1.0114|1.3485
voxel_14-8_w0002,voxel_14-8,train,fall,1,data/raw/voxel_huggingface_data/Fall/14-8.mp4,0.0,5.6973,1.3485,2.0227,2,3,data/processed/window_poses_readable/train/label_fall/voxel_14-8__video_0p000s_to_5p697s/window_0002__time_1p349s_to_2p023s__frames_000040_to_000060.json,3,data/processed/frames/train/fall/voxel_14-8/frame_000040.jpg|data/processed/frames/train/fall/voxel_14-8/frame_000050.jpg|data/processed/frames/train/fall/voxel_14-8/frame_000060.jpg,1.3485|1.6856|2.0227
voxel_14-8_w0003,voxel_14-8,train,fall,1,data/raw/voxel_huggingface_data/Fall/14-8.mp4,0.0,5.6973,2.0227,2.697,3,3,data/processed/window_poses_readable/train/label_fall/voxel_14-8__video_0p000s_to_5p697s/window_0003__time_2p023s_to_2p697s__frames_000060_to_000080.json,3,data/processed/frames/train/fall/voxel_14-8/frame_000060.jpg|data/processed/frames/train/fall/voxel_14-8/frame_000070.jpg|data/processed/frames/train/fall/voxel_14-8/frame_000080.jpg,2.0227|2.3598|2.697
voxel_14-8_w0004,voxel_14-8,train,fall,1,data/raw/voxel_huggingface_data/Fall/14-8.mp4,0.0,5.6973,2.697,3.3375,4,3,data/processed/window_poses_readable/train/label_fall/voxel_14-8__video_0p000s_to_5p697s/window_0004__time_2p697s_to_3p337s__frames_000080_to_000099.json,1,data/processed/frames/train/fall/voxel_14-8/frame_000080.jpg|data/processed/frames/train/fall/voxel_14-8/frame_000089.jpg|data/processed/frames/train/fall/voxel_14-8/frame_000099.jpg,2.697|3.0004|3.3375
voxel_14-8_w0005,voxel_14-8,train,fall,1,data/raw/voxel_huggingface_data/Fall/14-8.mp4,0.0,5.6973,3.3375,4.0117,5,3,data/processed/window_poses_readable/train/label_fall/voxel_14-8__video_0p000s_to_5p697s/window_0005__time_3p337s_to_4p012s__frames_000099_to_000119.json,1,data/processed/frames/train/fall/voxel_14-8/frame_000099.jpg|data/processed/frames/train/fall/voxel_14-8/frame_000109.jpg|data/processed/frames/train/fall/voxel_14-8/frame_000119.jpg,3.3375|3.6746|4.0117
voxel_14-8_w0006,voxel_14-8,train,fall,1,data/raw/voxel_huggingface_data/Fall/14-8.mp4,0.0,5.6973,4.0117,4.686,6,3,data/processed/window_poses_readable/train/label_fall/voxel_14-8__video_0p000s_to_5p697s/window_0006__time_4p012s_to_4p686s__frames_000119_to_000139.json,0,data/processed/frames/train/fall/voxel_14-8/frame_000119.jpg|data/processed/frames/train/fall/voxel_14-8/frame_000129.jpg|data/processed/frames/train/fall/voxel_14-8/frame_000139.jpg,4.0117|4.3489|4.686
voxel_14-8_w0007,voxel_14-8,train,fall,1,data/raw/voxel_huggingface_data/Fall/14-8.mp4,0.0,5.6973,4.686,5.3602,7,3,data/processed/window_poses_readable/train/label_fall/voxel_14-8__video_0p000s_to_5p697s/window_0007__time_4p686s_to_5p360s__frames_000139_to_000159.json,0,data/processed/frames/train/fall/voxel_14-8/frame_000139.jpg|data/processed/frames/train/fall/voxel_14-8/frame_000149.jpg|data/processed/frames/train/fall/voxel_14-8/frame_000159.jpg,4.686|5.0231|5.3602
voxel_15-2_w0000,voxel_15-2,train,fall,1,data/raw/voxel_huggingface_data/Fall/15-2.mp4,0.0,11.6653,0.0,0.6704,0,3,data/processed/window_poses_readable/train/label_fall/voxel_15-2__video_0p000s_to_11p665s/window_0000__time_0p000s_to_0p670s__frames_000000_to_000020.json,3,data/processed/frames/train/fall/voxel_15-2/frame_000000.jpg|data/processed/frames/train/fall/voxel_15-2/frame_000010.jpg|data/processed/frames/train/fall/voxel_15-2/frame_000020.jpg,0.0|0.3352|0.6704
voxel_15-2_w0001,voxel_15-2,train,fall,1,data/raw/voxel_huggingface_data/Fall/15-2.mp4,0.0,11.6653,0.6704,1.3408,1,3,data/processed/window_poses_readable/train/label_fall/voxel_15-2__video_0p000s_to_11p665s/window_0001__time_0p670s_to_1p341s__frames_000020_to_000040.json,3,data/processed/frames/train/fall/voxel_15-2/frame_000020.jpg|data/processed/frames/train/fall/voxel_15-2/frame_000030.jpg|data/processed/frames/train/fall/voxel_15-2/frame_000040.jpg,0.6704|1.0056|1.3408
voxel_15-2_w0002,voxel_15-2,train,fall,1,data/raw/voxel_huggingface_data/Fall/15-2.mp4,0.0,11.6653,1.3408,2.0113,2,3,data/processed/window_poses_readable/train/label_fall/voxel_15-2__video_0p000s_to_11p665s/window_0002__time_1p341s_to_2p011s__frames_000040_to_000060.json,3,data/processed/frames/train/fall/voxel_15-2/frame_000040.jpg|data/processed/frames/train/fall/voxel_15-2/frame_000050.jpg|data/processed/frames/train/fall/voxel_15-2/frame_000060.jpg,1.3408|1.676|2.0113
voxel_15-2_w0003,voxel_15-2,train,fall,1,data/raw/voxel_huggingface_data/Fall/15-2.mp4,0.0,11.6653,2.0113,2.6817,3,3,data/processed/window_poses_readable/train/label_fall/voxel_15-2__video_0p000s_to_11p665s/window_0003__time_2p011s_to_2p682s__frames_000060_to_000080.json,3,data/processed/frames/train/fall/voxel_15-2/frame_000060.jpg|data/processed/frames/train/fall/voxel_15-2/frame_000070.jpg|data/processed/frames/train/fall/voxel_15-2/frame_000080.jpg,2.0113|2.3465|2.6817
voxel_15-2_w0004,voxel_15-2,train,fall,1,data/raw/voxel_huggingface_data/Fall/15-2.mp4,0.0,11.6653,2.6817,3.3521,4,3,data/processed/window_poses_readable/train/label_fall/voxel_15-2__video_0p000s_to_11p665s/window_0004__time_2p682s_to_3p352s__frames_000080_to_000100.json,3,data/processed/frames/train/fall/voxel_15-2/frame_000080.jpg|data/processed/frames/train/fall/voxel_15-2/frame_000090.jpg|data/processed/frames/train/fall/voxel_15-2/frame_000100.jpg,2.6817|3.0169|3.3521
voxel_15-2_w0005,voxel_15-2,train,fall,1,data/raw/voxel_huggingface_data/Fall/15-2.mp4,0.0,11.6653,3.3521,4.0225,5,3,data/processed/window_poses_readable/train/label_fall/voxel_15-2__video_0p000s_to_11p665s/window_0005__time_3p352s_to_4p022s__frames_000100_to_000120.json,3,data/processed/frames/train/fall/voxel_15-2/frame_000100.jpg|data/processed/frames/train/fall/voxel_15-2/frame_000110.jpg|data/processed/frames/train/fall/voxel_15-2/frame_000120.jpg,3.3521|3.6873|4.0225
voxel_15-2_w0006,voxel_15-2,train,fall,1,data/raw/voxel_huggingface_data/Fall/15-2.mp4,0.0,11.6653,4.0225,4.6929,6,3,data/processed/window_poses_readable/train/label_fall/voxel_15-2__video_0p000s_to_11p665s/window_0006__time_4p022s_to_4p693s__frames_000120_to_000140.json,3,data/processed/frames/train/fall/voxel_15-2/frame_000120.jpg|data/processed/frames/train/fall/voxel_15-2/frame_000130.jpg|data/processed/frames/train/fall/voxel_15-2/frame_000140.jpg,4.0225|4.3577|4.6929
voxel_15-2_w0007,voxel_15-2,train,fall,1,data/raw/voxel_huggingface_data/Fall/15-2.mp4,0.0,11.6653,4.6929,5.3634,7,3,data/processed/window_poses_readable/train/label_fall/voxel_15-2__video_0p000s_to_11p665s/window_0007__time_4p693s_to_5p363s__frames_000140_to_000160.json,3,data/processed/frames/train/fall/voxel_15-2/frame_000140.jpg|data/processed/frames/train/fall/voxel_15-2/frame_000150.jpg|data/processed/frames/train/fall/voxel_15-2/frame_000160.jpg,4.6929|5.0281|5.3634
voxel_15-2_w0008,voxel_15-2,train,fall,1,data/raw/voxel_huggingface_data/Fall/15-2.mp4,0.0,11.6653,5.3634,6.0002,8,3,data/processed/window_poses_readable/train/label_fall/voxel_15-2__video_0p000s_to_11p665s/window_0008__time_5p363s_to_6p000s__frames_000160_to_000179.json,3,data/processed/frames/train/fall/voxel_15-2/frame_000160.jpg|data/processed/frames/train/fall/voxel_15-2/frame_000170.jpg|data/processed/frames/train/fall/voxel_15-2/frame_000179.jpg,5.3634|5.6986|6.0002
voxel_15-2_w0009,voxel_15-2,train,fall,1,data/raw/voxel_huggingface_data/Fall/15-2.mp4,0.0,11.6653,6.0002,6.6707,9,3,data/processed/window_poses_readable/train/label_fall/voxel_15-2__video_0p000s_to_11p665s/window_0009__time_6p000s_to_6p671s__frames_000179_to_000199.json,3,data/processed/frames/train/fall/voxel_15-2/frame_000179.jpg|data/processed/frames/train/fall/voxel_15-2/frame_000189.jpg|data/processed/frames/train/fall/voxel_15-2/frame_000199.jpg,6.0002|6.3355|6.6707
voxel_15-2_w0010,voxel_15-2,train,fall,1,data/raw/voxel_huggingface_data/Fall/15-2.mp4,0.0,11.6653,6.6707,7.3411,10,3,data/processed/window_poses_readable/train/label_fall/voxel_15-2__video_0p000s_to_11p665s/window_0010__time_6p671s_to_7p341s__frames_000199_to_000219.json,3,data/processed/frames/train/fall/voxel_15-2/frame_000199.jpg|data/processed/frames/train/fall/voxel_15-2/frame_000209.jpg|data/processed/frames/train/fall/voxel_15-2/frame_000219.jpg,6.6707|7.0059|7.3411
voxel_15-2_w0011,voxel_15-2,train,fall,1,data/raw/voxel_huggingface_data/Fall/15-2.mp4,0.0,11.6653,7.3411,8.0115,11,3,data/processed/window_poses_readable/train/label_fall/voxel_15-2__video_0p000s_to_11p665s/window_0011__time_7p341s_to_8p011s__frames_000219_to_000239.json,3,data/processed/frames/train/fall/voxel_15-2/frame_000219.jpg|data/processed/frames/train/fall/voxel_15-2/frame_000229.jpg|data/processed/frames/train/fall/voxel_15-2/frame_000239.jpg,7.3411|7.6763|8.0115
voxel_15-2_w0012,voxel_15-2,train,fall,1,data/raw/voxel_huggingface_data/Fall/15-2.mp4,0.0,11.6653,8.0115,8.6819,12,3,data/processed/window_poses_readable/train/label_fall/voxel_15-2__video_0p000s_to_11p665s/window_0012__time_8p011s_to_8p682s__frames_000239_to_000259.json,3,data/processed/frames/train/fall/voxel_15-2/frame_000239.jpg|data/processed/frames/train/fall/voxel_15-2/frame_000249.jpg|data/processed/frames/train/fall/voxel_15-2/frame_000259.jpg,8.0115|8.3467|8.6819
voxel_15-2_w0013,voxel_15-2,train,fall,1,data/raw/voxel_huggingface_data/Fall/15-2.mp4,0.0,11.6653,8.6819,9.3523,13,3,data/processed/window_poses_readable/train/label_fall/voxel_15-2__video_0p000s_to_11p665s/window_0013__time_8p682s_to_9p352s__frames_000259_to_000279.json,3,data/processed/frames/train/fall/voxel_15-2/frame_000259.jpg|data/processed/frames/train/fall/voxel_15-2/frame_000269.jpg|data/processed/frames/train/fall/voxel_15-2/frame_000279.jpg,8.6819|9.0171|9.3523
voxel_15-2_w0014,voxel_15-2,train,fall,1,data/raw/voxel_huggingface_data/Fall/15-2.mp4,0.0,11.6653,9.3523,10.0228,14,3,data/processed/window_poses_readable/train/label_fall/voxel_15-2__video_0p000s_to_11p665s/window_0014__time_9p352s_to_10p023s__frames_000279_to_000299.json,3,data/processed/frames/train/fall/voxel_15-2/frame_000279.jpg|data/processed/frames/train/fall/voxel_15-2/frame_000289.jpg|data/processed/frames/train/fall/voxel_15-2/frame_000299.jpg,9.3523|9.6876|10.0228
voxel_15-2_w0015,voxel_15-2,train,fall,1,data/raw/voxel_huggingface_data/Fall/15-2.mp4,0.0,11.6653,10.0228,10.6932,15,3,data/processed/window_poses_readable/train/label_fall/voxel_15-2__video_0p000s_to_11p665s/window_0015__time_10p023s_to_10p693s__frames_000299_to_000319.json,1,data/processed/frames/train/fall/voxel_15-2/frame_000299.jpg|data/processed/frames/train/fall/voxel_15-2/frame_000309.jpg|data/processed/frames/train/fall/voxel_15-2/frame_000319.jpg,10.0228|10.358|10.6932
voxel_15-2_w0016,voxel_15-2,train,fall,1,data/raw/voxel_huggingface_data/Fall/15-2.mp4,0.0,11.6653,10.6932,11.3636,16,3,data/processed/window_poses_readable/train/label_fall/voxel_15-2__video_0p000s_to_11p665s/window_0016__time_10p693s_to_11p364s__frames_000319_to_000339.json,1,data/processed/frames/train/fall/voxel_15-2/frame_000319.jpg|data/processed/frames/train/fall/voxel_15-2/frame_000329.jpg|data/processed/frames/train/fall/voxel_15-2/frame_000339.jpg,10.6932|11.0284|11.3636
voxel_15-4_w0000,voxel_15-4,train,fall,1,data/raw/voxel_huggingface_data/Fall/15-4.mp4,0.0,5.6496,0.0,0.7311,0,3,data/processed/window_poses_readable/train/label_fall/voxel_15-4__video_0p000s_to_5p650s/window_0000__time_0p000s_to_0p731s__frames_000000_to_000011.json,3,data/processed/frames/train/fall/voxel_15-4/frame_000000.jpg|data/processed/frames/train/fall/voxel_15-4/frame_000006.jpg|data/processed/frames/train/fall/voxel_15-4/frame_000011.jpg,0.0|0.3988|0.7311
voxel_15-4_w0001,voxel_15-4,train,fall,1,data/raw/voxel_huggingface_data/Fall/15-4.mp4,0.0,5.6496,0.7311,1.3958,1,3,data/processed/window_poses_readable/train/label_fall/voxel_15-4__video_0p000s_to_5p650s/window_0001__time_0p731s_to_1p396s__frames_000011_to_000021.json,3,data/processed/frames/train/fall/voxel_15-4/frame_000011.jpg|data/processed/frames/train/fall/voxel_15-4/frame_000016.jpg|data/processed/frames/train/fall/voxel_15-4/frame_000021.jpg,0.7311|1.0635|1.3958
voxel_15-4_w0002,voxel_15-4,train,fall,1,data/raw/voxel_huggingface_data/Fall/15-4.mp4,0.0,5.6496,1.3958,2.0605,2,3,data/processed/window_poses_readable/train/label_fall/voxel_15-4__video_0p000s_to_5p650s/window_0002__time_1p396s_to_2p061s__frames_000021_to_000031.json,3,data/processed/frames/train/fall/voxel_15-4/frame_000021.jpg|data/processed/frames/train/fall/voxel_15-4/frame_000026.jpg|data/processed/frames/train/fall/voxel_15-4/frame_000031.jpg,1.3958|1.7281|2.0605
voxel_15-4_w0003,voxel_15-4,train,fall,1,data/raw/voxel_huggingface_data/Fall/15-4.mp4,0.0,5.6496,2.0605,2.7251,3,3,data/processed/window_poses_readable/train/label_fall/voxel_15-4__video_0p000s_to_5p650s/window_0003__time_2p061s_to_2p725s__frames_000031_to_000041.json,3,data/processed/frames/train/fall/voxel_15-4/frame_000031.jpg|data/processed/frames/train/fall/voxel_15-4/frame_000036.jpg|data/processed/frames/train/fall/voxel_15-4/frame_000041.jpg,2.0605|2.3928|2.7251
voxel_15-4_w0004,voxel_15-4,train,fall,1,data/raw/voxel_huggingface_data/Fall/15-4.mp4,0.0,5.6496,2.7251,3.3898,4,3,data/processed/window_poses_readable/train/label_fall/voxel_15-4__video_0p000s_to_5p650s/window_0004__time_2p725s_to_3p390s__frames_000041_to_000051.json,2,data/processed/frames/train/fall/voxel_15-4/frame_000041.jpg|data/processed/frames/train/fall/voxel_15-4/frame_000046.jpg|data/processed/frames/train/fall/voxel_15-4/frame_000051.jpg,2.7251|3.0575|3.3898
voxel_15-4_w0005,voxel_15-4,train,fall,1,data/raw/voxel_huggingface_data/Fall/15-4.mp4,0.0,5.6496,3.3898,4.0544,5,3,data/processed/window_poses_readable/train/label_fall/voxel_15-4__video_0p000s_to_5p650s/window_0005__time_3p390s_to_4p054s__frames_000051_to_000061.json,2,data/processed/frames/train/fall/voxel_15-4/frame_000051.jpg|data/processed/frames/train/fall/voxel_15-4/frame_000056.jpg|data/processed/frames/train/fall/voxel_15-4/frame_000061.jpg,3.3898|3.7221|4.0544
voxel_15-4_w0006,voxel_15-4,train,fall,1,data/raw/voxel_huggingface_data/Fall/15-4.mp4,0.0,5.6496,4.0544,4.7191,6,3,data/processed/window_poses_readable/train/label_fall/voxel_15-4__video_0p000s_to_5p650s/window_0006__time_4p054s_to_4p719s__frames_000061_to_000071.json,1,data/processed/frames/train/fall/voxel_15-4/frame_000061.jpg|data/processed/frames/train/fall/voxel_15-4/frame_000066.jpg|data/processed/frames/train/fall/voxel_15-4/frame_000071.jpg,4.0544|4.3868|4.7191
voxel_15-4_w0007,voxel_15-4,train,fall,1,data/raw/voxel_huggingface_data/Fall/15-4.mp4,0.0,5.6496,4.7191,5.3838,7,3,data/processed/window_poses_readable/train/label_fall/voxel_15-4__video_0p000s_to_5p650s/window_0007__time_4p719s_to_5p384s__frames_000071_to_000081.json,1,data/processed/frames/train/fall/voxel_15-4/frame_000071.jpg|data/processed/frames/train/fall/voxel_15-4/frame_000076.jpg|data/processed/frames/train/fall/voxel_15-4/frame_000081.jpg,4.7191|5.0514|5.3838
voxel_15-8_w0000,voxel_15-8,train,fall,1,data/raw/voxel_huggingface_data/Fall/15-8.mp4,0.0,6.0016,0.0,0.6743,0,3,data/processed/window_poses_readable/train/label_fall/voxel_15-8__video_0p000s_to_6p002s/window_0000__time_0p000s_to_0p674s__frames_000000_to_000020.json,3,data/processed/frames/train/fall/voxel_15-8/frame_000000.jpg|data/processed/frames/train/fall/voxel_15-8/frame_000010.jpg|data/processed/frames/train/fall/voxel_15-8/frame_000020.jpg,0.0|0.3372|0.6743
voxel_15-8_w0001,voxel_15-8,train,fall,1,data/raw/voxel_huggingface_data/Fall/15-8.mp4,0.0,6.0016,0.6743,1.3487,1,3,data/processed/window_poses_readable/train/label_fall/voxel_15-8__video_0p000s_to_6p002s/window_0001__time_0p674s_to_1p349s__frames_000020_to_000040.json,3,data/processed/frames/train/fall/voxel_15-8/frame_000020.jpg|data/processed/frames/train/fall/voxel_15-8/frame_000030.jpg|data/processed/frames/train/fall/voxel_15-8/frame_000040.jpg,0.6743|1.0115|1.3487
voxel_15-8_w0002,voxel_15-8,train,fall,1,data/raw/voxel_huggingface_data/Fall/15-8.mp4,0.0,6.0016,1.3487,2.023,2,3,data/processed/window_poses_readable/train/label_fall/voxel_15-8__video_0p000s_to_6p002s/window_0002__time_1p349s_to_2p023s__frames_000040_to_000060.json,3,data/processed/frames/train/fall/voxel_15-8/frame_000040.jpg|data/processed/frames/train/fall/voxel_15-8/frame_000050.jpg|data/processed/frames/train/fall/voxel_15-8/frame_000060.jpg,1.3487|1.6858|2.023
voxel_15-8_w0003,voxel_15-8,train,fall,1,data/raw/voxel_huggingface_data/Fall/15-8.mp4,0.0,6.0016,2.023,2.6973,3,3,data/processed/window_poses_readable/train/label_fall/voxel_15-8__video_0p000s_to_6p002s/window_0003__time_2p023s_to_2p697s__frames_000060_to_000080.json,3,data/processed/frames/train/fall/voxel_15-8/frame_000060.jpg|data/processed/frames/train/fall/voxel_15-8/frame_000070.jpg|data/processed/frames/train/fall/voxel_15-8/frame_000080.jpg,2.023|2.3602|2.6973
voxel_15-8_w0004,voxel_15-8,train,fall,1,data/raw/voxel_huggingface_data/Fall/15-8.mp4,0.0,6.0016,2.6973,3.338,4,3,data/processed/window_poses_readable/train/label_fall/voxel_15-8__video_0p000s_to_6p002s/window_0004__time_2p697s_to_3p338s__frames_000080_to_000099.json,3,data/processed/frames/train/fall/voxel_15-8/frame_000080.jpg|data/processed/frames/train/fall/voxel_15-8/frame_000089.jpg|data/processed/frames/train/fall/voxel_15-8/frame_000099.jpg,2.6973|3.0008|3.338
voxel_15-8_w0005,voxel_15-8,train,fall,1,data/raw/voxel_huggingface_data/Fall/15-8.mp4,0.0,6.0016,3.338,4.0123,5,3,data/processed/window_poses_readable/train/label_fall/voxel_15-8__video_0p000s_to_6p002s/window_0005__time_3p338s_to_4p012s__frames_000099_to_000119.json,3,data/processed/frames/train/fall/voxel_15-8/frame_000099.jpg|data/processed/frames/train/fall/voxel_15-8/frame_000109.jpg|data/processed/frames/train/fall/voxel_15-8/frame_000119.jpg,3.338|3.6751|4.0123
voxel_15-8_w0006,voxel_15-8,train,fall,1,data/raw/voxel_huggingface_data/Fall/15-8.mp4,0.0,6.0016,4.0123,4.6866,6,3,data/processed/window_poses_readable/train/label_fall/voxel_15-8__video_0p000s_to_6p002s/window_0006__time_4p012s_to_4p687s__frames_000119_to_000139.json,3,data/processed/frames/train/fall/voxel_15-8/frame_000119.jpg|data/processed/frames/train/fall/voxel_15-8/frame_000129.jpg|data/processed/frames/train/fall/voxel_15-8/frame_000139.jpg,4.0123|4.3495|4.6866
voxel_15-8_w0007,voxel_15-8,train,fall,1,data/raw/voxel_huggingface_data/Fall/15-8.mp4,0.0,6.0016,4.6866,5.361,7,3,data/processed/window_poses_readable/train/label_fall/voxel_15-8__video_0p000s_to_6p002s/window_0007__time_4p687s_to_5p361s__frames_000139_to_000159.json,3,data/processed/frames/train/fall/voxel_15-8/frame_000139.jpg|data/processed/frames/train/fall/voxel_15-8/frame_000149.jpg|data/processed/frames/train/fall/voxel_15-8/frame_000159.jpg,4.6866|5.0238|5.361
voxel_16-4_w0000,voxel_16-4,train,fall,1,data/raw/voxel_huggingface_data/Fall/16-4.mp4,0.0,6.0803,0.0,0.6682,0,3,data/processed/window_poses_readable/train/label_fall/voxel_16-4__video_0p000s_to_6p080s/window_0000__time_0p000s_to_0p668s__frames_000000_to_000010.json,2,data/processed/frames/train/fall/voxel_16-4/frame_000000.jpg|data/processed/frames/train/fall/voxel_16-4/frame_000005.jpg|data/processed/frames/train/fall/voxel_16-4/frame_000010.jpg,0.0|0.3341|0.6682
voxel_16-4_w0001,voxel_16-4,train,fall,1,data/raw/voxel_huggingface_data/Fall/16-4.mp4,0.0,6.0803,0.6682,1.3363,1,3,data/processed/window_poses_readable/train/label_fall/voxel_16-4__video_0p000s_to_6p080s/window_0001__time_0p668s_to_1p336s__frames_000010_to_000020.json,3,data/processed/frames/train/fall/voxel_16-4/frame_000010.jpg|data/processed/frames/train/fall/voxel_16-4/frame_000015.jpg|data/processed/frames/train/fall/voxel_16-4/frame_000020.jpg,0.6682|1.0022|1.3363
voxel_16-4_w0002,voxel_16-4,train,fall,1,data/raw/voxel_huggingface_data/Fall/16-4.mp4,0.0,6.0803,1.3363,2.0045,2,3,data/processed/window_poses_readable/train/label_fall/voxel_16-4__video_0p000s_to_6p080s/window_0002__time_1p336s_to_2p005s__frames_000020_to_000030.json,3,data/processed/frames/train/fall/voxel_16-4/frame_000020.jpg|data/processed/frames/train/fall/voxel_16-4/frame_000025.jpg|data/processed/frames/train/fall/voxel_16-4/frame_000030.jpg,1.3363|1.6704|2.0045
voxel_16-4_w0003,voxel_16-4,train,fall,1,data/raw/voxel_huggingface_data/Fall/16-4.mp4,0.0,6.0803,2.0045,2.6727,3,3,data/processed/window_poses_readable/train/label_fall/voxel_16-4__video_0p000s_to_6p080s/window_0003__time_2p005s_to_2p673s__frames_000030_to_000040.json,2,data/processed/frames/train/fall/voxel_16-4/frame_000030.jpg|data/processed/frames/train/fall/voxel_16-4/frame_000035.jpg|data/processed/frames/train/fall/voxel_16-4/frame_000040.jpg,2.0045|2.3386|2.6727
voxel_16-4_w0004,voxel_16-4,train,fall,1,data/raw/voxel_huggingface_data/Fall/16-4.mp4,0.0,6.0803,2.6727,3.3408,4,3,data/processed/window_poses_readable/train/label_fall/voxel_16-4__video_0p000s_to_6p080s/window_0004__time_2p673s_to_3p341s__frames_000040_to_000050.json,3,data/processed/frames/train/fall/voxel_16-4/frame_000040.jpg|data/processed/frames/train/fall/voxel_16-4/frame_000045.jpg|data/processed/frames/train/fall/voxel_16-4/frame_000050.jpg,2.6727|3.0067|3.3408
voxel_16-4_w0005,voxel_16-4,train,fall,1,data/raw/voxel_huggingface_data/Fall/16-4.mp4,0.0,6.0803,3.3408,4.009,5,3,data/processed/window_poses_readable/train/label_fall/voxel_16-4__video_0p000s_to_6p080s/window_0005__time_3p341s_to_4p009s__frames_000050_to_000060.json,3,data/processed/frames/train/fall/voxel_16-4/frame_000050.jpg|data/processed/frames/train/fall/voxel_16-4/frame_000055.jpg|data/processed/frames/train/fall/voxel_16-4/frame_000060.jpg,3.3408|3.6749|4.009
voxel_16-4_w0006,voxel_16-4,train,fall,1,data/raw/voxel_huggingface_data/Fall/16-4.mp4,0.0,6.0803,4.009,4.6771,6,3,data/processed/window_poses_readable/train/label_fall/voxel_16-4__video_0p000s_to_6p080s/window_0006__time_4p009s_to_4p677s__frames_000060_to_000070.json,3,data/processed/frames/train/fall/voxel_16-4/frame_000060.jpg|data/processed/frames/train/fall/voxel_16-4/frame_000065.jpg|data/processed/frames/train/fall/voxel_16-4/frame_000070.jpg,4.009|4.3431|4.6771
voxel_16-4_w0007,voxel_16-4,train,fall,1,data/raw/voxel_huggingface_data/Fall/16-4.mp4,0.0,6.0803,4.6771,5.3453,7,3,data/processed/window_poses_readable/train/label_fall/voxel_16-4__video_0p000s_to_6p080s/window_0007__time_4p677s_to_5p345s__frames_000070_to_000080.json,3,data/processed/frames/train/fall/voxel_16-4/frame_000070.jpg|data/processed/frames/train/fall/voxel_16-4/frame_000075.jpg|data/processed/frames/train/fall/voxel_16-4/frame_000080.jpg,4.6771|5.0112|5.3453
voxel_16-4_w0008,voxel_16-4,train,fall,1,data/raw/voxel_huggingface_data/Fall/16-4.mp4,0.0,6.0803,5.3453,6.0135,8,3,data/processed/window_poses_readable/train/label_fall/voxel_16-4__video_0p000s_to_6p080s/window_0008__time_5p345s_to_6p013s__frames_000080_to_000090.json,3,data/processed/frames/train/fall/voxel_16-4/frame_000080.jpg|data/processed/frames/train/fall/voxel_16-4/frame_000085.jpg|data/processed/frames/train/fall/voxel_16-4/frame_000090.jpg,5.3453|5.6794|6.0135
voxel_16-6_w0000,voxel_16-6,train,fall,1,data/raw/voxel_huggingface_data/Fall/16-6.mp4,0.0,7.1056,0.0,0.6703,0,3,data/processed/window_poses_readable/train/label_fall/voxel_16-6__video_0p000s_to_7p106s/window_0000__time_0p000s_to_0p670s__frames_000000_to_000020.json,0,data/processed/frames/train/fall/voxel_16-6/frame_000000.jpg|data/processed/frames/train/fall/voxel_16-6/frame_000010.jpg|data/processed/frames/train/fall/voxel_16-6/frame_000020.jpg,0.0|0.3352|0.6703
voxel_16-6_w0001,voxel_16-6,train,fall,1,data/raw/voxel_huggingface_data/Fall/16-6.mp4,0.0,7.1056,0.6703,1.3407,1,3,data/processed/window_poses_readable/train/label_fall/voxel_16-6__video_0p000s_to_7p106s/window_0001__time_0p670s_to_1p341s__frames_000020_to_000040.json,1,data/processed/frames/train/fall/voxel_16-6/frame_000020.jpg|data/processed/frames/train/fall/voxel_16-6/frame_000030.jpg|data/processed/frames/train/fall/voxel_16-6/frame_000040.jpg,0.6703|1.0055|1.3407
voxel_16-6_w0002,voxel_16-6,train,fall,1,data/raw/voxel_huggingface_data/Fall/16-6.mp4,0.0,7.1056,1.3407,2.011,2,3,data/processed/window_poses_readable/train/label_fall/voxel_16-6__video_0p000s_to_7p106s/window_0002__time_1p341s_to_2p011s__frames_000040_to_000060.json,1,data/processed/frames/train/fall/voxel_16-6/frame_000040.jpg|data/processed/frames/train/fall/voxel_16-6/frame_000050.jpg|data/processed/frames/train/fall/voxel_16-6/frame_000060.jpg,1.3407|1.6759|2.011
voxel_16-6_w0003,voxel_16-6,train,fall,1,data/raw/voxel_huggingface_data/Fall/16-6.mp4,0.0,7.1056,2.011,2.6814,3,3,data/processed/window_poses_readable/train/label_fall/voxel_16-6__video_0p000s_to_7p106s/window_0003__time_2p011s_to_2p681s__frames_000060_to_000080.json,0,data/processed/frames/train/fall/voxel_16-6/frame_000060.jpg|data/processed/frames/train/fall/voxel_16-6/frame_000070.jpg|data/processed/frames/train/fall/voxel_16-6/frame_000080.jpg,2.011|2.3462|2.6814
voxel_16-6_w0004,voxel_16-6,train,fall,1,data/raw/voxel_huggingface_data/Fall/16-6.mp4,0.0,7.1056,2.6814,3.3517,4,3,data/processed/window_poses_readable/train/label_fall/voxel_16-6__video_0p000s_to_7p106s/window_0004__time_2p681s_to_3p352s__frames_000080_to_000100.json,2,data/processed/frames/train/fall/voxel_16-6/frame_000080.jpg|data/processed/frames/train/fall/voxel_16-6/frame_000090.jpg|data/processed/frames/train/fall/voxel_16-6/frame_000100.jpg,2.6814|3.0165|3.3517
voxel_16-6_w0005,voxel_16-6,train,fall,1,data/raw/voxel_huggingface_data/Fall/16-6.mp4,0.0,7.1056,3.3517,4.0221,5,3,data/processed/window_poses_readable/train/label_fall/voxel_16-6__video_0p000s_to_7p106s/window_0005__time_3p352s_to_4p022s__frames_000100_to_000120.json,3,data/processed/frames/train/fall/voxel_16-6/frame_000100.jpg|data/processed/frames/train/fall/voxel_16-6/frame_000110.jpg|data/processed/frames/train/fall/voxel_16-6/frame_000120.jpg,3.3517|3.6869|4.0221
voxel_16-6_w0006,voxel_16-6,train,fall,1,data/raw/voxel_huggingface_data/Fall/16-6.mp4,0.0,7.1056,4.0221,4.6924,6,3,data/processed/window_poses_readable/train/label_fall/voxel_16-6__video_0p000s_to_7p106s/window_0006__time_4p022s_to_4p692s__frames_000120_to_000140.json,3,data/processed/frames/train/fall/voxel_16-6/frame_000120.jpg|data/processed/frames/train/fall/voxel_16-6/frame_000130.jpg|data/processed/frames/train/fall/voxel_16-6/frame_000140.jpg,4.0221|4.3572|4.6924
voxel_16-6_w0007,voxel_16-6,train,fall,1,data/raw/voxel_huggingface_data/Fall/16-6.mp4,0.0,7.1056,4.6924,5.3627,7,3,data/processed/window_poses_readable/train/label_fall/voxel_16-6__video_0p000s_to_7p106s/window_0007__time_4p692s_to_5p363s__frames_000140_to_000160.json,3,data/processed/frames/train/fall/voxel_16-6/frame_000140.jpg|data/processed/frames/train/fall/voxel_16-6/frame_000150.jpg|data/processed/frames/train/fall/voxel_16-6/frame_000160.jpg,4.6924|5.0276|5.3627
voxel_16-6_w0008,voxel_16-6,train,fall,1,data/raw/voxel_huggingface_data/Fall/16-6.mp4,0.0,7.1056,5.3627,6.0331,8,3,data/processed/window_poses_readable/train/label_fall/voxel_16-6__video_0p000s_to_7p106s/window_0008__time_5p363s_to_6p033s__frames_000160_to_000180.json,3,data/processed/frames/train/fall/voxel_16-6/frame_000160.jpg|data/processed/frames/train/fall/voxel_16-6/frame_000170.jpg|data/processed/frames/train/fall/voxel_16-6/frame_000180.jpg,5.3627|5.6979|6.0331
voxel_16-6_w0009,voxel_16-6,train,fall,1,data/raw/voxel_huggingface_data/Fall/16-6.mp4,0.0,7.1056,6.0331,6.6699,9,3,data/processed/window_poses_readable/train/label_fall/voxel_16-6__video_0p000s_to_7p106s/window_0009__time_6p033s_to_6p670s__frames_000180_to_000199.json,3,data/processed/frames/train/fall/voxel_16-6/frame_000180.jpg|data/processed/frames/train/fall/voxel_16-6/frame_000189.jpg|data/processed/frames/train/fall/voxel_16-6/frame_000199.jpg,6.0331|6.3347|6.6699
voxel_18-4_w0000,voxel_18-4,train,fall,1,data/raw/voxel_huggingface_data/Fall/18-4.mp4,0.0,11.8736,0.0,0.6671,0,3,data/processed/window_poses_readable/train/label_fall/voxel_18-4__video_0p000s_to_11p874s/window_0000__time_0p000s_to_0p667s__frames_000000_to_000010.json,3,data/processed/frames/train/fall/voxel_18-4/frame_000000.jpg|data/processed/frames/train/fall/voxel_18-4/frame_000005.jpg|data/processed/frames/train/fall/voxel_18-4/frame_000010.jpg,0.0|0.3335|0.6671
voxel_18-4_w0001,voxel_18-4,train,fall,1,data/raw/voxel_huggingface_data/Fall/18-4.mp4,0.0,11.8736,0.6671,1.3341,1,3,data/processed/window_poses_readable/train/label_fall/voxel_18-4__video_0p000s_to_11p874s/window_0001__time_0p667s_to_1p334s__frames_000010_to_000020.json,3,data/processed/frames/train/fall/voxel_18-4/frame_000010.jpg|data/processed/frames/train/fall/voxel_18-4/frame_000015.jpg|data/processed/frames/train/fall/voxel_18-4/frame_000020.jpg,0.6671|1.0006|1.3341
voxel_18-4_w0002,voxel_18-4,train,fall,1,data/raw/voxel_huggingface_data/Fall/18-4.mp4,0.0,11.8736,1.3341,2.0012,2,3,data/processed/window_poses_readable/train/label_fall/voxel_18-4__video_0p000s_to_11p874s/window_0002__time_1p334s_to_2p001s__frames_000020_to_000030.json,3,data/processed/frames/train/fall/voxel_18-4/frame_000020.jpg|data/processed/frames/train/fall/voxel_18-4/frame_000025.jpg|data/processed/frames/train/fall/voxel_18-4/frame_000030.jpg,1.3341|1.6676|2.0012
voxel_18-4_w0003,voxel_18-4,train,fall,1,data/raw/voxel_huggingface_data/Fall/18-4.mp4,0.0,11.8736,2.0012,2.6682,3,3,data/processed/window_poses_readable/train/label_fall/voxel_18-4__video_0p000s_to_11p874s/window_0003__time_2p001s_to_2p668s__frames_000030_to_000040.json,3,data/processed/frames/train/fall/voxel_18-4/frame_000030.jpg|data/processed/frames/train/fall/voxel_18-4/frame_000035.jpg|data/processed/frames/train/fall/voxel_18-4/frame_000040.jpg,2.0012|2.3347|2.6682
voxel_18-4_w0004,voxel_18-4,train,fall,1,data/raw/voxel_huggingface_data/Fall/18-4.mp4,0.0,11.8736,2.6682,3.3353,4,3,data/processed/window_poses_readable/train/label_fall/voxel_18-4__video_0p000s_to_11p874s/window_0004__time_2p668s_to_3p335s__frames_000040_to_000050.json,3,data/processed/frames/train/fall/voxel_18-4/frame_000040.jpg|data/processed/frames/train/fall/voxel_18-4/frame_000045.jpg|data/processed/frames/train/fall/voxel_18-4/frame_000050.jpg,2.6682|3.0018|3.3353
voxel_18-4_w0005,voxel_18-4,train,fall,1,data/raw/voxel_huggingface_data/Fall/18-4.mp4,0.0,11.8736,3.3353,4.0023,5,3,data/processed/window_poses_readable/train/label_fall/voxel_18-4__video_0p000s_to_11p874s/window_0005__time_3p335s_to_4p002s__frames_000050_to_000060.json,3,data/processed/frames/train/fall/voxel_18-4/frame_000050.jpg|data/processed/frames/train/fall/voxel_18-4/frame_000055.jpg|data/processed/frames/train/fall/voxel_18-4/frame_000060.jpg,3.3353|3.6688|4.0023
voxel_18-4_w0006,voxel_18-4,train,fall,1,data/raw/voxel_huggingface_data/Fall/18-4.mp4,0.0,11.8736,4.0023,4.6694,6,3,data/processed/window_poses_readable/train/label_fall/voxel_18-4__video_0p000s_to_11p874s/window_0006__time_4p002s_to_4p669s__frames_000060_to_000070.json,2,data/processed/frames/train/fall/voxel_18-4/frame_000060.jpg|data/processed/frames/train/fall/voxel_18-4/frame_000065.jpg|data/processed/frames/train/fall/voxel_18-4/frame_000070.jpg,4.0023|4.3359|4.6694
voxel_18-4_w0007,voxel_18-4,train,fall,1,data/raw/voxel_huggingface_data/Fall/18-4.mp4,0.0,11.8736,4.6694,5.3365,7,3,data/processed/window_poses_readable/train/label_fall/voxel_18-4__video_0p000s_to_11p874s/window_0007__time_4p669s_to_5p337s__frames_000070_to_000080.json,2,data/processed/frames/train/fall/voxel_18-4/frame_000070.jpg|data/processed/frames/train/fall/voxel_18-4/frame_000075.jpg|data/processed/frames/train/fall/voxel_18-4/frame_000080.jpg,4.6694|5.0029|5.3365
voxel_18-4_w0008,voxel_18-4,train,fall,1,data/raw/voxel_huggingface_data/Fall/18-4.mp4,0.0,11.8736,5.3365,6.0035,8,3,data/processed/window_poses_readable/train/label_fall/voxel_18-4__video_0p000s_to_11p874s/window_0008__time_5p337s_to_6p003s__frames_000080_to_000090.json,3,data/processed/frames/train/fall/voxel_18-4/frame_000080.jpg|data/processed/frames/train/fall/voxel_18-4/frame_000085.jpg|data/processed/frames/train/fall/voxel_18-4/frame_000090.jpg,5.3365|5.67|6.0035
voxel_18-4_w0009,voxel_18-4,train,fall,1,data/raw/voxel_huggingface_data/Fall/18-4.mp4,0.0,11.8736,6.0035,6.6706,9,3,data/processed/window_poses_readable/train/label_fall/voxel_18-4__video_0p000s_to_11p874s/window_0009__time_6p003s_to_6p671s__frames_000090_to_000100.json,3,data/processed/frames/train/fall/voxel_18-4/frame_000090.jpg|data/processed/frames/train/fall/voxel_18-4/frame_000095.jpg|data/processed/frames/train/fall/voxel_18-4/frame_000100.jpg,6.0035|6.3371|6.6706
voxel_18-4_w0010,voxel_18-4,train,fall,1,data/raw/voxel_huggingface_data/Fall/18-4.mp4,0.0,11.8736,6.6706,7.3376,10,3,data/processed/window_poses_readable/train/label_fall/voxel_18-4__video_0p000s_to_11p874s/window_0010__time_6p671s_to_7p338s__frames_000100_to_000110.json,2,data/processed/frames/train/fall/voxel_18-4/frame_000100.jpg|data/processed/frames/train/fall/voxel_18-4/frame_000105.jpg|data/processed/frames/train/fall/voxel_18-4/frame_000110.jpg,6.6706|7.0041|7.3376
voxel_18-4_w0011,voxel_18-4,train,fall,1,data/raw/voxel_huggingface_data/Fall/18-4.mp4,0.0,11.8736,7.3376,8.0047,11,3,data/processed/window_poses_readable/train/label_fall/voxel_18-4__video_0p000s_to_11p874s/window_0011__time_7p338s_to_8p005s__frames_000110_to_000120.json,3,data/processed/frames/train/fall/voxel_18-4/frame_000110.jpg|data/processed/frames/train/fall/voxel_18-4/frame_000115.jpg|data/processed/frames/train/fall/voxel_18-4/frame_000120.jpg,7.3376|7.6712|8.0047
voxel_18-4_w0012,voxel_18-4,train,fall,1,data/raw/voxel_huggingface_data/Fall/18-4.mp4,0.0,11.8736,8.0047,8.6718,12,3,data/processed/window_poses_readable/train/label_fall/voxel_18-4__video_0p000s_to_11p874s/window_0012__time_8p005s_to_8p672s__frames_000120_to_000130.json,3,data/processed/frames/train/fall/voxel_18-4/frame_000120.jpg|data/processed/frames/train/fall/voxel_18-4/frame_000125.jpg|data/processed/frames/train/fall/voxel_18-4/frame_000130.jpg,8.0047|8.3382|8.6718
voxel_18-4_w0013,voxel_18-4,train,fall,1,data/raw/voxel_huggingface_data/Fall/18-4.mp4,0.0,11.8736,8.6718,9.3388,13,3,data/processed/window_poses_readable/train/label_fall/voxel_18-4__video_0p000s_to_11p874s/window_0013__time_8p672s_to_9p339s__frames_000130_to_000140.json,3,data/processed/frames/train/fall/voxel_18-4/frame_000130.jpg|data/processed/frames/train/fall/voxel_18-4/frame_000135.jpg|data/processed/frames/train/fall/voxel_18-4/frame_000140.jpg,8.6718|9.0053|9.3388
voxel_18-4_w0014,voxel_18-4,train,fall,1,data/raw/voxel_huggingface_data/Fall/18-4.mp4,0.0,11.8736,9.3388,10.0059,14,3,data/processed/window_poses_readable/train/label_fall/voxel_18-4__video_0p000s_to_11p874s/window_0014__time_9p339s_to_10p006s__frames_000140_to_000150.json,2,data/processed/frames/train/fall/voxel_18-4/frame_000140.jpg|data/processed/frames/train/fall/voxel_18-4/frame_000145.jpg|data/processed/frames/train/fall/voxel_18-4/frame_000150.jpg,9.3388|9.6723|10.0059
voxel_18-4_w0015,voxel_18-4,train,fall,1,data/raw/voxel_huggingface_data/Fall/18-4.mp4,0.0,11.8736,10.0059,10.6729,15,3,data/processed/window_poses_readable/train/label_fall/voxel_18-4__video_0p000s_to_11p874s/window_0015__time_10p006s_to_10p673s__frames_000150_to_000160.json,1,data/processed/frames/train/fall/voxel_18-4/frame_000150.jpg|data/processed/frames/train/fall/voxel_18-4/frame_000155.jpg|data/processed/frames/train/fall/voxel_18-4/frame_000160.jpg,10.0059|10.3394|10.6729
voxel_18-4_w0016,voxel_18-4,train,fall,1,data/raw/voxel_huggingface_data/Fall/18-4.mp4,0.0,11.8736,10.6729,11.34,16,3,data/processed/window_poses_readable/train/label_fall/voxel_18-4__video_0p000s_to_11p874s/window_0016__time_10p673s_to_11p340s__frames_000160_to_000170.json,2,data/processed/frames/train/fall/voxel_18-4/frame_000160.jpg|data/processed/frames/train/fall/voxel_18-4/frame_000165.jpg|data/processed/frames/train/fall/voxel_18-4/frame_000170.jpg,10.6729|11.0065|11.34
voxel_19-2_w0000,voxel_19-2,train,fall,1,data/raw/voxel_huggingface_data/Fall/19-2.mp4,0.0,15.5213,0.0,0.6705,0,3,data/processed/window_poses_readable/train/label_fall/voxel_19-2__video_0p000s_to_15p521s/window_0000__time_0p000s_to_0p670s__frames_000000_to_000020.json,3,data/processed/frames/train/fall/voxel_19-2/frame_000000.jpg|data/processed/frames/train/fall/voxel_19-2/frame_000010.jpg|data/processed/frames/train/fall/voxel_19-2/frame_000020.jpg,0.0|0.3352|0.6705
voxel_19-2_w0001,voxel_19-2,train,fall,1,data/raw/voxel_huggingface_data/Fall/19-2.mp4,0.0,15.5213,0.6705,1.3409,1,3,data/processed/window_poses_readable/train/label_fall/voxel_19-2__video_0p000s_to_15p521s/window_0001__time_0p670s_to_1p341s__frames_000020_to_000040.json,3,data/processed/frames/train/fall/voxel_19-2/frame_000020.jpg|data/processed/frames/train/fall/voxel_19-2/frame_000030.jpg|data/processed/frames/train/fall/voxel_19-2/frame_000040.jpg,0.6705|1.0057|1.3409
voxel_19-2_w0002,voxel_19-2,train,fall,1,data/raw/voxel_huggingface_data/Fall/19-2.mp4,0.0,15.5213,1.3409,2.0114,2,3,data/processed/window_poses_readable/train/label_fall/voxel_19-2__video_0p000s_to_15p521s/window_0002__time_1p341s_to_2p011s__frames_000040_to_000060.json,3,data/processed/frames/train/fall/voxel_19-2/frame_000040.jpg|data/processed/frames/train/fall/voxel_19-2/frame_000050.jpg|data/processed/frames/train/fall/voxel_19-2/frame_000060.jpg,1.3409|1.6762|2.0114
voxel_19-2_w0003,voxel_19-2,train,fall,1,data/raw/voxel_huggingface_data/Fall/19-2.mp4,0.0,15.5213,2.0114,2.6819,3,3,data/processed/window_poses_readable/train/label_fall/voxel_19-2__video_0p000s_to_15p521s/window_0003__time_2p011s_to_2p682s__frames_000060_to_000080.json,3,data/processed/frames/train/fall/voxel_19-2/frame_000060.jpg|data/processed/frames/train/fall/voxel_19-2/frame_000070.jpg|data/processed/frames/train/fall/voxel_19-2/frame_000080.jpg,2.0114|2.3466|2.6819
voxel_19-2_w0004,voxel_19-2,train,fall,1,data/raw/voxel_huggingface_data/Fall/19-2.mp4,0.0,15.5213,2.6819,3.3523,4,3,data/processed/window_poses_readable/train/label_fall/voxel_19-2__video_0p000s_to_15p521s/window_0004__time_2p682s_to_3p352s__frames_000080_to_000100.json,2,data/processed/frames/train/fall/voxel_19-2/frame_000080.jpg|data/processed/frames/train/fall/voxel_19-2/frame_000090.jpg|data/processed/frames/train/fall/voxel_19-2/frame_000100.jpg,2.6819|3.0171|3.3523
voxel_19-2_w0005,voxel_19-2,train,fall,1,data/raw/voxel_huggingface_data/Fall/19-2.mp4,0.0,15.5213,3.3523,4.0228,5,3,data/processed/window_poses_readable/train/label_fall/voxel_19-2__video_0p000s_to_15p521s/window_0005__time_3p352s_to_4p023s__frames_000100_to_000120.json,1,data/processed/frames/train/fall/voxel_19-2/frame_000100.jpg|data/processed/frames/train/fall/voxel_19-2/frame_000110.jpg|data/processed/frames/train/fall/voxel_19-2/frame_000120.jpg,3.3523|3.6876|4.0228
voxel_19-2_w0006,voxel_19-2,train,fall,1,data/raw/voxel_huggingface_data/Fall/19-2.mp4,0.0,15.5213,4.0228,4.6933,6,3,data/processed/window_poses_readable/train/label_fall/voxel_19-2__video_0p000s_to_15p521s/window_0006__time_4p023s_to_4p693s__frames_000120_to_000140.json,2,data/processed/frames/train/fall/voxel_19-2/frame_000120.jpg|data/processed/frames/train/fall/voxel_19-2/frame_000130.jpg|data/processed/frames/train/fall/voxel_19-2/frame_000140.jpg,4.0228|4.358|4.6933
voxel_19-2_w0007,voxel_19-2,train,fall,1,data/raw/voxel_huggingface_data/Fall/19-2.mp4,0.0,15.5213,4.6933,5.3637,7,3,data/processed/window_poses_readable/train/label_fall/voxel_19-2__video_0p000s_to_15p521s/window_0007__time_4p693s_to_5p364s__frames_000140_to_000160.json,2,data/processed/frames/train/fall/voxel_19-2/frame_000140.jpg|data/processed/frames/train/fall/voxel_19-2/frame_000150.jpg|data/processed/frames/train/fall/voxel_19-2/frame_000160.jpg,4.6933|5.0285|5.3637
voxel_19-2_w0008,voxel_19-2,train,fall,1,data/raw/voxel_huggingface_data/Fall/19-2.mp4,0.0,15.5213,5.3637,6.0007,8,3,data/processed/window_poses_readable/train/label_fall/voxel_19-2__video_0p000s_to_15p521s/window_0008__time_5p364s_to_6p001s__frames_000160_to_000179.json,1,data/processed/frames/train/fall/voxel_19-2/frame_000160.jpg|data/processed/frames/train/fall/voxel_19-2/frame_000170.jpg|data/processed/frames/train/fall/voxel_19-2/frame_000179.jpg,5.3637|5.699|6.0007
voxel_19-2_w0009,voxel_19-2,train,fall,1,data/raw/voxel_huggingface_data/Fall/19-2.mp4,0.0,15.5213,6.0007,6.6711,9,3,data/processed/window_poses_readable/train/label_fall/voxel_19-2__video_0p000s_to_15p521s/window_0009__time_6p001s_to_6p671s__frames_000179_to_000199.json,1,data/processed/frames/train/fall/voxel_19-2/frame_000179.jpg|data/processed/frames/train/fall/voxel_19-2/frame_000189.jpg|data/processed/frames/train/fall/voxel_19-2/frame_000199.jpg,6.0007|6.3359|6.6711
voxel_19-2_w0010,voxel_19-2,train,fall,1,data/raw/voxel_huggingface_data/Fall/19-2.mp4,0.0,15.5213,6.6711,7.3416,10,3,data/processed/window_poses_readable/train/label_fall/voxel_19-2__video_0p000s_to_15p521s/window_0010__time_6p671s_to_7p342s__frames_000199_to_000219.json,3,data/processed/frames/train/fall/voxel_19-2/frame_000199.jpg|data/processed/frames/train/fall/voxel_19-2/frame_000209.jpg|data/processed/frames/train/fall/voxel_19-2/frame_000219.jpg,6.6711|7.0064|7.3416
voxel_19-2_w0011,voxel_19-2,train,fall,1,data/raw/voxel_huggingface_data/Fall/19-2.mp4,0.0,15.5213,7.3416,8.0121,11,3,data/processed/window_poses_readable/train/label_fall/voxel_19-2__video_0p000s_to_15p521s/window_0011__time_7p342s_to_8p012s__frames_000219_to_000239.json,3,data/processed/frames/train/fall/voxel_19-2/frame_000219.jpg|data/processed/frames/train/fall/voxel_19-2/frame_000229.jpg|data/processed/frames/train/fall/voxel_19-2/frame_000239.jpg,7.3416|7.6768|8.0121
voxel_19-2_w0012,voxel_19-2,train,fall,1,data/raw/voxel_huggingface_data/Fall/19-2.mp4,0.0,15.5213,8.0121,8.6825,12,3,data/processed/window_poses_readable/train/label_fall/voxel_19-2__video_0p000s_to_15p521s/window_0012__time_8p012s_to_8p682s__frames_000239_to_000259.json,3,data/processed/frames/train/fall/voxel_19-2/frame_000239.jpg|data/processed/frames/train/fall/voxel_19-2/frame_000249.jpg|data/processed/frames/train/fall/voxel_19-2/frame_000259.jpg,8.0121|8.3473|8.6825
voxel_19-2_w0013,voxel_19-2,train,fall,1,data/raw/voxel_huggingface_data/Fall/19-2.mp4,0.0,15.5213,8.6825,9.353,13,3,data/processed/window_poses_readable/train/label_fall/voxel_19-2__video_0p000s_to_15p521s/window_0013__time_8p682s_to_9p353s__frames_000259_to_000279.json,3,data/processed/frames/train/fall/voxel_19-2/frame_000259.jpg|data/processed/frames/train/fall/voxel_19-2/frame_000269.jpg|data/processed/frames/train/fall/voxel_19-2/frame_000279.jpg,8.6825|9.0178|9.353
voxel_19-2_w0014,voxel_19-2,train,fall,1,data/raw/voxel_huggingface_data/Fall/19-2.mp4,0.0,15.5213,9.353,10.0235,14,3,data/processed/window_poses_readable/train/label_fall/voxel_19-2__video_0p000s_to_15p521s/window_0014__time_9p353s_to_10p024s__frames_000279_to_000299.json,3,data/processed/frames/train/fall/voxel_19-2/frame_000279.jpg|data/processed/frames/train/fall/voxel_19-2/frame_000289.jpg|data/processed/frames/train/fall/voxel_19-2/frame_000299.jpg,9.353|9.6882|10.0235
voxel_19-2_w0015,voxel_19-2,train,fall,1,data/raw/voxel_huggingface_data/Fall/19-2.mp4,0.0,15.5213,10.0235,10.6939,15,3,data/processed/window_poses_readable/train/label_fall/voxel_19-2__video_0p000s_to_15p521s/window_0015__time_10p024s_to_10p694s__frames_000299_to_000319.json,3,data/processed/frames/train/fall/voxel_19-2/frame_000299.jpg|data/processed/frames/train/fall/voxel_19-2/frame_000309.jpg|data/processed/frames/train/fall/voxel_19-2/frame_000319.jpg,10.0235|10.3587|10.6939
voxel_19-2_w0016,voxel_19-2,train,fall,1,data/raw/voxel_huggingface_data/Fall/19-2.mp4,0.0,15.5213,10.6939,11.3644,16,3,data/processed/window_poses_readable/train/label_fall/voxel_19-2__video_0p000s_to_15p521s/window_0016__time_10p694s_to_11p364s__frames_000319_to_000339.json,3,data/processed/frames/train/fall/voxel_19-2/frame_000319.jpg|data/processed/frames/train/fall/voxel_19-2/frame_000329.jpg|data/processed/frames/train/fall/voxel_19-2/frame_000339.jpg,10.6939|11.0292|11.3644
voxel_19-2_w0017,voxel_19-2,train,fall,1,data/raw/voxel_huggingface_data/Fall/19-2.mp4,0.0,15.5213,11.3644,12.0013,17,3,data/processed/window_poses_readable/train/label_fall/voxel_19-2__video_0p000s_to_15p521s/window_0017__time_11p364s_to_12p001s__frames_000339_to_000358.json,3,data/processed/frames/train/fall/voxel_19-2/frame_000339.jpg|data/processed/frames/train/fall/voxel_19-2/frame_000349.jpg|data/processed/frames/train/fall/voxel_19-2/frame_000358.jpg,11.3644|11.6996|12.0013
voxel_19-2_w0018,voxel_19-2,train,fall,1,data/raw/voxel_huggingface_data/Fall/19-2.mp4,0.0,15.5213,12.0013,12.6718,18,3,data/processed/window_poses_readable/train/label_fall/voxel_19-2__video_0p000s_to_15p521s/window_0018__time_12p001s_to_12p672s__frames_000358_to_000378.json,3,data/processed/frames/train/fall/voxel_19-2/frame_000358.jpg|data/processed/frames/train/fall/voxel_19-2/frame_000368.jpg|data/processed/frames/train/fall/voxel_19-2/frame_000378.jpg,12.0013|12.3366|12.6718
voxel_19-2_w0019,voxel_19-2,train,fall,1,data/raw/voxel_huggingface_data/Fall/19-2.mp4,0.0,15.5213,12.6718,13.3423,19,3,data/processed/window_poses_readable/train/label_fall/voxel_19-2__video_0p000s_to_15p521s/window_0019__time_12p672s_to_13p342s__frames_000378_to_000398.json,3,data/processed/frames/train/fall/voxel_19-2/frame_000378.jpg|data/processed/frames/train/fall/voxel_19-2/frame_000388.jpg|data/processed/frames/train/fall/voxel_19-2/frame_000398.jpg,12.6718|13.007|13.3423
voxel_19-2_w0020,voxel_19-2,train,fall,1,data/raw/voxel_huggingface_data/Fall/19-2.mp4,0.0,15.5213,13.3423,14.0127,20,3,data/processed/window_poses_readable/train/label_fall/voxel_19-2__video_0p000s_to_15p521s/window_0020__time_13p342s_to_14p013s__frames_000398_to_000418.json,3,data/processed/frames/train/fall/voxel_19-2/frame_000398.jpg|data/processed/frames/train/fall/voxel_19-2/frame_000408.jpg|data/processed/frames/train/fall/voxel_19-2/frame_000418.jpg,13.3423|13.6775|14.0127
voxel_19-2_w0021,voxel_19-2,train,fall,1,data/raw/voxel_huggingface_data/Fall/19-2.mp4,0.0,15.5213,14.0127,14.6832,21,3,data/processed/window_poses_readable/train/label_fall/voxel_19-2__video_0p000s_to_15p521s/window_0021__time_14p013s_to_14p683s__frames_000418_to_000438.json,3,data/processed/frames/train/fall/voxel_19-2/frame_000418.jpg|data/processed/frames/train/fall/voxel_19-2/frame_000428.jpg|data/processed/frames/train/fall/voxel_19-2/frame_000438.jpg,14.0127|14.348|14.6832
voxel_19-2_w0022,voxel_19-2,train,fall,1,data/raw/voxel_huggingface_data/Fall/19-2.mp4,0.0,15.5213,14.6832,15.3537,22,3,data/processed/window_poses_readable/train/label_fall/voxel_19-2__video_0p000s_to_15p521s/window_0022__time_14p683s_to_15p354s__frames_000438_to_000458.json,3,data/processed/frames/train/fall/voxel_19-2/frame_000438.jpg|data/processed/frames/train/fall/voxel_19-2/frame_000448.jpg|data/processed/frames/train/fall/voxel_19-2/frame_000458.jpg,14.6832|15.0184|15.3537
voxel_20-2_w0000,voxel_20-2,train,fall,1,data/raw/voxel_huggingface_data/Fall/20-2.mp4,0.0,11.4576,0.0,0.67,0,3,data/processed/window_poses_readable/train/label_fall/voxel_20-2__video_0p000s_to_11p458s/window_0000__time_0p000s_to_0p670s__frames_000000_to_000020.json,3,data/processed/frames/train/fall/voxel_20-2/frame_000000.jpg|data/processed/frames/train/fall/voxel_20-2/frame_000010.jpg|data/processed/frames/train/fall/voxel_20-2/frame_000020.jpg,0.0|0.335|0.67
voxel_20-2_w0001,voxel_20-2,train,fall,1,data/raw/voxel_huggingface_data/Fall/20-2.mp4,0.0,11.4576,0.67,1.3401,1,3,data/processed/window_poses_readable/train/label_fall/voxel_20-2__video_0p000s_to_11p458s/window_0001__time_0p670s_to_1p340s__frames_000020_to_000040.json,3,data/processed/frames/train/fall/voxel_20-2/frame_000020.jpg|data/processed/frames/train/fall/voxel_20-2/frame_000030.jpg|data/processed/frames/train/fall/voxel_20-2/frame_000040.jpg,0.67|1.0051|1.3401
voxel_20-2_w0002,voxel_20-2,train,fall,1,data/raw/voxel_huggingface_data/Fall/20-2.mp4,0.0,11.4576,1.3401,2.0101,2,3,data/processed/window_poses_readable/train/label_fall/voxel_20-2__video_0p000s_to_11p458s/window_0002__time_1p340s_to_2p010s__frames_000040_to_000060.json,3,data/processed/frames/train/fall/voxel_20-2/frame_000040.jpg|data/processed/frames/train/fall/voxel_20-2/frame_000050.jpg|data/processed/frames/train/fall/voxel_20-2/frame_000060.jpg,1.3401|1.6751|2.0101
voxel_20-2_w0003,voxel_20-2,train,fall,1,data/raw/voxel_huggingface_data/Fall/20-2.mp4,0.0,11.4576,2.0101,2.6801,3,3,data/processed/window_poses_readable/train/label_fall/voxel_20-2__video_0p000s_to_11p458s/window_0003__time_2p010s_to_2p680s__frames_000060_to_000080.json,3,data/processed/frames/train/fall/voxel_20-2/frame_000060.jpg|data/processed/frames/train/fall/voxel_20-2/frame_000070.jpg|data/processed/frames/train/fall/voxel_20-2/frame_000080.jpg,2.0101|2.3451|2.6801
voxel_20-2_w0004,voxel_20-2,train,fall,1,data/raw/voxel_huggingface_data/Fall/20-2.mp4,0.0,11.4576,2.6801,3.3502,4,3,data/processed/window_poses_readable/train/label_fall/voxel_20-2__video_0p000s_to_11p458s/window_0004__time_2p680s_to_3p350s__frames_000080_to_000100.json,3,data/processed/frames/train/fall/voxel_20-2/frame_000080.jpg|data/processed/frames/train/fall/voxel_20-2/frame_000090.jpg|data/processed/frames/train/fall/voxel_20-2/frame_000100.jpg,2.6801|3.0152|3.3502
voxel_20-2_w0005,voxel_20-2,train,fall,1,data/raw/voxel_huggingface_data/Fall/20-2.mp4,0.0,11.4576,3.3502,4.0202,5,3,data/processed/window_poses_readable/train/label_fall/voxel_20-2__video_0p000s_to_11p458s/window_0005__time_3p350s_to_4p020s__frames_000100_to_000120.json,3,data/processed/frames/train/fall/voxel_20-2/frame_000100.jpg|data/processed/frames/train/fall/voxel_20-2/frame_000110.jpg|data/processed/frames/train/fall/voxel_20-2/frame_000120.jpg,3.3502|3.6852|4.0202
voxel_20-2_w0006,voxel_20-2,train,fall,1,data/raw/voxel_huggingface_data/Fall/20-2.mp4,0.0,11.4576,4.0202,4.6903,6,3,data/processed/window_poses_readable/train/label_fall/voxel_20-2__video_0p000s_to_11p458s/window_0006__time_4p020s_to_4p690s__frames_000120_to_000140.json,3,data/processed/frames/train/fall/voxel_20-2/frame_000120.jpg|data/processed/frames/train/fall/voxel_20-2/frame_000130.jpg|data/processed/frames/train/fall/voxel_20-2/frame_000140.jpg,4.0202|4.3552|4.6903
voxel_20-2_w0007,voxel_20-2,train,fall,1,data/raw/voxel_huggingface_data/Fall/20-2.mp4,0.0,11.4576,4.6903,5.3603,7,3,data/processed/window_poses_readable/train/label_fall/voxel_20-2__video_0p000s_to_11p458s/window_0007__time_4p690s_to_5p360s__frames_000140_to_000160.json,3,data/processed/frames/train/fall/voxel_20-2/frame_000140.jpg|data/processed/frames/train/fall/voxel_20-2/frame_000150.jpg|data/processed/frames/train/fall/voxel_20-2/frame_000160.jpg,4.6903|5.0253|5.3603
voxel_20-2_w0008,voxel_20-2,train,fall,1,data/raw/voxel_huggingface_data/Fall/20-2.mp4,0.0,11.4576,5.3603,6.0303,8,3,data/processed/window_poses_readable/train/label_fall/voxel_20-2__video_0p000s_to_11p458s/window_0008__time_5p360s_to_6p030s__frames_000160_to_000180.json,3,data/processed/frames/train/fall/voxel_20-2/frame_000160.jpg|data/processed/frames/train/fall/voxel_20-2/frame_000170.jpg|data/processed/frames/train/fall/voxel_20-2/frame_000180.jpg,5.3603|5.6953|6.0303
voxel_20-2_w0009,voxel_20-2,train,fall,1,data/raw/voxel_huggingface_data/Fall/20-2.mp4,0.0,11.4576,6.0303,6.6669,9,3,data/processed/window_poses_readable/train/label_fall/voxel_20-2__video_0p000s_to_11p458s/window_0009__time_6p030s_to_6p667s__frames_000180_to_000199.json,3,data/processed/frames/train/fall/voxel_20-2/frame_000180.jpg|data/processed/frames/train/fall/voxel_20-2/frame_000190.jpg|data/processed/frames/train/fall/voxel_20-2/frame_000199.jpg,6.0303|6.3654|6.6669
voxel_20-2_w0010,voxel_20-2,train,fall,1,data/raw/voxel_huggingface_data/Fall/20-2.mp4,0.0,11.4576,6.6669,7.3369,10,3,data/processed/window_poses_readable/train/label_fall/voxel_20-2__video_0p000s_to_11p458s/window_0010__time_6p667s_to_7p337s__frames_000199_to_000219.json,3,data/processed/frames/train/fall/voxel_20-2/frame_000199.jpg|data/processed/frames/train/fall/voxel_20-2/frame_000209.jpg|data/processed/frames/train/fall/voxel_20-2/frame_000219.jpg,6.6669|7.0019|7.3369
voxel_20-2_w0011,voxel_20-2,train,fall,1,data/raw/voxel_huggingface_data/Fall/20-2.mp4,0.0,11.4576,7.3369,8.0069,11,3,data/processed/window_poses_readable/train/label_fall/voxel_20-2__video_0p000s_to_11p458s/window_0011__time_7p337s_to_8p007s__frames_000219_to_000239.json,3,data/processed/frames/train/fall/voxel_20-2/frame_000219.jpg|data/processed/frames/train/fall/voxel_20-2/frame_000229.jpg|data/processed/frames/train/fall/voxel_20-2/frame_000239.jpg,7.3369|7.6719|8.0069
voxel_20-2_w0012,voxel_20-2,train,fall,1,data/raw/voxel_huggingface_data/Fall/20-2.mp4,0.0,11.4576,8.0069,8.677,12,3,data/processed/window_poses_readable/train/label_fall/voxel_20-2__video_0p000s_to_11p458s/window_0012__time_8p007s_to_8p677s__frames_000239_to_000259.json,3,data/processed/frames/train/fall/voxel_20-2/frame_000239.jpg|data/processed/frames/train/fall/voxel_20-2/frame_000249.jpg|data/processed/frames/train/fall/voxel_20-2/frame_000259.jpg,8.0069|8.342|8.677
voxel_20-2_w0013,voxel_20-2,train,fall,1,data/raw/voxel_huggingface_data/Fall/20-2.mp4,0.0,11.4576,8.677,9.347,13,3,data/processed/window_poses_readable/train/label_fall/voxel_20-2__video_0p000s_to_11p458s/window_0013__time_8p677s_to_9p347s__frames_000259_to_000279.json,3,data/processed/frames/train/fall/voxel_20-2/frame_000259.jpg|data/processed/frames/train/fall/voxel_20-2/frame_000269.jpg|data/processed/frames/train/fall/voxel_20-2/frame_000279.jpg,8.677|9.012|9.347
voxel_20-2_w0014,voxel_20-2,train,fall,1,data/raw/voxel_huggingface_data/Fall/20-2.mp4,0.0,11.4576,9.347,10.0171,14,3,data/processed/window_poses_readable/train/label_fall/voxel_20-2__video_0p000s_to_11p458s/window_0014__time_9p347s_to_10p017s__frames_000279_to_000299.json,3,data/processed/frames/train/fall/voxel_20-2/frame_000279.jpg|data/processed/frames/train/fall/voxel_20-2/frame_000289.jpg|data/processed/frames/train/fall/voxel_20-2/frame_000299.jpg,9.347|9.682|10.0171
voxel_20-2_w0015,voxel_20-2,train,fall,1,data/raw/voxel_huggingface_data/Fall/20-2.mp4,0.0,11.4576,10.0171,10.6871,15,3,data/processed/window_poses_readable/train/label_fall/voxel_20-2__video_0p000s_to_11p458s/window_0015__time_10p017s_to_10p687s__frames_000299_to_000319.json,3,data/processed/frames/train/fall/voxel_20-2/frame_000299.jpg|data/processed/frames/train/fall/voxel_20-2/frame_000309.jpg|data/processed/frames/train/fall/voxel_20-2/frame_000319.jpg,10.0171|10.3521|10.6871
voxel_20-2_w0016,voxel_20-2,train,fall,1,data/raw/voxel_huggingface_data/Fall/20-2.mp4,0.0,11.4576,10.6871,11.3571,16,3,data/processed/window_poses_readable/train/label_fall/voxel_20-2__video_0p000s_to_11p458s/window_0016__time_10p687s_to_11p357s__frames_000319_to_000339.json,3,data/processed/frames/train/fall/voxel_20-2/frame_000319.jpg|data/processed/frames/train/fall/voxel_20-2/frame_000329.jpg|data/processed/frames/train/fall/voxel_20-2/frame_000339.jpg,10.6871|11.0221|11.3571
voxel_21-2_w0000,voxel_21-2,train,fall,1,data/raw/voxel_huggingface_data/Fall/21-2.mp4,0.0,9.4897,0.0,0.6707,0,3,data/processed/window_poses_readable/train/label_fall/voxel_21-2__video_0p000s_to_9p490s/window_0000__time_0p000s_to_0p671s__frames_000000_to_000020.json,1,data/processed/frames/train/fall/voxel_21-2/frame_000000.jpg|data/processed/frames/train/fall/voxel_21-2/frame_000010.jpg|data/processed/frames/train/fall/voxel_21-2/frame_000020.jpg,0.0|0.3353|0.6707
voxel_21-2_w0001,voxel_21-2,train,fall,1,data/raw/voxel_huggingface_data/Fall/21-2.mp4,0.0,9.4897,0.6707,1.3413,1,3,data/processed/window_poses_readable/train/label_fall/voxel_21-2__video_0p000s_to_9p490s/window_0001__time_0p671s_to_1p341s__frames_000020_to_000040.json,0,data/processed/frames/train/fall/voxel_21-2/frame_000020.jpg|data/processed/frames/train/fall/voxel_21-2/frame_000030.jpg|data/processed/frames/train/fall/voxel_21-2/frame_000040.jpg,0.6707|1.006|1.3413
voxel_21-2_w0002,voxel_21-2,train,fall,1,data/raw/voxel_huggingface_data/Fall/21-2.mp4,0.0,9.4897,1.3413,2.012,2,3,data/processed/window_poses_readable/train/label_fall/voxel_21-2__video_0p000s_to_9p490s/window_0002__time_1p341s_to_2p012s__frames_000040_to_000060.json,1,data/processed/frames/train/fall/voxel_21-2/frame_000040.jpg|data/processed/frames/train/fall/voxel_21-2/frame_000050.jpg|data/processed/frames/train/fall/voxel_21-2/frame_000060.jpg,1.3413|1.6766|2.012
voxel_21-2_w0003,voxel_21-2,train,fall,1,data/raw/voxel_huggingface_data/Fall/21-2.mp4,0.0,9.4897,2.012,2.6826,3,3,data/processed/window_poses_readable/train/label_fall/voxel_21-2__video_0p000s_to_9p490s/window_0003__time_2p012s_to_2p683s__frames_000060_to_000080.json,1,data/processed/frames/train/fall/voxel_21-2/frame_000060.jpg|data/processed/frames/train/fall/voxel_21-2/frame_000070.jpg|data/processed/frames/train/fall/voxel_21-2/frame_000080.jpg,2.012|2.3473|2.6826
voxel_21-2_w0004,voxel_21-2,train,fall,1,data/raw/voxel_huggingface_data/Fall/21-2.mp4,0.0,9.4897,2.6826,3.3533,4,3,data/processed/window_poses_readable/train/label_fall/voxel_21-2__video_0p000s_to_9p490s/window_0004__time_2p683s_to_3p353s__frames_000080_to_000100.json,2,data/processed/frames/train/fall/voxel_21-2/frame_000080.jpg|data/processed/frames/train/fall/voxel_21-2/frame_000090.jpg|data/processed/frames/train/fall/voxel_21-2/frame_000100.jpg,2.6826|3.0179|3.3533
voxel_21-2_w0005,voxel_21-2,train,fall,1,data/raw/voxel_huggingface_data/Fall/21-2.mp4,0.0,9.4897,3.3533,4.0239,5,3,data/processed/window_poses_readable/train/label_fall/voxel_21-2__video_0p000s_to_9p490s/window_0005__time_3p353s_to_4p024s__frames_000100_to_000120.json,3,data/processed/frames/train/fall/voxel_21-2/frame_000100.jpg|data/processed/frames/train/fall/voxel_21-2/frame_000110.jpg|data/processed/frames/train/fall/voxel_21-2/frame_000120.jpg,3.3533|3.6886|4.0239
voxel_21-2_w0006,voxel_21-2,train,fall,1,data/raw/voxel_huggingface_data/Fall/21-2.mp4,0.0,9.4897,4.0239,4.6946,6,3,data/processed/window_poses_readable/train/label_fall/voxel_21-2__video_0p000s_to_9p490s/window_0006__time_4p024s_to_4p695s__frames_000120_to_000140.json,3,data/processed/frames/train/fall/voxel_21-2/frame_000120.jpg|data/processed/frames/train/fall/voxel_21-2/frame_000130.jpg|data/processed/frames/train/fall/voxel_21-2/frame_000140.jpg,4.0239|4.3592|4.6946
voxel_21-2_w0007,voxel_21-2,train,fall,1,data/raw/voxel_huggingface_data/Fall/21-2.mp4,0.0,9.4897,4.6946,5.3652,7,3,data/processed/window_poses_readable/train/label_fall/voxel_21-2__video_0p000s_to_9p490s/window_0007__time_4p695s_to_5p365s__frames_000140_to_000160.json,3,data/processed/frames/train/fall/voxel_21-2/frame_000140.jpg|data/processed/frames/train/fall/voxel_21-2/frame_000150.jpg|data/processed/frames/train/fall/voxel_21-2/frame_000160.jpg,4.6946|5.0299|5.3652
voxel_21-2_w0008,voxel_21-2,train,fall,1,data/raw/voxel_huggingface_data/Fall/21-2.mp4,0.0,9.4897,5.3652,6.0023,8,3,data/processed/window_poses_readable/train/label_fall/voxel_21-2__video_0p000s_to_9p490s/window_0008__time_5p365s_to_6p002s__frames_000160_to_000179.json,3,data/processed/frames/train/fall/voxel_21-2/frame_000160.jpg|data/processed/frames/train/fall/voxel_21-2/frame_000169.jpg|data/processed/frames/train/fall/voxel_21-2/frame_000179.jpg,5.3652|5.667|6.0023
voxel_21-2_w0009,voxel_21-2,train,fall,1,data/raw/voxel_huggingface_data/Fall/21-2.mp4,0.0,9.4897,6.0023,6.673,9,3,data/processed/window_poses_readable/train/label_fall/voxel_21-2__video_0p000s_to_9p490s/window_0009__time_6p002s_to_6p673s__frames_000179_to_000199.json,3,data/processed/frames/train/fall/voxel_21-2/frame_000179.jpg|data/processed/frames/train/fall/voxel_21-2/frame_000189.jpg|data/processed/frames/train/fall/voxel_21-2/frame_000199.jpg,6.0023|6.3376|6.673
voxel_21-2_w0010,voxel_21-2,train,fall,1,data/raw/voxel_huggingface_data/Fall/21-2.mp4,0.0,9.4897,6.673,7.3436,10,3,data/processed/window_poses_readable/train/label_fall/voxel_21-2__video_0p000s_to_9p490s/window_0010__time_6p673s_to_7p344s__frames_000199_to_000219.json,3,data/processed/frames/train/fall/voxel_21-2/frame_000199.jpg|data/processed/frames/train/fall/voxel_21-2/frame_000209.jpg|data/processed/frames/train/fall/voxel_21-2/frame_000219.jpg,6.673|7.0083|7.3436
voxel_21-2_w0011,voxel_21-2,train,fall,1,data/raw/voxel_huggingface_data/Fall/21-2.mp4,0.0,9.4897,7.3436,8.0143,11,3,data/processed/window_poses_readable/train/label_fall/voxel_21-2__video_0p000s_to_9p490s/window_0011__time_7p344s_to_8p014s__frames_000219_to_000239.json,2,data/processed/frames/train/fall/voxel_21-2/frame_000219.jpg|data/processed/frames/train/fall/voxel_21-2/frame_000229.jpg|data/processed/frames/train/fall/voxel_21-2/frame_000239.jpg,7.3436|7.6789|8.0143
voxel_21-2_w0012,voxel_21-2,train,fall,1,data/raw/voxel_huggingface_data/Fall/21-2.mp4,0.0,9.4897,8.0143,8.6849,12,3,data/processed/window_poses_readable/train/label_fall/voxel_21-2__video_0p000s_to_9p490s/window_0012__time_8p014s_to_8p685s__frames_000239_to_000259.json,0,data/processed/frames/train/fall/voxel_21-2/frame_000239.jpg|data/processed/frames/train/fall/voxel_21-2/frame_000249.jpg|data/processed/frames/train/fall/voxel_21-2/frame_000259.jpg,8.0143|8.3496|8.6849
voxel_21-2_w0013,voxel_21-2,train,fall,1,data/raw/voxel_huggingface_data/Fall/21-2.mp4,0.0,9.4897,8.6849,9.3556,13,3,data/processed/window_poses_readable/train/label_fall/voxel_21-2__video_0p000s_to_9p490s/window_0013__time_8p685s_to_9p356s__frames_000259_to_000279.json,1,data/processed/frames/train/fall/voxel_21-2/frame_000259.jpg|data/processed/frames/train/fall/voxel_21-2/frame_000269.jpg|data/processed/frames/train/fall/voxel_21-2/frame_000279.jpg,8.6849|9.0202|9.3556
voxel_24_w0000,voxel_24,train,fall,1,data/raw/voxel_huggingface_data/Fall/24.mp4,0.0,7.1373,0.0,0.6702,0,3,data/processed/window_poses_readable/train/label_fall/voxel_24__video_0p000s_to_7p137s/window_0000__time_0p000s_to_0p670s__frames_000000_to_000020.json,3,data/processed/frames/train/fall/voxel_24/frame_000000.jpg|data/processed/frames/train/fall/voxel_24/frame_000010.jpg|data/processed/frames/train/fall/voxel_24/frame_000020.jpg,0.0|0.3351|0.6702
voxel_24_w0001,voxel_24,train,fall,1,data/raw/voxel_huggingface_data/Fall/24.mp4,0.0,7.1373,0.6702,1.3403,1,3,data/processed/window_poses_readable/train/label_fall/voxel_24__video_0p000s_to_7p137s/window_0001__time_0p670s_to_1p340s__frames_000020_to_000040.json,3,data/processed/frames/train/fall/voxel_24/frame_000020.jpg|data/processed/frames/train/fall/voxel_24/frame_000030.jpg|data/processed/frames/train/fall/voxel_24/frame_000040.jpg,0.6702|1.0053|1.3403
voxel_24_w0002,voxel_24,train,fall,1,data/raw/voxel_huggingface_data/Fall/24.mp4,0.0,7.1373,1.3403,2.0105,2,3,data/processed/window_poses_readable/train/label_fall/voxel_24__video_0p000s_to_7p137s/window_0002__time_1p340s_to_2p010s__frames_000040_to_000060.json,3,data/processed/frames/train/fall/voxel_24/frame_000040.jpg|data/processed/frames/train/fall/voxel_24/frame_000050.jpg|data/processed/frames/train/fall/voxel_24/frame_000060.jpg,1.3403|1.6754|2.0105
voxel_24_w0003,voxel_24,train,fall,1,data/raw/voxel_huggingface_data/Fall/24.mp4,0.0,7.1373,2.0105,2.6807,3,3,data/processed/window_poses_readable/train/label_fall/voxel_24__video_0p000s_to_7p137s/window_0003__time_2p010s_to_2p681s__frames_000060_to_000080.json,3,data/processed/frames/train/fall/voxel_24/frame_000060.jpg|data/processed/frames/train/fall/voxel_24/frame_000070.jpg|data/processed/frames/train/fall/voxel_24/frame_000080.jpg,2.0105|2.3456|2.6807
voxel_24_w0004,voxel_24,train,fall,1,data/raw/voxel_huggingface_data/Fall/24.mp4,0.0,7.1373,2.6807,3.3508,4,3,data/processed/window_poses_readable/train/label_fall/voxel_24__video_0p000s_to_7p137s/window_0004__time_2p681s_to_3p351s__frames_000080_to_000100.json,3,data/processed/frames/train/fall/voxel_24/frame_000080.jpg|data/processed/frames/train/fall/voxel_24/frame_000090.jpg|data/processed/frames/train/fall/voxel_24/frame_000100.jpg,2.6807|3.0158|3.3508
voxel_24_w0005,voxel_24,train,fall,1,data/raw/voxel_huggingface_data/Fall/24.mp4,0.0,7.1373,3.3508,4.021,5,3,data/processed/window_poses_readable/train/label_fall/voxel_24__video_0p000s_to_7p137s/window_0005__time_3p351s_to_4p021s__frames_000100_to_000120.json,3,data/processed/frames/train/fall/voxel_24/frame_000100.jpg|data/processed/frames/train/fall/voxel_24/frame_000110.jpg|data/processed/frames/train/fall/voxel_24/frame_000120.jpg,3.3508|3.6859|4.021
voxel_24_w0006,voxel_24,train,fall,1,data/raw/voxel_huggingface_data/Fall/24.mp4,0.0,7.1373,4.021,4.6912,6,3,data/processed/window_poses_readable/train/label_fall/voxel_24__video_0p000s_to_7p137s/window_0006__time_4p021s_to_4p691s__frames_000120_to_000140.json,3,data/processed/frames/train/fall/voxel_24/frame_000120.jpg|data/processed/frames/train/fall/voxel_24/frame_000130.jpg|data/processed/frames/train/fall/voxel_24/frame_000140.jpg,4.021|4.3561|4.6912
voxel_24_w0007,voxel_24,train,fall,1,data/raw/voxel_huggingface_data/Fall/24.mp4,0.0,7.1373,4.6912,5.3614,7,3,data/processed/window_poses_readable/train/label_fall/voxel_24__video_0p000s_to_7p137s/window_0007__time_4p691s_to_5p361s__frames_000140_to_000160.json,3,data/processed/frames/train/fall/voxel_24/frame_000140.jpg|data/processed/frames/train/fall/voxel_24/frame_000150.jpg|data/processed/frames/train/fall/voxel_24/frame_000160.jpg,4.6912|5.0263|5.3614
voxel_24_w0008,voxel_24,train,fall,1,data/raw/voxel_huggingface_data/Fall/24.mp4,0.0,7.1373,5.3614,6.0315,8,3,data/processed/window_poses_readable/train/label_fall/voxel_24__video_0p000s_to_7p137s/window_0008__time_5p361s_to_6p032s__frames_000160_to_000180.json,3,data/processed/frames/train/fall/voxel_24/frame_000160.jpg|data/processed/frames/train/fall/voxel_24/frame_000170.jpg|data/processed/frames/train/fall/voxel_24/frame_000180.jpg,5.3614|5.6964|6.0315
voxel_24_w0009,voxel_24,train,fall,1,data/raw/voxel_huggingface_data/Fall/24.mp4,0.0,7.1373,6.0315,6.6682,9,3,data/processed/window_poses_readable/train/label_fall/voxel_24__video_0p000s_to_7p137s/window_0009__time_6p032s_to_6p668s__frames_000180_to_000199.json,3,data/processed/frames/train/fall/voxel_24/frame_000180.jpg|data/processed/frames/train/fall/voxel_24/frame_000190.jpg|data/processed/frames/train/fall/voxel_24/frame_000199.jpg,6.0315|6.3666|6.6682
voxel_25_w0000,voxel_25,train,fall,1,data/raw/voxel_huggingface_data/Fall/25.mp4,0.0,7.2979,0.0,0.6695,0,3,data/processed/window_poses_readable/train/label_fall/voxel_25__video_0p000s_to_7p298s/window_0000__time_0p000s_to_0p669s__frames_000000_to_000020.json,3,data/processed/frames/train/fall/voxel_25/frame_000000.jpg|data/processed/frames/train/fall/voxel_25/frame_000010.jpg|data/processed/frames/train/fall/voxel_25/frame_000020.jpg,0.0|0.3348|0.6695
voxel_25_w0001,voxel_25,train,fall,1,data/raw/voxel_huggingface_data/Fall/25.mp4,0.0,7.2979,0.6695,1.3391,1,3,data/processed/window_poses_readable/train/label_fall/voxel_25__video_0p000s_to_7p298s/window_0001__time_0p669s_to_1p339s__frames_000020_to_000040.json,3,data/processed/frames/train/fall/voxel_25/frame_000020.jpg|data/processed/frames/train/fall/voxel_25/frame_000030.jpg|data/processed/frames/train/fall/voxel_25/frame_000040.jpg,0.6695|1.0043|1.3391
voxel_25_w0002,voxel_25,train,fall,1,data/raw/voxel_huggingface_data/Fall/25.mp4,0.0,7.2979,1.3391,2.0086,2,3,data/processed/window_poses_readable/train/label_fall/voxel_25__video_0p000s_to_7p298s/window_0002__time_1p339s_to_2p009s__frames_000040_to_000060.json,3,data/processed/frames/train/fall/voxel_25/frame_000040.jpg|data/processed/frames/train/fall/voxel_25/frame_000050.jpg|data/processed/frames/train/fall/voxel_25/frame_000060.jpg,1.3391|1.6738|2.0086
voxel_25_w0003,voxel_25,train,fall,1,data/raw/voxel_huggingface_data/Fall/25.mp4,0.0,7.2979,2.0086,2.6781,3,3,data/processed/window_poses_readable/train/label_fall/voxel_25__video_0p000s_to_7p298s/window_0003__time_2p009s_to_2p678s__frames_000060_to_000080.json,3,data/processed/frames/train/fall/voxel_25/frame_000060.jpg|data/processed/frames/train/fall/voxel_25/frame_000070.jpg|data/processed/frames/train/fall/voxel_25/frame_000080.jpg,2.0086|2.3434|2.6781
voxel_25_w0004,voxel_25,train,fall,1,data/raw/voxel_huggingface_data/Fall/25.mp4,0.0,7.2979,2.6781,3.3477,4,3,data/processed/window_poses_readable/train/label_fall/voxel_25__video_0p000s_to_7p298s/window_0004__time_2p678s_to_3p348s__frames_000080_to_000100.json,3,data/processed/frames/train/fall/voxel_25/frame_000080.jpg|data/processed/frames/train/fall/voxel_25/frame_000090.jpg|data/processed/frames/train/fall/voxel_25/frame_000100.jpg,2.6781|3.0129|3.3477
voxel_25_w0005,voxel_25,train,fall,1,data/raw/voxel_huggingface_data/Fall/25.mp4,0.0,7.2979,3.3477,4.0172,5,3,data/processed/window_poses_readable/train/label_fall/voxel_25__video_0p000s_to_7p298s/window_0005__time_3p348s_to_4p017s__frames_000100_to_000120.json,3,data/processed/frames/train/fall/voxel_25/frame_000100.jpg|data/processed/frames/train/fall/voxel_25/frame_000110.jpg|data/processed/frames/train/fall/voxel_25/frame_000120.jpg,3.3477|3.6824|4.0172
voxel_25_w0006,voxel_25,train,fall,1,data/raw/voxel_huggingface_data/Fall/25.mp4,0.0,7.2979,4.0172,4.6867,6,3,data/processed/window_poses_readable/train/label_fall/voxel_25__video_0p000s_to_7p298s/window_0006__time_4p017s_to_4p687s__frames_000120_to_000140.json,3,data/processed/frames/train/fall/voxel_25/frame_000120.jpg|data/processed/frames/train/fall/voxel_25/frame_000130.jpg|data/processed/frames/train/fall/voxel_25/frame_000140.jpg,4.0172|4.352|4.6867
voxel_25_w0007,voxel_25,train,fall,1,data/raw/voxel_huggingface_data/Fall/25.mp4,0.0,7.2979,4.6867,5.3563,7,3,data/processed/window_poses_readable/train/label_fall/voxel_25__video_0p000s_to_7p298s/window_0007__time_4p687s_to_5p356s__frames_000140_to_000160.json,3,data/processed/frames/train/fall/voxel_25/frame_000140.jpg|data/processed/frames/train/fall/voxel_25/frame_000150.jpg|data/processed/frames/train/fall/voxel_25/frame_000160.jpg,4.6867|5.0215|5.3563
voxel_25_w0008,voxel_25,train,fall,1,data/raw/voxel_huggingface_data/Fall/25.mp4,0.0,7.2979,5.3563,6.0258,8,3,data/processed/window_poses_readable/train/label_fall/voxel_25__video_0p000s_to_7p298s/window_0008__time_5p356s_to_6p026s__frames_000160_to_000180.json,3,data/processed/frames/train/fall/voxel_25/frame_000160.jpg|data/processed/frames/train/fall/voxel_25/frame_000170.jpg|data/processed/frames/train/fall/voxel_25/frame_000180.jpg,5.3563|5.691|6.0258
voxel_25_w0009,voxel_25,train,fall,1,data/raw/voxel_huggingface_data/Fall/25.mp4,0.0,7.2979,6.0258,6.6953,9,3,data/processed/window_poses_readable/train/label_fall/voxel_25__video_0p000s_to_7p298s/window_0009__time_6p026s_to_6p695s__frames_000180_to_000200.json,3,data/processed/frames/train/fall/voxel_25/frame_000180.jpg|data/processed/frames/train/fall/voxel_25/frame_000190.jpg|data/processed/frames/train/fall/voxel_25/frame_000200.jpg,6.0258|6.3606|6.6953
adl_01_cam0_w0000,adl_01_cam0,train,no_fall,0,data/raw/urfd_videos/No fall/adl-01/cam0/adl-01-cam0.mp4,0.0,5.0,0.0,0.6667,0,3,data/processed/window_poses_readable/train/label_no_fall/adl_01_cam0__video_0p000s_to_5p000s/window_0000__time_0p000s_to_0p667s__frames_000000_to_000020.json,0,data/processed/frames/train/no_fall/adl_01_cam0/frame_000000.jpg|data/processed/frames/train/no_fall/adl_01_cam0/frame_000010.jpg|data/processed/frames/train/no_fall/adl_01_cam0/frame_000020.jpg,0.0|0.3333|0.6667
adl_01_cam0_w0001,adl_01_cam0,train,no_fall,0,data/raw/urfd_videos/No fall/adl-01/cam0/adl-01-cam0.mp4,0.0,5.0,0.6667,1.3333,1,3,data/processed/window_poses_readable/train/label_no_fall/adl_01_cam0__video_0p000s_to_5p000s/window_0001__time_0p667s_to_1p333s__frames_000020_to_000040.json,0,data/processed/frames/train/no_fall/adl_01_cam0/frame_000020.jpg|data/processed/frames/train/no_fall/adl_01_cam0/frame_000030.jpg|data/processed/frames/train/no_fall/adl_01_cam0/frame_000040.jpg,0.6667|1.0|1.3333
adl_01_cam0_w0002,adl_01_cam0,train,no_fall,0,data/raw/urfd_videos/No fall/adl-01/cam0/adl-01-cam0.mp4,0.0,5.0,1.3333,2.0,2,3,data/processed/window_poses_readable/train/label_no_fall/adl_01_cam0__video_0p000s_to_5p000s/window_0002__time_1p333s_to_2p000s__frames_000040_to_000060.json,0,data/processed/frames/train/no_fall/adl_01_cam0/frame_000040.jpg|data/processed/frames/train/no_fall/adl_01_cam0/frame_000050.jpg|data/processed/frames/train/no_fall/adl_01_cam0/frame_000060.jpg,1.3333|1.6667|2.0
adl_01_cam0_w0003,adl_01_cam0,train,no_fall,0,data/raw/urfd_videos/No fall/adl-01/cam0/adl-01-cam0.mp4,0.0,5.0,2.0,2.6667,3,3,data/processed/window_poses_readable/train/label_no_fall/adl_01_cam0__video_0p000s_to_5p000s/window_0003__time_2p000s_to_2p667s__frames_000060_to_000080.json,2,data/processed/frames/train/no_fall/adl_01_cam0/frame_000060.jpg|data/processed/frames/train/no_fall/adl_01_cam0/frame_000070.jpg|data/processed/frames/train/no_fall/adl_01_cam0/frame_000080.jpg,2.0|2.3333|2.6667
adl_01_cam0_w0004,adl_01_cam0,train,no_fall,0,data/raw/urfd_videos/No fall/adl-01/cam0/adl-01-cam0.mp4,0.0,5.0,2.6667,3.3333,4,3,data/processed/window_poses_readable/train/label_no_fall/adl_01_cam0__video_0p000s_to_5p000s/window_0004__time_2p667s_to_3p333s__frames_000080_to_000100.json,3,data/processed/frames/train/no_fall/adl_01_cam0/frame_000080.jpg|data/processed/frames/train/no_fall/adl_01_cam0/frame_000090.jpg|data/processed/frames/train/no_fall/adl_01_cam0/frame_000100.jpg,2.6667|3.0|3.3333
adl_01_cam0_w0005,adl_01_cam0,train,no_fall,0,data/raw/urfd_videos/No fall/adl-01/cam0/adl-01-cam0.mp4,0.0,5.0,3.3333,4.0,5,3,data/processed/window_poses_readable/train/label_no_fall/adl_01_cam0__video_0p000s_to_5p000s/window_0005__time_3p333s_to_4p000s__frames_000100_to_000120.json,3,data/processed/frames/train/no_fall/adl_01_cam0/frame_000100.jpg|data/processed/frames/train/no_fall/adl_01_cam0/frame_000110.jpg|data/processed/frames/train/no_fall/adl_01_cam0/frame_000120.jpg,3.3333|3.6667|4.0
adl_01_cam0_w0006,adl_01_cam0,train,no_fall,0,data/raw/urfd_videos/No fall/adl-01/cam0/adl-01-cam0.mp4,0.0,5.0,4.0,4.6667,6,3,data/processed/window_poses_readable/train/label_no_fall/adl_01_cam0__video_0p000s_to_5p000s/window_0006__time_4p000s_to_4p667s__frames_000120_to_000140.json,3,data/processed/frames/train/no_fall/adl_01_cam0/frame_000120.jpg|data/processed/frames/train/no_fall/adl_01_cam0/frame_000130.jpg|data/processed/frames/train/no_fall/adl_01_cam0/frame_000140.jpg,4.0|4.3333|4.6667
adl_02_cam0_w0000,adl_02_cam0,train,no_fall,0,data/raw/urfd_videos/No fall/adl-02/cam0/adl-02-cam0.mp4,0.0,6.0,0.0,0.6667,0,3,data/processed/window_poses_readable/train/label_no_fall/adl_02_cam0__video_0p000s_to_6p000s/window_0000__time_0p000s_to_0p667s__frames_000000_to_000020.json,0,data/processed/frames/train/no_fall/adl_02_cam0/frame_000000.jpg|data/processed/frames/train/no_fall/adl_02_cam0/frame_000010.jpg|data/processed/frames/train/no_fall/adl_02_cam0/frame_000020.jpg,0.0|0.3333|0.6667
adl_02_cam0_w0001,adl_02_cam0,train,no_fall,0,data/raw/urfd_videos/No fall/adl-02/cam0/adl-02-cam0.mp4,0.0,6.0,0.6667,1.3333,1,3,data/processed/window_poses_readable/train/label_no_fall/adl_02_cam0__video_0p000s_to_6p000s/window_0001__time_0p667s_to_1p333s__frames_000020_to_000040.json,0,data/processed/frames/train/no_fall/adl_02_cam0/frame_000020.jpg|data/processed/frames/train/no_fall/adl_02_cam0/frame_000030.jpg|data/processed/frames/train/no_fall/adl_02_cam0/frame_000040.jpg,0.6667|1.0|1.3333
adl_02_cam0_w0002,adl_02_cam0,train,no_fall,0,data/raw/urfd_videos/No fall/adl-02/cam0/adl-02-cam0.mp4,0.0,6.0,1.3333,2.0,2,3,data/processed/window_poses_readable/train/label_no_fall/adl_02_cam0__video_0p000s_to_6p000s/window_0002__time_1p333s_to_2p000s__frames_000040_to_000060.json,0,data/processed/frames/train/no_fall/adl_02_cam0/frame_000040.jpg|data/processed/frames/train/no_fall/adl_02_cam0/frame_000050.jpg|data/processed/frames/train/no_fall/adl_02_cam0/frame_000060.jpg,1.3333|1.6667|2.0
adl_02_cam0_w0003,adl_02_cam0,train,no_fall,0,data/raw/urfd_videos/No fall/adl-02/cam0/adl-02-cam0.mp4,0.0,6.0,2.0,2.6667,3,3,data/processed/window_poses_readable/train/label_no_fall/adl_02_cam0__video_0p000s_to_6p000s/window_0003__time_2p000s_to_2p667s__frames_000060_to_000080.json,0,data/processed/frames/train/no_fall/adl_02_cam0/frame_000060.jpg|data/processed/frames/train/no_fall/adl_02_cam0/frame_000070.jpg|data/processed/frames/train/no_fall/adl_02_cam0/frame_000080.jpg,2.0|2.3333|2.6667
adl_02_cam0_w0004,adl_02_cam0,train,no_fall,0,data/raw/urfd_videos/No fall/adl-02/cam0/adl-02-cam0.mp4,0.0,6.0,2.6667,3.3333,4,3,data/processed/window_poses_readable/train/label_no_fall/adl_02_cam0__video_0p000s_to_6p000s/window_0004__time_2p667s_to_3p333s__frames_000080_to_000100.json,1,data/processed/frames/train/no_fall/adl_02_cam0/frame_000080.jpg|data/processed/frames/train/no_fall/adl_02_cam0/frame_000090.jpg|data/processed/frames/train/no_fall/adl_02_cam0/frame_000100.jpg,2.6667|3.0|3.3333
adl_02_cam0_w0005,adl_02_cam0,train,no_fall,0,data/raw/urfd_videos/No fall/adl-02/cam0/adl-02-cam0.mp4,0.0,6.0,3.3333,4.0,5,3,data/processed/window_poses_readable/train/label_no_fall/adl_02_cam0__video_0p000s_to_6p000s/window_0005__time_3p333s_to_4p000s__frames_000100_to_000120.json,3,data/processed/frames/train/no_fall/adl_02_cam0/frame_000100.jpg|data/processed/frames/train/no_fall/adl_02_cam0/frame_000110.jpg|data/processed/frames/train/no_fall/adl_02_cam0/frame_000120.jpg,3.3333|3.6667|4.0
adl_02_cam0_w0006,adl_02_cam0,train,no_fall,0,data/raw/urfd_videos/No fall/adl-02/cam0/adl-02-cam0.mp4,0.0,6.0,4.0,4.6667,6,3,data/processed/window_poses_readable/train/label_no_fall/adl_02_cam0__video_0p000s_to_6p000s/window_0006__time_4p000s_to_4p667s__frames_000120_to_000140.json,3,data/processed/frames/train/no_fall/adl_02_cam0/frame_000120.jpg|data/processed/frames/train/no_fall/adl_02_cam0/frame_000130.jpg|data/processed/frames/train/no_fall/adl_02_cam0/frame_000140.jpg,4.0|4.3333|4.6667
adl_02_cam0_w0007,adl_02_cam0,train,no_fall,0,data/raw/urfd_videos/No fall/adl-02/cam0/adl-02-cam0.mp4,0.0,6.0,4.6667,5.3333,7,3,data/processed/window_poses_readable/train/label_no_fall/adl_02_cam0__video_0p000s_to_6p000s/window_0007__time_4p667s_to_5p333s__frames_000140_to_000160.json,3,data/processed/frames/train/no_fall/adl_02_cam0/frame_000140.jpg|data/processed/frames/train/no_fall/adl_02_cam0/frame_000150.jpg|data/processed/frames/train/no_fall/adl_02_cam0/frame_000160.jpg,4.6667|5.0|5.3333
adl_03_cam0_w0000,adl_03_cam0,train,no_fall,0,data/raw/urfd_videos/No fall/adl-03/cam0/adl-03-cam0.mp4,0.0,6.0,0.0,0.6667,0,3,data/processed/window_poses_readable/train/label_no_fall/adl_03_cam0__video_0p000s_to_6p000s/window_0000__time_0p000s_to_0p667s__frames_000000_to_000020.json,0,data/processed/frames/train/no_fall/adl_03_cam0/frame_000000.jpg|data/processed/frames/train/no_fall/adl_03_cam0/frame_000010.jpg|data/processed/frames/train/no_fall/adl_03_cam0/frame_000020.jpg,0.0|0.3333|0.6667
adl_03_cam0_w0001,adl_03_cam0,train,no_fall,0,data/raw/urfd_videos/No fall/adl-03/cam0/adl-03-cam0.mp4,0.0,6.0,0.6667,1.3333,1,3,data/processed/window_poses_readable/train/label_no_fall/adl_03_cam0__video_0p000s_to_6p000s/window_0001__time_0p667s_to_1p333s__frames_000020_to_000040.json,0,data/processed/frames/train/no_fall/adl_03_cam0/frame_000020.jpg|data/processed/frames/train/no_fall/adl_03_cam0/frame_000030.jpg|data/processed/frames/train/no_fall/adl_03_cam0/frame_000040.jpg,0.6667|1.0|1.3333
adl_03_cam0_w0002,adl_03_cam0,train,no_fall,0,data/raw/urfd_videos/No fall/adl-03/cam0/adl-03-cam0.mp4,0.0,6.0,1.3333,2.0,2,3,data/processed/window_poses_readable/train/label_no_fall/adl_03_cam0__video_0p000s_to_6p000s/window_0002__time_1p333s_to_2p000s__frames_000040_to_000060.json,2,data/processed/frames/train/no_fall/adl_03_cam0/frame_000040.jpg|data/processed/frames/train/no_fall/adl_03_cam0/frame_000050.jpg|data/processed/frames/train/no_fall/adl_03_cam0/frame_000060.jpg,1.3333|1.6667|2.0
adl_03_cam0_w0003,adl_03_cam0,train,no_fall,0,data/raw/urfd_videos/No fall/adl-03/cam0/adl-03-cam0.mp4,0.0,6.0,2.0,2.6667,3,3,data/processed/window_poses_readable/train/label_no_fall/adl_03_cam0__video_0p000s_to_6p000s/window_0003__time_2p000s_to_2p667s__frames_000060_to_000080.json,2,data/processed/frames/train/no_fall/adl_03_cam0/frame_000060.jpg|data/processed/frames/train/no_fall/adl_03_cam0/frame_000070.jpg|data/processed/frames/train/no_fall/adl_03_cam0/frame_000080.jpg,2.0|2.3333|2.6667
adl_03_cam0_w0004,adl_03_cam0,train,no_fall,0,data/raw/urfd_videos/No fall/adl-03/cam0/adl-03-cam0.mp4,0.0,6.0,2.6667,3.3333,4,3,data/processed/window_poses_readable/train/label_no_fall/adl_03_cam0__video_0p000s_to_6p000s/window_0004__time_2p667s_to_3p333s__frames_000080_to_000100.json,2,data/processed/frames/train/no_fall/adl_03_cam0/frame_000080.jpg|data/processed/frames/train/no_fall/adl_03_cam0/frame_000090.jpg|data/processed/frames/train/no_fall/adl_03_cam0/frame_000100.jpg,2.6667|3.0|3.3333
adl_03_cam0_w0005,adl_03_cam0,train,no_fall,0,data/raw/urfd_videos/No fall/adl-03/cam0/adl-03-cam0.mp4,0.0,6.0,3.3333,4.0,5,3,data/processed/window_poses_readable/train/label_no_fall/adl_03_cam0__video_0p000s_to_6p000s/window_0005__time_3p333s_to_4p000s__frames_000100_to_000120.json,2,data/processed/frames/train/no_fall/adl_03_cam0/frame_000100.jpg|data/processed/frames/train/no_fall/adl_03_cam0/frame_000110.jpg|data/processed/frames/train/no_fall/adl_03_cam0/frame_000120.jpg,3.3333|3.6667|4.0
adl_03_cam0_w0006,adl_03_cam0,train,no_fall,0,data/raw/urfd_videos/No fall/adl-03/cam0/adl-03-cam0.mp4,0.0,6.0,4.0,4.6667,6,3,data/processed/window_poses_readable/train/label_no_fall/adl_03_cam0__video_0p000s_to_6p000s/window_0006__time_4p000s_to_4p667s__frames_000120_to_000140.json,0,data/processed/frames/train/no_fall/adl_03_cam0/frame_000120.jpg|data/processed/frames/train/no_fall/adl_03_cam0/frame_000130.jpg|data/processed/frames/train/no_fall/adl_03_cam0/frame_000140.jpg,4.0|4.3333|4.6667
adl_03_cam0_w0007,adl_03_cam0,train,no_fall,0,data/raw/urfd_videos/No fall/adl-03/cam0/adl-03-cam0.mp4,0.0,6.0,4.6667,5.3333,7,3,data/processed/window_poses_readable/train/label_no_fall/adl_03_cam0__video_0p000s_to_6p000s/window_0007__time_4p667s_to_5p333s__frames_000140_to_000160.json,0,data/processed/frames/train/no_fall/adl_03_cam0/frame_000140.jpg|data/processed/frames/train/no_fall/adl_03_cam0/frame_000150.jpg|data/processed/frames/train/no_fall/adl_03_cam0/frame_000160.jpg,4.6667|5.0|5.3333
adl_04_cam0_w0000,adl_04_cam0,train,no_fall,0,data/raw/urfd_videos/No fall/adl-04/cam0/adl-04-cam0.mp4,0.0,5.0,0.0,0.6667,0,3,data/processed/window_poses_readable/train/label_no_fall/adl_04_cam0__video_0p000s_to_5p000s/window_0000__time_0p000s_to_0p667s__frames_000000_to_000020.json,0,data/processed/frames/train/no_fall/adl_04_cam0/frame_000000.jpg|data/processed/frames/train/no_fall/adl_04_cam0/frame_000010.jpg|data/processed/frames/train/no_fall/adl_04_cam0/frame_000020.jpg,0.0|0.3333|0.6667
adl_04_cam0_w0001,adl_04_cam0,train,no_fall,0,data/raw/urfd_videos/No fall/adl-04/cam0/adl-04-cam0.mp4,0.0,5.0,0.6667,1.3333,1,3,data/processed/window_poses_readable/train/label_no_fall/adl_04_cam0__video_0p000s_to_5p000s/window_0001__time_0p667s_to_1p333s__frames_000020_to_000040.json,0,data/processed/frames/train/no_fall/adl_04_cam0/frame_000020.jpg|data/processed/frames/train/no_fall/adl_04_cam0/frame_000030.jpg|data/processed/frames/train/no_fall/adl_04_cam0/frame_000040.jpg,0.6667|1.0|1.3333
adl_04_cam0_w0002,adl_04_cam0,train,no_fall,0,data/raw/urfd_videos/No fall/adl-04/cam0/adl-04-cam0.mp4,0.0,5.0,1.3333,2.0,2,3,data/processed/window_poses_readable/train/label_no_fall/adl_04_cam0__video_0p000s_to_5p000s/window_0002__time_1p333s_to_2p000s__frames_000040_to_000060.json,2,data/processed/frames/train/no_fall/adl_04_cam0/frame_000040.jpg|data/processed/frames/train/no_fall/adl_04_cam0/frame_000050.jpg|data/processed/frames/train/no_fall/adl_04_cam0/frame_000060.jpg,1.3333|1.6667|2.0
adl_04_cam0_w0003,adl_04_cam0,train,no_fall,0,data/raw/urfd_videos/No fall/adl-04/cam0/adl-04-cam0.mp4,0.0,5.0,2.0,2.6667,3,3,data/processed/window_poses_readable/train/label_no_fall/adl_04_cam0__video_0p000s_to_5p000s/window_0003__time_2p000s_to_2p667s__frames_000060_to_000080.json,3,data/processed/frames/train/no_fall/adl_04_cam0/frame_000060.jpg|data/processed/frames/train/no_fall/adl_04_cam0/frame_000070.jpg|data/processed/frames/train/no_fall/adl_04_cam0/frame_000080.jpg,2.0|2.3333|2.6667
adl_04_cam0_w0004,adl_04_cam0,train,no_fall,0,data/raw/urfd_videos/No fall/adl-04/cam0/adl-04-cam0.mp4,0.0,5.0,2.6667,3.3333,4,3,data/processed/window_poses_readable/train/label_no_fall/adl_04_cam0__video_0p000s_to_5p000s/window_0004__time_2p667s_to_3p333s__frames_000080_to_000100.json,3,data/processed/frames/train/no_fall/adl_04_cam0/frame_000080.jpg|data/processed/frames/train/no_fall/adl_04_cam0/frame_000090.jpg|data/processed/frames/train/no_fall/adl_04_cam0/frame_000100.jpg,2.6667|3.0|3.3333
adl_04_cam0_w0005,adl_04_cam0,train,no_fall,0,data/raw/urfd_videos/No fall/adl-04/cam0/adl-04-cam0.mp4,0.0,5.0,3.3333,4.0,5,3,data/processed/window_poses_readable/train/label_no_fall/adl_04_cam0__video_0p000s_to_5p000s/window_0005__time_3p333s_to_4p000s__frames_000100_to_000120.json,3,data/processed/frames/train/no_fall/adl_04_cam0/frame_000100.jpg|data/processed/frames/train/no_fall/adl_04_cam0/frame_000110.jpg|data/processed/frames/train/no_fall/adl_04_cam0/frame_000120.jpg,3.3333|3.6667|4.0
adl_04_cam0_w0006,adl_04_cam0,train,no_fall,0,data/raw/urfd_videos/No fall/adl-04/cam0/adl-04-cam0.mp4,0.0,5.0,4.0,4.6667,6,3,data/processed/window_poses_readable/train/label_no_fall/adl_04_cam0__video_0p000s_to_5p000s/window_0006__time_4p000s_to_4p667s__frames_000120_to_000140.json,3,data/processed/frames/train/no_fall/adl_04_cam0/frame_000120.jpg|data/processed/frames/train/no_fall/adl_04_cam0/frame_000130.jpg|data/processed/frames/train/no_fall/adl_04_cam0/frame_000140.jpg,4.0|4.3333|4.6667
adl_05_cam0_w0000,adl_05_cam0,train,no_fall,0,data/raw/urfd_videos/No fall/adl-05/cam0/adl-05-cam0.mp4,0.0,6.0,0.0,0.6667,0,3,data/processed/window_poses_readable/train/label_no_fall/adl_05_cam0__video_0p000s_to_6p000s/window_0000__time_0p000s_to_0p667s__frames_000000_to_000020.json,0,data/processed/frames/train/no_fall/adl_05_cam0/frame_000000.jpg|data/processed/frames/train/no_fall/adl_05_cam0/frame_000010.jpg|data/processed/frames/train/no_fall/adl_05_cam0/frame_000020.jpg,0.0|0.3333|0.6667
adl_05_cam0_w0001,adl_05_cam0,train,no_fall,0,data/raw/urfd_videos/No fall/adl-05/cam0/adl-05-cam0.mp4,0.0,6.0,0.6667,1.3333,1,3,data/processed/window_poses_readable/train/label_no_fall/adl_05_cam0__video_0p000s_to_6p000s/window_0001__time_0p667s_to_1p333s__frames_000020_to_000040.json,0,data/processed/frames/train/no_fall/adl_05_cam0/frame_000020.jpg|data/processed/frames/train/no_fall/adl_05_cam0/frame_000030.jpg|data/processed/frames/train/no_fall/adl_05_cam0/frame_000040.jpg,0.6667|1.0|1.3333
adl_05_cam0_w0002,adl_05_cam0,train,no_fall,0,data/raw/urfd_videos/No fall/adl-05/cam0/adl-05-cam0.mp4,0.0,6.0,1.3333,2.0,2,3,data/processed/window_poses_readable/train/label_no_fall/adl_05_cam0__video_0p000s_to_6p000s/window_0002__time_1p333s_to_2p000s__frames_000040_to_000060.json,2,data/processed/frames/train/no_fall/adl_05_cam0/frame_000040.jpg|data/processed/frames/train/no_fall/adl_05_cam0/frame_000050.jpg|data/processed/frames/train/no_fall/adl_05_cam0/frame_000060.jpg,1.3333|1.6667|2.0
adl_05_cam0_w0003,adl_05_cam0,train,no_fall,0,data/raw/urfd_videos/No fall/adl-05/cam0/adl-05-cam0.mp4,0.0,6.0,2.0,2.6667,3,3,data/processed/window_poses_readable/train/label_no_fall/adl_05_cam0__video_0p000s_to_6p000s/window_0003__time_2p000s_to_2p667s__frames_000060_to_000080.json,3,data/processed/frames/train/no_fall/adl_05_cam0/frame_000060.jpg|data/processed/frames/train/no_fall/adl_05_cam0/frame_000070.jpg|data/processed/frames/train/no_fall/adl_05_cam0/frame_000080.jpg,2.0|2.3333|2.6667
adl_05_cam0_w0004,adl_05_cam0,train,no_fall,0,data/raw/urfd_videos/No fall/adl-05/cam0/adl-05-cam0.mp4,0.0,6.0,2.6667,3.3333,4,3,data/processed/window_poses_readable/train/label_no_fall/adl_05_cam0__video_0p000s_to_6p000s/window_0004__time_2p667s_to_3p333s__frames_000080_to_000100.json,3,data/processed/frames/train/no_fall/adl_05_cam0/frame_000080.jpg|data/processed/frames/train/no_fall/adl_05_cam0/frame_000090.jpg|data/processed/frames/train/no_fall/adl_05_cam0/frame_000100.jpg,2.6667|3.0|3.3333
adl_05_cam0_w0005,adl_05_cam0,train,no_fall,0,data/raw/urfd_videos/No fall/adl-05/cam0/adl-05-cam0.mp4,0.0,6.0,3.3333,4.0,5,3,data/processed/window_poses_readable/train/label_no_fall/adl_05_cam0__video_0p000s_to_6p000s/window_0005__time_3p333s_to_4p000s__frames_000100_to_000120.json,3,data/processed/frames/train/no_fall/adl_05_cam0/frame_000100.jpg|data/processed/frames/train/no_fall/adl_05_cam0/frame_000110.jpg|data/processed/frames/train/no_fall/adl_05_cam0/frame_000120.jpg,3.3333|3.6667|4.0
adl_05_cam0_w0006,adl_05_cam0,train,no_fall,0,data/raw/urfd_videos/No fall/adl-05/cam0/adl-05-cam0.mp4,0.0,6.0,4.0,4.6667,6,3,data/processed/window_poses_readable/train/label_no_fall/adl_05_cam0__video_0p000s_to_6p000s/window_0006__time_4p000s_to_4p667s__frames_000120_to_000140.json,3,data/processed/frames/train/no_fall/adl_05_cam0/frame_000120.jpg|data/processed/frames/train/no_fall/adl_05_cam0/frame_000130.jpg|data/processed/frames/train/no_fall/adl_05_cam0/frame_000140.jpg,4.0|4.3333|4.6667
adl_05_cam0_w0007,adl_05_cam0,train,no_fall,0,data/raw/urfd_videos/No fall/adl-05/cam0/adl-05-cam0.mp4,0.0,6.0,4.6667,5.3333,7,3,data/processed/window_poses_readable/train/label_no_fall/adl_05_cam0__video_0p000s_to_6p000s/window_0007__time_4p667s_to_5p333s__frames_000140_to_000160.json,3,data/processed/frames/train/no_fall/adl_05_cam0/frame_000140.jpg|data/processed/frames/train/no_fall/adl_05_cam0/frame_000150.jpg|data/processed/frames/train/no_fall/adl_05_cam0/frame_000160.jpg,4.6667|5.0|5.3333
adl_06_cam0_w0000,adl_06_cam0,train,no_fall,0,data/raw/urfd_videos/No fall/adl-06/cam0/adl-06-cam0.mp4,0.0,7.6667,0.0,0.6667,0,3,data/processed/window_poses_readable/train/label_no_fall/adl_06_cam0__video_0p000s_to_7p667s/window_0000__time_0p000s_to_0p667s__frames_000000_to_000020.json,0,data/processed/frames/train/no_fall/adl_06_cam0/frame_000000.jpg|data/processed/frames/train/no_fall/adl_06_cam0/frame_000010.jpg|data/processed/frames/train/no_fall/adl_06_cam0/frame_000020.jpg,0.0|0.3333|0.6667
adl_06_cam0_w0001,adl_06_cam0,train,no_fall,0,data/raw/urfd_videos/No fall/adl-06/cam0/adl-06-cam0.mp4,0.0,7.6667,0.6667,1.3333,1,3,data/processed/window_poses_readable/train/label_no_fall/adl_06_cam0__video_0p000s_to_7p667s/window_0001__time_0p667s_to_1p333s__frames_000020_to_000040.json,0,data/processed/frames/train/no_fall/adl_06_cam0/frame_000020.jpg|data/processed/frames/train/no_fall/adl_06_cam0/frame_000030.jpg|data/processed/frames/train/no_fall/adl_06_cam0/frame_000040.jpg,0.6667|1.0|1.3333
adl_06_cam0_w0002,adl_06_cam0,train,no_fall,0,data/raw/urfd_videos/No fall/adl-06/cam0/adl-06-cam0.mp4,0.0,7.6667,1.3333,2.0,2,3,data/processed/window_poses_readable/train/label_no_fall/adl_06_cam0__video_0p000s_to_7p667s/window_0002__time_1p333s_to_2p000s__frames_000040_to_000060.json,0,data/processed/frames/train/no_fall/adl_06_cam0/frame_000040.jpg|data/processed/frames/train/no_fall/adl_06_cam0/frame_000050.jpg|data/processed/frames/train/no_fall/adl_06_cam0/frame_000060.jpg,1.3333|1.6667|2.0
adl_06_cam0_w0003,adl_06_cam0,train,no_fall,0,data/raw/urfd_videos/No fall/adl-06/cam0/adl-06-cam0.mp4,0.0,7.6667,2.0,2.6667,3,3,data/processed/window_poses_readable/train/label_no_fall/adl_06_cam0__video_0p000s_to_7p667s/window_0003__time_2p000s_to_2p667s__frames_000060_to_000080.json,1,data/processed/frames/train/no_fall/adl_06_cam0/frame_000060.jpg|data/processed/frames/train/no_fall/adl_06_cam0/frame_000070.jpg|data/processed/frames/train/no_fall/adl_06_cam0/frame_000080.jpg,2.0|2.3333|2.6667
adl_06_cam0_w0004,adl_06_cam0,train,no_fall,0,data/raw/urfd_videos/No fall/adl-06/cam0/adl-06-cam0.mp4,0.0,7.6667,2.6667,3.3333,4,3,data/processed/window_poses_readable/train/label_no_fall/adl_06_cam0__video_0p000s_to_7p667s/window_0004__time_2p667s_to_3p333s__frames_000080_to_000100.json,3,data/processed/frames/train/no_fall/adl_06_cam0/frame_000080.jpg|data/processed/frames/train/no_fall/adl_06_cam0/frame_000090.jpg|data/processed/frames/train/no_fall/adl_06_cam0/frame_000100.jpg,2.6667|3.0|3.3333
adl_06_cam0_w0005,adl_06_cam0,train,no_fall,0,data/raw/urfd_videos/No fall/adl-06/cam0/adl-06-cam0.mp4,0.0,7.6667,3.3333,4.0,5,3,data/processed/window_poses_readable/train/label_no_fall/adl_06_cam0__video_0p000s_to_7p667s/window_0005__time_3p333s_to_4p000s__frames_000100_to_000120.json,3,data/processed/frames/train/no_fall/adl_06_cam0/frame_000100.jpg|data/processed/frames/train/no_fall/adl_06_cam0/frame_000110.jpg|data/processed/frames/train/no_fall/adl_06_cam0/frame_000120.jpg,3.3333|3.6667|4.0
adl_06_cam0_w0006,adl_06_cam0,train,no_fall,0,data/raw/urfd_videos/No fall/adl-06/cam0/adl-06-cam0.mp4,0.0,7.6667,4.0,4.6667,6,3,data/processed/window_poses_readable/train/label_no_fall/adl_06_cam0__video_0p000s_to_7p667s/window_0006__time_4p000s_to_4p667s__frames_000120_to_000140.json,3,data/processed/frames/train/no_fall/adl_06_cam0/frame_000120.jpg|data/processed/frames/train/no_fall/adl_06_cam0/frame_000130.jpg|data/processed/frames/train/no_fall/adl_06_cam0/frame_000140.jpg,4.0|4.3333|4.6667
adl_06_cam0_w0007,adl_06_cam0,train,no_fall,0,data/raw/urfd_videos/No fall/adl-06/cam0/adl-06-cam0.mp4,0.0,7.6667,4.6667,5.3333,7,3,data/processed/window_poses_readable/train/label_no_fall/adl_06_cam0__video_0p000s_to_7p667s/window_0007__time_4p667s_to_5p333s__frames_000140_to_000160.json,2,data/processed/frames/train/no_fall/adl_06_cam0/frame_000140.jpg|data/processed/frames/train/no_fall/adl_06_cam0/frame_000150.jpg|data/processed/frames/train/no_fall/adl_06_cam0/frame_000160.jpg,4.6667|5.0|5.3333
adl_06_cam0_w0008,adl_06_cam0,train,no_fall,0,data/raw/urfd_videos/No fall/adl-06/cam0/adl-06-cam0.mp4,0.0,7.6667,5.3333,6.0,8,3,data/processed/window_poses_readable/train/label_no_fall/adl_06_cam0__video_0p000s_to_7p667s/window_0008__time_5p333s_to_6p000s__frames_000160_to_000180.json,1,data/processed/frames/train/no_fall/adl_06_cam0/frame_000160.jpg|data/processed/frames/train/no_fall/adl_06_cam0/frame_000170.jpg|data/processed/frames/train/no_fall/adl_06_cam0/frame_000180.jpg,5.3333|5.6667|6.0
adl_06_cam0_w0009,adl_06_cam0,train,no_fall,0,data/raw/urfd_videos/No fall/adl-06/cam0/adl-06-cam0.mp4,0.0,7.6667,6.0,6.6667,9,3,data/processed/window_poses_readable/train/label_no_fall/adl_06_cam0__video_0p000s_to_7p667s/window_0009__time_6p000s_to_6p667s__frames_000180_to_000200.json,1,data/processed/frames/train/no_fall/adl_06_cam0/frame_000180.jpg|data/processed/frames/train/no_fall/adl_06_cam0/frame_000190.jpg|data/processed/frames/train/no_fall/adl_06_cam0/frame_000200.jpg,6.0|6.3333|6.6667
adl_06_cam0_w0010,adl_06_cam0,train,no_fall,0,data/raw/urfd_videos/No fall/adl-06/cam0/adl-06-cam0.mp4,0.0,7.6667,6.6667,7.3333,10,3,data/processed/window_poses_readable/train/label_no_fall/adl_06_cam0__video_0p000s_to_7p667s/window_0010__time_6p667s_to_7p333s__frames_000200_to_000220.json,2,data/processed/frames/train/no_fall/adl_06_cam0/frame_000200.jpg|data/processed/frames/train/no_fall/adl_06_cam0/frame_000210.jpg|data/processed/frames/train/no_fall/adl_06_cam0/frame_000220.jpg,6.6667|7.0|7.3333
adl_08_cam0_w0000,adl_08_cam0,train,no_fall,0,data/raw/urfd_videos/No fall/adl-08/cam0/adl-08-cam0.mp4,0.0,6.0,0.0,0.6667,0,3,data/processed/window_poses_readable/train/label_no_fall/adl_08_cam0__video_0p000s_to_6p000s/window_0000__time_0p000s_to_0p667s__frames_000000_to_000020.json,0,data/processed/frames/train/no_fall/adl_08_cam0/frame_000000.jpg|data/processed/frames/train/no_fall/adl_08_cam0/frame_000010.jpg|data/processed/frames/train/no_fall/adl_08_cam0/frame_000020.jpg,0.0|0.3333|0.6667
adl_08_cam0_w0001,adl_08_cam0,train,no_fall,0,data/raw/urfd_videos/No fall/adl-08/cam0/adl-08-cam0.mp4,0.0,6.0,0.6667,1.3333,1,3,data/processed/window_poses_readable/train/label_no_fall/adl_08_cam0__video_0p000s_to_6p000s/window_0001__time_0p667s_to_1p333s__frames_000020_to_000040.json,0,data/processed/frames/train/no_fall/adl_08_cam0/frame_000020.jpg|data/processed/frames/train/no_fall/adl_08_cam0/frame_000030.jpg|data/processed/frames/train/no_fall/adl_08_cam0/frame_000040.jpg,0.6667|1.0|1.3333
adl_08_cam0_w0002,adl_08_cam0,train,no_fall,0,data/raw/urfd_videos/No fall/adl-08/cam0/adl-08-cam0.mp4,0.0,6.0,1.3333,2.0,2,3,data/processed/window_poses_readable/train/label_no_fall/adl_08_cam0__video_0p000s_to_6p000s/window_0002__time_1p333s_to_2p000s__frames_000040_to_000060.json,0,data/processed/frames/train/no_fall/adl_08_cam0/frame_000040.jpg|data/processed/frames/train/no_fall/adl_08_cam0/frame_000050.jpg|data/processed/frames/train/no_fall/adl_08_cam0/frame_000060.jpg,1.3333|1.6667|2.0
adl_08_cam0_w0003,adl_08_cam0,train,no_fall,0,data/raw/urfd_videos/No fall/adl-08/cam0/adl-08-cam0.mp4,0.0,6.0,2.0,2.6667,3,3,data/processed/window_poses_readable/train/label_no_fall/adl_08_cam0__video_0p000s_to_6p000s/window_0003__time_2p000s_to_2p667s__frames_000060_to_000080.json,1,data/processed/frames/train/no_fall/adl_08_cam0/frame_000060.jpg|data/processed/frames/train/no_fall/adl_08_cam0/frame_000070.jpg|data/processed/frames/train/no_fall/adl_08_cam0/frame_000080.jpg,2.0|2.3333|2.6667
adl_08_cam0_w0004,adl_08_cam0,train,no_fall,0,data/raw/urfd_videos/No fall/adl-08/cam0/adl-08-cam0.mp4,0.0,6.0,2.6667,3.3333,4,3,data/processed/window_poses_readable/train/label_no_fall/adl_08_cam0__video_0p000s_to_6p000s/window_0004__time_2p667s_to_3p333s__frames_000080_to_000100.json,3,data/processed/frames/train/no_fall/adl_08_cam0/frame_000080.jpg|data/processed/frames/train/no_fall/adl_08_cam0/frame_000090.jpg|data/processed/frames/train/no_fall/adl_08_cam0/frame_000100.jpg,2.6667|3.0|3.3333
adl_08_cam0_w0005,adl_08_cam0,train,no_fall,0,data/raw/urfd_videos/No fall/adl-08/cam0/adl-08-cam0.mp4,0.0,6.0,3.3333,4.0,5,3,data/processed/window_poses_readable/train/label_no_fall/adl_08_cam0__video_0p000s_to_6p000s/window_0005__time_3p333s_to_4p000s__frames_000100_to_000120.json,3,data/processed/frames/train/no_fall/adl_08_cam0/frame_000100.jpg|data/processed/frames/train/no_fall/adl_08_cam0/frame_000110.jpg|data/processed/frames/train/no_fall/adl_08_cam0/frame_000120.jpg,3.3333|3.6667|4.0
adl_08_cam0_w0006,adl_08_cam0,train,no_fall,0,data/raw/urfd_videos/No fall/adl-08/cam0/adl-08-cam0.mp4,0.0,6.0,4.0,4.6667,6,3,data/processed/window_poses_readable/train/label_no_fall/adl_08_cam0__video_0p000s_to_6p000s/window_0006__time_4p000s_to_4p667s__frames_000120_to_000140.json,3,data/processed/frames/train/no_fall/adl_08_cam0/frame_000120.jpg|data/processed/frames/train/no_fall/adl_08_cam0/frame_000130.jpg|data/processed/frames/train/no_fall/adl_08_cam0/frame_000140.jpg,4.0|4.3333|4.6667
adl_08_cam0_w0007,adl_08_cam0,train,no_fall,0,data/raw/urfd_videos/No fall/adl-08/cam0/adl-08-cam0.mp4,0.0,6.0,4.6667,5.3333,7,3,data/processed/window_poses_readable/train/label_no_fall/adl_08_cam0__video_0p000s_to_6p000s/window_0007__time_4p667s_to_5p333s__frames_000140_to_000160.json,3,data/processed/frames/train/no_fall/adl_08_cam0/frame_000140.jpg|data/processed/frames/train/no_fall/adl_08_cam0/frame_000150.jpg|data/processed/frames/train/no_fall/adl_08_cam0/frame_000160.jpg,4.6667|5.0|5.3333
adl_09_cam0_w0000,adl_09_cam0,train,no_fall,0,data/raw/urfd_videos/No fall/adl-09/cam0/adl-09-cam0.mp4,0.0,5.0,0.0,0.6667,0,3,data/processed/window_poses_readable/train/label_no_fall/adl_09_cam0__video_0p000s_to_5p000s/window_0000__time_0p000s_to_0p667s__frames_000000_to_000020.json,0,data/processed/frames/train/no_fall/adl_09_cam0/frame_000000.jpg|data/processed/frames/train/no_fall/adl_09_cam0/frame_000010.jpg|data/processed/frames/train/no_fall/adl_09_cam0/frame_000020.jpg,0.0|0.3333|0.6667
adl_09_cam0_w0001,adl_09_cam0,train,no_fall,0,data/raw/urfd_videos/No fall/adl-09/cam0/adl-09-cam0.mp4,0.0,5.0,0.6667,1.3333,1,3,data/processed/window_poses_readable/train/label_no_fall/adl_09_cam0__video_0p000s_to_5p000s/window_0001__time_0p667s_to_1p333s__frames_000020_to_000040.json,1,data/processed/frames/train/no_fall/adl_09_cam0/frame_000020.jpg|data/processed/frames/train/no_fall/adl_09_cam0/frame_000030.jpg|data/processed/frames/train/no_fall/adl_09_cam0/frame_000040.jpg,0.6667|1.0|1.3333
adl_09_cam0_w0002,adl_09_cam0,train,no_fall,0,data/raw/urfd_videos/No fall/adl-09/cam0/adl-09-cam0.mp4,0.0,5.0,1.3333,2.0,2,3,data/processed/window_poses_readable/train/label_no_fall/adl_09_cam0__video_0p000s_to_5p000s/window_0002__time_1p333s_to_2p000s__frames_000040_to_000060.json,3,data/processed/frames/train/no_fall/adl_09_cam0/frame_000040.jpg|data/processed/frames/train/no_fall/adl_09_cam0/frame_000050.jpg|data/processed/frames/train/no_fall/adl_09_cam0/frame_000060.jpg,1.3333|1.6667|2.0
adl_09_cam0_w0003,adl_09_cam0,train,no_fall,0,data/raw/urfd_videos/No fall/adl-09/cam0/adl-09-cam0.mp4,0.0,5.0,2.0,2.6667,3,3,data/processed/window_poses_readable/train/label_no_fall/adl_09_cam0__video_0p000s_to_5p000s/window_0003__time_2p000s_to_2p667s__frames_000060_to_000080.json,3,data/processed/frames/train/no_fall/adl_09_cam0/frame_000060.jpg|data/processed/frames/train/no_fall/adl_09_cam0/frame_000070.jpg|data/processed/frames/train/no_fall/adl_09_cam0/frame_000080.jpg,2.0|2.3333|2.6667
adl_09_cam0_w0004,adl_09_cam0,train,no_fall,0,data/raw/urfd_videos/No fall/adl-09/cam0/adl-09-cam0.mp4,0.0,5.0,2.6667,3.3333,4,3,data/processed/window_poses_readable/train/label_no_fall/adl_09_cam0__video_0p000s_to_5p000s/window_0004__time_2p667s_to_3p333s__frames_000080_to_000100.json,3,data/processed/frames/train/no_fall/adl_09_cam0/frame_000080.jpg|data/processed/frames/train/no_fall/adl_09_cam0/frame_000090.jpg|data/processed/frames/train/no_fall/adl_09_cam0/frame_000100.jpg,2.6667|3.0|3.3333
adl_09_cam0_w0005,adl_09_cam0,train,no_fall,0,data/raw/urfd_videos/No fall/adl-09/cam0/adl-09-cam0.mp4,0.0,5.0,3.3333,4.0,5,3,data/processed/window_poses_readable/train/label_no_fall/adl_09_cam0__video_0p000s_to_5p000s/window_0005__time_3p333s_to_4p000s__frames_000100_to_000120.json,3,data/processed/frames/train/no_fall/adl_09_cam0/frame_000100.jpg|data/processed/frames/train/no_fall/adl_09_cam0/frame_000110.jpg|data/processed/frames/train/no_fall/adl_09_cam0/frame_000120.jpg,3.3333|3.6667|4.0
adl_09_cam0_w0006,adl_09_cam0,train,no_fall,0,data/raw/urfd_videos/No fall/adl-09/cam0/adl-09-cam0.mp4,0.0,5.0,4.0,4.6667,6,3,data/processed/window_poses_readable/train/label_no_fall/adl_09_cam0__video_0p000s_to_5p000s/window_0006__time_4p000s_to_4p667s__frames_000120_to_000140.json,3,data/processed/frames/train/no_fall/adl_09_cam0/frame_000120.jpg|data/processed/frames/train/no_fall/adl_09_cam0/frame_000130.jpg|data/processed/frames/train/no_fall/adl_09_cam0/frame_000140.jpg,4.0|4.3333|4.6667
adl_10_cam0_w0000,adl_10_cam0,train,no_fall,0,data/raw/urfd_videos/No fall/adl-10/cam0/adl-10-cam0.mp4,0.0,10.0,0.0,0.6667,0,3,data/processed/window_poses_readable/train/label_no_fall/adl_10_cam0__video_0p000s_to_10p000s/window_0000__time_0p000s_to_0p667s__frames_000000_to_000020.json,2,data/processed/frames/train/no_fall/adl_10_cam0/frame_000000.jpg|data/processed/frames/train/no_fall/adl_10_cam0/frame_000010.jpg|data/processed/frames/train/no_fall/adl_10_cam0/frame_000020.jpg,0.0|0.3333|0.6667
adl_10_cam0_w0001,adl_10_cam0,train,no_fall,0,data/raw/urfd_videos/No fall/adl-10/cam0/adl-10-cam0.mp4,0.0,10.0,0.6667,1.3333,1,3,data/processed/window_poses_readable/train/label_no_fall/adl_10_cam0__video_0p000s_to_10p000s/window_0001__time_0p667s_to_1p333s__frames_000020_to_000040.json,1,data/processed/frames/train/no_fall/adl_10_cam0/frame_000020.jpg|data/processed/frames/train/no_fall/adl_10_cam0/frame_000030.jpg|data/processed/frames/train/no_fall/adl_10_cam0/frame_000040.jpg,0.6667|1.0|1.3333
adl_10_cam0_w0002,adl_10_cam0,train,no_fall,0,data/raw/urfd_videos/No fall/adl-10/cam0/adl-10-cam0.mp4,0.0,10.0,1.3333,2.0,2,3,data/processed/window_poses_readable/train/label_no_fall/adl_10_cam0__video_0p000s_to_10p000s/window_0002__time_1p333s_to_2p000s__frames_000040_to_000060.json,1,data/processed/frames/train/no_fall/adl_10_cam0/frame_000040.jpg|data/processed/frames/train/no_fall/adl_10_cam0/frame_000050.jpg|data/processed/frames/train/no_fall/adl_10_cam0/frame_000060.jpg,1.3333|1.6667|2.0
adl_10_cam0_w0003,adl_10_cam0,train,no_fall,0,data/raw/urfd_videos/No fall/adl-10/cam0/adl-10-cam0.mp4,0.0,10.0,2.0,2.6667,3,3,data/processed/window_poses_readable/train/label_no_fall/adl_10_cam0__video_0p000s_to_10p000s/window_0003__time_2p000s_to_2p667s__frames_000060_to_000080.json,3,data/processed/frames/train/no_fall/adl_10_cam0/frame_000060.jpg|data/processed/frames/train/no_fall/adl_10_cam0/frame_000070.jpg|data/processed/frames/train/no_fall/adl_10_cam0/frame_000080.jpg,2.0|2.3333|2.6667
adl_10_cam0_w0004,adl_10_cam0,train,no_fall,0,data/raw/urfd_videos/No fall/adl-10/cam0/adl-10-cam0.mp4,0.0,10.0,2.6667,3.3333,4,3,data/processed/window_poses_readable/train/label_no_fall/adl_10_cam0__video_0p000s_to_10p000s/window_0004__time_2p667s_to_3p333s__frames_000080_to_000100.json,3,data/processed/frames/train/no_fall/adl_10_cam0/frame_000080.jpg|data/processed/frames/train/no_fall/adl_10_cam0/frame_000090.jpg|data/processed/frames/train/no_fall/adl_10_cam0/frame_000100.jpg,2.6667|3.0|3.3333
adl_10_cam0_w0005,adl_10_cam0,train,no_fall,0,data/raw/urfd_videos/No fall/adl-10/cam0/adl-10-cam0.mp4,0.0,10.0,3.3333,4.0,5,3,data/processed/window_poses_readable/train/label_no_fall/adl_10_cam0__video_0p000s_to_10p000s/window_0005__time_3p333s_to_4p000s__frames_000100_to_000120.json,3,data/processed/frames/train/no_fall/adl_10_cam0/frame_000100.jpg|data/processed/frames/train/no_fall/adl_10_cam0/frame_000110.jpg|data/processed/frames/train/no_fall/adl_10_cam0/frame_000120.jpg,3.3333|3.6667|4.0
adl_10_cam0_w0006,adl_10_cam0,train,no_fall,0,data/raw/urfd_videos/No fall/adl-10/cam0/adl-10-cam0.mp4,0.0,10.0,4.0,4.6667,6,3,data/processed/window_poses_readable/train/label_no_fall/adl_10_cam0__video_0p000s_to_10p000s/window_0006__time_4p000s_to_4p667s__frames_000120_to_000140.json,3,data/processed/frames/train/no_fall/adl_10_cam0/frame_000120.jpg|data/processed/frames/train/no_fall/adl_10_cam0/frame_000130.jpg|data/processed/frames/train/no_fall/adl_10_cam0/frame_000140.jpg,4.0|4.3333|4.6667
adl_10_cam0_w0007,adl_10_cam0,train,no_fall,0,data/raw/urfd_videos/No fall/adl-10/cam0/adl-10-cam0.mp4,0.0,10.0,4.6667,5.3333,7,3,data/processed/window_poses_readable/train/label_no_fall/adl_10_cam0__video_0p000s_to_10p000s/window_0007__time_4p667s_to_5p333s__frames_000140_to_000160.json,3,data/processed/frames/train/no_fall/adl_10_cam0/frame_000140.jpg|data/processed/frames/train/no_fall/adl_10_cam0/frame_000150.jpg|data/processed/frames/train/no_fall/adl_10_cam0/frame_000160.jpg,4.6667|5.0|5.3333
adl_10_cam0_w0008,adl_10_cam0,train,no_fall,0,data/raw/urfd_videos/No fall/adl-10/cam0/adl-10-cam0.mp4,0.0,10.0,5.3333,6.0,8,3,data/processed/window_poses_readable/train/label_no_fall/adl_10_cam0__video_0p000s_to_10p000s/window_0008__time_5p333s_to_6p000s__frames_000160_to_000180.json,3,data/processed/frames/train/no_fall/adl_10_cam0/frame_000160.jpg|data/processed/frames/train/no_fall/adl_10_cam0/frame_000170.jpg|data/processed/frames/train/no_fall/adl_10_cam0/frame_000180.jpg,5.3333|5.6667|6.0
adl_10_cam0_w0009,adl_10_cam0,train,no_fall,0,data/raw/urfd_videos/No fall/adl-10/cam0/adl-10-cam0.mp4,0.0,10.0,6.0,6.6667,9,3,data/processed/window_poses_readable/train/label_no_fall/adl_10_cam0__video_0p000s_to_10p000s/window_0009__time_6p000s_to_6p667s__frames_000180_to_000200.json,3,data/processed/frames/train/no_fall/adl_10_cam0/frame_000180.jpg|data/processed/frames/train/no_fall/adl_10_cam0/frame_000190.jpg|data/processed/frames/train/no_fall/adl_10_cam0/frame_000200.jpg,6.0|6.3333|6.6667
adl_10_cam0_w0010,adl_10_cam0,train,no_fall,0,data/raw/urfd_videos/No fall/adl-10/cam0/adl-10-cam0.mp4,0.0,10.0,6.6667,7.3333,10,3,data/processed/window_poses_readable/train/label_no_fall/adl_10_cam0__video_0p000s_to_10p000s/window_0010__time_6p667s_to_7p333s__frames_000200_to_000220.json,3,data/processed/frames/train/no_fall/adl_10_cam0/frame_000200.jpg|data/processed/frames/train/no_fall/adl_10_cam0/frame_000210.jpg|data/processed/frames/train/no_fall/adl_10_cam0/frame_000220.jpg,6.6667|7.0|7.3333
adl_10_cam0_w0011,adl_10_cam0,train,no_fall,0,data/raw/urfd_videos/No fall/adl-10/cam0/adl-10-cam0.mp4,0.0,10.0,7.3333,8.0,11,3,data/processed/window_poses_readable/train/label_no_fall/adl_10_cam0__video_0p000s_to_10p000s/window_0011__time_7p333s_to_8p000s__frames_000220_to_000240.json,2,data/processed/frames/train/no_fall/adl_10_cam0/frame_000220.jpg|data/processed/frames/train/no_fall/adl_10_cam0/frame_000230.jpg|data/processed/frames/train/no_fall/adl_10_cam0/frame_000240.jpg,7.3333|7.6667|8.0
adl_10_cam0_w0012,adl_10_cam0,train,no_fall,0,data/raw/urfd_videos/No fall/adl-10/cam0/adl-10-cam0.mp4,0.0,10.0,8.0,8.6667,12,3,data/processed/window_poses_readable/train/label_no_fall/adl_10_cam0__video_0p000s_to_10p000s/window_0012__time_8p000s_to_8p667s__frames_000240_to_000260.json,1,data/processed/frames/train/no_fall/adl_10_cam0/frame_000240.jpg|data/processed/frames/train/no_fall/adl_10_cam0/frame_000250.jpg|data/processed/frames/train/no_fall/adl_10_cam0/frame_000260.jpg,8.0|8.3333|8.6667
adl_10_cam0_w0013,adl_10_cam0,train,no_fall,0,data/raw/urfd_videos/No fall/adl-10/cam0/adl-10-cam0.mp4,0.0,10.0,8.6667,9.3333,13,3,data/processed/window_poses_readable/train/label_no_fall/adl_10_cam0__video_0p000s_to_10p000s/window_0013__time_8p667s_to_9p333s__frames_000260_to_000280.json,3,data/processed/frames/train/no_fall/adl_10_cam0/frame_000260.jpg|data/processed/frames/train/no_fall/adl_10_cam0/frame_000270.jpg|data/processed/frames/train/no_fall/adl_10_cam0/frame_000280.jpg,8.6667|9.0|9.3333
adl_11_cam0_w0000,adl_11_cam0,train,no_fall,0,data/raw/urfd_videos/No fall/adl-11/cam0/adl-11-cam0.mp4,0.0,10.0,0.0,0.6667,0,3,data/processed/window_poses_readable/train/label_no_fall/adl_11_cam0__video_0p000s_to_10p000s/window_0000__time_0p000s_to_0p667s__frames_000000_to_000020.json,0,data/processed/frames/train/no_fall/adl_11_cam0/frame_000000.jpg|data/processed/frames/train/no_fall/adl_11_cam0/frame_000010.jpg|data/processed/frames/train/no_fall/adl_11_cam0/frame_000020.jpg,0.0|0.3333|0.6667
adl_11_cam0_w0001,adl_11_cam0,train,no_fall,0,data/raw/urfd_videos/No fall/adl-11/cam0/adl-11-cam0.mp4,0.0,10.0,0.6667,1.3333,1,3,data/processed/window_poses_readable/train/label_no_fall/adl_11_cam0__video_0p000s_to_10p000s/window_0001__time_0p667s_to_1p333s__frames_000020_to_000040.json,0,data/processed/frames/train/no_fall/adl_11_cam0/frame_000020.jpg|data/processed/frames/train/no_fall/adl_11_cam0/frame_000030.jpg|data/processed/frames/train/no_fall/adl_11_cam0/frame_000040.jpg,0.6667|1.0|1.3333
adl_11_cam0_w0002,adl_11_cam0,train,no_fall,0,data/raw/urfd_videos/No fall/adl-11/cam0/adl-11-cam0.mp4,0.0,10.0,1.3333,2.0,2,3,data/processed/window_poses_readable/train/label_no_fall/adl_11_cam0__video_0p000s_to_10p000s/window_0002__time_1p333s_to_2p000s__frames_000040_to_000060.json,0,data/processed/frames/train/no_fall/adl_11_cam0/frame_000040.jpg|data/processed/frames/train/no_fall/adl_11_cam0/frame_000050.jpg|data/processed/frames/train/no_fall/adl_11_cam0/frame_000060.jpg,1.3333|1.6667|2.0
adl_11_cam0_w0003,adl_11_cam0,train,no_fall,0,data/raw/urfd_videos/No fall/adl-11/cam0/adl-11-cam0.mp4,0.0,10.0,2.0,2.6667,3,3,data/processed/window_poses_readable/train/label_no_fall/adl_11_cam0__video_0p000s_to_10p000s/window_0003__time_2p000s_to_2p667s__frames_000060_to_000080.json,2,data/processed/frames/train/no_fall/adl_11_cam0/frame_000060.jpg|data/processed/frames/train/no_fall/adl_11_cam0/frame_000070.jpg|data/processed/frames/train/no_fall/adl_11_cam0/frame_000080.jpg,2.0|2.3333|2.6667
adl_11_cam0_w0004,adl_11_cam0,train,no_fall,0,data/raw/urfd_videos/No fall/adl-11/cam0/adl-11-cam0.mp4,0.0,10.0,2.6667,3.3333,4,3,data/processed/window_poses_readable/train/label_no_fall/adl_11_cam0__video_0p000s_to_10p000s/window_0004__time_2p667s_to_3p333s__frames_000080_to_000100.json,2,data/processed/frames/train/no_fall/adl_11_cam0/frame_000080.jpg|data/processed/frames/train/no_fall/adl_11_cam0/frame_000090.jpg|data/processed/frames/train/no_fall/adl_11_cam0/frame_000100.jpg,2.6667|3.0|3.3333
adl_11_cam0_w0005,adl_11_cam0,train,no_fall,0,data/raw/urfd_videos/No fall/adl-11/cam0/adl-11-cam0.mp4,0.0,10.0,3.3333,4.0,5,3,data/processed/window_poses_readable/train/label_no_fall/adl_11_cam0__video_0p000s_to_10p000s/window_0005__time_3p333s_to_4p000s__frames_000100_to_000120.json,1,data/processed/frames/train/no_fall/adl_11_cam0/frame_000100.jpg|data/processed/frames/train/no_fall/adl_11_cam0/frame_000110.jpg|data/processed/frames/train/no_fall/adl_11_cam0/frame_000120.jpg,3.3333|3.6667|4.0
adl_11_cam0_w0006,adl_11_cam0,train,no_fall,0,data/raw/urfd_videos/No fall/adl-11/cam0/adl-11-cam0.mp4,0.0,10.0,4.0,4.6667,6,3,data/processed/window_poses_readable/train/label_no_fall/adl_11_cam0__video_0p000s_to_10p000s/window_0006__time_4p000s_to_4p667s__frames_000120_to_000140.json,3,data/processed/frames/train/no_fall/adl_11_cam0/frame_000120.jpg|data/processed/frames/train/no_fall/adl_11_cam0/frame_000130.jpg|data/processed/frames/train/no_fall/adl_11_cam0/frame_000140.jpg,4.0|4.3333|4.6667
adl_11_cam0_w0007,adl_11_cam0,train,no_fall,0,data/raw/urfd_videos/No fall/adl-11/cam0/adl-11-cam0.mp4,0.0,10.0,4.6667,5.3333,7,3,data/processed/window_poses_readable/train/label_no_fall/adl_11_cam0__video_0p000s_to_10p000s/window_0007__time_4p667s_to_5p333s__frames_000140_to_000160.json,3,data/processed/frames/train/no_fall/adl_11_cam0/frame_000140.jpg|data/processed/frames/train/no_fall/adl_11_cam0/frame_000150.jpg|data/processed/frames/train/no_fall/adl_11_cam0/frame_000160.jpg,4.6667|5.0|5.3333
adl_11_cam0_w0008,adl_11_cam0,train,no_fall,0,data/raw/urfd_videos/No fall/adl-11/cam0/adl-11-cam0.mp4,0.0,10.0,5.3333,6.0,8,3,data/processed/window_poses_readable/train/label_no_fall/adl_11_cam0__video_0p000s_to_10p000s/window_0008__time_5p333s_to_6p000s__frames_000160_to_000180.json,3,data/processed/frames/train/no_fall/adl_11_cam0/frame_000160.jpg|data/processed/frames/train/no_fall/adl_11_cam0/frame_000170.jpg|data/processed/frames/train/no_fall/adl_11_cam0/frame_000180.jpg,5.3333|5.6667|6.0
adl_11_cam0_w0009,adl_11_cam0,train,no_fall,0,data/raw/urfd_videos/No fall/adl-11/cam0/adl-11-cam0.mp4,0.0,10.0,6.0,6.6667,9,3,data/processed/window_poses_readable/train/label_no_fall/adl_11_cam0__video_0p000s_to_10p000s/window_0009__time_6p000s_to_6p667s__frames_000180_to_000200.json,3,data/processed/frames/train/no_fall/adl_11_cam0/frame_000180.jpg|data/processed/frames/train/no_fall/adl_11_cam0/frame_000190.jpg|data/processed/frames/train/no_fall/adl_11_cam0/frame_000200.jpg,6.0|6.3333|6.6667
adl_11_cam0_w0010,adl_11_cam0,train,no_fall,0,data/raw/urfd_videos/No fall/adl-11/cam0/adl-11-cam0.mp4,0.0,10.0,6.6667,7.3333,10,3,data/processed/window_poses_readable/train/label_no_fall/adl_11_cam0__video_0p000s_to_10p000s/window_0010__time_6p667s_to_7p333s__frames_000200_to_000220.json,3,data/processed/frames/train/no_fall/adl_11_cam0/frame_000200.jpg|data/processed/frames/train/no_fall/adl_11_cam0/frame_000210.jpg|data/processed/frames/train/no_fall/adl_11_cam0/frame_000220.jpg,6.6667|7.0|7.3333
adl_11_cam0_w0011,adl_11_cam0,train,no_fall,0,data/raw/urfd_videos/No fall/adl-11/cam0/adl-11-cam0.mp4,0.0,10.0,7.3333,8.0,11,3,data/processed/window_poses_readable/train/label_no_fall/adl_11_cam0__video_0p000s_to_10p000s/window_0011__time_7p333s_to_8p000s__frames_000220_to_000240.json,3,data/processed/frames/train/no_fall/adl_11_cam0/frame_000220.jpg|data/processed/frames/train/no_fall/adl_11_cam0/frame_000230.jpg|data/processed/frames/train/no_fall/adl_11_cam0/frame_000240.jpg,7.3333|7.6667|8.0
adl_11_cam0_w0012,adl_11_cam0,train,no_fall,0,data/raw/urfd_videos/No fall/adl-11/cam0/adl-11-cam0.mp4,0.0,10.0,8.0,8.6667,12,3,data/processed/window_poses_readable/train/label_no_fall/adl_11_cam0__video_0p000s_to_10p000s/window_0012__time_8p000s_to_8p667s__frames_000240_to_000260.json,1,data/processed/frames/train/no_fall/adl_11_cam0/frame_000240.jpg|data/processed/frames/train/no_fall/adl_11_cam0/frame_000250.jpg|data/processed/frames/train/no_fall/adl_11_cam0/frame_000260.jpg,8.0|8.3333|8.6667
adl_11_cam0_w0013,adl_11_cam0,train,no_fall,0,data/raw/urfd_videos/No fall/adl-11/cam0/adl-11-cam0.mp4,0.0,10.0,8.6667,9.3333,13,3,data/processed/window_poses_readable/train/label_no_fall/adl_11_cam0__video_0p000s_to_10p000s/window_0013__time_8p667s_to_9p333s__frames_000260_to_000280.json,1,data/processed/frames/train/no_fall/adl_11_cam0/frame_000260.jpg|data/processed/frames/train/no_fall/adl_11_cam0/frame_000270.jpg|data/processed/frames/train/no_fall/adl_11_cam0/frame_000280.jpg,8.6667|9.0|9.3333
adl_13_cam0_w0000,adl_13_cam0,train,no_fall,0,data/raw/urfd_videos/No fall/adl-13/cam0/adl-13-cam0.mp4,0.0,8.8333,0.0,0.6667,0,3,data/processed/window_poses_readable/train/label_no_fall/adl_13_cam0__video_0p000s_to_8p833s/window_0000__time_0p000s_to_0p667s__frames_000000_to_000020.json,0,data/processed/frames/train/no_fall/adl_13_cam0/frame_000000.jpg|data/processed/frames/train/no_fall/adl_13_cam0/frame_000010.jpg|data/processed/frames/train/no_fall/adl_13_cam0/frame_000020.jpg,0.0|0.3333|0.6667
adl_13_cam0_w0001,adl_13_cam0,train,no_fall,0,data/raw/urfd_videos/No fall/adl-13/cam0/adl-13-cam0.mp4,0.0,8.8333,0.6667,1.3333,1,3,data/processed/window_poses_readable/train/label_no_fall/adl_13_cam0__video_0p000s_to_8p833s/window_0001__time_0p667s_to_1p333s__frames_000020_to_000040.json,0,data/processed/frames/train/no_fall/adl_13_cam0/frame_000020.jpg|data/processed/frames/train/no_fall/adl_13_cam0/frame_000030.jpg|data/processed/frames/train/no_fall/adl_13_cam0/frame_000040.jpg,0.6667|1.0|1.3333
adl_13_cam0_w0002,adl_13_cam0,train,no_fall,0,data/raw/urfd_videos/No fall/adl-13/cam0/adl-13-cam0.mp4,0.0,8.8333,1.3333,2.0,2,3,data/processed/window_poses_readable/train/label_no_fall/adl_13_cam0__video_0p000s_to_8p833s/window_0002__time_1p333s_to_2p000s__frames_000040_to_000060.json,0,data/processed/frames/train/no_fall/adl_13_cam0/frame_000040.jpg|data/processed/frames/train/no_fall/adl_13_cam0/frame_000050.jpg|data/processed/frames/train/no_fall/adl_13_cam0/frame_000060.jpg,1.3333|1.6667|2.0
adl_13_cam0_w0003,adl_13_cam0,train,no_fall,0,data/raw/urfd_videos/No fall/adl-13/cam0/adl-13-cam0.mp4,0.0,8.8333,2.0,2.6667,3,3,data/processed/window_poses_readable/train/label_no_fall/adl_13_cam0__video_0p000s_to_8p833s/window_0003__time_2p000s_to_2p667s__frames_000060_to_000080.json,0,data/processed/frames/train/no_fall/adl_13_cam0/frame_000060.jpg|data/processed/frames/train/no_fall/adl_13_cam0/frame_000070.jpg|data/processed/frames/train/no_fall/adl_13_cam0/frame_000080.jpg,2.0|2.3333|2.6667
adl_13_cam0_w0004,adl_13_cam0,train,no_fall,0,data/raw/urfd_videos/No fall/adl-13/cam0/adl-13-cam0.mp4,0.0,8.8333,2.6667,3.3333,4,3,data/processed/window_poses_readable/train/label_no_fall/adl_13_cam0__video_0p000s_to_8p833s/window_0004__time_2p667s_to_3p333s__frames_000080_to_000100.json,1,data/processed/frames/train/no_fall/adl_13_cam0/frame_000080.jpg|data/processed/frames/train/no_fall/adl_13_cam0/frame_000090.jpg|data/processed/frames/train/no_fall/adl_13_cam0/frame_000100.jpg,2.6667|3.0|3.3333
adl_13_cam0_w0005,adl_13_cam0,train,no_fall,0,data/raw/urfd_videos/No fall/adl-13/cam0/adl-13-cam0.mp4,0.0,8.8333,3.3333,4.0,5,3,data/processed/window_poses_readable/train/label_no_fall/adl_13_cam0__video_0p000s_to_8p833s/window_0005__time_3p333s_to_4p000s__frames_000100_to_000120.json,0,data/processed/frames/train/no_fall/adl_13_cam0/frame_000100.jpg|data/processed/frames/train/no_fall/adl_13_cam0/frame_000110.jpg|data/processed/frames/train/no_fall/adl_13_cam0/frame_000120.jpg,3.3333|3.6667|4.0
adl_13_cam0_w0006,adl_13_cam0,train,no_fall,0,data/raw/urfd_videos/No fall/adl-13/cam0/adl-13-cam0.mp4,0.0,8.8333,4.0,4.6667,6,3,data/processed/window_poses_readable/train/label_no_fall/adl_13_cam0__video_0p000s_to_8p833s/window_0006__time_4p000s_to_4p667s__frames_000120_to_000140.json,2,data/processed/frames/train/no_fall/adl_13_cam0/frame_000120.jpg|data/processed/frames/train/no_fall/adl_13_cam0/frame_000130.jpg|data/processed/frames/train/no_fall/adl_13_cam0/frame_000140.jpg,4.0|4.3333|4.6667
adl_13_cam0_w0007,adl_13_cam0,train,no_fall,0,data/raw/urfd_videos/No fall/adl-13/cam0/adl-13-cam0.mp4,0.0,8.8333,4.6667,5.3333,7,3,data/processed/window_poses_readable/train/label_no_fall/adl_13_cam0__video_0p000s_to_8p833s/window_0007__time_4p667s_to_5p333s__frames_000140_to_000160.json,3,data/processed/frames/train/no_fall/adl_13_cam0/frame_000140.jpg|data/processed/frames/train/no_fall/adl_13_cam0/frame_000150.jpg|data/processed/frames/train/no_fall/adl_13_cam0/frame_000160.jpg,4.6667|5.0|5.3333
adl_13_cam0_w0008,adl_13_cam0,train,no_fall,0,data/raw/urfd_videos/No fall/adl-13/cam0/adl-13-cam0.mp4,0.0,8.8333,5.3333,6.0,8,3,data/processed/window_poses_readable/train/label_no_fall/adl_13_cam0__video_0p000s_to_8p833s/window_0008__time_5p333s_to_6p000s__frames_000160_to_000180.json,3,data/processed/frames/train/no_fall/adl_13_cam0/frame_000160.jpg|data/processed/frames/train/no_fall/adl_13_cam0/frame_000170.jpg|data/processed/frames/train/no_fall/adl_13_cam0/frame_000180.jpg,5.3333|5.6667|6.0
adl_13_cam0_w0009,adl_13_cam0,train,no_fall,0,data/raw/urfd_videos/No fall/adl-13/cam0/adl-13-cam0.mp4,0.0,8.8333,6.0,6.6667,9,3,data/processed/window_poses_readable/train/label_no_fall/adl_13_cam0__video_0p000s_to_8p833s/window_0009__time_6p000s_to_6p667s__frames_000180_to_000200.json,1,data/processed/frames/train/no_fall/adl_13_cam0/frame_000180.jpg|data/processed/frames/train/no_fall/adl_13_cam0/frame_000190.jpg|data/processed/frames/train/no_fall/adl_13_cam0/frame_000200.jpg,6.0|6.3333|6.6667
adl_13_cam0_w0010,adl_13_cam0,train,no_fall,0,data/raw/urfd_videos/No fall/adl-13/cam0/adl-13-cam0.mp4,0.0,8.8333,6.6667,7.3333,10,3,data/processed/window_poses_readable/train/label_no_fall/adl_13_cam0__video_0p000s_to_8p833s/window_0010__time_6p667s_to_7p333s__frames_000200_to_000220.json,0,data/processed/frames/train/no_fall/adl_13_cam0/frame_000200.jpg|data/processed/frames/train/no_fall/adl_13_cam0/frame_000210.jpg|data/processed/frames/train/no_fall/adl_13_cam0/frame_000220.jpg,6.6667|7.0|7.3333
adl_13_cam0_w0011,adl_13_cam0,train,no_fall,0,data/raw/urfd_videos/No fall/adl-13/cam0/adl-13-cam0.mp4,0.0,8.8333,7.3333,8.0,11,3,data/processed/window_poses_readable/train/label_no_fall/adl_13_cam0__video_0p000s_to_8p833s/window_0011__time_7p333s_to_8p000s__frames_000220_to_000240.json,2,data/processed/frames/train/no_fall/adl_13_cam0/frame_000220.jpg|data/processed/frames/train/no_fall/adl_13_cam0/frame_000230.jpg|data/processed/frames/train/no_fall/adl_13_cam0/frame_000240.jpg,7.3333|7.6667|8.0
adl_13_cam0_w0012,adl_13_cam0,train,no_fall,0,data/raw/urfd_videos/No fall/adl-13/cam0/adl-13-cam0.mp4,0.0,8.8333,8.0,8.6667,12,3,data/processed/window_poses_readable/train/label_no_fall/adl_13_cam0__video_0p000s_to_8p833s/window_0012__time_8p000s_to_8p667s__frames_000240_to_000260.json,3,data/processed/frames/train/no_fall/adl_13_cam0/frame_000240.jpg|data/processed/frames/train/no_fall/adl_13_cam0/frame_000250.jpg|data/processed/frames/train/no_fall/adl_13_cam0/frame_000260.jpg,8.0|8.3333|8.6667
adl_14_cam0_w0000,adl_14_cam0,train,no_fall,0,data/raw/urfd_videos/No fall/adl-14/cam0/adl-14-cam0.mp4,0.0,7.8333,0.0,0.6667,0,3,data/processed/window_poses_readable/train/label_no_fall/adl_14_cam0__video_0p000s_to_7p833s/window_0000__time_0p000s_to_0p667s__frames_000000_to_000020.json,0,data/processed/frames/train/no_fall/adl_14_cam0/frame_000000.jpg|data/processed/frames/train/no_fall/adl_14_cam0/frame_000010.jpg|data/processed/frames/train/no_fall/adl_14_cam0/frame_000020.jpg,0.0|0.3333|0.6667
adl_14_cam0_w0001,adl_14_cam0,train,no_fall,0,data/raw/urfd_videos/No fall/adl-14/cam0/adl-14-cam0.mp4,0.0,7.8333,0.6667,1.3333,1,3,data/processed/window_poses_readable/train/label_no_fall/adl_14_cam0__video_0p000s_to_7p833s/window_0001__time_0p667s_to_1p333s__frames_000020_to_000040.json,0,data/processed/frames/train/no_fall/adl_14_cam0/frame_000020.jpg|data/processed/frames/train/no_fall/adl_14_cam0/frame_000030.jpg|data/processed/frames/train/no_fall/adl_14_cam0/frame_000040.jpg,0.6667|1.0|1.3333
adl_14_cam0_w0002,adl_14_cam0,train,no_fall,0,data/raw/urfd_videos/No fall/adl-14/cam0/adl-14-cam0.mp4,0.0,7.8333,1.3333,2.0,2,3,data/processed/window_poses_readable/train/label_no_fall/adl_14_cam0__video_0p000s_to_7p833s/window_0002__time_1p333s_to_2p000s__frames_000040_to_000060.json,0,data/processed/frames/train/no_fall/adl_14_cam0/frame_000040.jpg|data/processed/frames/train/no_fall/adl_14_cam0/frame_000050.jpg|data/processed/frames/train/no_fall/adl_14_cam0/frame_000060.jpg,1.3333|1.6667|2.0
adl_14_cam0_w0003,adl_14_cam0,train,no_fall,0,data/raw/urfd_videos/No fall/adl-14/cam0/adl-14-cam0.mp4,0.0,7.8333,2.0,2.6667,3,3,data/processed/window_poses_readable/train/label_no_fall/adl_14_cam0__video_0p000s_to_7p833s/window_0003__time_2p000s_to_2p667s__frames_000060_to_000080.json,0,data/processed/frames/train/no_fall/adl_14_cam0/frame_000060.jpg|data/processed/frames/train/no_fall/adl_14_cam0/frame_000070.jpg|data/processed/frames/train/no_fall/adl_14_cam0/frame_000080.jpg,2.0|2.3333|2.6667
adl_14_cam0_w0004,adl_14_cam0,train,no_fall,0,data/raw/urfd_videos/No fall/adl-14/cam0/adl-14-cam0.mp4,0.0,7.8333,2.6667,3.3333,4,3,data/processed/window_poses_readable/train/label_no_fall/adl_14_cam0__video_0p000s_to_7p833s/window_0004__time_2p667s_to_3p333s__frames_000080_to_000100.json,0,data/processed/frames/train/no_fall/adl_14_cam0/frame_000080.jpg|data/processed/frames/train/no_fall/adl_14_cam0/frame_000090.jpg|data/processed/frames/train/no_fall/adl_14_cam0/frame_000100.jpg,2.6667|3.0|3.3333
adl_14_cam0_w0005,adl_14_cam0,train,no_fall,0,data/raw/urfd_videos/No fall/adl-14/cam0/adl-14-cam0.mp4,0.0,7.8333,3.3333,4.0,5,3,data/processed/window_poses_readable/train/label_no_fall/adl_14_cam0__video_0p000s_to_7p833s/window_0005__time_3p333s_to_4p000s__frames_000100_to_000120.json,1,data/processed/frames/train/no_fall/adl_14_cam0/frame_000100.jpg|data/processed/frames/train/no_fall/adl_14_cam0/frame_000110.jpg|data/processed/frames/train/no_fall/adl_14_cam0/frame_000120.jpg,3.3333|3.6667|4.0
adl_14_cam0_w0006,adl_14_cam0,train,no_fall,0,data/raw/urfd_videos/No fall/adl-14/cam0/adl-14-cam0.mp4,0.0,7.8333,4.0,4.6667,6,3,data/processed/window_poses_readable/train/label_no_fall/adl_14_cam0__video_0p000s_to_7p833s/window_0006__time_4p000s_to_4p667s__frames_000120_to_000140.json,3,data/processed/frames/train/no_fall/adl_14_cam0/frame_000120.jpg|data/processed/frames/train/no_fall/adl_14_cam0/frame_000130.jpg|data/processed/frames/train/no_fall/adl_14_cam0/frame_000140.jpg,4.0|4.3333|4.6667
adl_14_cam0_w0007,adl_14_cam0,train,no_fall,0,data/raw/urfd_videos/No fall/adl-14/cam0/adl-14-cam0.mp4,0.0,7.8333,4.6667,5.3333,7,3,data/processed/window_poses_readable/train/label_no_fall/adl_14_cam0__video_0p000s_to_7p833s/window_0007__time_4p667s_to_5p333s__frames_000140_to_000160.json,3,data/processed/frames/train/no_fall/adl_14_cam0/frame_000140.jpg|data/processed/frames/train/no_fall/adl_14_cam0/frame_000150.jpg|data/processed/frames/train/no_fall/adl_14_cam0/frame_000160.jpg,4.6667|5.0|5.3333
adl_14_cam0_w0008,adl_14_cam0,train,no_fall,0,data/raw/urfd_videos/No fall/adl-14/cam0/adl-14-cam0.mp4,0.0,7.8333,5.3333,6.0,8,3,data/processed/window_poses_readable/train/label_no_fall/adl_14_cam0__video_0p000s_to_7p833s/window_0008__time_5p333s_to_6p000s__frames_000160_to_000180.json,2,data/processed/frames/train/no_fall/adl_14_cam0/frame_000160.jpg|data/processed/frames/train/no_fall/adl_14_cam0/frame_000170.jpg|data/processed/frames/train/no_fall/adl_14_cam0/frame_000180.jpg,5.3333|5.6667|6.0
adl_14_cam0_w0009,adl_14_cam0,train,no_fall,0,data/raw/urfd_videos/No fall/adl-14/cam0/adl-14-cam0.mp4,0.0,7.8333,6.0,6.6667,9,3,data/processed/window_poses_readable/train/label_no_fall/adl_14_cam0__video_0p000s_to_7p833s/window_0009__time_6p000s_to_6p667s__frames_000180_to_000200.json,3,data/processed/frames/train/no_fall/adl_14_cam0/frame_000180.jpg|data/processed/frames/train/no_fall/adl_14_cam0/frame_000190.jpg|data/processed/frames/train/no_fall/adl_14_cam0/frame_000200.jpg,6.0|6.3333|6.6667
adl_14_cam0_w0010,adl_14_cam0,train,no_fall,0,data/raw/urfd_videos/No fall/adl-14/cam0/adl-14-cam0.mp4,0.0,7.8333,6.6667,7.3333,10,3,data/processed/window_poses_readable/train/label_no_fall/adl_14_cam0__video_0p000s_to_7p833s/window_0010__time_6p667s_to_7p333s__frames_000200_to_000220.json,3,data/processed/frames/train/no_fall/adl_14_cam0/frame_000200.jpg|data/processed/frames/train/no_fall/adl_14_cam0/frame_000210.jpg|data/processed/frames/train/no_fall/adl_14_cam0/frame_000220.jpg,6.6667|7.0|7.3333
adl_16_cam0_w0000,adl_16_cam0,train,no_fall,0,data/raw/urfd_videos/No fall/adl-16/cam0/adl-16-cam0.mp4,0.0,8.0,0.0,0.6667,0,3,data/processed/window_poses_readable/train/label_no_fall/adl_16_cam0__video_0p000s_to_8p000s/window_0000__time_0p000s_to_0p667s__frames_000000_to_000020.json,0,data/processed/frames/train/no_fall/adl_16_cam0/frame_000000.jpg|data/processed/frames/train/no_fall/adl_16_cam0/frame_000010.jpg|data/processed/frames/train/no_fall/adl_16_cam0/frame_000020.jpg,0.0|0.3333|0.6667
adl_16_cam0_w0001,adl_16_cam0,train,no_fall,0,data/raw/urfd_videos/No fall/adl-16/cam0/adl-16-cam0.mp4,0.0,8.0,0.6667,1.3333,1,3,data/processed/window_poses_readable/train/label_no_fall/adl_16_cam0__video_0p000s_to_8p000s/window_0001__time_0p667s_to_1p333s__frames_000020_to_000040.json,0,data/processed/frames/train/no_fall/adl_16_cam0/frame_000020.jpg|data/processed/frames/train/no_fall/adl_16_cam0/frame_000030.jpg|data/processed/frames/train/no_fall/adl_16_cam0/frame_000040.jpg,0.6667|1.0|1.3333
adl_16_cam0_w0002,adl_16_cam0,train,no_fall,0,data/raw/urfd_videos/No fall/adl-16/cam0/adl-16-cam0.mp4,0.0,8.0,1.3333,2.0,2,3,data/processed/window_poses_readable/train/label_no_fall/adl_16_cam0__video_0p000s_to_8p000s/window_0002__time_1p333s_to_2p000s__frames_000040_to_000060.json,0,data/processed/frames/train/no_fall/adl_16_cam0/frame_000040.jpg|data/processed/frames/train/no_fall/adl_16_cam0/frame_000050.jpg|data/processed/frames/train/no_fall/adl_16_cam0/frame_000060.jpg,1.3333|1.6667|2.0
adl_16_cam0_w0003,adl_16_cam0,train,no_fall,0,data/raw/urfd_videos/No fall/adl-16/cam0/adl-16-cam0.mp4,0.0,8.0,2.0,2.6667,3,3,data/processed/window_poses_readable/train/label_no_fall/adl_16_cam0__video_0p000s_to_8p000s/window_0003__time_2p000s_to_2p667s__frames_000060_to_000080.json,0,data/processed/frames/train/no_fall/adl_16_cam0/frame_000060.jpg|data/processed/frames/train/no_fall/adl_16_cam0/frame_000070.jpg|data/processed/frames/train/no_fall/adl_16_cam0/frame_000080.jpg,2.0|2.3333|2.6667
adl_16_cam0_w0004,adl_16_cam0,train,no_fall,0,data/raw/urfd_videos/No fall/adl-16/cam0/adl-16-cam0.mp4,0.0,8.0,2.6667,3.3333,4,3,data/processed/window_poses_readable/train/label_no_fall/adl_16_cam0__video_0p000s_to_8p000s/window_0004__time_2p667s_to_3p333s__frames_000080_to_000100.json,2,data/processed/frames/train/no_fall/adl_16_cam0/frame_000080.jpg|data/processed/frames/train/no_fall/adl_16_cam0/frame_000090.jpg|data/processed/frames/train/no_fall/adl_16_cam0/frame_000100.jpg,2.6667|3.0|3.3333
adl_16_cam0_w0005,adl_16_cam0,train,no_fall,0,data/raw/urfd_videos/No fall/adl-16/cam0/adl-16-cam0.mp4,0.0,8.0,3.3333,4.0,5,3,data/processed/window_poses_readable/train/label_no_fall/adl_16_cam0__video_0p000s_to_8p000s/window_0005__time_3p333s_to_4p000s__frames_000100_to_000120.json,3,data/processed/frames/train/no_fall/adl_16_cam0/frame_000100.jpg|data/processed/frames/train/no_fall/adl_16_cam0/frame_000110.jpg|data/processed/frames/train/no_fall/adl_16_cam0/frame_000120.jpg,3.3333|3.6667|4.0
adl_16_cam0_w0006,adl_16_cam0,train,no_fall,0,data/raw/urfd_videos/No fall/adl-16/cam0/adl-16-cam0.mp4,0.0,8.0,4.0,4.6667,6,3,data/processed/window_poses_readable/train/label_no_fall/adl_16_cam0__video_0p000s_to_8p000s/window_0006__time_4p000s_to_4p667s__frames_000120_to_000140.json,2,data/processed/frames/train/no_fall/adl_16_cam0/frame_000120.jpg|data/processed/frames/train/no_fall/adl_16_cam0/frame_000130.jpg|data/processed/frames/train/no_fall/adl_16_cam0/frame_000140.jpg,4.0|4.3333|4.6667
adl_16_cam0_w0007,adl_16_cam0,train,no_fall,0,data/raw/urfd_videos/No fall/adl-16/cam0/adl-16-cam0.mp4,0.0,8.0,4.6667,5.3333,7,3,data/processed/window_poses_readable/train/label_no_fall/adl_16_cam0__video_0p000s_to_8p000s/window_0007__time_4p667s_to_5p333s__frames_000140_to_000160.json,1,data/processed/frames/train/no_fall/adl_16_cam0/frame_000140.jpg|data/processed/frames/train/no_fall/adl_16_cam0/frame_000150.jpg|data/processed/frames/train/no_fall/adl_16_cam0/frame_000160.jpg,4.6667|5.0|5.3333
adl_16_cam0_w0008,adl_16_cam0,train,no_fall,0,data/raw/urfd_videos/No fall/adl-16/cam0/adl-16-cam0.mp4,0.0,8.0,5.3333,6.0,8,3,data/processed/window_poses_readable/train/label_no_fall/adl_16_cam0__video_0p000s_to_8p000s/window_0008__time_5p333s_to_6p000s__frames_000160_to_000180.json,1,data/processed/frames/train/no_fall/adl_16_cam0/frame_000160.jpg|data/processed/frames/train/no_fall/adl_16_cam0/frame_000170.jpg|data/processed/frames/train/no_fall/adl_16_cam0/frame_000180.jpg,5.3333|5.6667|6.0
adl_16_cam0_w0009,adl_16_cam0,train,no_fall,0,data/raw/urfd_videos/No fall/adl-16/cam0/adl-16-cam0.mp4,0.0,8.0,6.0,6.6667,9,3,data/processed/window_poses_readable/train/label_no_fall/adl_16_cam0__video_0p000s_to_8p000s/window_0009__time_6p000s_to_6p667s__frames_000180_to_000200.json,3,data/processed/frames/train/no_fall/adl_16_cam0/frame_000180.jpg|data/processed/frames/train/no_fall/adl_16_cam0/frame_000190.jpg|data/processed/frames/train/no_fall/adl_16_cam0/frame_000200.jpg,6.0|6.3333|6.6667
adl_16_cam0_w0010,adl_16_cam0,train,no_fall,0,data/raw/urfd_videos/No fall/adl-16/cam0/adl-16-cam0.mp4,0.0,8.0,6.6667,7.3333,10,3,data/processed/window_poses_readable/train/label_no_fall/adl_16_cam0__video_0p000s_to_8p000s/window_0010__time_6p667s_to_7p333s__frames_000200_to_000220.json,2,data/processed/frames/train/no_fall/adl_16_cam0/frame_000200.jpg|data/processed/frames/train/no_fall/adl_16_cam0/frame_000210.jpg|data/processed/frames/train/no_fall/adl_16_cam0/frame_000220.jpg,6.6667|7.0|7.3333
adl_17_cam0_w0000,adl_17_cam0,train,no_fall,0,data/raw/urfd_videos/No fall/adl-17/cam0/adl-17-cam0.mp4,0.0,7.6667,0.0,0.6667,0,3,data/processed/window_poses_readable/train/label_no_fall/adl_17_cam0__video_0p000s_to_7p667s/window_0000__time_0p000s_to_0p667s__frames_000000_to_000020.json,0,data/processed/frames/train/no_fall/adl_17_cam0/frame_000000.jpg|data/processed/frames/train/no_fall/adl_17_cam0/frame_000010.jpg|data/processed/frames/train/no_fall/adl_17_cam0/frame_000020.jpg,0.0|0.3333|0.6667
adl_17_cam0_w0001,adl_17_cam0,train,no_fall,0,data/raw/urfd_videos/No fall/adl-17/cam0/adl-17-cam0.mp4,0.0,7.6667,0.6667,1.3333,1,3,data/processed/window_poses_readable/train/label_no_fall/adl_17_cam0__video_0p000s_to_7p667s/window_0001__time_0p667s_to_1p333s__frames_000020_to_000040.json,0,data/processed/frames/train/no_fall/adl_17_cam0/frame_000020.jpg|data/processed/frames/train/no_fall/adl_17_cam0/frame_000030.jpg|data/processed/frames/train/no_fall/adl_17_cam0/frame_000040.jpg,0.6667|1.0|1.3333
adl_17_cam0_w0002,adl_17_cam0,train,no_fall,0,data/raw/urfd_videos/No fall/adl-17/cam0/adl-17-cam0.mp4,0.0,7.6667,1.3333,2.0,2,3,data/processed/window_poses_readable/train/label_no_fall/adl_17_cam0__video_0p000s_to_7p667s/window_0002__time_1p333s_to_2p000s__frames_000040_to_000060.json,0,data/processed/frames/train/no_fall/adl_17_cam0/frame_000040.jpg|data/processed/frames/train/no_fall/adl_17_cam0/frame_000050.jpg|data/processed/frames/train/no_fall/adl_17_cam0/frame_000060.jpg,1.3333|1.6667|2.0
adl_17_cam0_w0003,adl_17_cam0,train,no_fall,0,data/raw/urfd_videos/No fall/adl-17/cam0/adl-17-cam0.mp4,0.0,7.6667,2.0,2.6667,3,3,data/processed/window_poses_readable/train/label_no_fall/adl_17_cam0__video_0p000s_to_7p667s/window_0003__time_2p000s_to_2p667s__frames_000060_to_000080.json,1,data/processed/frames/train/no_fall/adl_17_cam0/frame_000060.jpg|data/processed/frames/train/no_fall/adl_17_cam0/frame_000070.jpg|data/processed/frames/train/no_fall/adl_17_cam0/frame_000080.jpg,2.0|2.3333|2.6667
adl_17_cam0_w0004,adl_17_cam0,train,no_fall,0,data/raw/urfd_videos/No fall/adl-17/cam0/adl-17-cam0.mp4,0.0,7.6667,2.6667,3.3333,4,3,data/processed/window_poses_readable/train/label_no_fall/adl_17_cam0__video_0p000s_to_7p667s/window_0004__time_2p667s_to_3p333s__frames_000080_to_000100.json,2,data/processed/frames/train/no_fall/adl_17_cam0/frame_000080.jpg|data/processed/frames/train/no_fall/adl_17_cam0/frame_000090.jpg|data/processed/frames/train/no_fall/adl_17_cam0/frame_000100.jpg,2.6667|3.0|3.3333
adl_17_cam0_w0005,adl_17_cam0,train,no_fall,0,data/raw/urfd_videos/No fall/adl-17/cam0/adl-17-cam0.mp4,0.0,7.6667,3.3333,4.0,5,3,data/processed/window_poses_readable/train/label_no_fall/adl_17_cam0__video_0p000s_to_7p667s/window_0005__time_3p333s_to_4p000s__frames_000100_to_000120.json,3,data/processed/frames/train/no_fall/adl_17_cam0/frame_000100.jpg|data/processed/frames/train/no_fall/adl_17_cam0/frame_000110.jpg|data/processed/frames/train/no_fall/adl_17_cam0/frame_000120.jpg,3.3333|3.6667|4.0
adl_17_cam0_w0006,adl_17_cam0,train,no_fall,0,data/raw/urfd_videos/No fall/adl-17/cam0/adl-17-cam0.mp4,0.0,7.6667,4.0,4.6667,6,3,data/processed/window_poses_readable/train/label_no_fall/adl_17_cam0__video_0p000s_to_7p667s/window_0006__time_4p000s_to_4p667s__frames_000120_to_000140.json,3,data/processed/frames/train/no_fall/adl_17_cam0/frame_000120.jpg|data/processed/frames/train/no_fall/adl_17_cam0/frame_000130.jpg|data/processed/frames/train/no_fall/adl_17_cam0/frame_000140.jpg,4.0|4.3333|4.6667
adl_17_cam0_w0007,adl_17_cam0,train,no_fall,0,data/raw/urfd_videos/No fall/adl-17/cam0/adl-17-cam0.mp4,0.0,7.6667,4.6667,5.3333,7,3,data/processed/window_poses_readable/train/label_no_fall/adl_17_cam0__video_0p000s_to_7p667s/window_0007__time_4p667s_to_5p333s__frames_000140_to_000160.json,3,data/processed/frames/train/no_fall/adl_17_cam0/frame_000140.jpg|data/processed/frames/train/no_fall/adl_17_cam0/frame_000150.jpg|data/processed/frames/train/no_fall/adl_17_cam0/frame_000160.jpg,4.6667|5.0|5.3333
adl_17_cam0_w0008,adl_17_cam0,train,no_fall,0,data/raw/urfd_videos/No fall/adl-17/cam0/adl-17-cam0.mp4,0.0,7.6667,5.3333,6.0,8,3,data/processed/window_poses_readable/train/label_no_fall/adl_17_cam0__video_0p000s_to_7p667s/window_0008__time_5p333s_to_6p000s__frames_000160_to_000180.json,3,data/processed/frames/train/no_fall/adl_17_cam0/frame_000160.jpg|data/processed/frames/train/no_fall/adl_17_cam0/frame_000170.jpg|data/processed/frames/train/no_fall/adl_17_cam0/frame_000180.jpg,5.3333|5.6667|6.0
adl_17_cam0_w0009,adl_17_cam0,train,no_fall,0,data/raw/urfd_videos/No fall/adl-17/cam0/adl-17-cam0.mp4,0.0,7.6667,6.0,6.6667,9,3,data/processed/window_poses_readable/train/label_no_fall/adl_17_cam0__video_0p000s_to_7p667s/window_0009__time_6p000s_to_6p667s__frames_000180_to_000200.json,3,data/processed/frames/train/no_fall/adl_17_cam0/frame_000180.jpg|data/processed/frames/train/no_fall/adl_17_cam0/frame_000190.jpg|data/processed/frames/train/no_fall/adl_17_cam0/frame_000200.jpg,6.0|6.3333|6.6667
adl_17_cam0_w0010,adl_17_cam0,train,no_fall,0,data/raw/urfd_videos/No fall/adl-17/cam0/adl-17-cam0.mp4,0.0,7.6667,6.6667,7.3333,10,3,data/processed/window_poses_readable/train/label_no_fall/adl_17_cam0__video_0p000s_to_7p667s/window_0010__time_6p667s_to_7p333s__frames_000200_to_000220.json,3,data/processed/frames/train/no_fall/adl_17_cam0/frame_000200.jpg|data/processed/frames/train/no_fall/adl_17_cam0/frame_000210.jpg|data/processed/frames/train/no_fall/adl_17_cam0/frame_000220.jpg,6.6667|7.0|7.3333
adl_22_cam0_w0000,adl_22_cam0,train,no_fall,0,data/raw/urfd_videos/No fall/adl-22/cam0/adl-22-cam0.mp4,0.0,8.0,0.0,0.6667,0,3,data/processed/window_poses_readable/train/label_no_fall/adl_22_cam0__video_0p000s_to_8p000s/window_0000__time_0p000s_to_0p667s__frames_000000_to_000020.json,0,data/processed/frames/train/no_fall/adl_22_cam0/frame_000000.jpg|data/processed/frames/train/no_fall/adl_22_cam0/frame_000010.jpg|data/processed/frames/train/no_fall/adl_22_cam0/frame_000020.jpg,0.0|0.3333|0.6667
adl_22_cam0_w0001,adl_22_cam0,train,no_fall,0,data/raw/urfd_videos/No fall/adl-22/cam0/adl-22-cam0.mp4,0.0,8.0,0.6667,1.3333,1,3,data/processed/window_poses_readable/train/label_no_fall/adl_22_cam0__video_0p000s_to_8p000s/window_0001__time_0p667s_to_1p333s__frames_000020_to_000040.json,0,data/processed/frames/train/no_fall/adl_22_cam0/frame_000020.jpg|data/processed/frames/train/no_fall/adl_22_cam0/frame_000030.jpg|data/processed/frames/train/no_fall/adl_22_cam0/frame_000040.jpg,0.6667|1.0|1.3333
adl_22_cam0_w0002,adl_22_cam0,train,no_fall,0,data/raw/urfd_videos/No fall/adl-22/cam0/adl-22-cam0.mp4,0.0,8.0,1.3333,2.0,2,3,data/processed/window_poses_readable/train/label_no_fall/adl_22_cam0__video_0p000s_to_8p000s/window_0002__time_1p333s_to_2p000s__frames_000040_to_000060.json,0,data/processed/frames/train/no_fall/adl_22_cam0/frame_000040.jpg|data/processed/frames/train/no_fall/adl_22_cam0/frame_000050.jpg|data/processed/frames/train/no_fall/adl_22_cam0/frame_000060.jpg,1.3333|1.6667|2.0
adl_22_cam0_w0003,adl_22_cam0,train,no_fall,0,data/raw/urfd_videos/No fall/adl-22/cam0/adl-22-cam0.mp4,0.0,8.0,2.0,2.6667,3,3,data/processed/window_poses_readable/train/label_no_fall/adl_22_cam0__video_0p000s_to_8p000s/window_0003__time_2p000s_to_2p667s__frames_000060_to_000080.json,0,data/processed/frames/train/no_fall/adl_22_cam0/frame_000060.jpg|data/processed/frames/train/no_fall/adl_22_cam0/frame_000070.jpg|data/processed/frames/train/no_fall/adl_22_cam0/frame_000080.jpg,2.0|2.3333|2.6667
adl_22_cam0_w0004,adl_22_cam0,train,no_fall,0,data/raw/urfd_videos/No fall/adl-22/cam0/adl-22-cam0.mp4,0.0,8.0,2.6667,3.3333,4,3,data/processed/window_poses_readable/train/label_no_fall/adl_22_cam0__video_0p000s_to_8p000s/window_0004__time_2p667s_to_3p333s__frames_000080_to_000100.json,1,data/processed/frames/train/no_fall/adl_22_cam0/frame_000080.jpg|data/processed/frames/train/no_fall/adl_22_cam0/frame_000090.jpg|data/processed/frames/train/no_fall/adl_22_cam0/frame_000100.jpg,2.6667|3.0|3.3333
adl_22_cam0_w0005,adl_22_cam0,train,no_fall,0,data/raw/urfd_videos/No fall/adl-22/cam0/adl-22-cam0.mp4,0.0,8.0,3.3333,4.0,5,3,data/processed/window_poses_readable/train/label_no_fall/adl_22_cam0__video_0p000s_to_8p000s/window_0005__time_3p333s_to_4p000s__frames_000100_to_000120.json,3,data/processed/frames/train/no_fall/adl_22_cam0/frame_000100.jpg|data/processed/frames/train/no_fall/adl_22_cam0/frame_000110.jpg|data/processed/frames/train/no_fall/adl_22_cam0/frame_000120.jpg,3.3333|3.6667|4.0
adl_22_cam0_w0006,adl_22_cam0,train,no_fall,0,data/raw/urfd_videos/No fall/adl-22/cam0/adl-22-cam0.mp4,0.0,8.0,4.0,4.6667,6,3,data/processed/window_poses_readable/train/label_no_fall/adl_22_cam0__video_0p000s_to_8p000s/window_0006__time_4p000s_to_4p667s__frames_000120_to_000140.json,1,data/processed/frames/train/no_fall/adl_22_cam0/frame_000120.jpg|data/processed/frames/train/no_fall/adl_22_cam0/frame_000130.jpg|data/processed/frames/train/no_fall/adl_22_cam0/frame_000140.jpg,4.0|4.3333|4.6667
adl_22_cam0_w0007,adl_22_cam0,train,no_fall,0,data/raw/urfd_videos/No fall/adl-22/cam0/adl-22-cam0.mp4,0.0,8.0,4.6667,5.3333,7,3,data/processed/window_poses_readable/train/label_no_fall/adl_22_cam0__video_0p000s_to_8p000s/window_0007__time_4p667s_to_5p333s__frames_000140_to_000160.json,0,data/processed/frames/train/no_fall/adl_22_cam0/frame_000140.jpg|data/processed/frames/train/no_fall/adl_22_cam0/frame_000150.jpg|data/processed/frames/train/no_fall/adl_22_cam0/frame_000160.jpg,4.6667|5.0|5.3333
adl_22_cam0_w0008,adl_22_cam0,train,no_fall,0,data/raw/urfd_videos/No fall/adl-22/cam0/adl-22-cam0.mp4,0.0,8.0,5.3333,6.0,8,3,data/processed/window_poses_readable/train/label_no_fall/adl_22_cam0__video_0p000s_to_8p000s/window_0008__time_5p333s_to_6p000s__frames_000160_to_000180.json,0,data/processed/frames/train/no_fall/adl_22_cam0/frame_000160.jpg|data/processed/frames/train/no_fall/adl_22_cam0/frame_000170.jpg|data/processed/frames/train/no_fall/adl_22_cam0/frame_000180.jpg,5.3333|5.6667|6.0
adl_22_cam0_w0009,adl_22_cam0,train,no_fall,0,data/raw/urfd_videos/No fall/adl-22/cam0/adl-22-cam0.mp4,0.0,8.0,6.0,6.6667,9,3,data/processed/window_poses_readable/train/label_no_fall/adl_22_cam0__video_0p000s_to_8p000s/window_0009__time_6p000s_to_6p667s__frames_000180_to_000200.json,0,data/processed/frames/train/no_fall/adl_22_cam0/frame_000180.jpg|data/processed/frames/train/no_fall/adl_22_cam0/frame_000190.jpg|data/processed/frames/train/no_fall/adl_22_cam0/frame_000200.jpg,6.0|6.3333|6.6667
adl_22_cam0_w0010,adl_22_cam0,train,no_fall,0,data/raw/urfd_videos/No fall/adl-22/cam0/adl-22-cam0.mp4,0.0,8.0,6.6667,7.3333,10,3,data/processed/window_poses_readable/train/label_no_fall/adl_22_cam0__video_0p000s_to_8p000s/window_0010__time_6p667s_to_7p333s__frames_000200_to_000220.json,0,data/processed/frames/train/no_fall/adl_22_cam0/frame_000200.jpg|data/processed/frames/train/no_fall/adl_22_cam0/frame_000210.jpg|data/processed/frames/train/no_fall/adl_22_cam0/frame_000220.jpg,6.6667|7.0|7.3333
adl_23_cam0_w0000,adl_23_cam0,train,no_fall,0,data/raw/urfd_videos/No fall/adl-23/cam0/adl-23-cam0.mp4,0.0,7.3333,0.0,0.6667,0,3,data/processed/window_poses_readable/train/label_no_fall/adl_23_cam0__video_0p000s_to_7p333s/window_0000__time_0p000s_to_0p667s__frames_000000_to_000020.json,0,data/processed/frames/train/no_fall/adl_23_cam0/frame_000000.jpg|data/processed/frames/train/no_fall/adl_23_cam0/frame_000010.jpg|data/processed/frames/train/no_fall/adl_23_cam0/frame_000020.jpg,0.0|0.3333|0.6667
adl_23_cam0_w0001,adl_23_cam0,train,no_fall,0,data/raw/urfd_videos/No fall/adl-23/cam0/adl-23-cam0.mp4,0.0,7.3333,0.6667,1.3333,1,3,data/processed/window_poses_readable/train/label_no_fall/adl_23_cam0__video_0p000s_to_7p333s/window_0001__time_0p667s_to_1p333s__frames_000020_to_000040.json,0,data/processed/frames/train/no_fall/adl_23_cam0/frame_000020.jpg|data/processed/frames/train/no_fall/adl_23_cam0/frame_000030.jpg|data/processed/frames/train/no_fall/adl_23_cam0/frame_000040.jpg,0.6667|1.0|1.3333
adl_23_cam0_w0002,adl_23_cam0,train,no_fall,0,data/raw/urfd_videos/No fall/adl-23/cam0/adl-23-cam0.mp4,0.0,7.3333,1.3333,2.0,2,3,data/processed/window_poses_readable/train/label_no_fall/adl_23_cam0__video_0p000s_to_7p333s/window_0002__time_1p333s_to_2p000s__frames_000040_to_000060.json,0,data/processed/frames/train/no_fall/adl_23_cam0/frame_000040.jpg|data/processed/frames/train/no_fall/adl_23_cam0/frame_000050.jpg|data/processed/frames/train/no_fall/adl_23_cam0/frame_000060.jpg,1.3333|1.6667|2.0
adl_23_cam0_w0003,adl_23_cam0,train,no_fall,0,data/raw/urfd_videos/No fall/adl-23/cam0/adl-23-cam0.mp4,0.0,7.3333,2.0,2.6667,3,3,data/processed/window_poses_readable/train/label_no_fall/adl_23_cam0__video_0p000s_to_7p333s/window_0003__time_2p000s_to_2p667s__frames_000060_to_000080.json,2,data/processed/frames/train/no_fall/adl_23_cam0/frame_000060.jpg|data/processed/frames/train/no_fall/adl_23_cam0/frame_000070.jpg|data/processed/frames/train/no_fall/adl_23_cam0/frame_000080.jpg,2.0|2.3333|2.6667
adl_23_cam0_w0004,adl_23_cam0,train,no_fall,0,data/raw/urfd_videos/No fall/adl-23/cam0/adl-23-cam0.mp4,0.0,7.3333,2.6667,3.3333,4,3,data/processed/window_poses_readable/train/label_no_fall/adl_23_cam0__video_0p000s_to_7p333s/window_0004__time_2p667s_to_3p333s__frames_000080_to_000100.json,2,data/processed/frames/train/no_fall/adl_23_cam0/frame_000080.jpg|data/processed/frames/train/no_fall/adl_23_cam0/frame_000090.jpg|data/processed/frames/train/no_fall/adl_23_cam0/frame_000100.jpg,2.6667|3.0|3.3333
adl_23_cam0_w0005,adl_23_cam0,train,no_fall,0,data/raw/urfd_videos/No fall/adl-23/cam0/adl-23-cam0.mp4,0.0,7.3333,3.3333,4.0,5,3,data/processed/window_poses_readable/train/label_no_fall/adl_23_cam0__video_0p000s_to_7p333s/window_0005__time_3p333s_to_4p000s__frames_000100_to_000120.json,1,data/processed/frames/train/no_fall/adl_23_cam0/frame_000100.jpg|data/processed/frames/train/no_fall/adl_23_cam0/frame_000110.jpg|data/processed/frames/train/no_fall/adl_23_cam0/frame_000120.jpg,3.3333|3.6667|4.0
adl_23_cam0_w0006,adl_23_cam0,train,no_fall,0,data/raw/urfd_videos/No fall/adl-23/cam0/adl-23-cam0.mp4,0.0,7.3333,4.0,4.6667,6,3,data/processed/window_poses_readable/train/label_no_fall/adl_23_cam0__video_0p000s_to_7p333s/window_0006__time_4p000s_to_4p667s__frames_000120_to_000140.json,0,data/processed/frames/train/no_fall/adl_23_cam0/frame_000120.jpg|data/processed/frames/train/no_fall/adl_23_cam0/frame_000130.jpg|data/processed/frames/train/no_fall/adl_23_cam0/frame_000140.jpg,4.0|4.3333|4.6667
adl_23_cam0_w0007,adl_23_cam0,train,no_fall,0,data/raw/urfd_videos/No fall/adl-23/cam0/adl-23-cam0.mp4,0.0,7.3333,4.6667,5.3333,7,3,data/processed/window_poses_readable/train/label_no_fall/adl_23_cam0__video_0p000s_to_7p333s/window_0007__time_4p667s_to_5p333s__frames_000140_to_000160.json,0,data/processed/frames/train/no_fall/adl_23_cam0/frame_000140.jpg|data/processed/frames/train/no_fall/adl_23_cam0/frame_000150.jpg|data/processed/frames/train/no_fall/adl_23_cam0/frame_000160.jpg,4.6667|5.0|5.3333
adl_23_cam0_w0008,adl_23_cam0,train,no_fall,0,data/raw/urfd_videos/No fall/adl-23/cam0/adl-23-cam0.mp4,0.0,7.3333,5.3333,6.0,8,3,data/processed/window_poses_readable/train/label_no_fall/adl_23_cam0__video_0p000s_to_7p333s/window_0008__time_5p333s_to_6p000s__frames_000160_to_000180.json,0,data/processed/frames/train/no_fall/adl_23_cam0/frame_000160.jpg|data/processed/frames/train/no_fall/adl_23_cam0/frame_000170.jpg|data/processed/frames/train/no_fall/adl_23_cam0/frame_000180.jpg,5.3333|5.6667|6.0
adl_23_cam0_w0009,adl_23_cam0,train,no_fall,0,data/raw/urfd_videos/No fall/adl-23/cam0/adl-23-cam0.mp4,0.0,7.3333,6.0,6.6667,9,3,data/processed/window_poses_readable/train/label_no_fall/adl_23_cam0__video_0p000s_to_7p333s/window_0009__time_6p000s_to_6p667s__frames_000180_to_000200.json,0,data/processed/frames/train/no_fall/adl_23_cam0/frame_000180.jpg|data/processed/frames/train/no_fall/adl_23_cam0/frame_000190.jpg|data/processed/frames/train/no_fall/adl_23_cam0/frame_000200.jpg,6.0|6.3333|6.6667
adl_24_cam0_w0000,adl_24_cam0,train,no_fall,0,data/raw/urfd_videos/No fall/adl-24/cam0/adl-24-cam0.mp4,0.0,2.3333,0.0,0.6667,0,3,data/processed/window_poses_readable/train/label_no_fall/adl_24_cam0__video_0p000s_to_2p333s/window_0000__time_0p000s_to_0p667s__frames_000000_to_000020.json,3,data/processed/frames/train/no_fall/adl_24_cam0/frame_000000.jpg|data/processed/frames/train/no_fall/adl_24_cam0/frame_000010.jpg|data/processed/frames/train/no_fall/adl_24_cam0/frame_000020.jpg,0.0|0.3333|0.6667
adl_24_cam0_w0001,adl_24_cam0,train,no_fall,0,data/raw/urfd_videos/No fall/adl-24/cam0/adl-24-cam0.mp4,0.0,2.3333,0.6667,1.3333,1,3,data/processed/window_poses_readable/train/label_no_fall/adl_24_cam0__video_0p000s_to_2p333s/window_0001__time_0p667s_to_1p333s__frames_000020_to_000040.json,2,data/processed/frames/train/no_fall/adl_24_cam0/frame_000020.jpg|data/processed/frames/train/no_fall/adl_24_cam0/frame_000030.jpg|data/processed/frames/train/no_fall/adl_24_cam0/frame_000040.jpg,0.6667|1.0|1.3333
adl_24_cam0_w0002,adl_24_cam0,train,no_fall,0,data/raw/urfd_videos/No fall/adl-24/cam0/adl-24-cam0.mp4,0.0,2.3333,1.3333,2.0,2,3,data/processed/window_poses_readable/train/label_no_fall/adl_24_cam0__video_0p000s_to_2p333s/window_0002__time_1p333s_to_2p000s__frames_000040_to_000060.json,3,data/processed/frames/train/no_fall/adl_24_cam0/frame_000040.jpg|data/processed/frames/train/no_fall/adl_24_cam0/frame_000050.jpg|data/processed/frames/train/no_fall/adl_24_cam0/frame_000060.jpg,1.3333|1.6667|2.0
adl_25_cam0_w0000,adl_25_cam0,train,no_fall,0,data/raw/urfd_videos/No fall/adl-25/cam0/adl-25-cam0.mp4,0.0,3.6667,0.0,0.6667,0,3,data/processed/window_poses_readable/train/label_no_fall/adl_25_cam0__video_0p000s_to_3p667s/window_0000__time_0p000s_to_0p667s__frames_000000_to_000020.json,3,data/processed/frames/train/no_fall/adl_25_cam0/frame_000000.jpg|data/processed/frames/train/no_fall/adl_25_cam0/frame_000010.jpg|data/processed/frames/train/no_fall/adl_25_cam0/frame_000020.jpg,0.0|0.3333|0.6667
adl_25_cam0_w0001,adl_25_cam0,train,no_fall,0,data/raw/urfd_videos/No fall/adl-25/cam0/adl-25-cam0.mp4,0.0,3.6667,0.6667,1.3333,1,3,data/processed/window_poses_readable/train/label_no_fall/adl_25_cam0__video_0p000s_to_3p667s/window_0001__time_0p667s_to_1p333s__frames_000020_to_000040.json,3,data/processed/frames/train/no_fall/adl_25_cam0/frame_000020.jpg|data/processed/frames/train/no_fall/adl_25_cam0/frame_000030.jpg|data/processed/frames/train/no_fall/adl_25_cam0/frame_000040.jpg,0.6667|1.0|1.3333
adl_25_cam0_w0002,adl_25_cam0,train,no_fall,0,data/raw/urfd_videos/No fall/adl-25/cam0/adl-25-cam0.mp4,0.0,3.6667,1.3333,2.0,2,3,data/processed/window_poses_readable/train/label_no_fall/adl_25_cam0__video_0p000s_to_3p667s/window_0002__time_1p333s_to_2p000s__frames_000040_to_000060.json,3,data/processed/frames/train/no_fall/adl_25_cam0/frame_000040.jpg|data/processed/frames/train/no_fall/adl_25_cam0/frame_000050.jpg|data/processed/frames/train/no_fall/adl_25_cam0/frame_000060.jpg,1.3333|1.6667|2.0
adl_25_cam0_w0003,adl_25_cam0,train,no_fall,0,data/raw/urfd_videos/No fall/adl-25/cam0/adl-25-cam0.mp4,0.0,3.6667,2.0,2.6667,3,3,data/processed/window_poses_readable/train/label_no_fall/adl_25_cam0__video_0p000s_to_3p667s/window_0003__time_2p000s_to_2p667s__frames_000060_to_000080.json,1,data/processed/frames/train/no_fall/adl_25_cam0/frame_000060.jpg|data/processed/frames/train/no_fall/adl_25_cam0/frame_000070.jpg|data/processed/frames/train/no_fall/adl_25_cam0/frame_000080.jpg,2.0|2.3333|2.6667
adl_25_cam0_w0004,adl_25_cam0,train,no_fall,0,data/raw/urfd_videos/No fall/adl-25/cam0/adl-25-cam0.mp4,0.0,3.6667,2.6667,3.3333,4,3,data/processed/window_poses_readable/train/label_no_fall/adl_25_cam0__video_0p000s_to_3p667s/window_0004__time_2p667s_to_3p333s__frames_000080_to_000100.json,0,data/processed/frames/train/no_fall/adl_25_cam0/frame_000080.jpg|data/processed/frames/train/no_fall/adl_25_cam0/frame_000090.jpg|data/processed/frames/train/no_fall/adl_25_cam0/frame_000100.jpg,2.6667|3.0|3.3333
adl_26_cam0_w0000,adl_26_cam0,train,no_fall,0,data/raw/urfd_videos/No fall/adl-26/cam0/adl-26-cam0.mp4,0.0,3.1667,0.0,0.6667,0,3,data/processed/window_poses_readable/train/label_no_fall/adl_26_cam0__video_0p000s_to_3p167s/window_0000__time_0p000s_to_0p667s__frames_000000_to_000020.json,3,data/processed/frames/train/no_fall/adl_26_cam0/frame_000000.jpg|data/processed/frames/train/no_fall/adl_26_cam0/frame_000010.jpg|data/processed/frames/train/no_fall/adl_26_cam0/frame_000020.jpg,0.0|0.3333|0.6667
adl_26_cam0_w0001,adl_26_cam0,train,no_fall,0,data/raw/urfd_videos/No fall/adl-26/cam0/adl-26-cam0.mp4,0.0,3.1667,0.6667,1.3333,1,3,data/processed/window_poses_readable/train/label_no_fall/adl_26_cam0__video_0p000s_to_3p167s/window_0001__time_0p667s_to_1p333s__frames_000020_to_000040.json,3,data/processed/frames/train/no_fall/adl_26_cam0/frame_000020.jpg|data/processed/frames/train/no_fall/adl_26_cam0/frame_000030.jpg|data/processed/frames/train/no_fall/adl_26_cam0/frame_000040.jpg,0.6667|1.0|1.3333
adl_26_cam0_w0002,adl_26_cam0,train,no_fall,0,data/raw/urfd_videos/No fall/adl-26/cam0/adl-26-cam0.mp4,0.0,3.1667,1.3333,2.0,2,3,data/processed/window_poses_readable/train/label_no_fall/adl_26_cam0__video_0p000s_to_3p167s/window_0002__time_1p333s_to_2p000s__frames_000040_to_000060.json,3,data/processed/frames/train/no_fall/adl_26_cam0/frame_000040.jpg|data/processed/frames/train/no_fall/adl_26_cam0/frame_000050.jpg|data/processed/frames/train/no_fall/adl_26_cam0/frame_000060.jpg,1.3333|1.6667|2.0
adl_26_cam0_w0003,adl_26_cam0,train,no_fall,0,data/raw/urfd_videos/No fall/adl-26/cam0/adl-26-cam0.mp4,0.0,3.1667,2.0,2.6667,3,3,data/processed/window_poses_readable/train/label_no_fall/adl_26_cam0__video_0p000s_to_3p167s/window_0003__time_2p000s_to_2p667s__frames_000060_to_000080.json,3,data/processed/frames/train/no_fall/adl_26_cam0/frame_000060.jpg|data/processed/frames/train/no_fall/adl_26_cam0/frame_000070.jpg|data/processed/frames/train/no_fall/adl_26_cam0/frame_000080.jpg,2.0|2.3333|2.6667
adl_27_cam0_w0000,adl_27_cam0,train,no_fall,0,data/raw/urfd_videos/No fall/adl-27/cam0/adl-27-cam0.mp4,0.0,3.3333,0.0,0.6667,0,3,data/processed/window_poses_readable/train/label_no_fall/adl_27_cam0__video_0p000s_to_3p333s/window_0000__time_0p000s_to_0p667s__frames_000000_to_000020.json,3,data/processed/frames/train/no_fall/adl_27_cam0/frame_000000.jpg|data/processed/frames/train/no_fall/adl_27_cam0/frame_000010.jpg|data/processed/frames/train/no_fall/adl_27_cam0/frame_000020.jpg,0.0|0.3333|0.6667
adl_27_cam0_w0001,adl_27_cam0,train,no_fall,0,data/raw/urfd_videos/No fall/adl-27/cam0/adl-27-cam0.mp4,0.0,3.3333,0.6667,1.3333,1,3,data/processed/window_poses_readable/train/label_no_fall/adl_27_cam0__video_0p000s_to_3p333s/window_0001__time_0p667s_to_1p333s__frames_000020_to_000040.json,3,data/processed/frames/train/no_fall/adl_27_cam0/frame_000020.jpg|data/processed/frames/train/no_fall/adl_27_cam0/frame_000030.jpg|data/processed/frames/train/no_fall/adl_27_cam0/frame_000040.jpg,0.6667|1.0|1.3333
adl_27_cam0_w0002,adl_27_cam0,train,no_fall,0,data/raw/urfd_videos/No fall/adl-27/cam0/adl-27-cam0.mp4,0.0,3.3333,1.3333,2.0,2,3,data/processed/window_poses_readable/train/label_no_fall/adl_27_cam0__video_0p000s_to_3p333s/window_0002__time_1p333s_to_2p000s__frames_000040_to_000060.json,3,data/processed/frames/train/no_fall/adl_27_cam0/frame_000040.jpg|data/processed/frames/train/no_fall/adl_27_cam0/frame_000050.jpg|data/processed/frames/train/no_fall/adl_27_cam0/frame_000060.jpg,1.3333|1.6667|2.0
adl_27_cam0_w0003,adl_27_cam0,train,no_fall,0,data/raw/urfd_videos/No fall/adl-27/cam0/adl-27-cam0.mp4,0.0,3.3333,2.0,2.6667,3,3,data/processed/window_poses_readable/train/label_no_fall/adl_27_cam0__video_0p000s_to_3p333s/window_0003__time_2p000s_to_2p667s__frames_000060_to_000080.json,3,data/processed/frames/train/no_fall/adl_27_cam0/frame_000060.jpg|data/processed/frames/train/no_fall/adl_27_cam0/frame_000070.jpg|data/processed/frames/train/no_fall/adl_27_cam0/frame_000080.jpg,2.0|2.3333|2.6667
adl_30_cam0_w0000,adl_30_cam0,train,no_fall,0,data/raw/urfd_videos/No fall/adl-30/cam0/adl-30-cam0.mp4,0.0,13.3333,0.0,0.6667,0,3,data/processed/window_poses_readable/train/label_no_fall/adl_30_cam0__video_0p000s_to_13p333s/window_0000__time_0p000s_to_0p667s__frames_000000_to_000020.json,0,data/processed/frames/train/no_fall/adl_30_cam0/frame_000000.jpg|data/processed/frames/train/no_fall/adl_30_cam0/frame_000010.jpg|data/processed/frames/train/no_fall/adl_30_cam0/frame_000020.jpg,0.0|0.3333|0.6667
adl_30_cam0_w0001,adl_30_cam0,train,no_fall,0,data/raw/urfd_videos/No fall/adl-30/cam0/adl-30-cam0.mp4,0.0,13.3333,0.6667,1.3333,1,3,data/processed/window_poses_readable/train/label_no_fall/adl_30_cam0__video_0p000s_to_13p333s/window_0001__time_0p667s_to_1p333s__frames_000020_to_000040.json,0,data/processed/frames/train/no_fall/adl_30_cam0/frame_000020.jpg|data/processed/frames/train/no_fall/adl_30_cam0/frame_000030.jpg|data/processed/frames/train/no_fall/adl_30_cam0/frame_000040.jpg,0.6667|1.0|1.3333
adl_30_cam0_w0002,adl_30_cam0,train,no_fall,0,data/raw/urfd_videos/No fall/adl-30/cam0/adl-30-cam0.mp4,0.0,13.3333,1.3333,2.0,2,3,data/processed/window_poses_readable/train/label_no_fall/adl_30_cam0__video_0p000s_to_13p333s/window_0002__time_1p333s_to_2p000s__frames_000040_to_000060.json,0,data/processed/frames/train/no_fall/adl_30_cam0/frame_000040.jpg|data/processed/frames/train/no_fall/adl_30_cam0/frame_000050.jpg|data/processed/frames/train/no_fall/adl_30_cam0/frame_000060.jpg,1.3333|1.6667|2.0
adl_30_cam0_w0003,adl_30_cam0,train,no_fall,0,data/raw/urfd_videos/No fall/adl-30/cam0/adl-30-cam0.mp4,0.0,13.3333,2.0,2.6667,3,3,data/processed/window_poses_readable/train/label_no_fall/adl_30_cam0__video_0p000s_to_13p333s/window_0003__time_2p000s_to_2p667s__frames_000060_to_000080.json,0,data/processed/frames/train/no_fall/adl_30_cam0/frame_000060.jpg|data/processed/frames/train/no_fall/adl_30_cam0/frame_000070.jpg|data/processed/frames/train/no_fall/adl_30_cam0/frame_000080.jpg,2.0|2.3333|2.6667
adl_30_cam0_w0004,adl_30_cam0,train,no_fall,0,data/raw/urfd_videos/No fall/adl-30/cam0/adl-30-cam0.mp4,0.0,13.3333,2.6667,3.3333,4,3,data/processed/window_poses_readable/train/label_no_fall/adl_30_cam0__video_0p000s_to_13p333s/window_0004__time_2p667s_to_3p333s__frames_000080_to_000100.json,0,data/processed/frames/train/no_fall/adl_30_cam0/frame_000080.jpg|data/processed/frames/train/no_fall/adl_30_cam0/frame_000090.jpg|data/processed/frames/train/no_fall/adl_30_cam0/frame_000100.jpg,2.6667|3.0|3.3333
adl_30_cam0_w0005,adl_30_cam0,train,no_fall,0,data/raw/urfd_videos/No fall/adl-30/cam0/adl-30-cam0.mp4,0.0,13.3333,3.3333,4.0,5,3,data/processed/window_poses_readable/train/label_no_fall/adl_30_cam0__video_0p000s_to_13p333s/window_0005__time_3p333s_to_4p000s__frames_000100_to_000120.json,0,data/processed/frames/train/no_fall/adl_30_cam0/frame_000100.jpg|data/processed/frames/train/no_fall/adl_30_cam0/frame_000110.jpg|data/processed/frames/train/no_fall/adl_30_cam0/frame_000120.jpg,3.3333|3.6667|4.0
adl_30_cam0_w0006,adl_30_cam0,train,no_fall,0,data/raw/urfd_videos/No fall/adl-30/cam0/adl-30-cam0.mp4,0.0,13.3333,4.0,4.6667,6,3,data/processed/window_poses_readable/train/label_no_fall/adl_30_cam0__video_0p000s_to_13p333s/window_0006__time_4p000s_to_4p667s__frames_000120_to_000140.json,0,data/processed/frames/train/no_fall/adl_30_cam0/frame_000120.jpg|data/processed/frames/train/no_fall/adl_30_cam0/frame_000130.jpg|data/processed/frames/train/no_fall/adl_30_cam0/frame_000140.jpg,4.0|4.3333|4.6667
adl_30_cam0_w0007,adl_30_cam0,train,no_fall,0,data/raw/urfd_videos/No fall/adl-30/cam0/adl-30-cam0.mp4,0.0,13.3333,4.6667,5.3333,7,3,data/processed/window_poses_readable/train/label_no_fall/adl_30_cam0__video_0p000s_to_13p333s/window_0007__time_4p667s_to_5p333s__frames_000140_to_000160.json,2,data/processed/frames/train/no_fall/adl_30_cam0/frame_000140.jpg|data/processed/frames/train/no_fall/adl_30_cam0/frame_000150.jpg|data/processed/frames/train/no_fall/adl_30_cam0/frame_000160.jpg,4.6667|5.0|5.3333
adl_30_cam0_w0008,adl_30_cam0,train,no_fall,0,data/raw/urfd_videos/No fall/adl-30/cam0/adl-30-cam0.mp4,0.0,13.3333,5.3333,6.0,8,3,data/processed/window_poses_readable/train/label_no_fall/adl_30_cam0__video_0p000s_to_13p333s/window_0008__time_5p333s_to_6p000s__frames_000160_to_000180.json,3,data/processed/frames/train/no_fall/adl_30_cam0/frame_000160.jpg|data/processed/frames/train/no_fall/adl_30_cam0/frame_000170.jpg|data/processed/frames/train/no_fall/adl_30_cam0/frame_000180.jpg,5.3333|5.6667|6.0
adl_30_cam0_w0009,adl_30_cam0,train,no_fall,0,data/raw/urfd_videos/No fall/adl-30/cam0/adl-30-cam0.mp4,0.0,13.3333,6.0,6.6667,9,3,data/processed/window_poses_readable/train/label_no_fall/adl_30_cam0__video_0p000s_to_13p333s/window_0009__time_6p000s_to_6p667s__frames_000180_to_000200.json,3,data/processed/frames/train/no_fall/adl_30_cam0/frame_000180.jpg|data/processed/frames/train/no_fall/adl_30_cam0/frame_000190.jpg|data/processed/frames/train/no_fall/adl_30_cam0/frame_000200.jpg,6.0|6.3333|6.6667
adl_30_cam0_w0010,adl_30_cam0,train,no_fall,0,data/raw/urfd_videos/No fall/adl-30/cam0/adl-30-cam0.mp4,0.0,13.3333,6.6667,7.3333,10,3,data/processed/window_poses_readable/train/label_no_fall/adl_30_cam0__video_0p000s_to_13p333s/window_0010__time_6p667s_to_7p333s__frames_000200_to_000220.json,2,data/processed/frames/train/no_fall/adl_30_cam0/frame_000200.jpg|data/processed/frames/train/no_fall/adl_30_cam0/frame_000210.jpg|data/processed/frames/train/no_fall/adl_30_cam0/frame_000220.jpg,6.6667|7.0|7.3333
adl_30_cam0_w0011,adl_30_cam0,train,no_fall,0,data/raw/urfd_videos/No fall/adl-30/cam0/adl-30-cam0.mp4,0.0,13.3333,7.3333,8.0,11,3,data/processed/window_poses_readable/train/label_no_fall/adl_30_cam0__video_0p000s_to_13p333s/window_0011__time_7p333s_to_8p000s__frames_000220_to_000240.json,2,data/processed/frames/train/no_fall/adl_30_cam0/frame_000220.jpg|data/processed/frames/train/no_fall/adl_30_cam0/frame_000230.jpg|data/processed/frames/train/no_fall/adl_30_cam0/frame_000240.jpg,7.3333|7.6667|8.0
adl_30_cam0_w0012,adl_30_cam0,train,no_fall,0,data/raw/urfd_videos/No fall/adl-30/cam0/adl-30-cam0.mp4,0.0,13.3333,8.0,8.6667,12,3,data/processed/window_poses_readable/train/label_no_fall/adl_30_cam0__video_0p000s_to_13p333s/window_0012__time_8p000s_to_8p667s__frames_000240_to_000260.json,2,data/processed/frames/train/no_fall/adl_30_cam0/frame_000240.jpg|data/processed/frames/train/no_fall/adl_30_cam0/frame_000250.jpg|data/processed/frames/train/no_fall/adl_30_cam0/frame_000260.jpg,8.0|8.3333|8.6667
adl_30_cam0_w0013,adl_30_cam0,train,no_fall,0,data/raw/urfd_videos/No fall/adl-30/cam0/adl-30-cam0.mp4,0.0,13.3333,8.6667,9.3333,13,3,data/processed/window_poses_readable/train/label_no_fall/adl_30_cam0__video_0p000s_to_13p333s/window_0013__time_8p667s_to_9p333s__frames_000260_to_000280.json,0,data/processed/frames/train/no_fall/adl_30_cam0/frame_000260.jpg|data/processed/frames/train/no_fall/adl_30_cam0/frame_000270.jpg|data/processed/frames/train/no_fall/adl_30_cam0/frame_000280.jpg,8.6667|9.0|9.3333
adl_30_cam0_w0014,adl_30_cam0,train,no_fall,0,data/raw/urfd_videos/No fall/adl-30/cam0/adl-30-cam0.mp4,0.0,13.3333,9.3333,10.0,14,3,data/processed/window_poses_readable/train/label_no_fall/adl_30_cam0__video_0p000s_to_13p333s/window_0014__time_9p333s_to_10p000s__frames_000280_to_000300.json,0,data/processed/frames/train/no_fall/adl_30_cam0/frame_000280.jpg|data/processed/frames/train/no_fall/adl_30_cam0/frame_000290.jpg|data/processed/frames/train/no_fall/adl_30_cam0/frame_000300.jpg,9.3333|9.6667|10.0
adl_30_cam0_w0015,adl_30_cam0,train,no_fall,0,data/raw/urfd_videos/No fall/adl-30/cam0/adl-30-cam0.mp4,0.0,13.3333,10.0,10.6667,15,3,data/processed/window_poses_readable/train/label_no_fall/adl_30_cam0__video_0p000s_to_13p333s/window_0015__time_10p000s_to_10p667s__frames_000300_to_000320.json,0,data/processed/frames/train/no_fall/adl_30_cam0/frame_000300.jpg|data/processed/frames/train/no_fall/adl_30_cam0/frame_000310.jpg|data/processed/frames/train/no_fall/adl_30_cam0/frame_000320.jpg,10.0|10.3333|10.6667
adl_30_cam0_w0016,adl_30_cam0,train,no_fall,0,data/raw/urfd_videos/No fall/adl-30/cam0/adl-30-cam0.mp4,0.0,13.3333,10.6667,11.3333,16,3,data/processed/window_poses_readable/train/label_no_fall/adl_30_cam0__video_0p000s_to_13p333s/window_0016__time_10p667s_to_11p333s__frames_000320_to_000340.json,0,data/processed/frames/train/no_fall/adl_30_cam0/frame_000320.jpg|data/processed/frames/train/no_fall/adl_30_cam0/frame_000330.jpg|data/processed/frames/train/no_fall/adl_30_cam0/frame_000340.jpg,10.6667|11.0|11.3333
adl_30_cam0_w0017,adl_30_cam0,train,no_fall,0,data/raw/urfd_videos/No fall/adl-30/cam0/adl-30-cam0.mp4,0.0,13.3333,11.3333,12.0,17,3,data/processed/window_poses_readable/train/label_no_fall/adl_30_cam0__video_0p000s_to_13p333s/window_0017__time_11p333s_to_12p000s__frames_000340_to_000360.json,0,data/processed/frames/train/no_fall/adl_30_cam0/frame_000340.jpg|data/processed/frames/train/no_fall/adl_30_cam0/frame_000350.jpg|data/processed/frames/train/no_fall/adl_30_cam0/frame_000360.jpg,11.3333|11.6667|12.0
adl_30_cam0_w0018,adl_30_cam0,train,no_fall,0,data/raw/urfd_videos/No fall/adl-30/cam0/adl-30-cam0.mp4,0.0,13.3333,12.0,12.6667,18,3,data/processed/window_poses_readable/train/label_no_fall/adl_30_cam0__video_0p000s_to_13p333s/window_0018__time_12p000s_to_12p667s__frames_000360_to_000380.json,0,data/processed/frames/train/no_fall/adl_30_cam0/frame_000360.jpg|data/processed/frames/train/no_fall/adl_30_cam0/frame_000370.jpg|data/processed/frames/train/no_fall/adl_30_cam0/frame_000380.jpg,12.0|12.3333|12.6667
adl_31_cam0_w0000,adl_31_cam0,train,no_fall,0,data/raw/urfd_videos/No fall/adl-31/cam0/adl-31-cam0.mp4,0.0,8.3333,0.0,0.6667,0,3,data/processed/window_poses_readable/train/label_no_fall/adl_31_cam0__video_0p000s_to_8p333s/window_0000__time_0p000s_to_0p667s__frames_000000_to_000020.json,0,data/processed/frames/train/no_fall/adl_31_cam0/frame_000000.jpg|data/processed/frames/train/no_fall/adl_31_cam0/frame_000010.jpg|data/processed/frames/train/no_fall/adl_31_cam0/frame_000020.jpg,0.0|0.3333|0.6667
adl_31_cam0_w0001,adl_31_cam0,train,no_fall,0,data/raw/urfd_videos/No fall/adl-31/cam0/adl-31-cam0.mp4,0.0,8.3333,0.6667,1.3333,1,3,data/processed/window_poses_readable/train/label_no_fall/adl_31_cam0__video_0p000s_to_8p333s/window_0001__time_0p667s_to_1p333s__frames_000020_to_000040.json,2,data/processed/frames/train/no_fall/adl_31_cam0/frame_000020.jpg|data/processed/frames/train/no_fall/adl_31_cam0/frame_000030.jpg|data/processed/frames/train/no_fall/adl_31_cam0/frame_000040.jpg,0.6667|1.0|1.3333
adl_31_cam0_w0002,adl_31_cam0,train,no_fall,0,data/raw/urfd_videos/No fall/adl-31/cam0/adl-31-cam0.mp4,0.0,8.3333,1.3333,2.0,2,3,data/processed/window_poses_readable/train/label_no_fall/adl_31_cam0__video_0p000s_to_8p333s/window_0002__time_1p333s_to_2p000s__frames_000040_to_000060.json,3,data/processed/frames/train/no_fall/adl_31_cam0/frame_000040.jpg|data/processed/frames/train/no_fall/adl_31_cam0/frame_000050.jpg|data/processed/frames/train/no_fall/adl_31_cam0/frame_000060.jpg,1.3333|1.6667|2.0
adl_31_cam0_w0003,adl_31_cam0,train,no_fall,0,data/raw/urfd_videos/No fall/adl-31/cam0/adl-31-cam0.mp4,0.0,8.3333,2.0,2.6667,3,3,data/processed/window_poses_readable/train/label_no_fall/adl_31_cam0__video_0p000s_to_8p333s/window_0003__time_2p000s_to_2p667s__frames_000060_to_000080.json,2,data/processed/frames/train/no_fall/adl_31_cam0/frame_000060.jpg|data/processed/frames/train/no_fall/adl_31_cam0/frame_000070.jpg|data/processed/frames/train/no_fall/adl_31_cam0/frame_000080.jpg,2.0|2.3333|2.6667
adl_31_cam0_w0004,adl_31_cam0,train,no_fall,0,data/raw/urfd_videos/No fall/adl-31/cam0/adl-31-cam0.mp4,0.0,8.3333,2.6667,3.3333,4,3,data/processed/window_poses_readable/train/label_no_fall/adl_31_cam0__video_0p000s_to_8p333s/window_0004__time_2p667s_to_3p333s__frames_000080_to_000100.json,3,data/processed/frames/train/no_fall/adl_31_cam0/frame_000080.jpg|data/processed/frames/train/no_fall/adl_31_cam0/frame_000090.jpg|data/processed/frames/train/no_fall/adl_31_cam0/frame_000100.jpg,2.6667|3.0|3.3333
adl_31_cam0_w0005,adl_31_cam0,train,no_fall,0,data/raw/urfd_videos/No fall/adl-31/cam0/adl-31-cam0.mp4,0.0,8.3333,3.3333,4.0,5,3,data/processed/window_poses_readable/train/label_no_fall/adl_31_cam0__video_0p000s_to_8p333s/window_0005__time_3p333s_to_4p000s__frames_000100_to_000120.json,3,data/processed/frames/train/no_fall/adl_31_cam0/frame_000100.jpg|data/processed/frames/train/no_fall/adl_31_cam0/frame_000110.jpg|data/processed/frames/train/no_fall/adl_31_cam0/frame_000120.jpg,3.3333|3.6667|4.0
adl_31_cam0_w0006,adl_31_cam0,train,no_fall,0,data/raw/urfd_videos/No fall/adl-31/cam0/adl-31-cam0.mp4,0.0,8.3333,4.0,4.6667,6,3,data/processed/window_poses_readable/train/label_no_fall/adl_31_cam0__video_0p000s_to_8p333s/window_0006__time_4p000s_to_4p667s__frames_000120_to_000140.json,3,data/processed/frames/train/no_fall/adl_31_cam0/frame_000120.jpg|data/processed/frames/train/no_fall/adl_31_cam0/frame_000130.jpg|data/processed/frames/train/no_fall/adl_31_cam0/frame_000140.jpg,4.0|4.3333|4.6667
adl_31_cam0_w0007,adl_31_cam0,train,no_fall,0,data/raw/urfd_videos/No fall/adl-31/cam0/adl-31-cam0.mp4,0.0,8.3333,4.6667,5.3333,7,3,data/processed/window_poses_readable/train/label_no_fall/adl_31_cam0__video_0p000s_to_8p333s/window_0007__time_4p667s_to_5p333s__frames_000140_to_000160.json,2,data/processed/frames/train/no_fall/adl_31_cam0/frame_000140.jpg|data/processed/frames/train/no_fall/adl_31_cam0/frame_000150.jpg|data/processed/frames/train/no_fall/adl_31_cam0/frame_000160.jpg,4.6667|5.0|5.3333
adl_31_cam0_w0008,adl_31_cam0,train,no_fall,0,data/raw/urfd_videos/No fall/adl-31/cam0/adl-31-cam0.mp4,0.0,8.3333,5.3333,6.0,8,3,data/processed/window_poses_readable/train/label_no_fall/adl_31_cam0__video_0p000s_to_8p333s/window_0008__time_5p333s_to_6p000s__frames_000160_to_000180.json,3,data/processed/frames/train/no_fall/adl_31_cam0/frame_000160.jpg|data/processed/frames/train/no_fall/adl_31_cam0/frame_000170.jpg|data/processed/frames/train/no_fall/adl_31_cam0/frame_000180.jpg,5.3333|5.6667|6.0
adl_31_cam0_w0009,adl_31_cam0,train,no_fall,0,data/raw/urfd_videos/No fall/adl-31/cam0/adl-31-cam0.mp4,0.0,8.3333,6.0,6.6667,9,3,data/processed/window_poses_readable/train/label_no_fall/adl_31_cam0__video_0p000s_to_8p333s/window_0009__time_6p000s_to_6p667s__frames_000180_to_000200.json,3,data/processed/frames/train/no_fall/adl_31_cam0/frame_000180.jpg|data/processed/frames/train/no_fall/adl_31_cam0/frame_000190.jpg|data/processed/frames/train/no_fall/adl_31_cam0/frame_000200.jpg,6.0|6.3333|6.6667
adl_31_cam0_w0010,adl_31_cam0,train,no_fall,0,data/raw/urfd_videos/No fall/adl-31/cam0/adl-31-cam0.mp4,0.0,8.3333,6.6667,7.3333,10,3,data/processed/window_poses_readable/train/label_no_fall/adl_31_cam0__video_0p000s_to_8p333s/window_0010__time_6p667s_to_7p333s__frames_000200_to_000220.json,3,data/processed/frames/train/no_fall/adl_31_cam0/frame_000200.jpg|data/processed/frames/train/no_fall/adl_31_cam0/frame_000210.jpg|data/processed/frames/train/no_fall/adl_31_cam0/frame_000220.jpg,6.6667|7.0|7.3333
adl_31_cam0_w0011,adl_31_cam0,train,no_fall,0,data/raw/urfd_videos/No fall/adl-31/cam0/adl-31-cam0.mp4,0.0,8.3333,7.3333,8.0,11,3,data/processed/window_poses_readable/train/label_no_fall/adl_31_cam0__video_0p000s_to_8p333s/window_0011__time_7p333s_to_8p000s__frames_000220_to_000240.json,3,data/processed/frames/train/no_fall/adl_31_cam0/frame_000220.jpg|data/processed/frames/train/no_fall/adl_31_cam0/frame_000230.jpg|data/processed/frames/train/no_fall/adl_31_cam0/frame_000240.jpg,7.3333|7.6667|8.0
adl_33_cam0_w0000,adl_33_cam0,train,no_fall,0,data/raw/urfd_videos/No fall/adl-33/cam0/adl-33-cam0.mp4,0.0,6.6667,0.0,0.6667,0,3,data/processed/window_poses_readable/train/label_no_fall/adl_33_cam0__video_0p000s_to_6p667s/window_0000__time_0p000s_to_0p667s__frames_000000_to_000020.json,0,data/processed/frames/train/no_fall/adl_33_cam0/frame_000000.jpg|data/processed/frames/train/no_fall/adl_33_cam0/frame_000010.jpg|data/processed/frames/train/no_fall/adl_33_cam0/frame_000020.jpg,0.0|0.3333|0.6667
adl_33_cam0_w0001,adl_33_cam0,train,no_fall,0,data/raw/urfd_videos/No fall/adl-33/cam0/adl-33-cam0.mp4,0.0,6.6667,0.6667,1.3333,1,3,data/processed/window_poses_readable/train/label_no_fall/adl_33_cam0__video_0p000s_to_6p667s/window_0001__time_0p667s_to_1p333s__frames_000020_to_000040.json,1,data/processed/frames/train/no_fall/adl_33_cam0/frame_000020.jpg|data/processed/frames/train/no_fall/adl_33_cam0/frame_000030.jpg|data/processed/frames/train/no_fall/adl_33_cam0/frame_000040.jpg,0.6667|1.0|1.3333
adl_33_cam0_w0002,adl_33_cam0,train,no_fall,0,data/raw/urfd_videos/No fall/adl-33/cam0/adl-33-cam0.mp4,0.0,6.6667,1.3333,2.0,2,3,data/processed/window_poses_readable/train/label_no_fall/adl_33_cam0__video_0p000s_to_6p667s/window_0002__time_1p333s_to_2p000s__frames_000040_to_000060.json,2,data/processed/frames/train/no_fall/adl_33_cam0/frame_000040.jpg|data/processed/frames/train/no_fall/adl_33_cam0/frame_000050.jpg|data/processed/frames/train/no_fall/adl_33_cam0/frame_000060.jpg,1.3333|1.6667|2.0
adl_33_cam0_w0003,adl_33_cam0,train,no_fall,0,data/raw/urfd_videos/No fall/adl-33/cam0/adl-33-cam0.mp4,0.0,6.6667,2.0,2.6667,3,3,data/processed/window_poses_readable/train/label_no_fall/adl_33_cam0__video_0p000s_to_6p667s/window_0003__time_2p000s_to_2p667s__frames_000060_to_000080.json,1,data/processed/frames/train/no_fall/adl_33_cam0/frame_000060.jpg|data/processed/frames/train/no_fall/adl_33_cam0/frame_000070.jpg|data/processed/frames/train/no_fall/adl_33_cam0/frame_000080.jpg,2.0|2.3333|2.6667
adl_33_cam0_w0004,adl_33_cam0,train,no_fall,0,data/raw/urfd_videos/No fall/adl-33/cam0/adl-33-cam0.mp4,0.0,6.6667,2.6667,3.3333,4,3,data/processed/window_poses_readable/train/label_no_fall/adl_33_cam0__video_0p000s_to_6p667s/window_0004__time_2p667s_to_3p333s__frames_000080_to_000100.json,2,data/processed/frames/train/no_fall/adl_33_cam0/frame_000080.jpg|data/processed/frames/train/no_fall/adl_33_cam0/frame_000090.jpg|data/processed/frames/train/no_fall/adl_33_cam0/frame_000100.jpg,2.6667|3.0|3.3333
adl_33_cam0_w0005,adl_33_cam0,train,no_fall,0,data/raw/urfd_videos/No fall/adl-33/cam0/adl-33-cam0.mp4,0.0,6.6667,3.3333,4.0,5,3,data/processed/window_poses_readable/train/label_no_fall/adl_33_cam0__video_0p000s_to_6p667s/window_0005__time_3p333s_to_4p000s__frames_000100_to_000120.json,0,data/processed/frames/train/no_fall/adl_33_cam0/frame_000100.jpg|data/processed/frames/train/no_fall/adl_33_cam0/frame_000110.jpg|data/processed/frames/train/no_fall/adl_33_cam0/frame_000120.jpg,3.3333|3.6667|4.0
adl_33_cam0_w0006,adl_33_cam0,train,no_fall,0,data/raw/urfd_videos/No fall/adl-33/cam0/adl-33-cam0.mp4,0.0,6.6667,4.0,4.6667,6,3,data/processed/window_poses_readable/train/label_no_fall/adl_33_cam0__video_0p000s_to_6p667s/window_0006__time_4p000s_to_4p667s__frames_000120_to_000140.json,1,data/processed/frames/train/no_fall/adl_33_cam0/frame_000120.jpg|data/processed/frames/train/no_fall/adl_33_cam0/frame_000130.jpg|data/processed/frames/train/no_fall/adl_33_cam0/frame_000140.jpg,4.0|4.3333|4.6667
adl_33_cam0_w0007,adl_33_cam0,train,no_fall,0,data/raw/urfd_videos/No fall/adl-33/cam0/adl-33-cam0.mp4,0.0,6.6667,4.6667,5.3333,7,3,data/processed/window_poses_readable/train/label_no_fall/adl_33_cam0__video_0p000s_to_6p667s/window_0007__time_4p667s_to_5p333s__frames_000140_to_000160.json,2,data/processed/frames/train/no_fall/adl_33_cam0/frame_000140.jpg|data/processed/frames/train/no_fall/adl_33_cam0/frame_000150.jpg|data/processed/frames/train/no_fall/adl_33_cam0/frame_000160.jpg,4.6667|5.0|5.3333
adl_33_cam0_w0008,adl_33_cam0,train,no_fall,0,data/raw/urfd_videos/No fall/adl-33/cam0/adl-33-cam0.mp4,0.0,6.6667,5.3333,6.0,8,3,data/processed/window_poses_readable/train/label_no_fall/adl_33_cam0__video_0p000s_to_6p667s/window_0008__time_5p333s_to_6p000s__frames_000160_to_000180.json,1,data/processed/frames/train/no_fall/adl_33_cam0/frame_000160.jpg|data/processed/frames/train/no_fall/adl_33_cam0/frame_000170.jpg|data/processed/frames/train/no_fall/adl_33_cam0/frame_000180.jpg,5.3333|5.6667|6.0
adl_35_cam0_w0000,adl_35_cam0,train,no_fall,0,data/raw/urfd_videos/No fall/adl-35/cam0/adl-35-cam0.mp4,0.0,9.3333,0.0,0.6667,0,3,data/processed/window_poses_readable/train/label_no_fall/adl_35_cam0__video_0p000s_to_9p333s/window_0000__time_0p000s_to_0p667s__frames_000000_to_000020.json,2,data/processed/frames/train/no_fall/adl_35_cam0/frame_000000.jpg|data/processed/frames/train/no_fall/adl_35_cam0/frame_000010.jpg|data/processed/frames/train/no_fall/adl_35_cam0/frame_000020.jpg,0.0|0.3333|0.6667
adl_35_cam0_w0001,adl_35_cam0,train,no_fall,0,data/raw/urfd_videos/No fall/adl-35/cam0/adl-35-cam0.mp4,0.0,9.3333,0.6667,1.3333,1,3,data/processed/window_poses_readable/train/label_no_fall/adl_35_cam0__video_0p000s_to_9p333s/window_0001__time_0p667s_to_1p333s__frames_000020_to_000040.json,1,data/processed/frames/train/no_fall/adl_35_cam0/frame_000020.jpg|data/processed/frames/train/no_fall/adl_35_cam0/frame_000030.jpg|data/processed/frames/train/no_fall/adl_35_cam0/frame_000040.jpg,0.6667|1.0|1.3333
adl_35_cam0_w0002,adl_35_cam0,train,no_fall,0,data/raw/urfd_videos/No fall/adl-35/cam0/adl-35-cam0.mp4,0.0,9.3333,1.3333,2.0,2,3,data/processed/window_poses_readable/train/label_no_fall/adl_35_cam0__video_0p000s_to_9p333s/window_0002__time_1p333s_to_2p000s__frames_000040_to_000060.json,1,data/processed/frames/train/no_fall/adl_35_cam0/frame_000040.jpg|data/processed/frames/train/no_fall/adl_35_cam0/frame_000050.jpg|data/processed/frames/train/no_fall/adl_35_cam0/frame_000060.jpg,1.3333|1.6667|2.0
adl_35_cam0_w0003,adl_35_cam0,train,no_fall,0,data/raw/urfd_videos/No fall/adl-35/cam0/adl-35-cam0.mp4,0.0,9.3333,2.0,2.6667,3,3,data/processed/window_poses_readable/train/label_no_fall/adl_35_cam0__video_0p000s_to_9p333s/window_0003__time_2p000s_to_2p667s__frames_000060_to_000080.json,3,data/processed/frames/train/no_fall/adl_35_cam0/frame_000060.jpg|data/processed/frames/train/no_fall/adl_35_cam0/frame_000070.jpg|data/processed/frames/train/no_fall/adl_35_cam0/frame_000080.jpg,2.0|2.3333|2.6667
adl_35_cam0_w0004,adl_35_cam0,train,no_fall,0,data/raw/urfd_videos/No fall/adl-35/cam0/adl-35-cam0.mp4,0.0,9.3333,2.6667,3.3333,4,3,data/processed/window_poses_readable/train/label_no_fall/adl_35_cam0__video_0p000s_to_9p333s/window_0004__time_2p667s_to_3p333s__frames_000080_to_000100.json,1,data/processed/frames/train/no_fall/adl_35_cam0/frame_000080.jpg|data/processed/frames/train/no_fall/adl_35_cam0/frame_000090.jpg|data/processed/frames/train/no_fall/adl_35_cam0/frame_000100.jpg,2.6667|3.0|3.3333
adl_35_cam0_w0005,adl_35_cam0,train,no_fall,0,data/raw/urfd_videos/No fall/adl-35/cam0/adl-35-cam0.mp4,0.0,9.3333,3.3333,4.0,5,3,data/processed/window_poses_readable/train/label_no_fall/adl_35_cam0__video_0p000s_to_9p333s/window_0005__time_3p333s_to_4p000s__frames_000100_to_000120.json,1,data/processed/frames/train/no_fall/adl_35_cam0/frame_000100.jpg|data/processed/frames/train/no_fall/adl_35_cam0/frame_000110.jpg|data/processed/frames/train/no_fall/adl_35_cam0/frame_000120.jpg,3.3333|3.6667|4.0
adl_35_cam0_w0006,adl_35_cam0,train,no_fall,0,data/raw/urfd_videos/No fall/adl-35/cam0/adl-35-cam0.mp4,0.0,9.3333,4.0,4.6667,6,3,data/processed/window_poses_readable/train/label_no_fall/adl_35_cam0__video_0p000s_to_9p333s/window_0006__time_4p000s_to_4p667s__frames_000120_to_000140.json,0,data/processed/frames/train/no_fall/adl_35_cam0/frame_000120.jpg|data/processed/frames/train/no_fall/adl_35_cam0/frame_000130.jpg|data/processed/frames/train/no_fall/adl_35_cam0/frame_000140.jpg,4.0|4.3333|4.6667
adl_35_cam0_w0007,adl_35_cam0,train,no_fall,0,data/raw/urfd_videos/No fall/adl-35/cam0/adl-35-cam0.mp4,0.0,9.3333,4.6667,5.3333,7,3,data/processed/window_poses_readable/train/label_no_fall/adl_35_cam0__video_0p000s_to_9p333s/window_0007__time_4p667s_to_5p333s__frames_000140_to_000160.json,0,data/processed/frames/train/no_fall/adl_35_cam0/frame_000140.jpg|data/processed/frames/train/no_fall/adl_35_cam0/frame_000150.jpg|data/processed/frames/train/no_fall/adl_35_cam0/frame_000160.jpg,4.6667|5.0|5.3333
adl_35_cam0_w0008,adl_35_cam0,train,no_fall,0,data/raw/urfd_videos/No fall/adl-35/cam0/adl-35-cam0.mp4,0.0,9.3333,5.3333,6.0,8,3,data/processed/window_poses_readable/train/label_no_fall/adl_35_cam0__video_0p000s_to_9p333s/window_0008__time_5p333s_to_6p000s__frames_000160_to_000180.json,0,data/processed/frames/train/no_fall/adl_35_cam0/frame_000160.jpg|data/processed/frames/train/no_fall/adl_35_cam0/frame_000170.jpg|data/processed/frames/train/no_fall/adl_35_cam0/frame_000180.jpg,5.3333|5.6667|6.0
adl_35_cam0_w0009,adl_35_cam0,train,no_fall,0,data/raw/urfd_videos/No fall/adl-35/cam0/adl-35-cam0.mp4,0.0,9.3333,6.0,6.6667,9,3,data/processed/window_poses_readable/train/label_no_fall/adl_35_cam0__video_0p000s_to_9p333s/window_0009__time_6p000s_to_6p667s__frames_000180_to_000200.json,0,data/processed/frames/train/no_fall/adl_35_cam0/frame_000180.jpg|data/processed/frames/train/no_fall/adl_35_cam0/frame_000190.jpg|data/processed/frames/train/no_fall/adl_35_cam0/frame_000200.jpg,6.0|6.3333|6.6667
adl_35_cam0_w0010,adl_35_cam0,train,no_fall,0,data/raw/urfd_videos/No fall/adl-35/cam0/adl-35-cam0.mp4,0.0,9.3333,6.6667,7.3333,10,3,data/processed/window_poses_readable/train/label_no_fall/adl_35_cam0__video_0p000s_to_9p333s/window_0010__time_6p667s_to_7p333s__frames_000200_to_000220.json,1,data/processed/frames/train/no_fall/adl_35_cam0/frame_000200.jpg|data/processed/frames/train/no_fall/adl_35_cam0/frame_000210.jpg|data/processed/frames/train/no_fall/adl_35_cam0/frame_000220.jpg,6.6667|7.0|7.3333
adl_35_cam0_w0011,adl_35_cam0,train,no_fall,0,data/raw/urfd_videos/No fall/adl-35/cam0/adl-35-cam0.mp4,0.0,9.3333,7.3333,8.0,11,3,data/processed/window_poses_readable/train/label_no_fall/adl_35_cam0__video_0p000s_to_9p333s/window_0011__time_7p333s_to_8p000s__frames_000220_to_000240.json,2,data/processed/frames/train/no_fall/adl_35_cam0/frame_000220.jpg|data/processed/frames/train/no_fall/adl_35_cam0/frame_000230.jpg|data/processed/frames/train/no_fall/adl_35_cam0/frame_000240.jpg,7.3333|7.6667|8.0
adl_35_cam0_w0012,adl_35_cam0,train,no_fall,0,data/raw/urfd_videos/No fall/adl-35/cam0/adl-35-cam0.mp4,0.0,9.3333,8.0,8.6667,12,3,data/processed/window_poses_readable/train/label_no_fall/adl_35_cam0__video_0p000s_to_9p333s/window_0012__time_8p000s_to_8p667s__frames_000240_to_000260.json,3,data/processed/frames/train/no_fall/adl_35_cam0/frame_000240.jpg|data/processed/frames/train/no_fall/adl_35_cam0/frame_000250.jpg|data/processed/frames/train/no_fall/adl_35_cam0/frame_000260.jpg,8.0|8.3333|8.6667
adl_36_cam0_w0000,adl_36_cam0,train,no_fall,0,data/raw/urfd_videos/No fall/adl-36/cam0/adl-36-cam0.mp4,0.0,11.3333,0.0,0.6667,0,3,data/processed/window_poses_readable/train/label_no_fall/adl_36_cam0__video_0p000s_to_11p333s/window_0000__time_0p000s_to_0p667s__frames_000000_to_000020.json,0,data/processed/frames/train/no_fall/adl_36_cam0/frame_000000.jpg|data/processed/frames/train/no_fall/adl_36_cam0/frame_000010.jpg|data/processed/frames/train/no_fall/adl_36_cam0/frame_000020.jpg,0.0|0.3333|0.6667
adl_36_cam0_w0001,adl_36_cam0,train,no_fall,0,data/raw/urfd_videos/No fall/adl-36/cam0/adl-36-cam0.mp4,0.0,11.3333,0.6667,1.3333,1,3,data/processed/window_poses_readable/train/label_no_fall/adl_36_cam0__video_0p000s_to_11p333s/window_0001__time_0p667s_to_1p333s__frames_000020_to_000040.json,0,data/processed/frames/train/no_fall/adl_36_cam0/frame_000020.jpg|data/processed/frames/train/no_fall/adl_36_cam0/frame_000030.jpg|data/processed/frames/train/no_fall/adl_36_cam0/frame_000040.jpg,0.6667|1.0|1.3333
adl_36_cam0_w0002,adl_36_cam0,train,no_fall,0,data/raw/urfd_videos/No fall/adl-36/cam0/adl-36-cam0.mp4,0.0,11.3333,1.3333,2.0,2,3,data/processed/window_poses_readable/train/label_no_fall/adl_36_cam0__video_0p000s_to_11p333s/window_0002__time_1p333s_to_2p000s__frames_000040_to_000060.json,0,data/processed/frames/train/no_fall/adl_36_cam0/frame_000040.jpg|data/processed/frames/train/no_fall/adl_36_cam0/frame_000050.jpg|data/processed/frames/train/no_fall/adl_36_cam0/frame_000060.jpg,1.3333|1.6667|2.0
adl_36_cam0_w0003,adl_36_cam0,train,no_fall,0,data/raw/urfd_videos/No fall/adl-36/cam0/adl-36-cam0.mp4,0.0,11.3333,2.0,2.6667,3,3,data/processed/window_poses_readable/train/label_no_fall/adl_36_cam0__video_0p000s_to_11p333s/window_0003__time_2p000s_to_2p667s__frames_000060_to_000080.json,0,data/processed/frames/train/no_fall/adl_36_cam0/frame_000060.jpg|data/processed/frames/train/no_fall/adl_36_cam0/frame_000070.jpg|data/processed/frames/train/no_fall/adl_36_cam0/frame_000080.jpg,2.0|2.3333|2.6667
adl_36_cam0_w0004,adl_36_cam0,train,no_fall,0,data/raw/urfd_videos/No fall/adl-36/cam0/adl-36-cam0.mp4,0.0,11.3333,2.6667,3.3333,4,3,data/processed/window_poses_readable/train/label_no_fall/adl_36_cam0__video_0p000s_to_11p333s/window_0004__time_2p667s_to_3p333s__frames_000080_to_000100.json,0,data/processed/frames/train/no_fall/adl_36_cam0/frame_000080.jpg|data/processed/frames/train/no_fall/adl_36_cam0/frame_000090.jpg|data/processed/frames/train/no_fall/adl_36_cam0/frame_000100.jpg,2.6667|3.0|3.3333
adl_36_cam0_w0005,adl_36_cam0,train,no_fall,0,data/raw/urfd_videos/No fall/adl-36/cam0/adl-36-cam0.mp4,0.0,11.3333,3.3333,4.0,5,3,data/processed/window_poses_readable/train/label_no_fall/adl_36_cam0__video_0p000s_to_11p333s/window_0005__time_3p333s_to_4p000s__frames_000100_to_000120.json,2,data/processed/frames/train/no_fall/adl_36_cam0/frame_000100.jpg|data/processed/frames/train/no_fall/adl_36_cam0/frame_000110.jpg|data/processed/frames/train/no_fall/adl_36_cam0/frame_000120.jpg,3.3333|3.6667|4.0
adl_36_cam0_w0006,adl_36_cam0,train,no_fall,0,data/raw/urfd_videos/No fall/adl-36/cam0/adl-36-cam0.mp4,0.0,11.3333,4.0,4.6667,6,3,data/processed/window_poses_readable/train/label_no_fall/adl_36_cam0__video_0p000s_to_11p333s/window_0006__time_4p000s_to_4p667s__frames_000120_to_000140.json,3,data/processed/frames/train/no_fall/adl_36_cam0/frame_000120.jpg|data/processed/frames/train/no_fall/adl_36_cam0/frame_000130.jpg|data/processed/frames/train/no_fall/adl_36_cam0/frame_000140.jpg,4.0|4.3333|4.6667
adl_36_cam0_w0007,adl_36_cam0,train,no_fall,0,data/raw/urfd_videos/No fall/adl-36/cam0/adl-36-cam0.mp4,0.0,11.3333,4.6667,5.3333,7,3,data/processed/window_poses_readable/train/label_no_fall/adl_36_cam0__video_0p000s_to_11p333s/window_0007__time_4p667s_to_5p333s__frames_000140_to_000160.json,3,data/processed/frames/train/no_fall/adl_36_cam0/frame_000140.jpg|data/processed/frames/train/no_fall/adl_36_cam0/frame_000150.jpg|data/processed/frames/train/no_fall/adl_36_cam0/frame_000160.jpg,4.6667|5.0|5.3333
adl_36_cam0_w0008,adl_36_cam0,train,no_fall,0,data/raw/urfd_videos/No fall/adl-36/cam0/adl-36-cam0.mp4,0.0,11.3333,5.3333,6.0,8,3,data/processed/window_poses_readable/train/label_no_fall/adl_36_cam0__video_0p000s_to_11p333s/window_0008__time_5p333s_to_6p000s__frames_000160_to_000180.json,3,data/processed/frames/train/no_fall/adl_36_cam0/frame_000160.jpg|data/processed/frames/train/no_fall/adl_36_cam0/frame_000170.jpg|data/processed/frames/train/no_fall/adl_36_cam0/frame_000180.jpg,5.3333|5.6667|6.0
adl_36_cam0_w0009,adl_36_cam0,train,no_fall,0,data/raw/urfd_videos/No fall/adl-36/cam0/adl-36-cam0.mp4,0.0,11.3333,6.0,6.6667,9,3,data/processed/window_poses_readable/train/label_no_fall/adl_36_cam0__video_0p000s_to_11p333s/window_0009__time_6p000s_to_6p667s__frames_000180_to_000200.json,3,data/processed/frames/train/no_fall/adl_36_cam0/frame_000180.jpg|data/processed/frames/train/no_fall/adl_36_cam0/frame_000190.jpg|data/processed/frames/train/no_fall/adl_36_cam0/frame_000200.jpg,6.0|6.3333|6.6667
adl_36_cam0_w0010,adl_36_cam0,train,no_fall,0,data/raw/urfd_videos/No fall/adl-36/cam0/adl-36-cam0.mp4,0.0,11.3333,6.6667,7.3333,10,3,data/processed/window_poses_readable/train/label_no_fall/adl_36_cam0__video_0p000s_to_11p333s/window_0010__time_6p667s_to_7p333s__frames_000200_to_000220.json,3,data/processed/frames/train/no_fall/adl_36_cam0/frame_000200.jpg|data/processed/frames/train/no_fall/adl_36_cam0/frame_000210.jpg|data/processed/frames/train/no_fall/adl_36_cam0/frame_000220.jpg,6.6667|7.0|7.3333
adl_36_cam0_w0011,adl_36_cam0,train,no_fall,0,data/raw/urfd_videos/No fall/adl-36/cam0/adl-36-cam0.mp4,0.0,11.3333,7.3333,8.0,11,3,data/processed/window_poses_readable/train/label_no_fall/adl_36_cam0__video_0p000s_to_11p333s/window_0011__time_7p333s_to_8p000s__frames_000220_to_000240.json,3,data/processed/frames/train/no_fall/adl_36_cam0/frame_000220.jpg|data/processed/frames/train/no_fall/adl_36_cam0/frame_000230.jpg|data/processed/frames/train/no_fall/adl_36_cam0/frame_000240.jpg,7.3333|7.6667|8.0
adl_36_cam0_w0012,adl_36_cam0,train,no_fall,0,data/raw/urfd_videos/No fall/adl-36/cam0/adl-36-cam0.mp4,0.0,11.3333,8.0,8.6667,12,3,data/processed/window_poses_readable/train/label_no_fall/adl_36_cam0__video_0p000s_to_11p333s/window_0012__time_8p000s_to_8p667s__frames_000240_to_000260.json,2,data/processed/frames/train/no_fall/adl_36_cam0/frame_000240.jpg|data/processed/frames/train/no_fall/adl_36_cam0/frame_000250.jpg|data/processed/frames/train/no_fall/adl_36_cam0/frame_000260.jpg,8.0|8.3333|8.6667
adl_36_cam0_w0013,adl_36_cam0,train,no_fall,0,data/raw/urfd_videos/No fall/adl-36/cam0/adl-36-cam0.mp4,0.0,11.3333,8.6667,9.3333,13,3,data/processed/window_poses_readable/train/label_no_fall/adl_36_cam0__video_0p000s_to_11p333s/window_0013__time_8p667s_to_9p333s__frames_000260_to_000280.json,3,data/processed/frames/train/no_fall/adl_36_cam0/frame_000260.jpg|data/processed/frames/train/no_fall/adl_36_cam0/frame_000270.jpg|data/processed/frames/train/no_fall/adl_36_cam0/frame_000280.jpg,8.6667|9.0|9.3333
adl_36_cam0_w0014,adl_36_cam0,train,no_fall,0,data/raw/urfd_videos/No fall/adl-36/cam0/adl-36-cam0.mp4,0.0,11.3333,9.3333,10.0,14,3,data/processed/window_poses_readable/train/label_no_fall/adl_36_cam0__video_0p000s_to_11p333s/window_0014__time_9p333s_to_10p000s__frames_000280_to_000300.json,3,data/processed/frames/train/no_fall/adl_36_cam0/frame_000280.jpg|data/processed/frames/train/no_fall/adl_36_cam0/frame_000290.jpg|data/processed/frames/train/no_fall/adl_36_cam0/frame_000300.jpg,9.3333|9.6667|10.0
adl_36_cam0_w0015,adl_36_cam0,train,no_fall,0,data/raw/urfd_videos/No fall/adl-36/cam0/adl-36-cam0.mp4,0.0,11.3333,10.0,10.6667,15,3,data/processed/window_poses_readable/train/label_no_fall/adl_36_cam0__video_0p000s_to_11p333s/window_0015__time_10p000s_to_10p667s__frames_000300_to_000320.json,2,data/processed/frames/train/no_fall/adl_36_cam0/frame_000300.jpg|data/processed/frames/train/no_fall/adl_36_cam0/frame_000310.jpg|data/processed/frames/train/no_fall/adl_36_cam0/frame_000320.jpg,10.0|10.3333|10.6667
adl_37_cam0_w0000,adl_37_cam0,train,no_fall,0,data/raw/urfd_videos/No fall/adl-37/cam0/adl-37-cam0.mp4,0.0,11.6667,0.0,0.6667,0,3,data/processed/window_poses_readable/train/label_no_fall/adl_37_cam0__video_0p000s_to_11p667s/window_0000__time_0p000s_to_0p667s__frames_000000_to_000020.json,0,data/processed/frames/train/no_fall/adl_37_cam0/frame_000000.jpg|data/processed/frames/train/no_fall/adl_37_cam0/frame_000010.jpg|data/processed/frames/train/no_fall/adl_37_cam0/frame_000020.jpg,0.0|0.3333|0.6667
adl_37_cam0_w0001,adl_37_cam0,train,no_fall,0,data/raw/urfd_videos/No fall/adl-37/cam0/adl-37-cam0.mp4,0.0,11.6667,0.6667,1.3333,1,3,data/processed/window_poses_readable/train/label_no_fall/adl_37_cam0__video_0p000s_to_11p667s/window_0001__time_0p667s_to_1p333s__frames_000020_to_000040.json,0,data/processed/frames/train/no_fall/adl_37_cam0/frame_000020.jpg|data/processed/frames/train/no_fall/adl_37_cam0/frame_000030.jpg|data/processed/frames/train/no_fall/adl_37_cam0/frame_000040.jpg,0.6667|1.0|1.3333
adl_37_cam0_w0002,adl_37_cam0,train,no_fall,0,data/raw/urfd_videos/No fall/adl-37/cam0/adl-37-cam0.mp4,0.0,11.6667,1.3333,2.0,2,3,data/processed/window_poses_readable/train/label_no_fall/adl_37_cam0__video_0p000s_to_11p667s/window_0002__time_1p333s_to_2p000s__frames_000040_to_000060.json,0,data/processed/frames/train/no_fall/adl_37_cam0/frame_000040.jpg|data/processed/frames/train/no_fall/adl_37_cam0/frame_000050.jpg|data/processed/frames/train/no_fall/adl_37_cam0/frame_000060.jpg,1.3333|1.6667|2.0
adl_37_cam0_w0003,adl_37_cam0,train,no_fall,0,data/raw/urfd_videos/No fall/adl-37/cam0/adl-37-cam0.mp4,0.0,11.6667,2.0,2.6667,3,3,data/processed/window_poses_readable/train/label_no_fall/adl_37_cam0__video_0p000s_to_11p667s/window_0003__time_2p000s_to_2p667s__frames_000060_to_000080.json,0,data/processed/frames/train/no_fall/adl_37_cam0/frame_000060.jpg|data/processed/frames/train/no_fall/adl_37_cam0/frame_000070.jpg|data/processed/frames/train/no_fall/adl_37_cam0/frame_000080.jpg,2.0|2.3333|2.6667
adl_37_cam0_w0004,adl_37_cam0,train,no_fall,0,data/raw/urfd_videos/No fall/adl-37/cam0/adl-37-cam0.mp4,0.0,11.6667,2.6667,3.3333,4,3,data/processed/window_poses_readable/train/label_no_fall/adl_37_cam0__video_0p000s_to_11p667s/window_0004__time_2p667s_to_3p333s__frames_000080_to_000100.json,0,data/processed/frames/train/no_fall/adl_37_cam0/frame_000080.jpg|data/processed/frames/train/no_fall/adl_37_cam0/frame_000090.jpg|data/processed/frames/train/no_fall/adl_37_cam0/frame_000100.jpg,2.6667|3.0|3.3333
adl_37_cam0_w0005,adl_37_cam0,train,no_fall,0,data/raw/urfd_videos/No fall/adl-37/cam0/adl-37-cam0.mp4,0.0,11.6667,3.3333,4.0,5,3,data/processed/window_poses_readable/train/label_no_fall/adl_37_cam0__video_0p000s_to_11p667s/window_0005__time_3p333s_to_4p000s__frames_000100_to_000120.json,2,data/processed/frames/train/no_fall/adl_37_cam0/frame_000100.jpg|data/processed/frames/train/no_fall/adl_37_cam0/frame_000110.jpg|data/processed/frames/train/no_fall/adl_37_cam0/frame_000120.jpg,3.3333|3.6667|4.0
adl_37_cam0_w0006,adl_37_cam0,train,no_fall,0,data/raw/urfd_videos/No fall/adl-37/cam0/adl-37-cam0.mp4,0.0,11.6667,4.0,4.6667,6,3,data/processed/window_poses_readable/train/label_no_fall/adl_37_cam0__video_0p000s_to_11p667s/window_0006__time_4p000s_to_4p667s__frames_000120_to_000140.json,3,data/processed/frames/train/no_fall/adl_37_cam0/frame_000120.jpg|data/processed/frames/train/no_fall/adl_37_cam0/frame_000130.jpg|data/processed/frames/train/no_fall/adl_37_cam0/frame_000140.jpg,4.0|4.3333|4.6667
adl_37_cam0_w0007,adl_37_cam0,train,no_fall,0,data/raw/urfd_videos/No fall/adl-37/cam0/adl-37-cam0.mp4,0.0,11.6667,4.6667,5.3333,7,3,data/processed/window_poses_readable/train/label_no_fall/adl_37_cam0__video_0p000s_to_11p667s/window_0007__time_4p667s_to_5p333s__frames_000140_to_000160.json,3,data/processed/frames/train/no_fall/adl_37_cam0/frame_000140.jpg|data/processed/frames/train/no_fall/adl_37_cam0/frame_000150.jpg|data/processed/frames/train/no_fall/adl_37_cam0/frame_000160.jpg,4.6667|5.0|5.3333
adl_37_cam0_w0008,adl_37_cam0,train,no_fall,0,data/raw/urfd_videos/No fall/adl-37/cam0/adl-37-cam0.mp4,0.0,11.6667,5.3333,6.0,8,3,data/processed/window_poses_readable/train/label_no_fall/adl_37_cam0__video_0p000s_to_11p667s/window_0008__time_5p333s_to_6p000s__frames_000160_to_000180.json,3,data/processed/frames/train/no_fall/adl_37_cam0/frame_000160.jpg|data/processed/frames/train/no_fall/adl_37_cam0/frame_000170.jpg|data/processed/frames/train/no_fall/adl_37_cam0/frame_000180.jpg,5.3333|5.6667|6.0
adl_37_cam0_w0009,adl_37_cam0,train,no_fall,0,data/raw/urfd_videos/No fall/adl-37/cam0/adl-37-cam0.mp4,0.0,11.6667,6.0,6.6667,9,3,data/processed/window_poses_readable/train/label_no_fall/adl_37_cam0__video_0p000s_to_11p667s/window_0009__time_6p000s_to_6p667s__frames_000180_to_000200.json,3,data/processed/frames/train/no_fall/adl_37_cam0/frame_000180.jpg|data/processed/frames/train/no_fall/adl_37_cam0/frame_000190.jpg|data/processed/frames/train/no_fall/adl_37_cam0/frame_000200.jpg,6.0|6.3333|6.6667
adl_37_cam0_w0010,adl_37_cam0,train,no_fall,0,data/raw/urfd_videos/No fall/adl-37/cam0/adl-37-cam0.mp4,0.0,11.6667,6.6667,7.3333,10,3,data/processed/window_poses_readable/train/label_no_fall/adl_37_cam0__video_0p000s_to_11p667s/window_0010__time_6p667s_to_7p333s__frames_000200_to_000220.json,3,data/processed/frames/train/no_fall/adl_37_cam0/frame_000200.jpg|data/processed/frames/train/no_fall/adl_37_cam0/frame_000210.jpg|data/processed/frames/train/no_fall/adl_37_cam0/frame_000220.jpg,6.6667|7.0|7.3333
adl_37_cam0_w0011,adl_37_cam0,train,no_fall,0,data/raw/urfd_videos/No fall/adl-37/cam0/adl-37-cam0.mp4,0.0,11.6667,7.3333,8.0,11,3,data/processed/window_poses_readable/train/label_no_fall/adl_37_cam0__video_0p000s_to_11p667s/window_0011__time_7p333s_to_8p000s__frames_000220_to_000240.json,3,data/processed/frames/train/no_fall/adl_37_cam0/frame_000220.jpg|data/processed/frames/train/no_fall/adl_37_cam0/frame_000230.jpg|data/processed/frames/train/no_fall/adl_37_cam0/frame_000240.jpg,7.3333|7.6667|8.0
adl_37_cam0_w0012,adl_37_cam0,train,no_fall,0,data/raw/urfd_videos/No fall/adl-37/cam0/adl-37-cam0.mp4,0.0,11.6667,8.0,8.6667,12,3,data/processed/window_poses_readable/train/label_no_fall/adl_37_cam0__video_0p000s_to_11p667s/window_0012__time_8p000s_to_8p667s__frames_000240_to_000260.json,3,data/processed/frames/train/no_fall/adl_37_cam0/frame_000240.jpg|data/processed/frames/train/no_fall/adl_37_cam0/frame_000250.jpg|data/processed/frames/train/no_fall/adl_37_cam0/frame_000260.jpg,8.0|8.3333|8.6667
adl_37_cam0_w0013,adl_37_cam0,train,no_fall,0,data/raw/urfd_videos/No fall/adl-37/cam0/adl-37-cam0.mp4,0.0,11.6667,8.6667,9.3333,13,3,data/processed/window_poses_readable/train/label_no_fall/adl_37_cam0__video_0p000s_to_11p667s/window_0013__time_8p667s_to_9p333s__frames_000260_to_000280.json,1,data/processed/frames/train/no_fall/adl_37_cam0/frame_000260.jpg|data/processed/frames/train/no_fall/adl_37_cam0/frame_000270.jpg|data/processed/frames/train/no_fall/adl_37_cam0/frame_000280.jpg,8.6667|9.0|9.3333
adl_37_cam0_w0014,adl_37_cam0,train,no_fall,0,data/raw/urfd_videos/No fall/adl-37/cam0/adl-37-cam0.mp4,0.0,11.6667,9.3333,10.0,14,3,data/processed/window_poses_readable/train/label_no_fall/adl_37_cam0__video_0p000s_to_11p667s/window_0014__time_9p333s_to_10p000s__frames_000280_to_000300.json,0,data/processed/frames/train/no_fall/adl_37_cam0/frame_000280.jpg|data/processed/frames/train/no_fall/adl_37_cam0/frame_000290.jpg|data/processed/frames/train/no_fall/adl_37_cam0/frame_000300.jpg,9.3333|9.6667|10.0
adl_37_cam0_w0015,adl_37_cam0,train,no_fall,0,data/raw/urfd_videos/No fall/adl-37/cam0/adl-37-cam0.mp4,0.0,11.6667,10.0,10.6667,15,3,data/processed/window_poses_readable/train/label_no_fall/adl_37_cam0__video_0p000s_to_11p667s/window_0015__time_10p000s_to_10p667s__frames_000300_to_000320.json,0,data/processed/frames/train/no_fall/adl_37_cam0/frame_000300.jpg|data/processed/frames/train/no_fall/adl_37_cam0/frame_000310.jpg|data/processed/frames/train/no_fall/adl_37_cam0/frame_000320.jpg,10.0|10.3333|10.6667
adl_37_cam0_w0016,adl_37_cam0,train,no_fall,0,data/raw/urfd_videos/No fall/adl-37/cam0/adl-37-cam0.mp4,0.0,11.6667,10.6667,11.3333,16,3,data/processed/window_poses_readable/train/label_no_fall/adl_37_cam0__video_0p000s_to_11p667s/window_0016__time_10p667s_to_11p333s__frames_000320_to_000340.json,0,data/processed/frames/train/no_fall/adl_37_cam0/frame_000320.jpg|data/processed/frames/train/no_fall/adl_37_cam0/frame_000330.jpg|data/processed/frames/train/no_fall/adl_37_cam0/frame_000340.jpg,10.6667|11.0|11.3333
adl_38_cam0_w0000,adl_38_cam0,train,no_fall,0,data/raw/urfd_videos/No fall/adl-38/cam0/adl-38-cam0.mp4,0.0,11.5,0.0,0.6667,0,3,data/processed/window_poses_readable/train/label_no_fall/adl_38_cam0__video_0p000s_to_11p500s/window_0000__time_0p000s_to_0p667s__frames_000000_to_000020.json,0,data/processed/frames/train/no_fall/adl_38_cam0/frame_000000.jpg|data/processed/frames/train/no_fall/adl_38_cam0/frame_000010.jpg|data/processed/frames/train/no_fall/adl_38_cam0/frame_000020.jpg,0.0|0.3333|0.6667
adl_38_cam0_w0001,adl_38_cam0,train,no_fall,0,data/raw/urfd_videos/No fall/adl-38/cam0/adl-38-cam0.mp4,0.0,11.5,0.6667,1.3333,1,3,data/processed/window_poses_readable/train/label_no_fall/adl_38_cam0__video_0p000s_to_11p500s/window_0001__time_0p667s_to_1p333s__frames_000020_to_000040.json,0,data/processed/frames/train/no_fall/adl_38_cam0/frame_000020.jpg|data/processed/frames/train/no_fall/adl_38_cam0/frame_000030.jpg|data/processed/frames/train/no_fall/adl_38_cam0/frame_000040.jpg,0.6667|1.0|1.3333
adl_38_cam0_w0002,adl_38_cam0,train,no_fall,0,data/raw/urfd_videos/No fall/adl-38/cam0/adl-38-cam0.mp4,0.0,11.5,1.3333,2.0,2,3,data/processed/window_poses_readable/train/label_no_fall/adl_38_cam0__video_0p000s_to_11p500s/window_0002__time_1p333s_to_2p000s__frames_000040_to_000060.json,0,data/processed/frames/train/no_fall/adl_38_cam0/frame_000040.jpg|data/processed/frames/train/no_fall/adl_38_cam0/frame_000050.jpg|data/processed/frames/train/no_fall/adl_38_cam0/frame_000060.jpg,1.3333|1.6667|2.0
adl_38_cam0_w0003,adl_38_cam0,train,no_fall,0,data/raw/urfd_videos/No fall/adl-38/cam0/adl-38-cam0.mp4,0.0,11.5,2.0,2.6667,3,3,data/processed/window_poses_readable/train/label_no_fall/adl_38_cam0__video_0p000s_to_11p500s/window_0003__time_2p000s_to_2p667s__frames_000060_to_000080.json,0,data/processed/frames/train/no_fall/adl_38_cam0/frame_000060.jpg|data/processed/frames/train/no_fall/adl_38_cam0/frame_000070.jpg|data/processed/frames/train/no_fall/adl_38_cam0/frame_000080.jpg,2.0|2.3333|2.6667
adl_38_cam0_w0004,adl_38_cam0,train,no_fall,0,data/raw/urfd_videos/No fall/adl-38/cam0/adl-38-cam0.mp4,0.0,11.5,2.6667,3.3333,4,3,data/processed/window_poses_readable/train/label_no_fall/adl_38_cam0__video_0p000s_to_11p500s/window_0004__time_2p667s_to_3p333s__frames_000080_to_000100.json,1,data/processed/frames/train/no_fall/adl_38_cam0/frame_000080.jpg|data/processed/frames/train/no_fall/adl_38_cam0/frame_000090.jpg|data/processed/frames/train/no_fall/adl_38_cam0/frame_000100.jpg,2.6667|3.0|3.3333
adl_38_cam0_w0005,adl_38_cam0,train,no_fall,0,data/raw/urfd_videos/No fall/adl-38/cam0/adl-38-cam0.mp4,0.0,11.5,3.3333,4.0,5,3,data/processed/window_poses_readable/train/label_no_fall/adl_38_cam0__video_0p000s_to_11p500s/window_0005__time_3p333s_to_4p000s__frames_000100_to_000120.json,1,data/processed/frames/train/no_fall/adl_38_cam0/frame_000100.jpg|data/processed/frames/train/no_fall/adl_38_cam0/frame_000110.jpg|data/processed/frames/train/no_fall/adl_38_cam0/frame_000120.jpg,3.3333|3.6667|4.0
adl_38_cam0_w0006,adl_38_cam0,train,no_fall,0,data/raw/urfd_videos/No fall/adl-38/cam0/adl-38-cam0.mp4,0.0,11.5,4.0,4.6667,6,3,data/processed/window_poses_readable/train/label_no_fall/adl_38_cam0__video_0p000s_to_11p500s/window_0006__time_4p000s_to_4p667s__frames_000120_to_000140.json,3,data/processed/frames/train/no_fall/adl_38_cam0/frame_000120.jpg|data/processed/frames/train/no_fall/adl_38_cam0/frame_000130.jpg|data/processed/frames/train/no_fall/adl_38_cam0/frame_000140.jpg,4.0|4.3333|4.6667
adl_38_cam0_w0007,adl_38_cam0,train,no_fall,0,data/raw/urfd_videos/No fall/adl-38/cam0/adl-38-cam0.mp4,0.0,11.5,4.6667,5.3333,7,3,data/processed/window_poses_readable/train/label_no_fall/adl_38_cam0__video_0p000s_to_11p500s/window_0007__time_4p667s_to_5p333s__frames_000140_to_000160.json,2,data/processed/frames/train/no_fall/adl_38_cam0/frame_000140.jpg|data/processed/frames/train/no_fall/adl_38_cam0/frame_000150.jpg|data/processed/frames/train/no_fall/adl_38_cam0/frame_000160.jpg,4.6667|5.0|5.3333
adl_38_cam0_w0008,adl_38_cam0,train,no_fall,0,data/raw/urfd_videos/No fall/adl-38/cam0/adl-38-cam0.mp4,0.0,11.5,5.3333,6.0,8,3,data/processed/window_poses_readable/train/label_no_fall/adl_38_cam0__video_0p000s_to_11p500s/window_0008__time_5p333s_to_6p000s__frames_000160_to_000180.json,1,data/processed/frames/train/no_fall/adl_38_cam0/frame_000160.jpg|data/processed/frames/train/no_fall/adl_38_cam0/frame_000170.jpg|data/processed/frames/train/no_fall/adl_38_cam0/frame_000180.jpg,5.3333|5.6667|6.0
adl_38_cam0_w0009,adl_38_cam0,train,no_fall,0,data/raw/urfd_videos/No fall/adl-38/cam0/adl-38-cam0.mp4,0.0,11.5,6.0,6.6667,9,3,data/processed/window_poses_readable/train/label_no_fall/adl_38_cam0__video_0p000s_to_11p500s/window_0009__time_6p000s_to_6p667s__frames_000180_to_000200.json,1,data/processed/frames/train/no_fall/adl_38_cam0/frame_000180.jpg|data/processed/frames/train/no_fall/adl_38_cam0/frame_000190.jpg|data/processed/frames/train/no_fall/adl_38_cam0/frame_000200.jpg,6.0|6.3333|6.6667
adl_38_cam0_w0010,adl_38_cam0,train,no_fall,0,data/raw/urfd_videos/No fall/adl-38/cam0/adl-38-cam0.mp4,0.0,11.5,6.6667,7.3333,10,3,data/processed/window_poses_readable/train/label_no_fall/adl_38_cam0__video_0p000s_to_11p500s/window_0010__time_6p667s_to_7p333s__frames_000200_to_000220.json,2,data/processed/frames/train/no_fall/adl_38_cam0/frame_000200.jpg|data/processed/frames/train/no_fall/adl_38_cam0/frame_000210.jpg|data/processed/frames/train/no_fall/adl_38_cam0/frame_000220.jpg,6.6667|7.0|7.3333
adl_38_cam0_w0011,adl_38_cam0,train,no_fall,0,data/raw/urfd_videos/No fall/adl-38/cam0/adl-38-cam0.mp4,0.0,11.5,7.3333,8.0,11,3,data/processed/window_poses_readable/train/label_no_fall/adl_38_cam0__video_0p000s_to_11p500s/window_0011__time_7p333s_to_8p000s__frames_000220_to_000240.json,0,data/processed/frames/train/no_fall/adl_38_cam0/frame_000220.jpg|data/processed/frames/train/no_fall/adl_38_cam0/frame_000230.jpg|data/processed/frames/train/no_fall/adl_38_cam0/frame_000240.jpg,7.3333|7.6667|8.0
adl_38_cam0_w0012,adl_38_cam0,train,no_fall,0,data/raw/urfd_videos/No fall/adl-38/cam0/adl-38-cam0.mp4,0.0,11.5,8.0,8.6667,12,3,data/processed/window_poses_readable/train/label_no_fall/adl_38_cam0__video_0p000s_to_11p500s/window_0012__time_8p000s_to_8p667s__frames_000240_to_000260.json,0,data/processed/frames/train/no_fall/adl_38_cam0/frame_000240.jpg|data/processed/frames/train/no_fall/adl_38_cam0/frame_000250.jpg|data/processed/frames/train/no_fall/adl_38_cam0/frame_000260.jpg,8.0|8.3333|8.6667
adl_38_cam0_w0013,adl_38_cam0,train,no_fall,0,data/raw/urfd_videos/No fall/adl-38/cam0/adl-38-cam0.mp4,0.0,11.5,8.6667,9.3333,13,3,data/processed/window_poses_readable/train/label_no_fall/adl_38_cam0__video_0p000s_to_11p500s/window_0013__time_8p667s_to_9p333s__frames_000260_to_000280.json,0,data/processed/frames/train/no_fall/adl_38_cam0/frame_000260.jpg|data/processed/frames/train/no_fall/adl_38_cam0/frame_000270.jpg|data/processed/frames/train/no_fall/adl_38_cam0/frame_000280.jpg,8.6667|9.0|9.3333
adl_38_cam0_w0014,adl_38_cam0,train,no_fall,0,data/raw/urfd_videos/No fall/adl-38/cam0/adl-38-cam0.mp4,0.0,11.5,9.3333,10.0,14,3,data/processed/window_poses_readable/train/label_no_fall/adl_38_cam0__video_0p000s_to_11p500s/window_0014__time_9p333s_to_10p000s__frames_000280_to_000300.json,0,data/processed/frames/train/no_fall/adl_38_cam0/frame_000280.jpg|data/processed/frames/train/no_fall/adl_38_cam0/frame_000290.jpg|data/processed/frames/train/no_fall/adl_38_cam0/frame_000300.jpg,9.3333|9.6667|10.0
adl_38_cam0_w0015,adl_38_cam0,train,no_fall,0,data/raw/urfd_videos/No fall/adl-38/cam0/adl-38-cam0.mp4,0.0,11.5,10.0,10.6667,15,3,data/processed/window_poses_readable/train/label_no_fall/adl_38_cam0__video_0p000s_to_11p500s/window_0015__time_10p000s_to_10p667s__frames_000300_to_000320.json,0,data/processed/frames/train/no_fall/adl_38_cam0/frame_000300.jpg|data/processed/frames/train/no_fall/adl_38_cam0/frame_000310.jpg|data/processed/frames/train/no_fall/adl_38_cam0/frame_000320.jpg,10.0|10.3333|10.6667
adl_38_cam0_w0016,adl_38_cam0,train,no_fall,0,data/raw/urfd_videos/No fall/adl-38/cam0/adl-38-cam0.mp4,0.0,11.5,10.6667,11.3333,16,3,data/processed/window_poses_readable/train/label_no_fall/adl_38_cam0__video_0p000s_to_11p500s/window_0016__time_10p667s_to_11p333s__frames_000320_to_000340.json,0,data/processed/frames/train/no_fall/adl_38_cam0/frame_000320.jpg|data/processed/frames/train/no_fall/adl_38_cam0/frame_000330.jpg|data/processed/frames/train/no_fall/adl_38_cam0/frame_000340.jpg,10.6667|11.0|11.3333
adl_39_cam0_w0000,adl_39_cam0,train,no_fall,0,data/raw/urfd_videos/No fall/adl-39/cam0/adl-39-cam0.mp4,0.0,9.0,0.0,0.6667,0,3,data/processed/window_poses_readable/train/label_no_fall/adl_39_cam0__video_0p000s_to_9p000s/window_0000__time_0p000s_to_0p667s__frames_000000_to_000020.json,0,data/processed/frames/train/no_fall/adl_39_cam0/frame_000000.jpg|data/processed/frames/train/no_fall/adl_39_cam0/frame_000010.jpg|data/processed/frames/train/no_fall/adl_39_cam0/frame_000020.jpg,0.0|0.3333|0.6667
adl_39_cam0_w0001,adl_39_cam0,train,no_fall,0,data/raw/urfd_videos/No fall/adl-39/cam0/adl-39-cam0.mp4,0.0,9.0,0.6667,1.3333,1,3,data/processed/window_poses_readable/train/label_no_fall/adl_39_cam0__video_0p000s_to_9p000s/window_0001__time_0p667s_to_1p333s__frames_000020_to_000040.json,0,data/processed/frames/train/no_fall/adl_39_cam0/frame_000020.jpg|data/processed/frames/train/no_fall/adl_39_cam0/frame_000030.jpg|data/processed/frames/train/no_fall/adl_39_cam0/frame_000040.jpg,0.6667|1.0|1.3333
adl_39_cam0_w0002,adl_39_cam0,train,no_fall,0,data/raw/urfd_videos/No fall/adl-39/cam0/adl-39-cam0.mp4,0.0,9.0,1.3333,2.0,2,3,data/processed/window_poses_readable/train/label_no_fall/adl_39_cam0__video_0p000s_to_9p000s/window_0002__time_1p333s_to_2p000s__frames_000040_to_000060.json,0,data/processed/frames/train/no_fall/adl_39_cam0/frame_000040.jpg|data/processed/frames/train/no_fall/adl_39_cam0/frame_000050.jpg|data/processed/frames/train/no_fall/adl_39_cam0/frame_000060.jpg,1.3333|1.6667|2.0
adl_39_cam0_w0003,adl_39_cam0,train,no_fall,0,data/raw/urfd_videos/No fall/adl-39/cam0/adl-39-cam0.mp4,0.0,9.0,2.0,2.6667,3,3,data/processed/window_poses_readable/train/label_no_fall/adl_39_cam0__video_0p000s_to_9p000s/window_0003__time_2p000s_to_2p667s__frames_000060_to_000080.json,0,data/processed/frames/train/no_fall/adl_39_cam0/frame_000060.jpg|data/processed/frames/train/no_fall/adl_39_cam0/frame_000070.jpg|data/processed/frames/train/no_fall/adl_39_cam0/frame_000080.jpg,2.0|2.3333|2.6667
adl_39_cam0_w0004,adl_39_cam0,train,no_fall,0,data/raw/urfd_videos/No fall/adl-39/cam0/adl-39-cam0.mp4,0.0,9.0,2.6667,3.3333,4,3,data/processed/window_poses_readable/train/label_no_fall/adl_39_cam0__video_0p000s_to_9p000s/window_0004__time_2p667s_to_3p333s__frames_000080_to_000100.json,0,data/processed/frames/train/no_fall/adl_39_cam0/frame_000080.jpg|data/processed/frames/train/no_fall/adl_39_cam0/frame_000090.jpg|data/processed/frames/train/no_fall/adl_39_cam0/frame_000100.jpg,2.6667|3.0|3.3333
adl_39_cam0_w0005,adl_39_cam0,train,no_fall,0,data/raw/urfd_videos/No fall/adl-39/cam0/adl-39-cam0.mp4,0.0,9.0,3.3333,4.0,5,3,data/processed/window_poses_readable/train/label_no_fall/adl_39_cam0__video_0p000s_to_9p000s/window_0005__time_3p333s_to_4p000s__frames_000100_to_000120.json,0,data/processed/frames/train/no_fall/adl_39_cam0/frame_000100.jpg|data/processed/frames/train/no_fall/adl_39_cam0/frame_000110.jpg|data/processed/frames/train/no_fall/adl_39_cam0/frame_000120.jpg,3.3333|3.6667|4.0
adl_39_cam0_w0006,adl_39_cam0,train,no_fall,0,data/raw/urfd_videos/No fall/adl-39/cam0/adl-39-cam0.mp4,0.0,9.0,4.0,4.6667,6,3,data/processed/window_poses_readable/train/label_no_fall/adl_39_cam0__video_0p000s_to_9p000s/window_0006__time_4p000s_to_4p667s__frames_000120_to_000140.json,2,data/processed/frames/train/no_fall/adl_39_cam0/frame_000120.jpg|data/processed/frames/train/no_fall/adl_39_cam0/frame_000130.jpg|data/processed/frames/train/no_fall/adl_39_cam0/frame_000140.jpg,4.0|4.3333|4.6667
adl_39_cam0_w0007,adl_39_cam0,train,no_fall,0,data/raw/urfd_videos/No fall/adl-39/cam0/adl-39-cam0.mp4,0.0,9.0,4.6667,5.3333,7,3,data/processed/window_poses_readable/train/label_no_fall/adl_39_cam0__video_0p000s_to_9p000s/window_0007__time_4p667s_to_5p333s__frames_000140_to_000160.json,3,data/processed/frames/train/no_fall/adl_39_cam0/frame_000140.jpg|data/processed/frames/train/no_fall/adl_39_cam0/frame_000150.jpg|data/processed/frames/train/no_fall/adl_39_cam0/frame_000160.jpg,4.6667|5.0|5.3333
adl_39_cam0_w0008,adl_39_cam0,train,no_fall,0,data/raw/urfd_videos/No fall/adl-39/cam0/adl-39-cam0.mp4,0.0,9.0,5.3333,6.0,8,3,data/processed/window_poses_readable/train/label_no_fall/adl_39_cam0__video_0p000s_to_9p000s/window_0008__time_5p333s_to_6p000s__frames_000160_to_000180.json,3,data/processed/frames/train/no_fall/adl_39_cam0/frame_000160.jpg|data/processed/frames/train/no_fall/adl_39_cam0/frame_000170.jpg|data/processed/frames/train/no_fall/adl_39_cam0/frame_000180.jpg,5.3333|5.6667|6.0
adl_39_cam0_w0009,adl_39_cam0,train,no_fall,0,data/raw/urfd_videos/No fall/adl-39/cam0/adl-39-cam0.mp4,0.0,9.0,6.0,6.6667,9,3,data/processed/window_poses_readable/train/label_no_fall/adl_39_cam0__video_0p000s_to_9p000s/window_0009__time_6p000s_to_6p667s__frames_000180_to_000200.json,1,data/processed/frames/train/no_fall/adl_39_cam0/frame_000180.jpg|data/processed/frames/train/no_fall/adl_39_cam0/frame_000190.jpg|data/processed/frames/train/no_fall/adl_39_cam0/frame_000200.jpg,6.0|6.3333|6.6667
adl_39_cam0_w0010,adl_39_cam0,train,no_fall,0,data/raw/urfd_videos/No fall/adl-39/cam0/adl-39-cam0.mp4,0.0,9.0,6.6667,7.3333,10,3,data/processed/window_poses_readable/train/label_no_fall/adl_39_cam0__video_0p000s_to_9p000s/window_0010__time_6p667s_to_7p333s__frames_000200_to_000220.json,2,data/processed/frames/train/no_fall/adl_39_cam0/frame_000200.jpg|data/processed/frames/train/no_fall/adl_39_cam0/frame_000210.jpg|data/processed/frames/train/no_fall/adl_39_cam0/frame_000220.jpg,6.6667|7.0|7.3333
adl_39_cam0_w0011,adl_39_cam0,train,no_fall,0,data/raw/urfd_videos/No fall/adl-39/cam0/adl-39-cam0.mp4,0.0,9.0,7.3333,8.0,11,3,data/processed/window_poses_readable/train/label_no_fall/adl_39_cam0__video_0p000s_to_9p000s/window_0011__time_7p333s_to_8p000s__frames_000220_to_000240.json,2,data/processed/frames/train/no_fall/adl_39_cam0/frame_000220.jpg|data/processed/frames/train/no_fall/adl_39_cam0/frame_000230.jpg|data/processed/frames/train/no_fall/adl_39_cam0/frame_000240.jpg,7.3333|7.6667|8.0
adl_39_cam0_w0012,adl_39_cam0,train,no_fall,0,data/raw/urfd_videos/No fall/adl-39/cam0/adl-39-cam0.mp4,0.0,9.0,8.0,8.6667,12,3,data/processed/window_poses_readable/train/label_no_fall/adl_39_cam0__video_0p000s_to_9p000s/window_0012__time_8p000s_to_8p667s__frames_000240_to_000260.json,0,data/processed/frames/train/no_fall/adl_39_cam0/frame_000240.jpg|data/processed/frames/train/no_fall/adl_39_cam0/frame_000250.jpg|data/processed/frames/train/no_fall/adl_39_cam0/frame_000260.jpg,8.0|8.3333|8.6667
adl_40_cam0_w0000,adl_40_cam0,train,no_fall,0,data/raw/urfd_videos/No fall/adl-40/cam0/adl-40-cam0.mp4,0.0,11.0,0.0,0.6667,0,3,data/processed/window_poses_readable/train/label_no_fall/adl_40_cam0__video_0p000s_to_11p000s/window_0000__time_0p000s_to_0p667s__frames_000000_to_000020.json,0,data/processed/frames/train/no_fall/adl_40_cam0/frame_000000.jpg|data/processed/frames/train/no_fall/adl_40_cam0/frame_000010.jpg|data/processed/frames/train/no_fall/adl_40_cam0/frame_000020.jpg,0.0|0.3333|0.6667
adl_40_cam0_w0001,adl_40_cam0,train,no_fall,0,data/raw/urfd_videos/No fall/adl-40/cam0/adl-40-cam0.mp4,0.0,11.0,0.6667,1.3333,1,3,data/processed/window_poses_readable/train/label_no_fall/adl_40_cam0__video_0p000s_to_11p000s/window_0001__time_0p667s_to_1p333s__frames_000020_to_000040.json,0,data/processed/frames/train/no_fall/adl_40_cam0/frame_000020.jpg|data/processed/frames/train/no_fall/adl_40_cam0/frame_000030.jpg|data/processed/frames/train/no_fall/adl_40_cam0/frame_000040.jpg,0.6667|1.0|1.3333
adl_40_cam0_w0002,adl_40_cam0,train,no_fall,0,data/raw/urfd_videos/No fall/adl-40/cam0/adl-40-cam0.mp4,0.0,11.0,1.3333,2.0,2,3,data/processed/window_poses_readable/train/label_no_fall/adl_40_cam0__video_0p000s_to_11p000s/window_0002__time_1p333s_to_2p000s__frames_000040_to_000060.json,0,data/processed/frames/train/no_fall/adl_40_cam0/frame_000040.jpg|data/processed/frames/train/no_fall/adl_40_cam0/frame_000050.jpg|data/processed/frames/train/no_fall/adl_40_cam0/frame_000060.jpg,1.3333|1.6667|2.0
adl_40_cam0_w0003,adl_40_cam0,train,no_fall,0,data/raw/urfd_videos/No fall/adl-40/cam0/adl-40-cam0.mp4,0.0,11.0,2.0,2.6667,3,3,data/processed/window_poses_readable/train/label_no_fall/adl_40_cam0__video_0p000s_to_11p000s/window_0003__time_2p000s_to_2p667s__frames_000060_to_000080.json,0,data/processed/frames/train/no_fall/adl_40_cam0/frame_000060.jpg|data/processed/frames/train/no_fall/adl_40_cam0/frame_000070.jpg|data/processed/frames/train/no_fall/adl_40_cam0/frame_000080.jpg,2.0|2.3333|2.6667
adl_40_cam0_w0004,adl_40_cam0,train,no_fall,0,data/raw/urfd_videos/No fall/adl-40/cam0/adl-40-cam0.mp4,0.0,11.0,2.6667,3.3333,4,3,data/processed/window_poses_readable/train/label_no_fall/adl_40_cam0__video_0p000s_to_11p000s/window_0004__time_2p667s_to_3p333s__frames_000080_to_000100.json,0,data/processed/frames/train/no_fall/adl_40_cam0/frame_000080.jpg|data/processed/frames/train/no_fall/adl_40_cam0/frame_000090.jpg|data/processed/frames/train/no_fall/adl_40_cam0/frame_000100.jpg,2.6667|3.0|3.3333
adl_40_cam0_w0005,adl_40_cam0,train,no_fall,0,data/raw/urfd_videos/No fall/adl-40/cam0/adl-40-cam0.mp4,0.0,11.0,3.3333,4.0,5,3,data/processed/window_poses_readable/train/label_no_fall/adl_40_cam0__video_0p000s_to_11p000s/window_0005__time_3p333s_to_4p000s__frames_000100_to_000120.json,0,data/processed/frames/train/no_fall/adl_40_cam0/frame_000100.jpg|data/processed/frames/train/no_fall/adl_40_cam0/frame_000110.jpg|data/processed/frames/train/no_fall/adl_40_cam0/frame_000120.jpg,3.3333|3.6667|4.0
adl_40_cam0_w0006,adl_40_cam0,train,no_fall,0,data/raw/urfd_videos/No fall/adl-40/cam0/adl-40-cam0.mp4,0.0,11.0,4.0,4.6667,6,3,data/processed/window_poses_readable/train/label_no_fall/adl_40_cam0__video_0p000s_to_11p000s/window_0006__time_4p000s_to_4p667s__frames_000120_to_000140.json,0,data/processed/frames/train/no_fall/adl_40_cam0/frame_000120.jpg|data/processed/frames/train/no_fall/adl_40_cam0/frame_000130.jpg|data/processed/frames/train/no_fall/adl_40_cam0/frame_000140.jpg,4.0|4.3333|4.6667
adl_40_cam0_w0007,adl_40_cam0,train,no_fall,0,data/raw/urfd_videos/No fall/adl-40/cam0/adl-40-cam0.mp4,0.0,11.0,4.6667,5.3333,7,3,data/processed/window_poses_readable/train/label_no_fall/adl_40_cam0__video_0p000s_to_11p000s/window_0007__time_4p667s_to_5p333s__frames_000140_to_000160.json,0,data/processed/frames/train/no_fall/adl_40_cam0/frame_000140.jpg|data/processed/frames/train/no_fall/adl_40_cam0/frame_000150.jpg|data/processed/frames/train/no_fall/adl_40_cam0/frame_000160.jpg,4.6667|5.0|5.3333
adl_40_cam0_w0008,adl_40_cam0,train,no_fall,0,data/raw/urfd_videos/No fall/adl-40/cam0/adl-40-cam0.mp4,0.0,11.0,5.3333,6.0,8,3,data/processed/window_poses_readable/train/label_no_fall/adl_40_cam0__video_0p000s_to_11p000s/window_0008__time_5p333s_to_6p000s__frames_000160_to_000180.json,1,data/processed/frames/train/no_fall/adl_40_cam0/frame_000160.jpg|data/processed/frames/train/no_fall/adl_40_cam0/frame_000170.jpg|data/processed/frames/train/no_fall/adl_40_cam0/frame_000180.jpg,5.3333|5.6667|6.0
adl_40_cam0_w0009,adl_40_cam0,train,no_fall,0,data/raw/urfd_videos/No fall/adl-40/cam0/adl-40-cam0.mp4,0.0,11.0,6.0,6.6667,9,3,data/processed/window_poses_readable/train/label_no_fall/adl_40_cam0__video_0p000s_to_11p000s/window_0009__time_6p000s_to_6p667s__frames_000180_to_000200.json,2,data/processed/frames/train/no_fall/adl_40_cam0/frame_000180.jpg|data/processed/frames/train/no_fall/adl_40_cam0/frame_000190.jpg|data/processed/frames/train/no_fall/adl_40_cam0/frame_000200.jpg,6.0|6.3333|6.6667
adl_40_cam0_w0010,adl_40_cam0,train,no_fall,0,data/raw/urfd_videos/No fall/adl-40/cam0/adl-40-cam0.mp4,0.0,11.0,6.6667,7.3333,10,3,data/processed/window_poses_readable/train/label_no_fall/adl_40_cam0__video_0p000s_to_11p000s/window_0010__time_6p667s_to_7p333s__frames_000200_to_000220.json,2,data/processed/frames/train/no_fall/adl_40_cam0/frame_000200.jpg|data/processed/frames/train/no_fall/adl_40_cam0/frame_000210.jpg|data/processed/frames/train/no_fall/adl_40_cam0/frame_000220.jpg,6.6667|7.0|7.3333
adl_40_cam0_w0011,adl_40_cam0,train,no_fall,0,data/raw/urfd_videos/No fall/adl-40/cam0/adl-40-cam0.mp4,0.0,11.0,7.3333,8.0,11,3,data/processed/window_poses_readable/train/label_no_fall/adl_40_cam0__video_0p000s_to_11p000s/window_0011__time_7p333s_to_8p000s__frames_000220_to_000240.json,0,data/processed/frames/train/no_fall/adl_40_cam0/frame_000220.jpg|data/processed/frames/train/no_fall/adl_40_cam0/frame_000230.jpg|data/processed/frames/train/no_fall/adl_40_cam0/frame_000240.jpg,7.3333|7.6667|8.0
adl_40_cam0_w0012,adl_40_cam0,train,no_fall,0,data/raw/urfd_videos/No fall/adl-40/cam0/adl-40-cam0.mp4,0.0,11.0,8.0,8.6667,12,3,data/processed/window_poses_readable/train/label_no_fall/adl_40_cam0__video_0p000s_to_11p000s/window_0012__time_8p000s_to_8p667s__frames_000240_to_000260.json,1,data/processed/frames/train/no_fall/adl_40_cam0/frame_000240.jpg|data/processed/frames/train/no_fall/adl_40_cam0/frame_000250.jpg|data/processed/frames/train/no_fall/adl_40_cam0/frame_000260.jpg,8.0|8.3333|8.6667
adl_40_cam0_w0013,adl_40_cam0,train,no_fall,0,data/raw/urfd_videos/No fall/adl-40/cam0/adl-40-cam0.mp4,0.0,11.0,8.6667,9.3333,13,3,data/processed/window_poses_readable/train/label_no_fall/adl_40_cam0__video_0p000s_to_11p000s/window_0013__time_8p667s_to_9p333s__frames_000260_to_000280.json,2,data/processed/frames/train/no_fall/adl_40_cam0/frame_000260.jpg|data/processed/frames/train/no_fall/adl_40_cam0/frame_000270.jpg|data/processed/frames/train/no_fall/adl_40_cam0/frame_000280.jpg,8.6667|9.0|9.3333
adl_40_cam0_w0014,adl_40_cam0,train,no_fall,0,data/raw/urfd_videos/No fall/adl-40/cam0/adl-40-cam0.mp4,0.0,11.0,9.3333,10.0,14,3,data/processed/window_poses_readable/train/label_no_fall/adl_40_cam0__video_0p000s_to_11p000s/window_0014__time_9p333s_to_10p000s__frames_000280_to_000300.json,1,data/processed/frames/train/no_fall/adl_40_cam0/frame_000280.jpg|data/processed/frames/train/no_fall/adl_40_cam0/frame_000290.jpg|data/processed/frames/train/no_fall/adl_40_cam0/frame_000300.jpg,9.3333|9.6667|10.0
adl_40_cam0_w0015,adl_40_cam0,train,no_fall,0,data/raw/urfd_videos/No fall/adl-40/cam0/adl-40-cam0.mp4,0.0,11.0,10.0,10.6667,15,3,data/processed/window_poses_readable/train/label_no_fall/adl_40_cam0__video_0p000s_to_11p000s/window_0015__time_10p000s_to_10p667s__frames_000300_to_000320.json,1,data/processed/frames/train/no_fall/adl_40_cam0/frame_000300.jpg|data/processed/frames/train/no_fall/adl_40_cam0/frame_000310.jpg|data/processed/frames/train/no_fall/adl_40_cam0/frame_000320.jpg,10.0|10.3333|10.6667
voxel_01-3_w0000,voxel_01-3,train,no_fall,0,data/raw/voxel_huggingface_data/No Fall/01-3.mp4,0.0,8.7535,0.0,0.6708,0,3,data/processed/window_poses_readable/train/label_no_fall/voxel_01-3__video_0p000s_to_8p754s/window_0000__time_0p000s_to_0p671s__frames_000000_to_000020.json,3,data/processed/frames/train/no_fall/voxel_01-3/frame_000000.jpg|data/processed/frames/train/no_fall/voxel_01-3/frame_000010.jpg|data/processed/frames/train/no_fall/voxel_01-3/frame_000020.jpg,0.0|0.3354|0.6708
voxel_01-3_w0001,voxel_01-3,train,no_fall,0,data/raw/voxel_huggingface_data/No Fall/01-3.mp4,0.0,8.7535,0.6708,1.3415,1,3,data/processed/window_poses_readable/train/label_no_fall/voxel_01-3__video_0p000s_to_8p754s/window_0001__time_0p671s_to_1p341s__frames_000020_to_000040.json,3,data/processed/frames/train/no_fall/voxel_01-3/frame_000020.jpg|data/processed/frames/train/no_fall/voxel_01-3/frame_000030.jpg|data/processed/frames/train/no_fall/voxel_01-3/frame_000040.jpg,0.6708|1.0062|1.3415
voxel_01-3_w0002,voxel_01-3,train,no_fall,0,data/raw/voxel_huggingface_data/No Fall/01-3.mp4,0.0,8.7535,1.3415,2.0123,2,3,data/processed/window_poses_readable/train/label_no_fall/voxel_01-3__video_0p000s_to_8p754s/window_0002__time_1p341s_to_2p012s__frames_000040_to_000060.json,3,data/processed/frames/train/no_fall/voxel_01-3/frame_000040.jpg|data/processed/frames/train/no_fall/voxel_01-3/frame_000050.jpg|data/processed/frames/train/no_fall/voxel_01-3/frame_000060.jpg,1.3415|1.6769|2.0123
voxel_01-3_w0003,voxel_01-3,train,no_fall,0,data/raw/voxel_huggingface_data/No Fall/01-3.mp4,0.0,8.7535,2.0123,2.6831,3,3,data/processed/window_poses_readable/train/label_no_fall/voxel_01-3__video_0p000s_to_8p754s/window_0003__time_2p012s_to_2p683s__frames_000060_to_000080.json,3,data/processed/frames/train/no_fall/voxel_01-3/frame_000060.jpg|data/processed/frames/train/no_fall/voxel_01-3/frame_000070.jpg|data/processed/frames/train/no_fall/voxel_01-3/frame_000080.jpg,2.0123|2.3477|2.6831
voxel_01-3_w0004,voxel_01-3,train,no_fall,0,data/raw/voxel_huggingface_data/No Fall/01-3.mp4,0.0,8.7535,2.6831,3.3538,4,3,data/processed/window_poses_readable/train/label_no_fall/voxel_01-3__video_0p000s_to_8p754s/window_0004__time_2p683s_to_3p354s__frames_000080_to_000100.json,3,data/processed/frames/train/no_fall/voxel_01-3/frame_000080.jpg|data/processed/frames/train/no_fall/voxel_01-3/frame_000090.jpg|data/processed/frames/train/no_fall/voxel_01-3/frame_000100.jpg,2.6831|3.0185|3.3538
voxel_01-3_w0005,voxel_01-3,train,no_fall,0,data/raw/voxel_huggingface_data/No Fall/01-3.mp4,0.0,8.7535,3.3538,4.0246,5,3,data/processed/window_poses_readable/train/label_no_fall/voxel_01-3__video_0p000s_to_8p754s/window_0005__time_3p354s_to_4p025s__frames_000100_to_000120.json,3,data/processed/frames/train/no_fall/voxel_01-3/frame_000100.jpg|data/processed/frames/train/no_fall/voxel_01-3/frame_000110.jpg|data/processed/frames/train/no_fall/voxel_01-3/frame_000120.jpg,3.3538|3.6892|4.0246
voxel_01-3_w0006,voxel_01-3,train,no_fall,0,data/raw/voxel_huggingface_data/No Fall/01-3.mp4,0.0,8.7535,4.0246,4.6954,6,3,data/processed/window_poses_readable/train/label_no_fall/voxel_01-3__video_0p000s_to_8p754s/window_0006__time_4p025s_to_4p695s__frames_000120_to_000140.json,3,data/processed/frames/train/no_fall/voxel_01-3/frame_000120.jpg|data/processed/frames/train/no_fall/voxel_01-3/frame_000130.jpg|data/processed/frames/train/no_fall/voxel_01-3/frame_000140.jpg,4.0246|4.36|4.6954
voxel_01-3_w0007,voxel_01-3,train,no_fall,0,data/raw/voxel_huggingface_data/No Fall/01-3.mp4,0.0,8.7535,4.6954,5.3661,7,3,data/processed/window_poses_readable/train/label_no_fall/voxel_01-3__video_0p000s_to_8p754s/window_0007__time_4p695s_to_5p366s__frames_000140_to_000160.json,3,data/processed/frames/train/no_fall/voxel_01-3/frame_000140.jpg|data/processed/frames/train/no_fall/voxel_01-3/frame_000150.jpg|data/processed/frames/train/no_fall/voxel_01-3/frame_000160.jpg,4.6954|5.0308|5.3661
voxel_01-3_w0008,voxel_01-3,train,no_fall,0,data/raw/voxel_huggingface_data/No Fall/01-3.mp4,0.0,8.7535,5.3661,6.0034,8,3,data/processed/window_poses_readable/train/label_no_fall/voxel_01-3__video_0p000s_to_8p754s/window_0008__time_5p366s_to_6p003s__frames_000160_to_000179.json,3,data/processed/frames/train/no_fall/voxel_01-3/frame_000160.jpg|data/processed/frames/train/no_fall/voxel_01-3/frame_000169.jpg|data/processed/frames/train/no_fall/voxel_01-3/frame_000179.jpg,5.3661|5.668|6.0034
voxel_01-3_w0009,voxel_01-3,train,no_fall,0,data/raw/voxel_huggingface_data/No Fall/01-3.mp4,0.0,8.7535,6.0034,6.6741,9,3,data/processed/window_poses_readable/train/label_no_fall/voxel_01-3__video_0p000s_to_8p754s/window_0009__time_6p003s_to_6p674s__frames_000179_to_000199.json,3,data/processed/frames/train/no_fall/voxel_01-3/frame_000179.jpg|data/processed/frames/train/no_fall/voxel_01-3/frame_000189.jpg|data/processed/frames/train/no_fall/voxel_01-3/frame_000199.jpg,6.0034|6.3388|6.6741
voxel_01-3_w0010,voxel_01-3,train,no_fall,0,data/raw/voxel_huggingface_data/No Fall/01-3.mp4,0.0,8.7535,6.6741,7.3449,10,3,data/processed/window_poses_readable/train/label_no_fall/voxel_01-3__video_0p000s_to_8p754s/window_0010__time_6p674s_to_7p345s__frames_000199_to_000219.json,3,data/processed/frames/train/no_fall/voxel_01-3/frame_000199.jpg|data/processed/frames/train/no_fall/voxel_01-3/frame_000209.jpg|data/processed/frames/train/no_fall/voxel_01-3/frame_000219.jpg,6.6741|7.0095|7.3449
voxel_01-3_w0011,voxel_01-3,train,no_fall,0,data/raw/voxel_huggingface_data/No Fall/01-3.mp4,0.0,8.7535,7.3449,8.0157,11,3,data/processed/window_poses_readable/train/label_no_fall/voxel_01-3__video_0p000s_to_8p754s/window_0011__time_7p345s_to_8p016s__frames_000219_to_000239.json,3,data/processed/frames/train/no_fall/voxel_01-3/frame_000219.jpg|data/processed/frames/train/no_fall/voxel_01-3/frame_000229.jpg|data/processed/frames/train/no_fall/voxel_01-3/frame_000239.jpg,7.3449|7.6803|8.0157
voxel_01-3_w0012,voxel_01-3,train,no_fall,0,data/raw/voxel_huggingface_data/No Fall/01-3.mp4,0.0,8.7535,8.0157,8.6864,12,3,data/processed/window_poses_readable/train/label_no_fall/voxel_01-3__video_0p000s_to_8p754s/window_0012__time_8p016s_to_8p686s__frames_000239_to_000259.json,3,data/processed/frames/train/no_fall/voxel_01-3/frame_000239.jpg|data/processed/frames/train/no_fall/voxel_01-3/frame_000249.jpg|data/processed/frames/train/no_fall/voxel_01-3/frame_000259.jpg,8.0157|8.3511|8.6864
voxel_01-5_w0000,voxel_01-5,train,no_fall,0,data/raw/voxel_huggingface_data/No Fall/01-5.mp4,0.0,12.4014,0.0,0.6703,0,3,data/processed/window_poses_readable/train/label_no_fall/voxel_01-5__video_0p000s_to_12p401s/window_0000__time_0p000s_to_0p670s__frames_000000_to_000020.json,3,data/processed/frames/train/no_fall/voxel_01-5/frame_000000.jpg|data/processed/frames/train/no_fall/voxel_01-5/frame_000010.jpg|data/processed/frames/train/no_fall/voxel_01-5/frame_000020.jpg,0.0|0.3352|0.6703
voxel_01-5_w0001,voxel_01-5,train,no_fall,0,data/raw/voxel_huggingface_data/No Fall/01-5.mp4,0.0,12.4014,0.6703,1.3407,1,3,data/processed/window_poses_readable/train/label_no_fall/voxel_01-5__video_0p000s_to_12p401s/window_0001__time_0p670s_to_1p341s__frames_000020_to_000040.json,3,data/processed/frames/train/no_fall/voxel_01-5/frame_000020.jpg|data/processed/frames/train/no_fall/voxel_01-5/frame_000030.jpg|data/processed/frames/train/no_fall/voxel_01-5/frame_000040.jpg,0.6703|1.0055|1.3407
voxel_01-5_w0002,voxel_01-5,train,no_fall,0,data/raw/voxel_huggingface_data/No Fall/01-5.mp4,0.0,12.4014,1.3407,2.011,2,3,data/processed/window_poses_readable/train/label_no_fall/voxel_01-5__video_0p000s_to_12p401s/window_0002__time_1p341s_to_2p011s__frames_000040_to_000060.json,3,data/processed/frames/train/no_fall/voxel_01-5/frame_000040.jpg|data/processed/frames/train/no_fall/voxel_01-5/frame_000050.jpg|data/processed/frames/train/no_fall/voxel_01-5/frame_000060.jpg,1.3407|1.6759|2.011
voxel_01-5_w0003,voxel_01-5,train,no_fall,0,data/raw/voxel_huggingface_data/No Fall/01-5.mp4,0.0,12.4014,2.011,2.6814,3,3,data/processed/window_poses_readable/train/label_no_fall/voxel_01-5__video_0p000s_to_12p401s/window_0003__time_2p011s_to_2p681s__frames_000060_to_000080.json,3,data/processed/frames/train/no_fall/voxel_01-5/frame_000060.jpg|data/processed/frames/train/no_fall/voxel_01-5/frame_000070.jpg|data/processed/frames/train/no_fall/voxel_01-5/frame_000080.jpg,2.011|2.3462|2.6814
voxel_01-5_w0004,voxel_01-5,train,no_fall,0,data/raw/voxel_huggingface_data/No Fall/01-5.mp4,0.0,12.4014,2.6814,3.3517,4,3,data/processed/window_poses_readable/train/label_no_fall/voxel_01-5__video_0p000s_to_12p401s/window_0004__time_2p681s_to_3p352s__frames_000080_to_000100.json,3,data/processed/frames/train/no_fall/voxel_01-5/frame_000080.jpg|data/processed/frames/train/no_fall/voxel_01-5/frame_000090.jpg|data/processed/frames/train/no_fall/voxel_01-5/frame_000100.jpg,2.6814|3.0166|3.3517
voxel_01-5_w0005,voxel_01-5,train,no_fall,0,data/raw/voxel_huggingface_data/No Fall/01-5.mp4,0.0,12.4014,3.3517,4.0221,5,3,data/processed/window_poses_readable/train/label_no_fall/voxel_01-5__video_0p000s_to_12p401s/window_0005__time_3p352s_to_4p022s__frames_000100_to_000120.json,3,data/processed/frames/train/no_fall/voxel_01-5/frame_000100.jpg|data/processed/frames/train/no_fall/voxel_01-5/frame_000110.jpg|data/processed/frames/train/no_fall/voxel_01-5/frame_000120.jpg,3.3517|3.6869|4.0221
voxel_01-5_w0006,voxel_01-5,train,no_fall,0,data/raw/voxel_huggingface_data/No Fall/01-5.mp4,0.0,12.4014,4.0221,4.6924,6,3,data/processed/window_poses_readable/train/label_no_fall/voxel_01-5__video_0p000s_to_12p401s/window_0006__time_4p022s_to_4p692s__frames_000120_to_000140.json,3,data/processed/frames/train/no_fall/voxel_01-5/frame_000120.jpg|data/processed/frames/train/no_fall/voxel_01-5/frame_000130.jpg|data/processed/frames/train/no_fall/voxel_01-5/frame_000140.jpg,4.0221|4.3573|4.6924
voxel_01-5_w0007,voxel_01-5,train,no_fall,0,data/raw/voxel_huggingface_data/No Fall/01-5.mp4,0.0,12.4014,4.6924,5.3628,7,3,data/processed/window_poses_readable/train/label_no_fall/voxel_01-5__video_0p000s_to_12p401s/window_0007__time_4p692s_to_5p363s__frames_000140_to_000160.json,3,data/processed/frames/train/no_fall/voxel_01-5/frame_000140.jpg|data/processed/frames/train/no_fall/voxel_01-5/frame_000150.jpg|data/processed/frames/train/no_fall/voxel_01-5/frame_000160.jpg,4.6924|5.0276|5.3628
voxel_01-5_w0008,voxel_01-5,train,no_fall,0,data/raw/voxel_huggingface_data/No Fall/01-5.mp4,0.0,12.4014,5.3628,6.0331,8,3,data/processed/window_poses_readable/train/label_no_fall/voxel_01-5__video_0p000s_to_12p401s/window_0008__time_5p363s_to_6p033s__frames_000160_to_000180.json,3,data/processed/frames/train/no_fall/voxel_01-5/frame_000160.jpg|data/processed/frames/train/no_fall/voxel_01-5/frame_000170.jpg|data/processed/frames/train/no_fall/voxel_01-5/frame_000180.jpg,5.3628|5.6979|6.0331
voxel_01-5_w0009,voxel_01-5,train,no_fall,0,data/raw/voxel_huggingface_data/No Fall/01-5.mp4,0.0,12.4014,6.0331,6.67,9,3,data/processed/window_poses_readable/train/label_no_fall/voxel_01-5__video_0p000s_to_12p401s/window_0009__time_6p033s_to_6p670s__frames_000180_to_000199.json,3,data/processed/frames/train/no_fall/voxel_01-5/frame_000180.jpg|data/processed/frames/train/no_fall/voxel_01-5/frame_000189.jpg|data/processed/frames/train/no_fall/voxel_01-5/frame_000199.jpg,6.0331|6.3348|6.67
voxel_01-5_w0010,voxel_01-5,train,no_fall,0,data/raw/voxel_huggingface_data/No Fall/01-5.mp4,0.0,12.4014,6.67,7.3403,10,3,data/processed/window_poses_readable/train/label_no_fall/voxel_01-5__video_0p000s_to_12p401s/window_0010__time_6p670s_to_7p340s__frames_000199_to_000219.json,3,data/processed/frames/train/no_fall/voxel_01-5/frame_000199.jpg|data/processed/frames/train/no_fall/voxel_01-5/frame_000209.jpg|data/processed/frames/train/no_fall/voxel_01-5/frame_000219.jpg,6.67|7.0051|7.3403
voxel_01-5_w0011,voxel_01-5,train,no_fall,0,data/raw/voxel_huggingface_data/No Fall/01-5.mp4,0.0,12.4014,7.3403,8.0106,11,3,data/processed/window_poses_readable/train/label_no_fall/voxel_01-5__video_0p000s_to_12p401s/window_0011__time_7p340s_to_8p011s__frames_000219_to_000239.json,3,data/processed/frames/train/no_fall/voxel_01-5/frame_000219.jpg|data/processed/frames/train/no_fall/voxel_01-5/frame_000229.jpg|data/processed/frames/train/no_fall/voxel_01-5/frame_000239.jpg,7.3403|7.6755|8.0106
voxel_01-5_w0012,voxel_01-5,train,no_fall,0,data/raw/voxel_huggingface_data/No Fall/01-5.mp4,0.0,12.4014,8.0106,8.681,12,3,data/processed/window_poses_readable/train/label_no_fall/voxel_01-5__video_0p000s_to_12p401s/window_0012__time_8p011s_to_8p681s__frames_000239_to_000259.json,3,data/processed/frames/train/no_fall/voxel_01-5/frame_000239.jpg|data/processed/frames/train/no_fall/voxel_01-5/frame_000249.jpg|data/processed/frames/train/no_fall/voxel_01-5/frame_000259.jpg,8.0106|8.3458|8.681
voxel_01-5_w0013,voxel_01-5,train,no_fall,0,data/raw/voxel_huggingface_data/No Fall/01-5.mp4,0.0,12.4014,8.681,9.3513,13,3,data/processed/window_poses_readable/train/label_no_fall/voxel_01-5__video_0p000s_to_12p401s/window_0013__time_8p681s_to_9p351s__frames_000259_to_000279.json,3,data/processed/frames/train/no_fall/voxel_01-5/frame_000259.jpg|data/processed/frames/train/no_fall/voxel_01-5/frame_000269.jpg|data/processed/frames/train/no_fall/voxel_01-5/frame_000279.jpg,8.681|9.0162|9.3513
voxel_01-5_w0014,voxel_01-5,train,no_fall,0,data/raw/voxel_huggingface_data/No Fall/01-5.mp4,0.0,12.4014,9.3513,10.0217,14,3,data/processed/window_poses_readable/train/label_no_fall/voxel_01-5__video_0p000s_to_12p401s/window_0014__time_9p351s_to_10p022s__frames_000279_to_000299.json,3,data/processed/frames/train/no_fall/voxel_01-5/frame_000279.jpg|data/processed/frames/train/no_fall/voxel_01-5/frame_000289.jpg|data/processed/frames/train/no_fall/voxel_01-5/frame_000299.jpg,9.3513|9.6865|10.0217
voxel_01-5_w0015,voxel_01-5,train,no_fall,0,data/raw/voxel_huggingface_data/No Fall/01-5.mp4,0.0,12.4014,10.0217,10.692,15,3,data/processed/window_poses_readable/train/label_no_fall/voxel_01-5__video_0p000s_to_12p401s/window_0015__time_10p022s_to_10p692s__frames_000299_to_000319.json,3,data/processed/frames/train/no_fall/voxel_01-5/frame_000299.jpg|data/processed/frames/train/no_fall/voxel_01-5/frame_000309.jpg|data/processed/frames/train/no_fall/voxel_01-5/frame_000319.jpg,10.0217|10.3569|10.692
voxel_01-5_w0016,voxel_01-5,train,no_fall,0,data/raw/voxel_huggingface_data/No Fall/01-5.mp4,0.0,12.4014,10.692,11.3624,16,3,data/processed/window_poses_readable/train/label_no_fall/voxel_01-5__video_0p000s_to_12p401s/window_0016__time_10p692s_to_11p362s__frames_000319_to_000339.json,3,data/processed/frames/train/no_fall/voxel_01-5/frame_000319.jpg|data/processed/frames/train/no_fall/voxel_01-5/frame_000329.jpg|data/processed/frames/train/no_fall/voxel_01-5/frame_000339.jpg,10.692|11.0272|11.3624
voxel_01-5_w0017,voxel_01-5,train,no_fall,0,data/raw/voxel_huggingface_data/No Fall/01-5.mp4,0.0,12.4014,11.3624,12.0327,17,3,data/processed/window_poses_readable/train/label_no_fall/voxel_01-5__video_0p000s_to_12p401s/window_0017__time_11p362s_to_12p033s__frames_000339_to_000359.json,3,data/processed/frames/train/no_fall/voxel_01-5/frame_000339.jpg|data/processed/frames/train/no_fall/voxel_01-5/frame_000349.jpg|data/processed/frames/train/no_fall/voxel_01-5/frame_000359.jpg,11.3624|11.6976|12.0327
voxel_01-7_w0000,voxel_01-7,train,no_fall,0,data/raw/voxel_huggingface_data/No Fall/01-7.mp4,0.0,8.2735,0.0,0.6754,0,3,data/processed/window_poses_readable/train/label_no_fall/voxel_01-7__video_0p000s_to_8p274s/window_0000__time_0p000s_to_0p675s__frames_000000_to_000020.json,3,data/processed/frames/train/no_fall/voxel_01-7/frame_000000.jpg|data/processed/frames/train/no_fall/voxel_01-7/frame_000010.jpg|data/processed/frames/train/no_fall/voxel_01-7/frame_000020.jpg,0.0|0.3377|0.6754
voxel_01-7_w0001,voxel_01-7,train,no_fall,0,data/raw/voxel_huggingface_data/No Fall/01-7.mp4,0.0,8.2735,0.6754,1.3508,1,3,data/processed/window_poses_readable/train/label_no_fall/voxel_01-7__video_0p000s_to_8p274s/window_0001__time_0p675s_to_1p351s__frames_000020_to_000040.json,3,data/processed/frames/train/no_fall/voxel_01-7/frame_000020.jpg|data/processed/frames/train/no_fall/voxel_01-7/frame_000030.jpg|data/processed/frames/train/no_fall/voxel_01-7/frame_000040.jpg,0.6754|1.0131|1.3508
voxel_01-7_w0002,voxel_01-7,train,no_fall,0,data/raw/voxel_huggingface_data/No Fall/01-7.mp4,0.0,8.2735,1.3508,2.0262,2,3,data/processed/window_poses_readable/train/label_no_fall/voxel_01-7__video_0p000s_to_8p274s/window_0002__time_1p351s_to_2p026s__frames_000040_to_000060.json,3,data/processed/frames/train/no_fall/voxel_01-7/frame_000040.jpg|data/processed/frames/train/no_fall/voxel_01-7/frame_000050.jpg|data/processed/frames/train/no_fall/voxel_01-7/frame_000060.jpg,1.3508|1.6885|2.0262
voxel_01-7_w0003,voxel_01-7,train,no_fall,0,data/raw/voxel_huggingface_data/No Fall/01-7.mp4,0.0,8.2735,2.0262,2.6678,3,3,data/processed/window_poses_readable/train/label_no_fall/voxel_01-7__video_0p000s_to_8p274s/window_0003__time_2p026s_to_2p668s__frames_000060_to_000079.json,3,data/processed/frames/train/no_fall/voxel_01-7/frame_000060.jpg|data/processed/frames/train/no_fall/voxel_01-7/frame_000070.jpg|data/processed/frames/train/no_fall/voxel_01-7/frame_000079.jpg,2.0262|2.3639|2.6678
voxel_01-7_w0004,voxel_01-7,train,no_fall,0,data/raw/voxel_huggingface_data/No Fall/01-7.mp4,0.0,8.2735,2.6678,3.3432,4,3,data/processed/window_poses_readable/train/label_no_fall/voxel_01-7__video_0p000s_to_8p274s/window_0004__time_2p668s_to_3p343s__frames_000079_to_000099.json,3,data/processed/frames/train/no_fall/voxel_01-7/frame_000079.jpg|data/processed/frames/train/no_fall/voxel_01-7/frame_000089.jpg|data/processed/frames/train/no_fall/voxel_01-7/frame_000099.jpg,2.6678|3.0055|3.3432
voxel_01-7_w0005,voxel_01-7,train,no_fall,0,data/raw/voxel_huggingface_data/No Fall/01-7.mp4,0.0,8.2735,3.3432,4.0186,5,3,data/processed/window_poses_readable/train/label_no_fall/voxel_01-7__video_0p000s_to_8p274s/window_0005__time_3p343s_to_4p019s__frames_000099_to_000119.json,3,data/processed/frames/train/no_fall/voxel_01-7/frame_000099.jpg|data/processed/frames/train/no_fall/voxel_01-7/frame_000109.jpg|data/processed/frames/train/no_fall/voxel_01-7/frame_000119.jpg,3.3432|3.6809|4.0186
voxel_01-7_w0006,voxel_01-7,train,no_fall,0,data/raw/voxel_huggingface_data/No Fall/01-7.mp4,0.0,8.2735,4.0186,4.694,6,3,data/processed/window_poses_readable/train/label_no_fall/voxel_01-7__video_0p000s_to_8p274s/window_0006__time_4p019s_to_4p694s__frames_000119_to_000139.json,3,data/processed/frames/train/no_fall/voxel_01-7/frame_000119.jpg|data/processed/frames/train/no_fall/voxel_01-7/frame_000129.jpg|data/processed/frames/train/no_fall/voxel_01-7/frame_000139.jpg,4.0186|4.3563|4.694
voxel_01-7_w0007,voxel_01-7,train,no_fall,0,data/raw/voxel_huggingface_data/No Fall/01-7.mp4,0.0,8.2735,4.694,5.3356,7,3,data/processed/window_poses_readable/train/label_no_fall/voxel_01-7__video_0p000s_to_8p274s/window_0007__time_4p694s_to_5p336s__frames_000139_to_000158.json,3,data/processed/frames/train/no_fall/voxel_01-7/frame_000139.jpg|data/processed/frames/train/no_fall/voxel_01-7/frame_000149.jpg|data/processed/frames/train/no_fall/voxel_01-7/frame_000158.jpg,4.694|5.0317|5.3356
voxel_01-7_w0008,voxel_01-7,train,no_fall,0,data/raw/voxel_huggingface_data/No Fall/01-7.mp4,0.0,8.2735,5.3356,6.011,8,3,data/processed/window_poses_readable/train/label_no_fall/voxel_01-7__video_0p000s_to_8p274s/window_0008__time_5p336s_to_6p011s__frames_000158_to_000178.json,3,data/processed/frames/train/no_fall/voxel_01-7/frame_000158.jpg|data/processed/frames/train/no_fall/voxel_01-7/frame_000168.jpg|data/processed/frames/train/no_fall/voxel_01-7/frame_000178.jpg,5.3356|5.6733|6.011
voxel_01-7_w0009,voxel_01-7,train,no_fall,0,data/raw/voxel_huggingface_data/No Fall/01-7.mp4,0.0,8.2735,6.011,6.6864,9,3,data/processed/window_poses_readable/train/label_no_fall/voxel_01-7__video_0p000s_to_8p274s/window_0009__time_6p011s_to_6p686s__frames_000178_to_000198.json,3,data/processed/frames/train/no_fall/voxel_01-7/frame_000178.jpg|data/processed/frames/train/no_fall/voxel_01-7/frame_000188.jpg|data/processed/frames/train/no_fall/voxel_01-7/frame_000198.jpg,6.011|6.3487|6.6864
voxel_01-7_w0010,voxel_01-7,train,no_fall,0,data/raw/voxel_huggingface_data/No Fall/01-7.mp4,0.0,8.2735,6.6864,7.3618,10,3,data/processed/window_poses_readable/train/label_no_fall/voxel_01-7__video_0p000s_to_8p274s/window_0010__time_6p686s_to_7p362s__frames_000198_to_000218.json,3,data/processed/frames/train/no_fall/voxel_01-7/frame_000198.jpg|data/processed/frames/train/no_fall/voxel_01-7/frame_000208.jpg|data/processed/frames/train/no_fall/voxel_01-7/frame_000218.jpg,6.6864|7.0241|7.3618
voxel_01-7_w0011,voxel_01-7,train,no_fall,0,data/raw/voxel_huggingface_data/No Fall/01-7.mp4,0.0,8.2735,7.3618,8.0034,11,3,data/processed/window_poses_readable/train/label_no_fall/voxel_01-7__video_0p000s_to_8p274s/window_0011__time_7p362s_to_8p003s__frames_000218_to_000237.json,3,data/processed/frames/train/no_fall/voxel_01-7/frame_000218.jpg|data/processed/frames/train/no_fall/voxel_01-7/frame_000228.jpg|data/processed/frames/train/no_fall/voxel_01-7/frame_000237.jpg,7.3618|7.6995|8.0034
voxel_02_w0000,voxel_02,train,no_fall,0,data/raw/voxel_huggingface_data/No Fall/02.mp4,0.0,11.7934,0.0,0.6701,0,3,data/processed/window_poses_readable/train/label_no_fall/voxel_02__video_0p000s_to_11p793s/window_0000__time_0p000s_to_0p670s__frames_000000_to_000020.json,3,data/processed/frames/train/no_fall/voxel_02/frame_000000.jpg|data/processed/frames/train/no_fall/voxel_02/frame_000010.jpg|data/processed/frames/train/no_fall/voxel_02/frame_000020.jpg,0.0|0.335|0.6701
voxel_02_w0001,voxel_02,train,no_fall,0,data/raw/voxel_huggingface_data/No Fall/02.mp4,0.0,11.7934,0.6701,1.3402,1,3,data/processed/window_poses_readable/train/label_no_fall/voxel_02__video_0p000s_to_11p793s/window_0001__time_0p670s_to_1p340s__frames_000020_to_000040.json,3,data/processed/frames/train/no_fall/voxel_02/frame_000020.jpg|data/processed/frames/train/no_fall/voxel_02/frame_000030.jpg|data/processed/frames/train/no_fall/voxel_02/frame_000040.jpg,0.6701|1.0051|1.3402
voxel_02_w0002,voxel_02,train,no_fall,0,data/raw/voxel_huggingface_data/No Fall/02.mp4,0.0,11.7934,1.3402,2.0102,2,3,data/processed/window_poses_readable/train/label_no_fall/voxel_02__video_0p000s_to_11p793s/window_0002__time_1p340s_to_2p010s__frames_000040_to_000060.json,3,data/processed/frames/train/no_fall/voxel_02/frame_000040.jpg|data/processed/frames/train/no_fall/voxel_02/frame_000050.jpg|data/processed/frames/train/no_fall/voxel_02/frame_000060.jpg,1.3402|1.6752|2.0102
voxel_02_w0003,voxel_02,train,no_fall,0,data/raw/voxel_huggingface_data/No Fall/02.mp4,0.0,11.7934,2.0102,2.6803,3,3,data/processed/window_poses_readable/train/label_no_fall/voxel_02__video_0p000s_to_11p793s/window_0003__time_2p010s_to_2p680s__frames_000060_to_000080.json,3,data/processed/frames/train/no_fall/voxel_02/frame_000060.jpg|data/processed/frames/train/no_fall/voxel_02/frame_000070.jpg|data/processed/frames/train/no_fall/voxel_02/frame_000080.jpg,2.0102|2.3453|2.6803
voxel_02_w0004,voxel_02,train,no_fall,0,data/raw/voxel_huggingface_data/No Fall/02.mp4,0.0,11.7934,2.6803,3.3504,4,3,data/processed/window_poses_readable/train/label_no_fall/voxel_02__video_0p000s_to_11p793s/window_0004__time_2p680s_to_3p350s__frames_000080_to_000100.json,3,data/processed/frames/train/no_fall/voxel_02/frame_000080.jpg|data/processed/frames/train/no_fall/voxel_02/frame_000090.jpg|data/processed/frames/train/no_fall/voxel_02/frame_000100.jpg,2.6803|3.0154|3.3504
voxel_02_w0005,voxel_02,train,no_fall,0,data/raw/voxel_huggingface_data/No Fall/02.mp4,0.0,11.7934,3.3504,4.0205,5,3,data/processed/window_poses_readable/train/label_no_fall/voxel_02__video_0p000s_to_11p793s/window_0005__time_3p350s_to_4p021s__frames_000100_to_000120.json,3,data/processed/frames/train/no_fall/voxel_02/frame_000100.jpg|data/processed/frames/train/no_fall/voxel_02/frame_000110.jpg|data/processed/frames/train/no_fall/voxel_02/frame_000120.jpg,3.3504|3.6854|4.0205
voxel_02_w0006,voxel_02,train,no_fall,0,data/raw/voxel_huggingface_data/No Fall/02.mp4,0.0,11.7934,4.0205,4.6906,6,3,data/processed/window_poses_readable/train/label_no_fall/voxel_02__video_0p000s_to_11p793s/window_0006__time_4p021s_to_4p691s__frames_000120_to_000140.json,3,data/processed/frames/train/no_fall/voxel_02/frame_000120.jpg|data/processed/frames/train/no_fall/voxel_02/frame_000130.jpg|data/processed/frames/train/no_fall/voxel_02/frame_000140.jpg,4.0205|4.3555|4.6906
voxel_02_w0007,voxel_02,train,no_fall,0,data/raw/voxel_huggingface_data/No Fall/02.mp4,0.0,11.7934,4.6906,5.3606,7,3,data/processed/window_poses_readable/train/label_no_fall/voxel_02__video_0p000s_to_11p793s/window_0007__time_4p691s_to_5p361s__frames_000140_to_000160.json,3,data/processed/frames/train/no_fall/voxel_02/frame_000140.jpg|data/processed/frames/train/no_fall/voxel_02/frame_000150.jpg|data/processed/frames/train/no_fall/voxel_02/frame_000160.jpg,4.6906|5.0256|5.3606
voxel_02_w0008,voxel_02,train,no_fall,0,data/raw/voxel_huggingface_data/No Fall/02.mp4,0.0,11.7934,5.3606,6.0307,8,3,data/processed/window_poses_readable/train/label_no_fall/voxel_02__video_0p000s_to_11p793s/window_0008__time_5p361s_to_6p031s__frames_000160_to_000180.json,3,data/processed/frames/train/no_fall/voxel_02/frame_000160.jpg|data/processed/frames/train/no_fall/voxel_02/frame_000170.jpg|data/processed/frames/train/no_fall/voxel_02/frame_000180.jpg,5.3606|5.6957|6.0307
voxel_02_w0009,voxel_02,train,no_fall,0,data/raw/voxel_huggingface_data/No Fall/02.mp4,0.0,11.7934,6.0307,6.6673,9,3,data/processed/window_poses_readable/train/label_no_fall/voxel_02__video_0p000s_to_11p793s/window_0009__time_6p031s_to_6p667s__frames_000180_to_000199.json,3,data/processed/frames/train/no_fall/voxel_02/frame_000180.jpg|data/processed/frames/train/no_fall/voxel_02/frame_000190.jpg|data/processed/frames/train/no_fall/voxel_02/frame_000199.jpg,6.0307|6.3658|6.6673
voxel_02_w0010,voxel_02,train,no_fall,0,data/raw/voxel_huggingface_data/No Fall/02.mp4,0.0,11.7934,6.6673,7.3374,10,3,data/processed/window_poses_readable/train/label_no_fall/voxel_02__video_0p000s_to_11p793s/window_0010__time_6p667s_to_7p337s__frames_000199_to_000219.json,2,data/processed/frames/train/no_fall/voxel_02/frame_000199.jpg|data/processed/frames/train/no_fall/voxel_02/frame_000209.jpg|data/processed/frames/train/no_fall/voxel_02/frame_000219.jpg,6.6673|7.0023|7.3374
voxel_02_w0011,voxel_02,train,no_fall,0,data/raw/voxel_huggingface_data/No Fall/02.mp4,0.0,11.7934,7.3374,8.0075,11,3,data/processed/window_poses_readable/train/label_no_fall/voxel_02__video_0p000s_to_11p793s/window_0011__time_7p337s_to_8p008s__frames_000219_to_000239.json,3,data/processed/frames/train/no_fall/voxel_02/frame_000219.jpg|data/processed/frames/train/no_fall/voxel_02/frame_000229.jpg|data/processed/frames/train/no_fall/voxel_02/frame_000239.jpg,7.3374|7.6724|8.0075
voxel_02_w0012,voxel_02,train,no_fall,0,data/raw/voxel_huggingface_data/No Fall/02.mp4,0.0,11.7934,8.0075,8.6775,12,3,data/processed/window_poses_readable/train/label_no_fall/voxel_02__video_0p000s_to_11p793s/window_0012__time_8p008s_to_8p678s__frames_000239_to_000259.json,3,data/processed/frames/train/no_fall/voxel_02/frame_000239.jpg|data/processed/frames/train/no_fall/voxel_02/frame_000249.jpg|data/processed/frames/train/no_fall/voxel_02/frame_000259.jpg,8.0075|8.3425|8.6775
voxel_02_w0013,voxel_02,train,no_fall,0,data/raw/voxel_huggingface_data/No Fall/02.mp4,0.0,11.7934,8.6775,9.3476,13,3,data/processed/window_poses_readable/train/label_no_fall/voxel_02__video_0p000s_to_11p793s/window_0013__time_8p678s_to_9p348s__frames_000259_to_000279.json,3,data/processed/frames/train/no_fall/voxel_02/frame_000259.jpg|data/processed/frames/train/no_fall/voxel_02/frame_000269.jpg|data/processed/frames/train/no_fall/voxel_02/frame_000279.jpg,8.6775|9.0126|9.3476
voxel_02_w0014,voxel_02,train,no_fall,0,data/raw/voxel_huggingface_data/No Fall/02.mp4,0.0,11.7934,9.3476,10.0177,14,3,data/processed/window_poses_readable/train/label_no_fall/voxel_02__video_0p000s_to_11p793s/window_0014__time_9p348s_to_10p018s__frames_000279_to_000299.json,3,data/processed/frames/train/no_fall/voxel_02/frame_000279.jpg|data/processed/frames/train/no_fall/voxel_02/frame_000289.jpg|data/processed/frames/train/no_fall/voxel_02/frame_000299.jpg,9.3476|9.6827|10.0177
voxel_02_w0015,voxel_02,train,no_fall,0,data/raw/voxel_huggingface_data/No Fall/02.mp4,0.0,11.7934,10.0177,10.6878,15,3,data/processed/window_poses_readable/train/label_no_fall/voxel_02__video_0p000s_to_11p793s/window_0015__time_10p018s_to_10p688s__frames_000299_to_000319.json,3,data/processed/frames/train/no_fall/voxel_02/frame_000299.jpg|data/processed/frames/train/no_fall/voxel_02/frame_000309.jpg|data/processed/frames/train/no_fall/voxel_02/frame_000319.jpg,10.0177|10.3527|10.6878
voxel_02_w0016,voxel_02,train,no_fall,0,data/raw/voxel_huggingface_data/No Fall/02.mp4,0.0,11.7934,10.6878,11.3578,16,3,data/processed/window_poses_readable/train/label_no_fall/voxel_02__video_0p000s_to_11p793s/window_0016__time_10p688s_to_11p358s__frames_000319_to_000339.json,3,data/processed/frames/train/no_fall/voxel_02/frame_000319.jpg|data/processed/frames/train/no_fall/voxel_02/frame_000329.jpg|data/processed/frames/train/no_fall/voxel_02/frame_000339.jpg,10.6878|11.0228|11.3578
voxel_02-3_w0000,voxel_02-3,train,no_fall,0,data/raw/voxel_huggingface_data/No Fall/02-3.mp4,0.0,9.1375,0.0,0.6694,0,3,data/processed/window_poses_readable/train/label_no_fall/voxel_02-3__video_0p000s_to_9p137s/window_0000__time_0p000s_to_0p669s__frames_000000_to_000020.json,3,data/processed/frames/train/no_fall/voxel_02-3/frame_000000.jpg|data/processed/frames/train/no_fall/voxel_02-3/frame_000010.jpg|data/processed/frames/train/no_fall/voxel_02-3/frame_000020.jpg,0.0|0.3347|0.6694
voxel_02-3_w0001,voxel_02-3,train,no_fall,0,data/raw/voxel_huggingface_data/No Fall/02-3.mp4,0.0,9.1375,0.6694,1.3388,1,3,data/processed/window_poses_readable/train/label_no_fall/voxel_02-3__video_0p000s_to_9p137s/window_0001__time_0p669s_to_1p339s__frames_000020_to_000040.json,3,data/processed/frames/train/no_fall/voxel_02-3/frame_000020.jpg|data/processed/frames/train/no_fall/voxel_02-3/frame_000030.jpg|data/processed/frames/train/no_fall/voxel_02-3/frame_000040.jpg,0.6694|1.0041|1.3388
voxel_02-3_w0002,voxel_02-3,train,no_fall,0,data/raw/voxel_huggingface_data/No Fall/02-3.mp4,0.0,9.1375,1.3388,2.0082,2,3,data/processed/window_poses_readable/train/label_no_fall/voxel_02-3__video_0p000s_to_9p137s/window_0002__time_1p339s_to_2p008s__frames_000040_to_000060.json,3,data/processed/frames/train/no_fall/voxel_02-3/frame_000040.jpg|data/processed/frames/train/no_fall/voxel_02-3/frame_000050.jpg|data/processed/frames/train/no_fall/voxel_02-3/frame_000060.jpg,1.3388|1.6735|2.0082
voxel_02-3_w0003,voxel_02-3,train,no_fall,0,data/raw/voxel_huggingface_data/No Fall/02-3.mp4,0.0,9.1375,2.0082,2.6777,3,3,data/processed/window_poses_readable/train/label_no_fall/voxel_02-3__video_0p000s_to_9p137s/window_0003__time_2p008s_to_2p678s__frames_000060_to_000080.json,3,data/processed/frames/train/no_fall/voxel_02-3/frame_000060.jpg|data/processed/frames/train/no_fall/voxel_02-3/frame_000070.jpg|data/processed/frames/train/no_fall/voxel_02-3/frame_000080.jpg,2.0082|2.343|2.6777
voxel_02-3_w0004,voxel_02-3,train,no_fall,0,data/raw/voxel_huggingface_data/No Fall/02-3.mp4,0.0,9.1375,2.6777,3.3471,4,3,data/processed/window_poses_readable/train/label_no_fall/voxel_02-3__video_0p000s_to_9p137s/window_0004__time_2p678s_to_3p347s__frames_000080_to_000100.json,3,data/processed/frames/train/no_fall/voxel_02-3/frame_000080.jpg|data/processed/frames/train/no_fall/voxel_02-3/frame_000090.jpg|data/processed/frames/train/no_fall/voxel_02-3/frame_000100.jpg,2.6777|3.0124|3.3471
voxel_02-3_w0005,voxel_02-3,train,no_fall,0,data/raw/voxel_huggingface_data/No Fall/02-3.mp4,0.0,9.1375,3.3471,4.0165,5,3,data/processed/window_poses_readable/train/label_no_fall/voxel_02-3__video_0p000s_to_9p137s/window_0005__time_3p347s_to_4p016s__frames_000100_to_000120.json,3,data/processed/frames/train/no_fall/voxel_02-3/frame_000100.jpg|data/processed/frames/train/no_fall/voxel_02-3/frame_000110.jpg|data/processed/frames/train/no_fall/voxel_02-3/frame_000120.jpg,3.3471|3.6818|4.0165
voxel_02-3_w0006,voxel_02-3,train,no_fall,0,data/raw/voxel_huggingface_data/No Fall/02-3.mp4,0.0,9.1375,4.0165,4.6859,6,3,data/processed/window_poses_readable/train/label_no_fall/voxel_02-3__video_0p000s_to_9p137s/window_0006__time_4p016s_to_4p686s__frames_000120_to_000140.json,3,data/processed/frames/train/no_fall/voxel_02-3/frame_000120.jpg|data/processed/frames/train/no_fall/voxel_02-3/frame_000130.jpg|data/processed/frames/train/no_fall/voxel_02-3/frame_000140.jpg,4.0165|4.3512|4.6859
voxel_02-3_w0007,voxel_02-3,train,no_fall,0,data/raw/voxel_huggingface_data/No Fall/02-3.mp4,0.0,9.1375,4.6859,5.3553,7,3,data/processed/window_poses_readable/train/label_no_fall/voxel_02-3__video_0p000s_to_9p137s/window_0007__time_4p686s_to_5p355s__frames_000140_to_000160.json,3,data/processed/frames/train/no_fall/voxel_02-3/frame_000140.jpg|data/processed/frames/train/no_fall/voxel_02-3/frame_000150.jpg|data/processed/frames/train/no_fall/voxel_02-3/frame_000160.jpg,4.6859|5.0206|5.3553
voxel_02-3_w0008,voxel_02-3,train,no_fall,0,data/raw/voxel_huggingface_data/No Fall/02-3.mp4,0.0,9.1375,5.3553,6.0247,8,3,data/processed/window_poses_readable/train/label_no_fall/voxel_02-3__video_0p000s_to_9p137s/window_0008__time_5p355s_to_6p025s__frames_000160_to_000180.json,3,data/processed/frames/train/no_fall/voxel_02-3/frame_000160.jpg|data/processed/frames/train/no_fall/voxel_02-3/frame_000170.jpg|data/processed/frames/train/no_fall/voxel_02-3/frame_000180.jpg,5.3553|5.69|6.0247
voxel_02-3_w0009,voxel_02-3,train,no_fall,0,data/raw/voxel_huggingface_data/No Fall/02-3.mp4,0.0,9.1375,6.0247,6.6942,9,3,data/processed/window_poses_readable/train/label_no_fall/voxel_02-3__video_0p000s_to_9p137s/window_0009__time_6p025s_to_6p694s__frames_000180_to_000200.json,3,data/processed/frames/train/no_fall/voxel_02-3/frame_000180.jpg|data/processed/frames/train/no_fall/voxel_02-3/frame_000190.jpg|data/processed/frames/train/no_fall/voxel_02-3/frame_000200.jpg,6.0247|6.3594|6.6942
voxel_02-3_w0010,voxel_02-3,train,no_fall,0,data/raw/voxel_huggingface_data/No Fall/02-3.mp4,0.0,9.1375,6.6942,7.3636,10,3,data/processed/window_poses_readable/train/label_no_fall/voxel_02-3__video_0p000s_to_9p137s/window_0010__time_6p694s_to_7p364s__frames_000200_to_000220.json,3,data/processed/frames/train/no_fall/voxel_02-3/frame_000200.jpg|data/processed/frames/train/no_fall/voxel_02-3/frame_000210.jpg|data/processed/frames/train/no_fall/voxel_02-3/frame_000220.jpg,6.6942|7.0289|7.3636
voxel_02-3_w0011,voxel_02-3,train,no_fall,0,data/raw/voxel_huggingface_data/No Fall/02-3.mp4,0.0,9.1375,7.3636,8.033,11,3,data/processed/window_poses_readable/train/label_no_fall/voxel_02-3__video_0p000s_to_9p137s/window_0011__time_7p364s_to_8p033s__frames_000220_to_000240.json,3,data/processed/frames/train/no_fall/voxel_02-3/frame_000220.jpg|data/processed/frames/train/no_fall/voxel_02-3/frame_000230.jpg|data/processed/frames/train/no_fall/voxel_02-3/frame_000240.jpg,7.3636|7.6983|8.033
voxel_02-3_w0012,voxel_02-3,train,no_fall,0,data/raw/voxel_huggingface_data/No Fall/02-3.mp4,0.0,9.1375,8.033,8.6689,12,3,data/processed/window_poses_readable/train/label_no_fall/voxel_02-3__video_0p000s_to_9p137s/window_0012__time_8p033s_to_8p669s__frames_000240_to_000259.json,3,data/processed/frames/train/no_fall/voxel_02-3/frame_000240.jpg|data/processed/frames/train/no_fall/voxel_02-3/frame_000249.jpg|data/processed/frames/train/no_fall/voxel_02-3/frame_000259.jpg,8.033|8.3342|8.6689
voxel_02-5_w0000,voxel_02-5,train,no_fall,0,data/raw/voxel_huggingface_data/No Fall/02-5.mp4,0.0,10.5615,0.0,0.6706,0,3,data/processed/window_poses_readable/train/label_no_fall/voxel_02-5__video_0p000s_to_10p562s/window_0000__time_0p000s_to_0p671s__frames_000000_to_000020.json,3,data/processed/frames/train/no_fall/voxel_02-5/frame_000000.jpg|data/processed/frames/train/no_fall/voxel_02-5/frame_000010.jpg|data/processed/frames/train/no_fall/voxel_02-5/frame_000020.jpg,0.0|0.3353|0.6706
voxel_02-5_w0001,voxel_02-5,train,no_fall,0,data/raw/voxel_huggingface_data/No Fall/02-5.mp4,0.0,10.5615,0.6706,1.3411,1,3,data/processed/window_poses_readable/train/label_no_fall/voxel_02-5__video_0p000s_to_10p562s/window_0001__time_0p671s_to_1p341s__frames_000020_to_000040.json,3,data/processed/frames/train/no_fall/voxel_02-5/frame_000020.jpg|data/processed/frames/train/no_fall/voxel_02-5/frame_000030.jpg|data/processed/frames/train/no_fall/voxel_02-5/frame_000040.jpg,0.6706|1.0059|1.3411
voxel_02-5_w0002,voxel_02-5,train,no_fall,0,data/raw/voxel_huggingface_data/No Fall/02-5.mp4,0.0,10.5615,1.3411,2.0117,2,3,data/processed/window_poses_readable/train/label_no_fall/voxel_02-5__video_0p000s_to_10p562s/window_0002__time_1p341s_to_2p012s__frames_000040_to_000060.json,3,data/processed/frames/train/no_fall/voxel_02-5/frame_000040.jpg|data/processed/frames/train/no_fall/voxel_02-5/frame_000050.jpg|data/processed/frames/train/no_fall/voxel_02-5/frame_000060.jpg,1.3411|1.6764|2.0117
voxel_02-5_w0003,voxel_02-5,train,no_fall,0,data/raw/voxel_huggingface_data/No Fall/02-5.mp4,0.0,10.5615,2.0117,2.6823,3,3,data/processed/window_poses_readable/train/label_no_fall/voxel_02-5__video_0p000s_to_10p562s/window_0003__time_2p012s_to_2p682s__frames_000060_to_000080.json,3,data/processed/frames/train/no_fall/voxel_02-5/frame_000060.jpg|data/processed/frames/train/no_fall/voxel_02-5/frame_000070.jpg|data/processed/frames/train/no_fall/voxel_02-5/frame_000080.jpg,2.0117|2.347|2.6823
voxel_02-5_w0004,voxel_02-5,train,no_fall,0,data/raw/voxel_huggingface_data/No Fall/02-5.mp4,0.0,10.5615,2.6823,3.3528,4,3,data/processed/window_poses_readable/train/label_no_fall/voxel_02-5__video_0p000s_to_10p562s/window_0004__time_2p682s_to_3p353s__frames_000080_to_000100.json,3,data/processed/frames/train/no_fall/voxel_02-5/frame_000080.jpg|data/processed/frames/train/no_fall/voxel_02-5/frame_000090.jpg|data/processed/frames/train/no_fall/voxel_02-5/frame_000100.jpg,2.6823|3.0176|3.3528
voxel_02-5_w0005,voxel_02-5,train,no_fall,0,data/raw/voxel_huggingface_data/No Fall/02-5.mp4,0.0,10.5615,3.3528,4.0234,5,3,data/processed/window_poses_readable/train/label_no_fall/voxel_02-5__video_0p000s_to_10p562s/window_0005__time_3p353s_to_4p023s__frames_000100_to_000120.json,3,data/processed/frames/train/no_fall/voxel_02-5/frame_000100.jpg|data/processed/frames/train/no_fall/voxel_02-5/frame_000110.jpg|data/processed/frames/train/no_fall/voxel_02-5/frame_000120.jpg,3.3528|3.6881|4.0234
voxel_02-5_w0006,voxel_02-5,train,no_fall,0,data/raw/voxel_huggingface_data/No Fall/02-5.mp4,0.0,10.5615,4.0234,4.694,6,3,data/processed/window_poses_readable/train/label_no_fall/voxel_02-5__video_0p000s_to_10p562s/window_0006__time_4p023s_to_4p694s__frames_000120_to_000140.json,3,data/processed/frames/train/no_fall/voxel_02-5/frame_000120.jpg|data/processed/frames/train/no_fall/voxel_02-5/frame_000130.jpg|data/processed/frames/train/no_fall/voxel_02-5/frame_000140.jpg,4.0234|4.3587|4.694
voxel_02-5_w0007,voxel_02-5,train,no_fall,0,data/raw/voxel_huggingface_data/No Fall/02-5.mp4,0.0,10.5615,4.694,5.3646,7,3,data/processed/window_poses_readable/train/label_no_fall/voxel_02-5__video_0p000s_to_10p562s/window_0007__time_4p694s_to_5p365s__frames_000140_to_000160.json,3,data/processed/frames/train/no_fall/voxel_02-5/frame_000140.jpg|data/processed/frames/train/no_fall/voxel_02-5/frame_000150.jpg|data/processed/frames/train/no_fall/voxel_02-5/frame_000160.jpg,4.694|5.0293|5.3646
voxel_02-5_w0008,voxel_02-5,train,no_fall,0,data/raw/voxel_huggingface_data/No Fall/02-5.mp4,0.0,10.5615,5.3646,6.0016,8,3,data/processed/window_poses_readable/train/label_no_fall/voxel_02-5__video_0p000s_to_10p562s/window_0008__time_5p365s_to_6p002s__frames_000160_to_000179.json,3,data/processed/frames/train/no_fall/voxel_02-5/frame_000160.jpg|data/processed/frames/train/no_fall/voxel_02-5/frame_000170.jpg|data/processed/frames/train/no_fall/voxel_02-5/frame_000179.jpg,5.3646|5.6998|6.0016
voxel_02-5_w0009,voxel_02-5,train,no_fall,0,data/raw/voxel_huggingface_data/No Fall/02-5.mp4,0.0,10.5615,6.0016,6.6722,9,3,data/processed/window_poses_readable/train/label_no_fall/voxel_02-5__video_0p000s_to_10p562s/window_0009__time_6p002s_to_6p672s__frames_000179_to_000199.json,3,data/processed/frames/train/no_fall/voxel_02-5/frame_000179.jpg|data/processed/frames/train/no_fall/voxel_02-5/frame_000189.jpg|data/processed/frames/train/no_fall/voxel_02-5/frame_000199.jpg,6.0016|6.3369|6.6722
voxel_02-5_w0010,voxel_02-5,train,no_fall,0,data/raw/voxel_huggingface_data/No Fall/02-5.mp4,0.0,10.5615,6.6722,7.3427,10,3,data/processed/window_poses_readable/train/label_no_fall/voxel_02-5__video_0p000s_to_10p562s/window_0010__time_6p672s_to_7p343s__frames_000199_to_000219.json,3,data/processed/frames/train/no_fall/voxel_02-5/frame_000199.jpg|data/processed/frames/train/no_fall/voxel_02-5/frame_000209.jpg|data/processed/frames/train/no_fall/voxel_02-5/frame_000219.jpg,6.6722|7.0075|7.3427
voxel_02-5_w0011,voxel_02-5,train,no_fall,0,data/raw/voxel_huggingface_data/No Fall/02-5.mp4,0.0,10.5615,7.3427,8.0133,11,3,data/processed/window_poses_readable/train/label_no_fall/voxel_02-5__video_0p000s_to_10p562s/window_0011__time_7p343s_to_8p013s__frames_000219_to_000239.json,3,data/processed/frames/train/no_fall/voxel_02-5/frame_000219.jpg|data/processed/frames/train/no_fall/voxel_02-5/frame_000229.jpg|data/processed/frames/train/no_fall/voxel_02-5/frame_000239.jpg,7.3427|7.678|8.0133
voxel_02-5_w0012,voxel_02-5,train,no_fall,0,data/raw/voxel_huggingface_data/No Fall/02-5.mp4,0.0,10.5615,8.0133,8.6839,12,3,data/processed/window_poses_readable/train/label_no_fall/voxel_02-5__video_0p000s_to_10p562s/window_0012__time_8p013s_to_8p684s__frames_000239_to_000259.json,3,data/processed/frames/train/no_fall/voxel_02-5/frame_000239.jpg|data/processed/frames/train/no_fall/voxel_02-5/frame_000249.jpg|data/processed/frames/train/no_fall/voxel_02-5/frame_000259.jpg,8.0133|8.3486|8.6839
voxel_02-5_w0013,voxel_02-5,train,no_fall,0,data/raw/voxel_huggingface_data/No Fall/02-5.mp4,0.0,10.5615,8.6839,9.3544,13,3,data/processed/window_poses_readable/train/label_no_fall/voxel_02-5__video_0p000s_to_10p562s/window_0013__time_8p684s_to_9p354s__frames_000259_to_000279.json,3,data/processed/frames/train/no_fall/voxel_02-5/frame_000259.jpg|data/processed/frames/train/no_fall/voxel_02-5/frame_000269.jpg|data/processed/frames/train/no_fall/voxel_02-5/frame_000279.jpg,8.6839|9.0192|9.3544
voxel_02-5_w0014,voxel_02-5,train,no_fall,0,data/raw/voxel_huggingface_data/No Fall/02-5.mp4,0.0,10.5615,9.3544,10.025,14,3,data/processed/window_poses_readable/train/label_no_fall/voxel_02-5__video_0p000s_to_10p562s/window_0014__time_9p354s_to_10p025s__frames_000279_to_000299.json,3,data/processed/frames/train/no_fall/voxel_02-5/frame_000279.jpg|data/processed/frames/train/no_fall/voxel_02-5/frame_000289.jpg|data/processed/frames/train/no_fall/voxel_02-5/frame_000299.jpg,9.3544|9.6897|10.025
voxel_02-7_w0000,voxel_02-7,train,no_fall,0,data/raw/voxel_huggingface_data/No Fall/02-7.mp4,0.0,6.6895,0.0,0.6757,0,3,data/processed/window_poses_readable/train/label_no_fall/voxel_02-7__video_0p000s_to_6p689s/window_0000__time_0p000s_to_0p676s__frames_000000_to_000020.json,3,data/processed/frames/train/no_fall/voxel_02-7/frame_000000.jpg|data/processed/frames/train/no_fall/voxel_02-7/frame_000010.jpg|data/processed/frames/train/no_fall/voxel_02-7/frame_000020.jpg,0.0|0.3379|0.6757
voxel_02-7_w0001,voxel_02-7,train,no_fall,0,data/raw/voxel_huggingface_data/No Fall/02-7.mp4,0.0,6.6895,0.6757,1.3514,1,3,data/processed/window_poses_readable/train/label_no_fall/voxel_02-7__video_0p000s_to_6p689s/window_0001__time_0p676s_to_1p351s__frames_000020_to_000040.json,3,data/processed/frames/train/no_fall/voxel_02-7/frame_000020.jpg|data/processed/frames/train/no_fall/voxel_02-7/frame_000030.jpg|data/processed/frames/train/no_fall/voxel_02-7/frame_000040.jpg,0.6757|1.0136|1.3514
voxel_02-7_w0002,voxel_02-7,train,no_fall,0,data/raw/voxel_huggingface_data/No Fall/02-7.mp4,0.0,6.6895,1.3514,2.0271,2,3,data/processed/window_poses_readable/train/label_no_fall/voxel_02-7__video_0p000s_to_6p689s/window_0002__time_1p351s_to_2p027s__frames_000040_to_000060.json,3,data/processed/frames/train/no_fall/voxel_02-7/frame_000040.jpg|data/processed/frames/train/no_fall/voxel_02-7/frame_000050.jpg|data/processed/frames/train/no_fall/voxel_02-7/frame_000060.jpg,1.3514|1.6893|2.0271
voxel_02-7_w0003,voxel_02-7,train,no_fall,0,data/raw/voxel_huggingface_data/No Fall/02-7.mp4,0.0,6.6895,2.0271,2.6691,3,3,data/processed/window_poses_readable/train/label_no_fall/voxel_02-7__video_0p000s_to_6p689s/window_0003__time_2p027s_to_2p669s__frames_000060_to_000079.json,3,data/processed/frames/train/no_fall/voxel_02-7/frame_000060.jpg|data/processed/frames/train/no_fall/voxel_02-7/frame_000070.jpg|data/processed/frames/train/no_fall/voxel_02-7/frame_000079.jpg,2.0271|2.365|2.6691
voxel_02-7_w0004,voxel_02-7,train,no_fall,0,data/raw/voxel_huggingface_data/No Fall/02-7.mp4,0.0,6.6895,2.6691,3.3448,4,3,data/processed/window_poses_readable/train/label_no_fall/voxel_02-7__video_0p000s_to_6p689s/window_0004__time_2p669s_to_3p345s__frames_000079_to_000099.json,3,data/processed/frames/train/no_fall/voxel_02-7/frame_000079.jpg|data/processed/frames/train/no_fall/voxel_02-7/frame_000089.jpg|data/processed/frames/train/no_fall/voxel_02-7/frame_000099.jpg,2.6691|3.0069|3.3448
voxel_02-7_w0005,voxel_02-7,train,no_fall,0,data/raw/voxel_huggingface_data/No Fall/02-7.mp4,0.0,6.6895,3.3448,4.0205,5,3,data/processed/window_poses_readable/train/label_no_fall/voxel_02-7__video_0p000s_to_6p689s/window_0005__time_3p345s_to_4p021s__frames_000099_to_000119.json,3,data/processed/frames/train/no_fall/voxel_02-7/frame_000099.jpg|data/processed/frames/train/no_fall/voxel_02-7/frame_000109.jpg|data/processed/frames/train/no_fall/voxel_02-7/frame_000119.jpg,3.3448|3.6826|4.0205
voxel_02-7_w0006,voxel_02-7,train,no_fall,0,data/raw/voxel_huggingface_data/No Fall/02-7.mp4,0.0,6.6895,4.0205,4.6962,6,3,data/processed/window_poses_readable/train/label_no_fall/voxel_02-7__video_0p000s_to_6p689s/window_0006__time_4p021s_to_4p696s__frames_000119_to_000139.json,3,data/processed/frames/train/no_fall/voxel_02-7/frame_000119.jpg|data/processed/frames/train/no_fall/voxel_02-7/frame_000129.jpg|data/processed/frames/train/no_fall/voxel_02-7/frame_000139.jpg,4.0205|4.3583|4.6962
voxel_02-7_w0007,voxel_02-7,train,no_fall,0,data/raw/voxel_huggingface_data/No Fall/02-7.mp4,0.0,6.6895,4.6962,5.3381,7,3,data/processed/window_poses_readable/train/label_no_fall/voxel_02-7__video_0p000s_to_6p689s/window_0007__time_4p696s_to_5p338s__frames_000139_to_000158.json,3,data/processed/frames/train/no_fall/voxel_02-7/frame_000139.jpg|data/processed/frames/train/no_fall/voxel_02-7/frame_000148.jpg|data/processed/frames/train/no_fall/voxel_02-7/frame_000158.jpg,4.6962|5.0003|5.3381
voxel_02-7_w0008,voxel_02-7,train,no_fall,0,data/raw/voxel_huggingface_data/No Fall/02-7.mp4,0.0,6.6895,5.3381,6.0138,8,3,data/processed/window_poses_readable/train/label_no_fall/voxel_02-7__video_0p000s_to_6p689s/window_0008__time_5p338s_to_6p014s__frames_000158_to_000178.json,3,data/processed/frames/train/no_fall/voxel_02-7/frame_000158.jpg|data/processed/frames/train/no_fall/voxel_02-7/frame_000168.jpg|data/processed/frames/train/no_fall/voxel_02-7/frame_000178.jpg,5.3381|5.676|6.0138
voxel_03_w0000,voxel_03,train,no_fall,0,data/raw/voxel_huggingface_data/No Fall/03.mp4,0.0,11.9373,0.0,0.6706,0,3,data/processed/window_poses_readable/train/label_no_fall/voxel_03__video_0p000s_to_11p937s/window_0000__time_0p000s_to_0p671s__frames_000000_to_000020.json,3,data/processed/frames/train/no_fall/voxel_03/frame_000000.jpg|data/processed/frames/train/no_fall/voxel_03/frame_000010.jpg|data/processed/frames/train/no_fall/voxel_03/frame_000020.jpg,0.0|0.3353|0.6706
voxel_03_w0001,voxel_03,train,no_fall,0,data/raw/voxel_huggingface_data/No Fall/03.mp4,0.0,11.9373,0.6706,1.3413,1,3,data/processed/window_poses_readable/train/label_no_fall/voxel_03__video_0p000s_to_11p937s/window_0001__time_0p671s_to_1p341s__frames_000020_to_000040.json,3,data/processed/frames/train/no_fall/voxel_03/frame_000020.jpg|data/processed/frames/train/no_fall/voxel_03/frame_000030.jpg|data/processed/frames/train/no_fall/voxel_03/frame_000040.jpg,0.6706|1.006|1.3413
voxel_03_w0002,voxel_03,train,no_fall,0,data/raw/voxel_huggingface_data/No Fall/03.mp4,0.0,11.9373,1.3413,2.0119,2,3,data/processed/window_poses_readable/train/label_no_fall/voxel_03__video_0p000s_to_11p937s/window_0002__time_1p341s_to_2p012s__frames_000040_to_000060.json,3,data/processed/frames/train/no_fall/voxel_03/frame_000040.jpg|data/processed/frames/train/no_fall/voxel_03/frame_000050.jpg|data/processed/frames/train/no_fall/voxel_03/frame_000060.jpg,1.3413|1.6766|2.0119
voxel_03_w0003,voxel_03,train,no_fall,0,data/raw/voxel_huggingface_data/No Fall/03.mp4,0.0,11.9373,2.0119,2.6825,3,3,data/processed/window_poses_readable/train/label_no_fall/voxel_03__video_0p000s_to_11p937s/window_0003__time_2p012s_to_2p683s__frames_000060_to_000080.json,3,data/processed/frames/train/no_fall/voxel_03/frame_000060.jpg|data/processed/frames/train/no_fall/voxel_03/frame_000070.jpg|data/processed/frames/train/no_fall/voxel_03/frame_000080.jpg,2.0119|2.3472|2.6825
voxel_03_w0004,voxel_03,train,no_fall,0,data/raw/voxel_huggingface_data/No Fall/03.mp4,0.0,11.9373,2.6825,3.3532,4,3,data/processed/window_poses_readable/train/label_no_fall/voxel_03__video_0p000s_to_11p937s/window_0004__time_2p683s_to_3p353s__frames_000080_to_000100.json,3,data/processed/frames/train/no_fall/voxel_03/frame_000080.jpg|data/processed/frames/train/no_fall/voxel_03/frame_000090.jpg|data/processed/frames/train/no_fall/voxel_03/frame_000100.jpg,2.6825|3.0179|3.3532
voxel_03_w0005,voxel_03,train,no_fall,0,data/raw/voxel_huggingface_data/No Fall/03.mp4,0.0,11.9373,3.3532,4.0238,5,3,data/processed/window_poses_readable/train/label_no_fall/voxel_03__video_0p000s_to_11p937s/window_0005__time_3p353s_to_4p024s__frames_000100_to_000120.json,3,data/processed/frames/train/no_fall/voxel_03/frame_000100.jpg|data/processed/frames/train/no_fall/voxel_03/frame_000110.jpg|data/processed/frames/train/no_fall/voxel_03/frame_000120.jpg,3.3532|3.6885|4.0238
voxel_03_w0006,voxel_03,train,no_fall,0,data/raw/voxel_huggingface_data/No Fall/03.mp4,0.0,11.9373,4.0238,4.6945,6,3,data/processed/window_poses_readable/train/label_no_fall/voxel_03__video_0p000s_to_11p937s/window_0006__time_4p024s_to_4p694s__frames_000120_to_000140.json,3,data/processed/frames/train/no_fall/voxel_03/frame_000120.jpg|data/processed/frames/train/no_fall/voxel_03/frame_000130.jpg|data/processed/frames/train/no_fall/voxel_03/frame_000140.jpg,4.0238|4.3591|4.6945
voxel_03_w0007,voxel_03,train,no_fall,0,data/raw/voxel_huggingface_data/No Fall/03.mp4,0.0,11.9373,4.6945,5.3651,7,3,data/processed/window_poses_readable/train/label_no_fall/voxel_03__video_0p000s_to_11p937s/window_0007__time_4p694s_to_5p365s__frames_000140_to_000160.json,3,data/processed/frames/train/no_fall/voxel_03/frame_000140.jpg|data/processed/frames/train/no_fall/voxel_03/frame_000150.jpg|data/processed/frames/train/no_fall/voxel_03/frame_000160.jpg,4.6945|5.0298|5.3651
voxel_03_w0008,voxel_03,train,no_fall,0,data/raw/voxel_huggingface_data/No Fall/03.mp4,0.0,11.9373,5.3651,6.0022,8,3,data/processed/window_poses_readable/train/label_no_fall/voxel_03__video_0p000s_to_11p937s/window_0008__time_5p365s_to_6p002s__frames_000160_to_000179.json,3,data/processed/frames/train/no_fall/voxel_03/frame_000160.jpg|data/processed/frames/train/no_fall/voxel_03/frame_000169.jpg|data/processed/frames/train/no_fall/voxel_03/frame_000179.jpg,5.3651|5.6669|6.0022
voxel_03_w0009,voxel_03,train,no_fall,0,data/raw/voxel_huggingface_data/No Fall/03.mp4,0.0,11.9373,6.0022,6.6728,9,3,data/processed/window_poses_readable/train/label_no_fall/voxel_03__video_0p000s_to_11p937s/window_0009__time_6p002s_to_6p673s__frames_000179_to_000199.json,3,data/processed/frames/train/no_fall/voxel_03/frame_000179.jpg|data/processed/frames/train/no_fall/voxel_03/frame_000189.jpg|data/processed/frames/train/no_fall/voxel_03/frame_000199.jpg,6.0022|6.3375|6.6728
voxel_03_w0010,voxel_03,train,no_fall,0,data/raw/voxel_huggingface_data/No Fall/03.mp4,0.0,11.9373,6.6728,7.3435,10,3,data/processed/window_poses_readable/train/label_no_fall/voxel_03__video_0p000s_to_11p937s/window_0010__time_6p673s_to_7p343s__frames_000199_to_000219.json,3,data/processed/frames/train/no_fall/voxel_03/frame_000199.jpg|data/processed/frames/train/no_fall/voxel_03/frame_000209.jpg|data/processed/frames/train/no_fall/voxel_03/frame_000219.jpg,6.6728|7.0082|7.3435
voxel_03_w0011,voxel_03,train,no_fall,0,data/raw/voxel_huggingface_data/No Fall/03.mp4,0.0,11.9373,7.3435,8.0141,11,3,data/processed/window_poses_readable/train/label_no_fall/voxel_03__video_0p000s_to_11p937s/window_0011__time_7p343s_to_8p014s__frames_000219_to_000239.json,3,data/processed/frames/train/no_fall/voxel_03/frame_000219.jpg|data/processed/frames/train/no_fall/voxel_03/frame_000229.jpg|data/processed/frames/train/no_fall/voxel_03/frame_000239.jpg,7.3435|7.6788|8.0141
voxel_03_w0012,voxel_03,train,no_fall,0,data/raw/voxel_huggingface_data/No Fall/03.mp4,0.0,11.9373,8.0141,8.6847,12,3,data/processed/window_poses_readable/train/label_no_fall/voxel_03__video_0p000s_to_11p937s/window_0012__time_8p014s_to_8p685s__frames_000239_to_000259.json,3,data/processed/frames/train/no_fall/voxel_03/frame_000239.jpg|data/processed/frames/train/no_fall/voxel_03/frame_000249.jpg|data/processed/frames/train/no_fall/voxel_03/frame_000259.jpg,8.0141|8.3494|8.6847
voxel_03_w0013,voxel_03,train,no_fall,0,data/raw/voxel_huggingface_data/No Fall/03.mp4,0.0,11.9373,8.6847,9.3554,13,3,data/processed/window_poses_readable/train/label_no_fall/voxel_03__video_0p000s_to_11p937s/window_0013__time_8p685s_to_9p355s__frames_000259_to_000279.json,2,data/processed/frames/train/no_fall/voxel_03/frame_000259.jpg|data/processed/frames/train/no_fall/voxel_03/frame_000269.jpg|data/processed/frames/train/no_fall/voxel_03/frame_000279.jpg,8.6847|9.0201|9.3554
voxel_03_w0014,voxel_03,train,no_fall,0,data/raw/voxel_huggingface_data/No Fall/03.mp4,0.0,11.9373,9.3554,10.026,14,3,data/processed/window_poses_readable/train/label_no_fall/voxel_03__video_0p000s_to_11p937s/window_0014__time_9p355s_to_10p026s__frames_000279_to_000299.json,2,data/processed/frames/train/no_fall/voxel_03/frame_000279.jpg|data/processed/frames/train/no_fall/voxel_03/frame_000289.jpg|data/processed/frames/train/no_fall/voxel_03/frame_000299.jpg,9.3554|9.6907|10.026
voxel_03_w0015,voxel_03,train,no_fall,0,data/raw/voxel_huggingface_data/No Fall/03.mp4,0.0,11.9373,10.026,10.6967,15,3,data/processed/window_poses_readable/train/label_no_fall/voxel_03__video_0p000s_to_11p937s/window_0015__time_10p026s_to_10p697s__frames_000299_to_000319.json,3,data/processed/frames/train/no_fall/voxel_03/frame_000299.jpg|data/processed/frames/train/no_fall/voxel_03/frame_000309.jpg|data/processed/frames/train/no_fall/voxel_03/frame_000319.jpg,10.026|10.3613|10.6967
voxel_03_w0016,voxel_03,train,no_fall,0,data/raw/voxel_huggingface_data/No Fall/03.mp4,0.0,11.9373,10.6967,11.3338,16,3,data/processed/window_poses_readable/train/label_no_fall/voxel_03__video_0p000s_to_11p937s/window_0016__time_10p697s_to_11p334s__frames_000319_to_000338.json,3,data/processed/frames/train/no_fall/voxel_03/frame_000319.jpg|data/processed/frames/train/no_fall/voxel_03/frame_000329.jpg|data/processed/frames/train/no_fall/voxel_03/frame_000338.jpg,10.6967|11.032|11.3338
voxel_03-7_w0000,voxel_03-7,train,no_fall,0,data/raw/voxel_huggingface_data/No Fall/03-7.mp4,0.0,6.6894,0.0,0.6723,0,3,data/processed/window_poses_readable/train/label_no_fall/voxel_03-7__video_0p000s_to_6p689s/window_0000__time_0p000s_to_0p672s__frames_000000_to_000020.json,3,data/processed/frames/train/no_fall/voxel_03-7/frame_000000.jpg|data/processed/frames/train/no_fall/voxel_03-7/frame_000010.jpg|data/processed/frames/train/no_fall/voxel_03-7/frame_000020.jpg,0.0|0.3362|0.6723
voxel_03-7_w0001,voxel_03-7,train,no_fall,0,data/raw/voxel_huggingface_data/No Fall/03-7.mp4,0.0,6.6894,0.6723,1.3446,1,3,data/processed/window_poses_readable/train/label_no_fall/voxel_03-7__video_0p000s_to_6p689s/window_0001__time_0p672s_to_1p345s__frames_000020_to_000040.json,3,data/processed/frames/train/no_fall/voxel_03-7/frame_000020.jpg|data/processed/frames/train/no_fall/voxel_03-7/frame_000030.jpg|data/processed/frames/train/no_fall/voxel_03-7/frame_000040.jpg,0.6723|1.0085|1.3446
voxel_03-7_w0002,voxel_03-7,train,no_fall,0,data/raw/voxel_huggingface_data/No Fall/03-7.mp4,0.0,6.6894,1.3446,2.0169,2,3,data/processed/window_poses_readable/train/label_no_fall/voxel_03-7__video_0p000s_to_6p689s/window_0002__time_1p345s_to_2p017s__frames_000040_to_000060.json,3,data/processed/frames/train/no_fall/voxel_03-7/frame_000040.jpg|data/processed/frames/train/no_fall/voxel_03-7/frame_000050.jpg|data/processed/frames/train/no_fall/voxel_03-7/frame_000060.jpg,1.3446|1.6808|2.0169
voxel_03-7_w0003,voxel_03-7,train,no_fall,0,data/raw/voxel_huggingface_data/No Fall/03-7.mp4,0.0,6.6894,2.0169,2.6892,3,3,data/processed/window_poses_readable/train/label_no_fall/voxel_03-7__video_0p000s_to_6p689s/window_0003__time_2p017s_to_2p689s__frames_000060_to_000080.json,3,data/processed/frames/train/no_fall/voxel_03-7/frame_000060.jpg|data/processed/frames/train/no_fall/voxel_03-7/frame_000070.jpg|data/processed/frames/train/no_fall/voxel_03-7/frame_000080.jpg,2.0169|2.3531|2.6892
voxel_03-7_w0004,voxel_03-7,train,no_fall,0,data/raw/voxel_huggingface_data/No Fall/03-7.mp4,0.0,6.6894,2.6892,3.3615,4,3,data/processed/window_poses_readable/train/label_no_fall/voxel_03-7__video_0p000s_to_6p689s/window_0004__time_2p689s_to_3p361s__frames_000080_to_000100.json,3,data/processed/frames/train/no_fall/voxel_03-7/frame_000080.jpg|data/processed/frames/train/no_fall/voxel_03-7/frame_000090.jpg|data/processed/frames/train/no_fall/voxel_03-7/frame_000100.jpg,2.6892|3.0254|3.3615
voxel_03-7_w0005,voxel_03-7,train,no_fall,0,data/raw/voxel_huggingface_data/No Fall/03-7.mp4,0.0,6.6894,3.3615,4.0002,5,3,data/processed/window_poses_readable/train/label_no_fall/voxel_03-7__video_0p000s_to_6p689s/window_0005__time_3p361s_to_4p000s__frames_000100_to_000119.json,3,data/processed/frames/train/no_fall/voxel_03-7/frame_000100.jpg|data/processed/frames/train/no_fall/voxel_03-7/frame_000110.jpg|data/processed/frames/train/no_fall/voxel_03-7/frame_000119.jpg,3.3615|3.6977|4.0002
voxel_03-7_w0006,voxel_03-7,train,no_fall,0,data/raw/voxel_huggingface_data/No Fall/03-7.mp4,0.0,6.6894,4.0002,4.6725,6,3,data/processed/window_poses_readable/train/label_no_fall/voxel_03-7__video_0p000s_to_6p689s/window_0006__time_4p000s_to_4p673s__frames_000119_to_000139.json,3,data/processed/frames/train/no_fall/voxel_03-7/frame_000119.jpg|data/processed/frames/train/no_fall/voxel_03-7/frame_000129.jpg|data/processed/frames/train/no_fall/voxel_03-7/frame_000139.jpg,4.0002|4.3364|4.6725
voxel_03-7_w0007,voxel_03-7,train,no_fall,0,data/raw/voxel_huggingface_data/No Fall/03-7.mp4,0.0,6.6894,4.6725,5.3448,7,3,data/processed/window_poses_readable/train/label_no_fall/voxel_03-7__video_0p000s_to_6p689s/window_0007__time_4p673s_to_5p345s__frames_000139_to_000159.json,3,data/processed/frames/train/no_fall/voxel_03-7/frame_000139.jpg|data/processed/frames/train/no_fall/voxel_03-7/frame_000149.jpg|data/processed/frames/train/no_fall/voxel_03-7/frame_000159.jpg,4.6725|5.0087|5.3448
voxel_03-7_w0008,voxel_03-7,train,no_fall,0,data/raw/voxel_huggingface_data/No Fall/03-7.mp4,0.0,6.6894,5.3448,6.0171,8,3,data/processed/window_poses_readable/train/label_no_fall/voxel_03-7__video_0p000s_to_6p689s/window_0008__time_5p345s_to_6p017s__frames_000159_to_000179.json,3,data/processed/frames/train/no_fall/voxel_03-7/frame_000159.jpg|data/processed/frames/train/no_fall/voxel_03-7/frame_000169.jpg|data/processed/frames/train/no_fall/voxel_03-7/frame_000179.jpg,5.3448|5.681|6.0171
voxel_04_w0000,voxel_04,train,no_fall,0,data/raw/voxel_huggingface_data/No Fall/04.mp4,0.0,7.8415,0.0,0.6702,0,3,data/processed/window_poses_readable/train/label_no_fall/voxel_04__video_0p000s_to_7p841s/window_0000__time_0p000s_to_0p670s__frames_000000_to_000020.json,3,data/processed/frames/train/no_fall/voxel_04/frame_000000.jpg|data/processed/frames/train/no_fall/voxel_04/frame_000010.jpg|data/processed/frames/train/no_fall/voxel_04/frame_000020.jpg,0.0|0.3351|0.6702
voxel_04_w0001,voxel_04,train,no_fall,0,data/raw/voxel_huggingface_data/No Fall/04.mp4,0.0,7.8415,0.6702,1.3404,1,3,data/processed/window_poses_readable/train/label_no_fall/voxel_04__video_0p000s_to_7p841s/window_0001__time_0p670s_to_1p340s__frames_000020_to_000040.json,3,data/processed/frames/train/no_fall/voxel_04/frame_000020.jpg|data/processed/frames/train/no_fall/voxel_04/frame_000030.jpg|data/processed/frames/train/no_fall/voxel_04/frame_000040.jpg,0.6702|1.0053|1.3404
voxel_04_w0002,voxel_04,train,no_fall,0,data/raw/voxel_huggingface_data/No Fall/04.mp4,0.0,7.8415,1.3404,2.0106,2,3,data/processed/window_poses_readable/train/label_no_fall/voxel_04__video_0p000s_to_7p841s/window_0002__time_1p340s_to_2p011s__frames_000040_to_000060.json,3,data/processed/frames/train/no_fall/voxel_04/frame_000040.jpg|data/processed/frames/train/no_fall/voxel_04/frame_000050.jpg|data/processed/frames/train/no_fall/voxel_04/frame_000060.jpg,1.3404|1.6755|2.0106
voxel_04_w0003,voxel_04,train,no_fall,0,data/raw/voxel_huggingface_data/No Fall/04.mp4,0.0,7.8415,2.0106,2.6809,3,3,data/processed/window_poses_readable/train/label_no_fall/voxel_04__video_0p000s_to_7p841s/window_0003__time_2p011s_to_2p681s__frames_000060_to_000080.json,3,data/processed/frames/train/no_fall/voxel_04/frame_000060.jpg|data/processed/frames/train/no_fall/voxel_04/frame_000070.jpg|data/processed/frames/train/no_fall/voxel_04/frame_000080.jpg,2.0106|2.3458|2.6809
voxel_04_w0004,voxel_04,train,no_fall,0,data/raw/voxel_huggingface_data/No Fall/04.mp4,0.0,7.8415,2.6809,3.3511,4,3,data/processed/window_poses_readable/train/label_no_fall/voxel_04__video_0p000s_to_7p841s/window_0004__time_2p681s_to_3p351s__frames_000080_to_000100.json,3,data/processed/frames/train/no_fall/voxel_04/frame_000080.jpg|data/processed/frames/train/no_fall/voxel_04/frame_000090.jpg|data/processed/frames/train/no_fall/voxel_04/frame_000100.jpg,2.6809|3.016|3.3511
voxel_04_w0005,voxel_04,train,no_fall,0,data/raw/voxel_huggingface_data/No Fall/04.mp4,0.0,7.8415,3.3511,4.0213,5,3,data/processed/window_poses_readable/train/label_no_fall/voxel_04__video_0p000s_to_7p841s/window_0005__time_3p351s_to_4p021s__frames_000100_to_000120.json,3,data/processed/frames/train/no_fall/voxel_04/frame_000100.jpg|data/processed/frames/train/no_fall/voxel_04/frame_000110.jpg|data/processed/frames/train/no_fall/voxel_04/frame_000120.jpg,3.3511|3.6862|4.0213
voxel_04_w0006,voxel_04,train,no_fall,0,data/raw/voxel_huggingface_data/No Fall/04.mp4,0.0,7.8415,4.0213,4.6915,6,3,data/processed/window_poses_readable/train/label_no_fall/voxel_04__video_0p000s_to_7p841s/window_0006__time_4p021s_to_4p691s__frames_000120_to_000140.json,3,data/processed/frames/train/no_fall/voxel_04/frame_000120.jpg|data/processed/frames/train/no_fall/voxel_04/frame_000130.jpg|data/processed/frames/train/no_fall/voxel_04/frame_000140.jpg,4.0213|4.3564|4.6915
voxel_04_w0007,voxel_04,train,no_fall,0,data/raw/voxel_huggingface_data/No Fall/04.mp4,0.0,7.8415,4.6915,5.3617,7,3,data/processed/window_poses_readable/train/label_no_fall/voxel_04__video_0p000s_to_7p841s/window_0007__time_4p691s_to_5p362s__frames_000140_to_000160.json,3,data/processed/frames/train/no_fall/voxel_04/frame_000140.jpg|data/processed/frames/train/no_fall/voxel_04/frame_000150.jpg|data/processed/frames/train/no_fall/voxel_04/frame_000160.jpg,4.6915|5.0266|5.3617
voxel_04_w0008,voxel_04,train,no_fall,0,data/raw/voxel_huggingface_data/No Fall/04.mp4,0.0,7.8415,5.3617,6.0319,8,3,data/processed/window_poses_readable/train/label_no_fall/voxel_04__video_0p000s_to_7p841s/window_0008__time_5p362s_to_6p032s__frames_000160_to_000180.json,3,data/processed/frames/train/no_fall/voxel_04/frame_000160.jpg|data/processed/frames/train/no_fall/voxel_04/frame_000170.jpg|data/processed/frames/train/no_fall/voxel_04/frame_000180.jpg,5.3617|5.6968|6.0319
voxel_04_w0009,voxel_04,train,no_fall,0,data/raw/voxel_huggingface_data/No Fall/04.mp4,0.0,7.8415,6.0319,6.6687,9,3,data/processed/window_poses_readable/train/label_no_fall/voxel_04__video_0p000s_to_7p841s/window_0009__time_6p032s_to_6p669s__frames_000180_to_000199.json,3,data/processed/frames/train/no_fall/voxel_04/frame_000180.jpg|data/processed/frames/train/no_fall/voxel_04/frame_000189.jpg|data/processed/frames/train/no_fall/voxel_04/frame_000199.jpg,6.0319|6.3335|6.6687
voxel_04_w0010,voxel_04,train,no_fall,0,data/raw/voxel_huggingface_data/No Fall/04.mp4,0.0,7.8415,6.6687,7.3389,10,3,data/processed/window_poses_readable/train/label_no_fall/voxel_04__video_0p000s_to_7p841s/window_0010__time_6p669s_to_7p339s__frames_000199_to_000219.json,3,data/processed/frames/train/no_fall/voxel_04/frame_000199.jpg|data/processed/frames/train/no_fall/voxel_04/frame_000209.jpg|data/processed/frames/train/no_fall/voxel_04/frame_000219.jpg,6.6687|7.0038|7.3389
voxel_04-5_w0000,voxel_04-5,train,no_fall,0,data/raw/voxel_huggingface_data/No Fall/04-5.mp4,0.0,13.0095,0.0,0.6706,0,3,data/processed/window_poses_readable/train/label_no_fall/voxel_04-5__video_0p000s_to_13p009s/window_0000__time_0p000s_to_0p671s__frames_000000_to_000020.json,3,data/processed/frames/train/no_fall/voxel_04-5/frame_000000.jpg|data/processed/frames/train/no_fall/voxel_04-5/frame_000010.jpg|data/processed/frames/train/no_fall/voxel_04-5/frame_000020.jpg,0.0|0.3353|0.6706
voxel_04-5_w0001,voxel_04-5,train,no_fall,0,data/raw/voxel_huggingface_data/No Fall/04-5.mp4,0.0,13.0095,0.6706,1.3412,1,3,data/processed/window_poses_readable/train/label_no_fall/voxel_04-5__video_0p000s_to_13p009s/window_0001__time_0p671s_to_1p341s__frames_000020_to_000040.json,3,data/processed/frames/train/no_fall/voxel_04-5/frame_000020.jpg|data/processed/frames/train/no_fall/voxel_04-5/frame_000030.jpg|data/processed/frames/train/no_fall/voxel_04-5/frame_000040.jpg,0.6706|1.0059|1.3412
voxel_04-5_w0002,voxel_04-5,train,no_fall,0,data/raw/voxel_huggingface_data/No Fall/04-5.mp4,0.0,13.0095,1.3412,2.0118,2,3,data/processed/window_poses_readable/train/label_no_fall/voxel_04-5__video_0p000s_to_13p009s/window_0002__time_1p341s_to_2p012s__frames_000040_to_000060.json,3,data/processed/frames/train/no_fall/voxel_04-5/frame_000040.jpg|data/processed/frames/train/no_fall/voxel_04-5/frame_000050.jpg|data/processed/frames/train/no_fall/voxel_04-5/frame_000060.jpg,1.3412|1.6765|2.0118
voxel_04-5_w0003,voxel_04-5,train,no_fall,0,data/raw/voxel_huggingface_data/No Fall/04-5.mp4,0.0,13.0095,2.0118,2.6824,3,3,data/processed/window_poses_readable/train/label_no_fall/voxel_04-5__video_0p000s_to_13p009s/window_0003__time_2p012s_to_2p682s__frames_000060_to_000080.json,3,data/processed/frames/train/no_fall/voxel_04-5/frame_000060.jpg|data/processed/frames/train/no_fall/voxel_04-5/frame_000070.jpg|data/processed/frames/train/no_fall/voxel_04-5/frame_000080.jpg,2.0118|2.3471|2.6824
voxel_04-5_w0004,voxel_04-5,train,no_fall,0,data/raw/voxel_huggingface_data/No Fall/04-5.mp4,0.0,13.0095,2.6824,3.353,4,3,data/processed/window_poses_readable/train/label_no_fall/voxel_04-5__video_0p000s_to_13p009s/window_0004__time_2p682s_to_3p353s__frames_000080_to_000100.json,3,data/processed/frames/train/no_fall/voxel_04-5/frame_000080.jpg|data/processed/frames/train/no_fall/voxel_04-5/frame_000090.jpg|data/processed/frames/train/no_fall/voxel_04-5/frame_000100.jpg,2.6824|3.0177|3.353
voxel_04-5_w0005,voxel_04-5,train,no_fall,0,data/raw/voxel_huggingface_data/No Fall/04-5.mp4,0.0,13.0095,3.353,4.0236,5,3,data/processed/window_poses_readable/train/label_no_fall/voxel_04-5__video_0p000s_to_13p009s/window_0005__time_3p353s_to_4p024s__frames_000100_to_000120.json,3,data/processed/frames/train/no_fall/voxel_04-5/frame_000100.jpg|data/processed/frames/train/no_fall/voxel_04-5/frame_000110.jpg|data/processed/frames/train/no_fall/voxel_04-5/frame_000120.jpg,3.353|3.6883|4.0236
voxel_04-5_w0006,voxel_04-5,train,no_fall,0,data/raw/voxel_huggingface_data/No Fall/04-5.mp4,0.0,13.0095,4.0236,4.6941,6,3,data/processed/window_poses_readable/train/label_no_fall/voxel_04-5__video_0p000s_to_13p009s/window_0006__time_4p024s_to_4p694s__frames_000120_to_000140.json,3,data/processed/frames/train/no_fall/voxel_04-5/frame_000120.jpg|data/processed/frames/train/no_fall/voxel_04-5/frame_000130.jpg|data/processed/frames/train/no_fall/voxel_04-5/frame_000140.jpg,4.0236|4.3588|4.6941
voxel_04-5_w0007,voxel_04-5,train,no_fall,0,data/raw/voxel_huggingface_data/No Fall/04-5.mp4,0.0,13.0095,4.6941,5.3647,7,3,data/processed/window_poses_readable/train/label_no_fall/voxel_04-5__video_0p000s_to_13p009s/window_0007__time_4p694s_to_5p365s__frames_000140_to_000160.json,3,data/processed/frames/train/no_fall/voxel_04-5/frame_000140.jpg|data/processed/frames/train/no_fall/voxel_04-5/frame_000150.jpg|data/processed/frames/train/no_fall/voxel_04-5/frame_000160.jpg,4.6941|5.0294|5.3647
voxel_04-5_w0008,voxel_04-5,train,no_fall,0,data/raw/voxel_huggingface_data/No Fall/04-5.mp4,0.0,13.0095,5.3647,6.0018,8,3,data/processed/window_poses_readable/train/label_no_fall/voxel_04-5__video_0p000s_to_13p009s/window_0008__time_5p365s_to_6p002s__frames_000160_to_000179.json,3,data/processed/frames/train/no_fall/voxel_04-5/frame_000160.jpg|data/processed/frames/train/no_fall/voxel_04-5/frame_000170.jpg|data/processed/frames/train/no_fall/voxel_04-5/frame_000179.jpg,5.3647|5.7|6.0018
voxel_04-5_w0009,voxel_04-5,train,no_fall,0,data/raw/voxel_huggingface_data/No Fall/04-5.mp4,0.0,13.0095,6.0018,6.6724,9,3,data/processed/window_poses_readable/train/label_no_fall/voxel_04-5__video_0p000s_to_13p009s/window_0009__time_6p002s_to_6p672s__frames_000179_to_000199.json,3,data/processed/frames/train/no_fall/voxel_04-5/frame_000179.jpg|data/processed/frames/train/no_fall/voxel_04-5/frame_000189.jpg|data/processed/frames/train/no_fall/voxel_04-5/frame_000199.jpg,6.0018|6.3371|6.6724
voxel_04-5_w0010,voxel_04-5,train,no_fall,0,data/raw/voxel_huggingface_data/No Fall/04-5.mp4,0.0,13.0095,6.6724,7.343,10,3,data/processed/window_poses_readable/train/label_no_fall/voxel_04-5__video_0p000s_to_13p009s/window_0010__time_6p672s_to_7p343s__frames_000199_to_000219.json,3,data/processed/frames/train/no_fall/voxel_04-5/frame_000199.jpg|data/processed/frames/train/no_fall/voxel_04-5/frame_000209.jpg|data/processed/frames/train/no_fall/voxel_04-5/frame_000219.jpg,6.6724|7.0077|7.343
voxel_04-5_w0011,voxel_04-5,train,no_fall,0,data/raw/voxel_huggingface_data/No Fall/04-5.mp4,0.0,13.0095,7.343,8.0136,11,3,data/processed/window_poses_readable/train/label_no_fall/voxel_04-5__video_0p000s_to_13p009s/window_0011__time_7p343s_to_8p014s__frames_000219_to_000239.json,3,data/processed/frames/train/no_fall/voxel_04-5/frame_000219.jpg|data/processed/frames/train/no_fall/voxel_04-5/frame_000229.jpg|data/processed/frames/train/no_fall/voxel_04-5/frame_000239.jpg,7.343|7.6783|8.0136
voxel_04-5_w0012,voxel_04-5,train,no_fall,0,data/raw/voxel_huggingface_data/No Fall/04-5.mp4,0.0,13.0095,8.0136,8.6842,12,3,data/processed/window_poses_readable/train/label_no_fall/voxel_04-5__video_0p000s_to_13p009s/window_0012__time_8p014s_to_8p684s__frames_000239_to_000259.json,3,data/processed/frames/train/no_fall/voxel_04-5/frame_000239.jpg|data/processed/frames/train/no_fall/voxel_04-5/frame_000249.jpg|data/processed/frames/train/no_fall/voxel_04-5/frame_000259.jpg,8.0136|8.3489|8.6842
voxel_04-5_w0013,voxel_04-5,train,no_fall,0,data/raw/voxel_huggingface_data/No Fall/04-5.mp4,0.0,13.0095,8.6842,9.3548,13,3,data/processed/window_poses_readable/train/label_no_fall/voxel_04-5__video_0p000s_to_13p009s/window_0013__time_8p684s_to_9p355s__frames_000259_to_000279.json,3,data/processed/frames/train/no_fall/voxel_04-5/frame_000259.jpg|data/processed/frames/train/no_fall/voxel_04-5/frame_000269.jpg|data/processed/frames/train/no_fall/voxel_04-5/frame_000279.jpg,8.6842|9.0195|9.3548
voxel_04-5_w0014,voxel_04-5,train,no_fall,0,data/raw/voxel_huggingface_data/No Fall/04-5.mp4,0.0,13.0095,9.3548,10.0253,14,3,data/processed/window_poses_readable/train/label_no_fall/voxel_04-5__video_0p000s_to_13p009s/window_0014__time_9p355s_to_10p025s__frames_000279_to_000299.json,3,data/processed/frames/train/no_fall/voxel_04-5/frame_000279.jpg|data/processed/frames/train/no_fall/voxel_04-5/frame_000289.jpg|data/processed/frames/train/no_fall/voxel_04-5/frame_000299.jpg,9.3548|9.6901|10.0253
voxel_04-5_w0015,voxel_04-5,train,no_fall,0,data/raw/voxel_huggingface_data/No Fall/04-5.mp4,0.0,13.0095,10.0253,10.6959,15,3,data/processed/window_poses_readable/train/label_no_fall/voxel_04-5__video_0p000s_to_13p009s/window_0015__time_10p025s_to_10p696s__frames_000299_to_000319.json,3,data/processed/frames/train/no_fall/voxel_04-5/frame_000299.jpg|data/processed/frames/train/no_fall/voxel_04-5/frame_000309.jpg|data/processed/frames/train/no_fall/voxel_04-5/frame_000319.jpg,10.0253|10.3606|10.6959
voxel_04-5_w0016,voxel_04-5,train,no_fall,0,data/raw/voxel_huggingface_data/No Fall/04-5.mp4,0.0,13.0095,10.6959,11.3665,16,3,data/processed/window_poses_readable/train/label_no_fall/voxel_04-5__video_0p000s_to_13p009s/window_0016__time_10p696s_to_11p367s__frames_000319_to_000339.json,3,data/processed/frames/train/no_fall/voxel_04-5/frame_000319.jpg|data/processed/frames/train/no_fall/voxel_04-5/frame_000329.jpg|data/processed/frames/train/no_fall/voxel_04-5/frame_000339.jpg,10.6959|11.0312|11.3665
voxel_04-5_w0017,voxel_04-5,train,no_fall,0,data/raw/voxel_huggingface_data/No Fall/04-5.mp4,0.0,13.0095,11.3665,12.0036,17,3,data/processed/window_poses_readable/train/label_no_fall/voxel_04-5__video_0p000s_to_13p009s/window_0017__time_11p367s_to_12p004s__frames_000339_to_000358.json,3,data/processed/frames/train/no_fall/voxel_04-5/frame_000339.jpg|data/processed/frames/train/no_fall/voxel_04-5/frame_000348.jpg|data/processed/frames/train/no_fall/voxel_04-5/frame_000358.jpg,11.3665|11.6683|12.0036
voxel_04-5_w0018,voxel_04-5,train,no_fall,0,data/raw/voxel_huggingface_data/No Fall/04-5.mp4,0.0,13.0095,12.0036,12.6742,18,3,data/processed/window_poses_readable/train/label_no_fall/voxel_04-5__video_0p000s_to_13p009s/window_0018__time_12p004s_to_12p674s__frames_000358_to_000378.json,3,data/processed/frames/train/no_fall/voxel_04-5/frame_000358.jpg|data/processed/frames/train/no_fall/voxel_04-5/frame_000368.jpg|data/processed/frames/train/no_fall/voxel_04-5/frame_000378.jpg,12.0036|12.3389|12.6742
voxel_04-7_w0000,voxel_04-7,train,no_fall,0,data/raw/voxel_huggingface_data/No Fall/04-7.mp4,0.0,5.8093,0.0,0.6834,0,3,data/processed/window_poses_readable/train/label_no_fall/voxel_04-7__video_0p000s_to_5p809s/window_0000__time_0p000s_to_0p683s__frames_000000_to_000020.json,3,data/processed/frames/train/no_fall/voxel_04-7/frame_000000.jpg|data/processed/frames/train/no_fall/voxel_04-7/frame_000010.jpg|data/processed/frames/train/no_fall/voxel_04-7/frame_000020.jpg,0.0|0.3417|0.6834
voxel_04-7_w0001,voxel_04-7,train,no_fall,0,data/raw/voxel_huggingface_data/No Fall/04-7.mp4,0.0,5.8093,0.6834,1.3669,1,3,data/processed/window_poses_readable/train/label_no_fall/voxel_04-7__video_0p000s_to_5p809s/window_0001__time_0p683s_to_1p367s__frames_000020_to_000040.json,3,data/processed/frames/train/no_fall/voxel_04-7/frame_000020.jpg|data/processed/frames/train/no_fall/voxel_04-7/frame_000030.jpg|data/processed/frames/train/no_fall/voxel_04-7/frame_000040.jpg,0.6834|1.0252|1.3669
voxel_04-7_w0002,voxel_04-7,train,no_fall,0,data/raw/voxel_huggingface_data/No Fall/04-7.mp4,0.0,5.8093,1.3669,2.0162,2,3,data/processed/window_poses_readable/train/label_no_fall/voxel_04-7__video_0p000s_to_5p809s/window_0002__time_1p367s_to_2p016s__frames_000040_to_000059.json,3,data/processed/frames/train/no_fall/voxel_04-7/frame_000040.jpg|data/processed/frames/train/no_fall/voxel_04-7/frame_000049.jpg|data/processed/frames/train/no_fall/voxel_04-7/frame_000059.jpg,1.3669|1.6744|2.0162
voxel_04-7_w0003,voxel_04-7,train,no_fall,0,data/raw/voxel_huggingface_data/No Fall/04-7.mp4,0.0,5.8093,2.0162,2.6996,3,3,data/processed/window_poses_readable/train/label_no_fall/voxel_04-7__video_0p000s_to_5p809s/window_0003__time_2p016s_to_2p700s__frames_000059_to_000079.json,3,data/processed/frames/train/no_fall/voxel_04-7/frame_000059.jpg|data/processed/frames/train/no_fall/voxel_04-7/frame_000069.jpg|data/processed/frames/train/no_fall/voxel_04-7/frame_000079.jpg,2.0162|2.3579|2.6996
voxel_04-7_w0004,voxel_04-7,train,no_fall,0,data/raw/voxel_huggingface_data/No Fall/04-7.mp4,0.0,5.8093,2.6996,3.3489,4,3,data/processed/window_poses_readable/train/label_no_fall/voxel_04-7__video_0p000s_to_5p809s/window_0004__time_2p700s_to_3p349s__frames_000079_to_000098.json,3,data/processed/frames/train/no_fall/voxel_04-7/frame_000079.jpg|data/processed/frames/train/no_fall/voxel_04-7/frame_000088.jpg|data/processed/frames/train/no_fall/voxel_04-7/frame_000098.jpg,2.6996|3.0072|3.3489
voxel_04-7_w0005,voxel_04-7,train,no_fall,0,data/raw/voxel_huggingface_data/No Fall/04-7.mp4,0.0,5.8093,3.3489,4.0323,5,3,data/processed/window_poses_readable/train/label_no_fall/voxel_04-7__video_0p000s_to_5p809s/window_0005__time_3p349s_to_4p032s__frames_000098_to_000118.json,3,data/processed/frames/train/no_fall/voxel_04-7/frame_000098.jpg|data/processed/frames/train/no_fall/voxel_04-7/frame_000108.jpg|data/processed/frames/train/no_fall/voxel_04-7/frame_000118.jpg,3.3489|3.6906|4.0323
voxel_04-7_w0006,voxel_04-7,train,no_fall,0,data/raw/voxel_huggingface_data/No Fall/04-7.mp4,0.0,5.8093,4.0323,4.6816,6,3,data/processed/window_poses_readable/train/label_no_fall/voxel_04-7__video_0p000s_to_5p809s/window_0006__time_4p032s_to_4p682s__frames_000118_to_000137.json,3,data/processed/frames/train/no_fall/voxel_04-7/frame_000118.jpg|data/processed/frames/train/no_fall/voxel_04-7/frame_000127.jpg|data/processed/frames/train/no_fall/voxel_04-7/frame_000137.jpg,4.0323|4.3399|4.6816
voxel_04-7_w0007,voxel_04-7,train,no_fall,0,data/raw/voxel_huggingface_data/No Fall/04-7.mp4,0.0,5.8093,4.6816,5.3651,7,3,data/processed/window_poses_readable/train/label_no_fall/voxel_04-7__video_0p000s_to_5p809s/window_0007__time_4p682s_to_5p365s__frames_000137_to_000157.json,3,data/processed/frames/train/no_fall/voxel_04-7/frame_000137.jpg|data/processed/frames/train/no_fall/voxel_04-7/frame_000147.jpg|data/processed/frames/train/no_fall/voxel_04-7/frame_000157.jpg,4.6816|5.0233|5.3651
voxel_05_w0000,voxel_05,train,no_fall,0,data/raw/voxel_huggingface_data/No Fall/05.mp4,0.0,10.8175,0.0,0.6698,0,3,data/processed/window_poses_readable/train/label_no_fall/voxel_05__video_0p000s_to_10p818s/window_0000__time_0p000s_to_0p670s__frames_000000_to_000020.json,3,data/processed/frames/train/no_fall/voxel_05/frame_000000.jpg|data/processed/frames/train/no_fall/voxel_05/frame_000010.jpg|data/processed/frames/train/no_fall/voxel_05/frame_000020.jpg,0.0|0.3349|0.6698
voxel_05_w0001,voxel_05,train,no_fall,0,data/raw/voxel_huggingface_data/No Fall/05.mp4,0.0,10.8175,0.6698,1.3396,1,3,data/processed/window_poses_readable/train/label_no_fall/voxel_05__video_0p000s_to_10p818s/window_0001__time_0p670s_to_1p340s__frames_000020_to_000040.json,3,data/processed/frames/train/no_fall/voxel_05/frame_000020.jpg|data/processed/frames/train/no_fall/voxel_05/frame_000030.jpg|data/processed/frames/train/no_fall/voxel_05/frame_000040.jpg,0.6698|1.0047|1.3396
voxel_05_w0002,voxel_05,train,no_fall,0,data/raw/voxel_huggingface_data/No Fall/05.mp4,0.0,10.8175,1.3396,2.0095,2,3,data/processed/window_poses_readable/train/label_no_fall/voxel_05__video_0p000s_to_10p818s/window_0002__time_1p340s_to_2p010s__frames_000040_to_000060.json,3,data/processed/frames/train/no_fall/voxel_05/frame_000040.jpg|data/processed/frames/train/no_fall/voxel_05/frame_000050.jpg|data/processed/frames/train/no_fall/voxel_05/frame_000060.jpg,1.3396|1.6745|2.0095
voxel_05_w0003,voxel_05,train,no_fall,0,data/raw/voxel_huggingface_data/No Fall/05.mp4,0.0,10.8175,2.0095,2.6793,3,3,data/processed/window_poses_readable/train/label_no_fall/voxel_05__video_0p000s_to_10p818s/window_0003__time_2p010s_to_2p679s__frames_000060_to_000080.json,3,data/processed/frames/train/no_fall/voxel_05/frame_000060.jpg|data/processed/frames/train/no_fall/voxel_05/frame_000070.jpg|data/processed/frames/train/no_fall/voxel_05/frame_000080.jpg,2.0095|2.3444|2.6793
voxel_05_w0004,voxel_05,train,no_fall,0,data/raw/voxel_huggingface_data/No Fall/05.mp4,0.0,10.8175,2.6793,3.3491,4,3,data/processed/window_poses_readable/train/label_no_fall/voxel_05__video_0p000s_to_10p818s/window_0004__time_2p679s_to_3p349s__frames_000080_to_000100.json,3,data/processed/frames/train/no_fall/voxel_05/frame_000080.jpg|data/processed/frames/train/no_fall/voxel_05/frame_000090.jpg|data/processed/frames/train/no_fall/voxel_05/frame_000100.jpg,2.6793|3.0142|3.3491
voxel_05_w0005,voxel_05,train,no_fall,0,data/raw/voxel_huggingface_data/No Fall/05.mp4,0.0,10.8175,3.3491,4.0189,5,3,data/processed/window_poses_readable/train/label_no_fall/voxel_05__video_0p000s_to_10p818s/window_0005__time_3p349s_to_4p019s__frames_000100_to_000120.json,3,data/processed/frames/train/no_fall/voxel_05/frame_000100.jpg|data/processed/frames/train/no_fall/voxel_05/frame_000110.jpg|data/processed/frames/train/no_fall/voxel_05/frame_000120.jpg,3.3491|3.684|4.0189
voxel_05_w0006,voxel_05,train,no_fall,0,data/raw/voxel_huggingface_data/No Fall/05.mp4,0.0,10.8175,4.0189,4.6887,6,3,data/processed/window_poses_readable/train/label_no_fall/voxel_05__video_0p000s_to_10p818s/window_0006__time_4p019s_to_4p689s__frames_000120_to_000140.json,3,data/processed/frames/train/no_fall/voxel_05/frame_000120.jpg|data/processed/frames/train/no_fall/voxel_05/frame_000130.jpg|data/processed/frames/train/no_fall/voxel_05/frame_000140.jpg,4.0189|4.3538|4.6887
voxel_05_w0007,voxel_05,train,no_fall,0,data/raw/voxel_huggingface_data/No Fall/05.mp4,0.0,10.8175,4.6887,5.3585,7,3,data/processed/window_poses_readable/train/label_no_fall/voxel_05__video_0p000s_to_10p818s/window_0007__time_4p689s_to_5p359s__frames_000140_to_000160.json,3,data/processed/frames/train/no_fall/voxel_05/frame_000140.jpg|data/processed/frames/train/no_fall/voxel_05/frame_000150.jpg|data/processed/frames/train/no_fall/voxel_05/frame_000160.jpg,4.6887|5.0236|5.3585
voxel_05_w0008,voxel_05,train,no_fall,0,data/raw/voxel_huggingface_data/No Fall/05.mp4,0.0,10.8175,5.3585,6.0284,8,3,data/processed/window_poses_readable/train/label_no_fall/voxel_05__video_0p000s_to_10p818s/window_0008__time_5p359s_to_6p028s__frames_000160_to_000180.json,3,data/processed/frames/train/no_fall/voxel_05/frame_000160.jpg|data/processed/frames/train/no_fall/voxel_05/frame_000170.jpg|data/processed/frames/train/no_fall/voxel_05/frame_000180.jpg,5.3585|5.6934|6.0284
voxel_05_w0009,voxel_05,train,no_fall,0,data/raw/voxel_huggingface_data/No Fall/05.mp4,0.0,10.8175,6.0284,6.6982,9,3,data/processed/window_poses_readable/train/label_no_fall/voxel_05__video_0p000s_to_10p818s/window_0009__time_6p028s_to_6p698s__frames_000180_to_000200.json,3,data/processed/frames/train/no_fall/voxel_05/frame_000180.jpg|data/processed/frames/train/no_fall/voxel_05/frame_000190.jpg|data/processed/frames/train/no_fall/voxel_05/frame_000200.jpg,6.0284|6.3633|6.6982
voxel_05_w0010,voxel_05,train,no_fall,0,data/raw/voxel_huggingface_data/No Fall/05.mp4,0.0,10.8175,6.6982,7.3345,10,3,data/processed/window_poses_readable/train/label_no_fall/voxel_05__video_0p000s_to_10p818s/window_0010__time_6p698s_to_7p335s__frames_000200_to_000219.json,3,data/processed/frames/train/no_fall/voxel_05/frame_000200.jpg|data/processed/frames/train/no_fall/voxel_05/frame_000210.jpg|data/processed/frames/train/no_fall/voxel_05/frame_000219.jpg,6.6982|7.0331|7.3345
voxel_05_w0011,voxel_05,train,no_fall,0,data/raw/voxel_huggingface_data/No Fall/05.mp4,0.0,10.8175,7.3345,8.0043,11,3,data/processed/window_poses_readable/train/label_no_fall/voxel_05__video_0p000s_to_10p818s/window_0011__time_7p335s_to_8p004s__frames_000219_to_000239.json,3,data/processed/frames/train/no_fall/voxel_05/frame_000219.jpg|data/processed/frames/train/no_fall/voxel_05/frame_000229.jpg|data/processed/frames/train/no_fall/voxel_05/frame_000239.jpg,7.3345|7.6694|8.0043
voxel_05_w0012,voxel_05,train,no_fall,0,data/raw/voxel_huggingface_data/No Fall/05.mp4,0.0,10.8175,8.0043,8.6741,12,3,data/processed/window_poses_readable/train/label_no_fall/voxel_05__video_0p000s_to_10p818s/window_0012__time_8p004s_to_8p674s__frames_000239_to_000259.json,3,data/processed/frames/train/no_fall/voxel_05/frame_000239.jpg|data/processed/frames/train/no_fall/voxel_05/frame_000249.jpg|data/processed/frames/train/no_fall/voxel_05/frame_000259.jpg,8.0043|8.3392|8.6741
voxel_05_w0013,voxel_05,train,no_fall,0,data/raw/voxel_huggingface_data/No Fall/05.mp4,0.0,10.8175,8.6741,9.3439,13,3,data/processed/window_poses_readable/train/label_no_fall/voxel_05__video_0p000s_to_10p818s/window_0013__time_8p674s_to_9p344s__frames_000259_to_000279.json,3,data/processed/frames/train/no_fall/voxel_05/frame_000259.jpg|data/processed/frames/train/no_fall/voxel_05/frame_000269.jpg|data/processed/frames/train/no_fall/voxel_05/frame_000279.jpg,8.6741|9.009|9.3439
voxel_05_w0014,voxel_05,train,no_fall,0,data/raw/voxel_huggingface_data/No Fall/05.mp4,0.0,10.8175,9.3439,10.0138,14,3,data/processed/window_poses_readable/train/label_no_fall/voxel_05__video_0p000s_to_10p818s/window_0014__time_9p344s_to_10p014s__frames_000279_to_000299.json,3,data/processed/frames/train/no_fall/voxel_05/frame_000279.jpg|data/processed/frames/train/no_fall/voxel_05/frame_000289.jpg|data/processed/frames/train/no_fall/voxel_05/frame_000299.jpg,9.3439|9.6789|10.0138
voxel_05_w0015,voxel_05,train,no_fall,0,data/raw/voxel_huggingface_data/No Fall/05.mp4,0.0,10.8175,10.0138,10.6836,15,3,data/processed/window_poses_readable/train/label_no_fall/voxel_05__video_0p000s_to_10p818s/window_0015__time_10p014s_to_10p684s__frames_000299_to_000319.json,3,data/processed/frames/train/no_fall/voxel_05/frame_000299.jpg|data/processed/frames/train/no_fall/voxel_05/frame_000309.jpg|data/processed/frames/train/no_fall/voxel_05/frame_000319.jpg,10.0138|10.3487|10.6836
voxel_05-5_w0000,voxel_05-5,train,no_fall,0,data/raw/voxel_huggingface_data/No Fall/05-5.mp4,0.0,7.3617,0.0,0.6692,0,3,data/processed/window_poses_readable/train/label_no_fall/voxel_05-5__video_0p000s_to_7p362s/window_0000__time_0p000s_to_0p669s__frames_000000_to_000020.json,2,data/processed/frames/train/no_fall/voxel_05-5/frame_000000.jpg|data/processed/frames/train/no_fall/voxel_05-5/frame_000010.jpg|data/processed/frames/train/no_fall/voxel_05-5/frame_000020.jpg,0.0|0.3346|0.6692
voxel_05-5_w0001,voxel_05-5,train,no_fall,0,data/raw/voxel_huggingface_data/No Fall/05-5.mp4,0.0,7.3617,0.6692,1.3385,1,3,data/processed/window_poses_readable/train/label_no_fall/voxel_05-5__video_0p000s_to_7p362s/window_0001__time_0p669s_to_1p339s__frames_000020_to_000040.json,3,data/processed/frames/train/no_fall/voxel_05-5/frame_000020.jpg|data/processed/frames/train/no_fall/voxel_05-5/frame_000030.jpg|data/processed/frames/train/no_fall/voxel_05-5/frame_000040.jpg,0.6692|1.0039|1.3385
voxel_05-5_w0002,voxel_05-5,train,no_fall,0,data/raw/voxel_huggingface_data/No Fall/05-5.mp4,0.0,7.3617,1.3385,2.0077,2,3,data/processed/window_poses_readable/train/label_no_fall/voxel_05-5__video_0p000s_to_7p362s/window_0002__time_1p339s_to_2p008s__frames_000040_to_000060.json,3,data/processed/frames/train/no_fall/voxel_05-5/frame_000040.jpg|data/processed/frames/train/no_fall/voxel_05-5/frame_000050.jpg|data/processed/frames/train/no_fall/voxel_05-5/frame_000060.jpg,1.3385|1.6731|2.0077
voxel_05-5_w0003,voxel_05-5,train,no_fall,0,data/raw/voxel_huggingface_data/No Fall/05-5.mp4,0.0,7.3617,2.0077,2.677,3,3,data/processed/window_poses_readable/train/label_no_fall/voxel_05-5__video_0p000s_to_7p362s/window_0003__time_2p008s_to_2p677s__frames_000060_to_000080.json,2,data/processed/frames/train/no_fall/voxel_05-5/frame_000060.jpg|data/processed/frames/train/no_fall/voxel_05-5/frame_000070.jpg|data/processed/frames/train/no_fall/voxel_05-5/frame_000080.jpg,2.0077|2.3424|2.677
voxel_05-5_w0004,voxel_05-5,train,no_fall,0,data/raw/voxel_huggingface_data/No Fall/05-5.mp4,0.0,7.3617,2.677,3.3462,4,3,data/processed/window_poses_readable/train/label_no_fall/voxel_05-5__video_0p000s_to_7p362s/window_0004__time_2p677s_to_3p346s__frames_000080_to_000100.json,3,data/processed/frames/train/no_fall/voxel_05-5/frame_000080.jpg|data/processed/frames/train/no_fall/voxel_05-5/frame_000090.jpg|data/processed/frames/train/no_fall/voxel_05-5/frame_000100.jpg,2.677|3.0116|3.3462
voxel_05-5_w0005,voxel_05-5,train,no_fall,0,data/raw/voxel_huggingface_data/No Fall/05-5.mp4,0.0,7.3617,3.3462,4.0155,5,3,data/processed/window_poses_readable/train/label_no_fall/voxel_05-5__video_0p000s_to_7p362s/window_0005__time_3p346s_to_4p016s__frames_000100_to_000120.json,3,data/processed/frames/train/no_fall/voxel_05-5/frame_000100.jpg|data/processed/frames/train/no_fall/voxel_05-5/frame_000110.jpg|data/processed/frames/train/no_fall/voxel_05-5/frame_000120.jpg,3.3462|3.6808|4.0155
voxel_05-5_w0006,voxel_05-5,train,no_fall,0,data/raw/voxel_huggingface_data/No Fall/05-5.mp4,0.0,7.3617,4.0155,4.6847,6,3,data/processed/window_poses_readable/train/label_no_fall/voxel_05-5__video_0p000s_to_7p362s/window_0006__time_4p016s_to_4p685s__frames_000120_to_000140.json,2,data/processed/frames/train/no_fall/voxel_05-5/frame_000120.jpg|data/processed/frames/train/no_fall/voxel_05-5/frame_000130.jpg|data/processed/frames/train/no_fall/voxel_05-5/frame_000140.jpg,4.0155|4.3501|4.6847
voxel_05-5_w0007,voxel_05-5,train,no_fall,0,data/raw/voxel_huggingface_data/No Fall/05-5.mp4,0.0,7.3617,4.6847,5.3539,7,3,data/processed/window_poses_readable/train/label_no_fall/voxel_05-5__video_0p000s_to_7p362s/window_0007__time_4p685s_to_5p354s__frames_000140_to_000160.json,2,data/processed/frames/train/no_fall/voxel_05-5/frame_000140.jpg|data/processed/frames/train/no_fall/voxel_05-5/frame_000150.jpg|data/processed/frames/train/no_fall/voxel_05-5/frame_000160.jpg,4.6847|5.0193|5.3539
voxel_05-5_w0008,voxel_05-5,train,no_fall,0,data/raw/voxel_huggingface_data/No Fall/05-5.mp4,0.0,7.3617,5.3539,6.0232,8,3,data/processed/window_poses_readable/train/label_no_fall/voxel_05-5__video_0p000s_to_7p362s/window_0008__time_5p354s_to_6p023s__frames_000160_to_000180.json,3,data/processed/frames/train/no_fall/voxel_05-5/frame_000160.jpg|data/processed/frames/train/no_fall/voxel_05-5/frame_000170.jpg|data/processed/frames/train/no_fall/voxel_05-5/frame_000180.jpg,5.3539|5.6886|6.0232
voxel_05-5_w0009,voxel_05-5,train,no_fall,0,data/raw/voxel_huggingface_data/No Fall/05-5.mp4,0.0,7.3617,6.0232,6.6924,9,3,data/processed/window_poses_readable/train/label_no_fall/voxel_05-5__video_0p000s_to_7p362s/window_0009__time_6p023s_to_6p692s__frames_000180_to_000200.json,2,data/processed/frames/train/no_fall/voxel_05-5/frame_000180.jpg|data/processed/frames/train/no_fall/voxel_05-5/frame_000190.jpg|data/processed/frames/train/no_fall/voxel_05-5/frame_000200.jpg,6.0232|6.3578|6.6924
voxel_05-7_w0000,voxel_05-7,train,no_fall,0,data/raw/voxel_huggingface_data/No Fall/05-7.mp4,0.0,10.5456,0.0,0.6717,0,3,data/processed/window_poses_readable/train/label_no_fall/voxel_05-7__video_0p000s_to_10p546s/window_0000__time_0p000s_to_0p672s__frames_000000_to_000020.json,0,data/processed/frames/train/no_fall/voxel_05-7/frame_000000.jpg|data/processed/frames/train/no_fall/voxel_05-7/frame_000010.jpg|data/processed/frames/train/no_fall/voxel_05-7/frame_000020.jpg,0.0|0.3358|0.6717
voxel_05-7_w0001,voxel_05-7,train,no_fall,0,data/raw/voxel_huggingface_data/No Fall/05-7.mp4,0.0,10.5456,0.6717,1.3434,1,3,data/processed/window_poses_readable/train/label_no_fall/voxel_05-7__video_0p000s_to_10p546s/window_0001__time_0p672s_to_1p343s__frames_000020_to_000040.json,0,data/processed/frames/train/no_fall/voxel_05-7/frame_000020.jpg|data/processed/frames/train/no_fall/voxel_05-7/frame_000030.jpg|data/processed/frames/train/no_fall/voxel_05-7/frame_000040.jpg,0.6717|1.0075|1.3434
voxel_05-7_w0002,voxel_05-7,train,no_fall,0,data/raw/voxel_huggingface_data/No Fall/05-7.mp4,0.0,10.5456,1.3434,2.0151,2,3,data/processed/window_poses_readable/train/label_no_fall/voxel_05-7__video_0p000s_to_10p546s/window_0002__time_1p343s_to_2p015s__frames_000040_to_000060.json,1,data/processed/frames/train/no_fall/voxel_05-7/frame_000040.jpg|data/processed/frames/train/no_fall/voxel_05-7/frame_000050.jpg|data/processed/frames/train/no_fall/voxel_05-7/frame_000060.jpg,1.3434|1.6792|2.0151
voxel_05-7_w0003,voxel_05-7,train,no_fall,0,data/raw/voxel_huggingface_data/No Fall/05-7.mp4,0.0,10.5456,2.0151,2.6868,3,3,data/processed/window_poses_readable/train/label_no_fall/voxel_05-7__video_0p000s_to_10p546s/window_0003__time_2p015s_to_2p687s__frames_000060_to_000080.json,3,data/processed/frames/train/no_fall/voxel_05-7/frame_000060.jpg|data/processed/frames/train/no_fall/voxel_05-7/frame_000070.jpg|data/processed/frames/train/no_fall/voxel_05-7/frame_000080.jpg,2.0151|2.3509|2.6868
voxel_05-7_w0004,voxel_05-7,train,no_fall,0,data/raw/voxel_huggingface_data/No Fall/05-7.mp4,0.0,10.5456,2.6868,3.3585,4,3,data/processed/window_poses_readable/train/label_no_fall/voxel_05-7__video_0p000s_to_10p546s/window_0004__time_2p687s_to_3p358s__frames_000080_to_000100.json,3,data/processed/frames/train/no_fall/voxel_05-7/frame_000080.jpg|data/processed/frames/train/no_fall/voxel_05-7/frame_000090.jpg|data/processed/frames/train/no_fall/voxel_05-7/frame_000100.jpg,2.6868|3.0226|3.3585
voxel_05-7_w0005,voxel_05-7,train,no_fall,0,data/raw/voxel_huggingface_data/No Fall/05-7.mp4,0.0,10.5456,3.3585,4.0302,5,3,data/processed/window_poses_readable/train/label_no_fall/voxel_05-7__video_0p000s_to_10p546s/window_0005__time_3p358s_to_4p030s__frames_000100_to_000120.json,3,data/processed/frames/train/no_fall/voxel_05-7/frame_000100.jpg|data/processed/frames/train/no_fall/voxel_05-7/frame_000110.jpg|data/processed/frames/train/no_fall/voxel_05-7/frame_000120.jpg,3.3585|3.6943|4.0302
voxel_05-7_w0006,voxel_05-7,train,no_fall,0,data/raw/voxel_huggingface_data/No Fall/05-7.mp4,0.0,10.5456,4.0302,4.6683,6,3,data/processed/window_poses_readable/train/label_no_fall/voxel_05-7__video_0p000s_to_10p546s/window_0006__time_4p030s_to_4p668s__frames_000120_to_000139.json,3,data/processed/frames/train/no_fall/voxel_05-7/frame_000120.jpg|data/processed/frames/train/no_fall/voxel_05-7/frame_000130.jpg|data/processed/frames/train/no_fall/voxel_05-7/frame_000139.jpg,4.0302|4.366|4.6683
voxel_05-7_w0007,voxel_05-7,train,no_fall,0,data/raw/voxel_huggingface_data/No Fall/05-7.mp4,0.0,10.5456,4.6683,5.34,7,3,data/processed/window_poses_readable/train/label_no_fall/voxel_05-7__video_0p000s_to_10p546s/window_0007__time_4p668s_to_5p340s__frames_000139_to_000159.json,3,data/processed/frames/train/no_fall/voxel_05-7/frame_000139.jpg|data/processed/frames/train/no_fall/voxel_05-7/frame_000149.jpg|data/processed/frames/train/no_fall/voxel_05-7/frame_000159.jpg,4.6683|5.0041|5.34
voxel_05-7_w0008,voxel_05-7,train,no_fall,0,data/raw/voxel_huggingface_data/No Fall/05-7.mp4,0.0,10.5456,5.34,6.0117,8,3,data/processed/window_poses_readable/train/label_no_fall/voxel_05-7__video_0p000s_to_10p546s/window_0008__time_5p340s_to_6p012s__frames_000159_to_000179.json,3,data/processed/frames/train/no_fall/voxel_05-7/frame_000159.jpg|data/processed/frames/train/no_fall/voxel_05-7/frame_000169.jpg|data/processed/frames/train/no_fall/voxel_05-7/frame_000179.jpg,5.34|5.6758|6.0117
voxel_05-7_w0009,voxel_05-7,train,no_fall,0,data/raw/voxel_huggingface_data/No Fall/05-7.mp4,0.0,10.5456,6.0117,6.6833,9,3,data/processed/window_poses_readable/train/label_no_fall/voxel_05-7__video_0p000s_to_10p546s/window_0009__time_6p012s_to_6p683s__frames_000179_to_000199.json,3,data/processed/frames/train/no_fall/voxel_05-7/frame_000179.jpg|data/processed/frames/train/no_fall/voxel_05-7/frame_000189.jpg|data/processed/frames/train/no_fall/voxel_05-7/frame_000199.jpg,6.0117|6.3475|6.6833
voxel_05-7_w0010,voxel_05-7,train,no_fall,0,data/raw/voxel_huggingface_data/No Fall/05-7.mp4,0.0,10.5456,6.6833,7.355,10,3,data/processed/window_poses_readable/train/label_no_fall/voxel_05-7__video_0p000s_to_10p546s/window_0010__time_6p683s_to_7p355s__frames_000199_to_000219.json,3,data/processed/frames/train/no_fall/voxel_05-7/frame_000199.jpg|data/processed/frames/train/no_fall/voxel_05-7/frame_000209.jpg|data/processed/frames/train/no_fall/voxel_05-7/frame_000219.jpg,6.6833|7.0192|7.355
voxel_05-7_w0011,voxel_05-7,train,no_fall,0,data/raw/voxel_huggingface_data/No Fall/05-7.mp4,0.0,10.5456,7.355,8.0267,11,3,data/processed/window_poses_readable/train/label_no_fall/voxel_05-7__video_0p000s_to_10p546s/window_0011__time_7p355s_to_8p027s__frames_000219_to_000239.json,3,data/processed/frames/train/no_fall/voxel_05-7/frame_000219.jpg|data/processed/frames/train/no_fall/voxel_05-7/frame_000229.jpg|data/processed/frames/train/no_fall/voxel_05-7/frame_000239.jpg,7.355|7.6909|8.0267
voxel_05-7_w0012,voxel_05-7,train,no_fall,0,data/raw/voxel_huggingface_data/No Fall/05-7.mp4,0.0,10.5456,8.0267,8.6984,12,3,data/processed/window_poses_readable/train/label_no_fall/voxel_05-7__video_0p000s_to_10p546s/window_0012__time_8p027s_to_8p698s__frames_000239_to_000259.json,3,data/processed/frames/train/no_fall/voxel_05-7/frame_000239.jpg|data/processed/frames/train/no_fall/voxel_05-7/frame_000249.jpg|data/processed/frames/train/no_fall/voxel_05-7/frame_000259.jpg,8.0267|8.3626|8.6984
voxel_05-7_w0013,voxel_05-7,train,no_fall,0,data/raw/voxel_huggingface_data/No Fall/05-7.mp4,0.0,10.5456,8.6984,9.3365,13,3,data/processed/window_poses_readable/train/label_no_fall/voxel_05-7__video_0p000s_to_10p546s/window_0013__time_8p698s_to_9p336s__frames_000259_to_000278.json,3,data/processed/frames/train/no_fall/voxel_05-7/frame_000259.jpg|data/processed/frames/train/no_fall/voxel_05-7/frame_000268.jpg|data/processed/frames/train/no_fall/voxel_05-7/frame_000278.jpg,8.6984|9.0007|9.3365
voxel_05-7_w0014,voxel_05-7,train,no_fall,0,data/raw/voxel_huggingface_data/No Fall/05-7.mp4,0.0,10.5456,9.3365,10.0082,14,3,data/processed/window_poses_readable/train/label_no_fall/voxel_05-7__video_0p000s_to_10p546s/window_0014__time_9p336s_to_10p008s__frames_000278_to_000298.json,3,data/processed/frames/train/no_fall/voxel_05-7/frame_000278.jpg|data/processed/frames/train/no_fall/voxel_05-7/frame_000288.jpg|data/processed/frames/train/no_fall/voxel_05-7/frame_000298.jpg,9.3365|9.6724|10.0082
voxel_06-2_w0000,voxel_06-2,train,no_fall,0,data/raw/voxel_huggingface_data/No Fall/06-2.mp4,0.0,8.9454,0.0,0.6701,0,3,data/processed/window_poses_readable/train/label_no_fall/voxel_06-2__video_0p000s_to_8p945s/window_0000__time_0p000s_to_0p670s__frames_000000_to_000020.json,3,data/processed/frames/train/no_fall/voxel_06-2/frame_000000.jpg|data/processed/frames/train/no_fall/voxel_06-2/frame_000010.jpg|data/processed/frames/train/no_fall/voxel_06-2/frame_000020.jpg,0.0|0.335|0.6701
voxel_06-2_w0001,voxel_06-2,train,no_fall,0,data/raw/voxel_huggingface_data/No Fall/06-2.mp4,0.0,8.9454,0.6701,1.3401,1,3,data/processed/window_poses_readable/train/label_no_fall/voxel_06-2__video_0p000s_to_8p945s/window_0001__time_0p670s_to_1p340s__frames_000020_to_000040.json,3,data/processed/frames/train/no_fall/voxel_06-2/frame_000020.jpg|data/processed/frames/train/no_fall/voxel_06-2/frame_000030.jpg|data/processed/frames/train/no_fall/voxel_06-2/frame_000040.jpg,0.6701|1.0051|1.3401
voxel_06-2_w0002,voxel_06-2,train,no_fall,0,data/raw/voxel_huggingface_data/No Fall/06-2.mp4,0.0,8.9454,1.3401,2.0102,2,3,data/processed/window_poses_readable/train/label_no_fall/voxel_06-2__video_0p000s_to_8p945s/window_0002__time_1p340s_to_2p010s__frames_000040_to_000060.json,3,data/processed/frames/train/no_fall/voxel_06-2/frame_000040.jpg|data/processed/frames/train/no_fall/voxel_06-2/frame_000050.jpg|data/processed/frames/train/no_fall/voxel_06-2/frame_000060.jpg,1.3401|1.6752|2.0102
voxel_06-2_w0003,voxel_06-2,train,no_fall,0,data/raw/voxel_huggingface_data/No Fall/06-2.mp4,0.0,8.9454,2.0102,2.6803,3,3,data/processed/window_poses_readable/train/label_no_fall/voxel_06-2__video_0p000s_to_8p945s/window_0003__time_2p010s_to_2p680s__frames_000060_to_000080.json,3,data/processed/frames/train/no_fall/voxel_06-2/frame_000060.jpg|data/processed/frames/train/no_fall/voxel_06-2/frame_000070.jpg|data/processed/frames/train/no_fall/voxel_06-2/frame_000080.jpg,2.0102|2.3452|2.6803
voxel_06-2_w0004,voxel_06-2,train,no_fall,0,data/raw/voxel_huggingface_data/No Fall/06-2.mp4,0.0,8.9454,2.6803,3.3503,4,3,data/processed/window_poses_readable/train/label_no_fall/voxel_06-2__video_0p000s_to_8p945s/window_0004__time_2p680s_to_3p350s__frames_000080_to_000100.json,3,data/processed/frames/train/no_fall/voxel_06-2/frame_000080.jpg|data/processed/frames/train/no_fall/voxel_06-2/frame_000090.jpg|data/processed/frames/train/no_fall/voxel_06-2/frame_000100.jpg,2.6803|3.0153|3.3503
voxel_06-2_w0005,voxel_06-2,train,no_fall,0,data/raw/voxel_huggingface_data/No Fall/06-2.mp4,0.0,8.9454,3.3503,4.0204,5,3,data/processed/window_poses_readable/train/label_no_fall/voxel_06-2__video_0p000s_to_8p945s/window_0005__time_3p350s_to_4p020s__frames_000100_to_000120.json,3,data/processed/frames/train/no_fall/voxel_06-2/frame_000100.jpg|data/processed/frames/train/no_fall/voxel_06-2/frame_000110.jpg|data/processed/frames/train/no_fall/voxel_06-2/frame_000120.jpg,3.3503|3.6854|4.0204
voxel_06-2_w0006,voxel_06-2,train,no_fall,0,data/raw/voxel_huggingface_data/No Fall/06-2.mp4,0.0,8.9454,4.0204,4.6905,6,3,data/processed/window_poses_readable/train/label_no_fall/voxel_06-2__video_0p000s_to_8p945s/window_0006__time_4p020s_to_4p691s__frames_000120_to_000140.json,3,data/processed/frames/train/no_fall/voxel_06-2/frame_000120.jpg|data/processed/frames/train/no_fall/voxel_06-2/frame_000130.jpg|data/processed/frames/train/no_fall/voxel_06-2/frame_000140.jpg,4.0204|4.3554|4.6905
voxel_06-2_w0007,voxel_06-2,train,no_fall,0,data/raw/voxel_huggingface_data/No Fall/06-2.mp4,0.0,8.9454,4.6905,5.3605,7,3,data/processed/window_poses_readable/train/label_no_fall/voxel_06-2__video_0p000s_to_8p945s/window_0007__time_4p691s_to_5p361s__frames_000140_to_000160.json,3,data/processed/frames/train/no_fall/voxel_06-2/frame_000140.jpg|data/processed/frames/train/no_fall/voxel_06-2/frame_000150.jpg|data/processed/frames/train/no_fall/voxel_06-2/frame_000160.jpg,4.6905|5.0255|5.3605
voxel_06-2_w0008,voxel_06-2,train,no_fall,0,data/raw/voxel_huggingface_data/No Fall/06-2.mp4,0.0,8.9454,5.3605,6.0306,8,3,data/processed/window_poses_readable/train/label_no_fall/voxel_06-2__video_0p000s_to_8p945s/window_0008__time_5p361s_to_6p031s__frames_000160_to_000180.json,3,data/processed/frames/train/no_fall/voxel_06-2/frame_000160.jpg|data/processed/frames/train/no_fall/voxel_06-2/frame_000170.jpg|data/processed/frames/train/no_fall/voxel_06-2/frame_000180.jpg,5.3605|5.6956|6.0306
voxel_06-2_w0009,voxel_06-2,train,no_fall,0,data/raw/voxel_huggingface_data/No Fall/06-2.mp4,0.0,8.9454,6.0306,6.6672,9,3,data/processed/window_poses_readable/train/label_no_fall/voxel_06-2__video_0p000s_to_8p945s/window_0009__time_6p031s_to_6p667s__frames_000180_to_000199.json,3,data/processed/frames/train/no_fall/voxel_06-2/frame_000180.jpg|data/processed/frames/train/no_fall/voxel_06-2/frame_000190.jpg|data/processed/frames/train/no_fall/voxel_06-2/frame_000199.jpg,6.0306|6.3656|6.6672
voxel_06-2_w0010,voxel_06-2,train,no_fall,0,data/raw/voxel_huggingface_data/No Fall/06-2.mp4,0.0,8.9454,6.6672,7.3372,10,3,data/processed/window_poses_readable/train/label_no_fall/voxel_06-2__video_0p000s_to_8p945s/window_0010__time_6p667s_to_7p337s__frames_000199_to_000219.json,3,data/processed/frames/train/no_fall/voxel_06-2/frame_000199.jpg|data/processed/frames/train/no_fall/voxel_06-2/frame_000209.jpg|data/processed/frames/train/no_fall/voxel_06-2/frame_000219.jpg,6.6672|7.0022|7.3372
voxel_06-2_w0011,voxel_06-2,train,no_fall,0,data/raw/voxel_huggingface_data/No Fall/06-2.mp4,0.0,8.9454,7.3372,8.0073,11,3,data/processed/window_poses_readable/train/label_no_fall/voxel_06-2__video_0p000s_to_8p945s/window_0011__time_7p337s_to_8p007s__frames_000219_to_000239.json,3,data/processed/frames/train/no_fall/voxel_06-2/frame_000219.jpg|data/processed/frames/train/no_fall/voxel_06-2/frame_000229.jpg|data/processed/frames/train/no_fall/voxel_06-2/frame_000239.jpg,7.3372|7.6723|8.0073
voxel_06-2_w0012,voxel_06-2,train,no_fall,0,data/raw/voxel_huggingface_data/No Fall/06-2.mp4,0.0,8.9454,8.0073,8.6774,12,3,data/processed/window_poses_readable/train/label_no_fall/voxel_06-2__video_0p000s_to_8p945s/window_0012__time_8p007s_to_8p677s__frames_000239_to_000259.json,3,data/processed/frames/train/no_fall/voxel_06-2/frame_000239.jpg|data/processed/frames/train/no_fall/voxel_06-2/frame_000249.jpg|data/processed/frames/train/no_fall/voxel_06-2/frame_000259.jpg,8.0073|8.3424|8.6774
voxel_06-4_w0000,voxel_06-4,train,no_fall,0,data/raw/voxel_huggingface_data/No Fall/06-4.mp4,0.0,6.5776,0.0,0.6712,0,3,data/processed/window_poses_readable/train/label_no_fall/voxel_06-4__video_0p000s_to_6p578s/window_0000__time_0p000s_to_0p671s__frames_000000_to_000020.json,3,data/processed/frames/train/no_fall/voxel_06-4/frame_000000.jpg|data/processed/frames/train/no_fall/voxel_06-4/frame_000010.jpg|data/processed/frames/train/no_fall/voxel_06-4/frame_000020.jpg,0.0|0.3356|0.6712
voxel_06-4_w0001,voxel_06-4,train,no_fall,0,data/raw/voxel_huggingface_data/No Fall/06-4.mp4,0.0,6.5776,0.6712,1.3424,1,3,data/processed/window_poses_readable/train/label_no_fall/voxel_06-4__video_0p000s_to_6p578s/window_0001__time_0p671s_to_1p342s__frames_000020_to_000040.json,3,data/processed/frames/train/no_fall/voxel_06-4/frame_000020.jpg|data/processed/frames/train/no_fall/voxel_06-4/frame_000030.jpg|data/processed/frames/train/no_fall/voxel_06-4/frame_000040.jpg,0.6712|1.0068|1.3424
voxel_06-4_w0002,voxel_06-4,train,no_fall,0,data/raw/voxel_huggingface_data/No Fall/06-4.mp4,0.0,6.5776,1.3424,2.0136,2,3,data/processed/window_poses_readable/train/label_no_fall/voxel_06-4__video_0p000s_to_6p578s/window_0002__time_1p342s_to_2p014s__frames_000040_to_000060.json,3,data/processed/frames/train/no_fall/voxel_06-4/frame_000040.jpg|data/processed/frames/train/no_fall/voxel_06-4/frame_000050.jpg|data/processed/frames/train/no_fall/voxel_06-4/frame_000060.jpg,1.3424|1.678|2.0136
voxel_06-4_w0003,voxel_06-4,train,no_fall,0,data/raw/voxel_huggingface_data/No Fall/06-4.mp4,0.0,6.5776,2.0136,2.6847,3,3,data/processed/window_poses_readable/train/label_no_fall/voxel_06-4__video_0p000s_to_6p578s/window_0003__time_2p014s_to_2p685s__frames_000060_to_000080.json,3,data/processed/frames/train/no_fall/voxel_06-4/frame_000060.jpg|data/processed/frames/train/no_fall/voxel_06-4/frame_000070.jpg|data/processed/frames/train/no_fall/voxel_06-4/frame_000080.jpg,2.0136|2.3491|2.6847
voxel_06-4_w0004,voxel_06-4,train,no_fall,0,data/raw/voxel_huggingface_data/No Fall/06-4.mp4,0.0,6.5776,2.6847,3.3559,4,3,data/processed/window_poses_readable/train/label_no_fall/voxel_06-4__video_0p000s_to_6p578s/window_0004__time_2p685s_to_3p356s__frames_000080_to_000100.json,3,data/processed/frames/train/no_fall/voxel_06-4/frame_000080.jpg|data/processed/frames/train/no_fall/voxel_06-4/frame_000090.jpg|data/processed/frames/train/no_fall/voxel_06-4/frame_000100.jpg,2.6847|3.0203|3.3559
voxel_06-4_w0005,voxel_06-4,train,no_fall,0,data/raw/voxel_huggingface_data/No Fall/06-4.mp4,0.0,6.5776,3.3559,4.0271,5,3,data/processed/window_poses_readable/train/label_no_fall/voxel_06-4__video_0p000s_to_6p578s/window_0005__time_3p356s_to_4p027s__frames_000100_to_000120.json,3,data/processed/frames/train/no_fall/voxel_06-4/frame_000100.jpg|data/processed/frames/train/no_fall/voxel_06-4/frame_000110.jpg|data/processed/frames/train/no_fall/voxel_06-4/frame_000120.jpg,3.3559|3.6915|4.0271
voxel_06-4_w0006,voxel_06-4,train,no_fall,0,data/raw/voxel_huggingface_data/No Fall/06-4.mp4,0.0,6.5776,4.0271,4.6983,6,3,data/processed/window_poses_readable/train/label_no_fall/voxel_06-4__video_0p000s_to_6p578s/window_0006__time_4p027s_to_4p698s__frames_000120_to_000140.json,3,data/processed/frames/train/no_fall/voxel_06-4/frame_000120.jpg|data/processed/frames/train/no_fall/voxel_06-4/frame_000130.jpg|data/processed/frames/train/no_fall/voxel_06-4/frame_000140.jpg,4.0271|4.3627|4.6983
voxel_06-4_w0007,voxel_06-4,train,no_fall,0,data/raw/voxel_huggingface_data/No Fall/06-4.mp4,0.0,6.5776,4.6983,5.3359,7,3,data/processed/window_poses_readable/train/label_no_fall/voxel_06-4__video_0p000s_to_6p578s/window_0007__time_4p698s_to_5p336s__frames_000140_to_000159.json,3,data/processed/frames/train/no_fall/voxel_06-4/frame_000140.jpg|data/processed/frames/train/no_fall/voxel_06-4/frame_000149.jpg|data/processed/frames/train/no_fall/voxel_06-4/frame_000159.jpg,4.6983|5.0003|5.3359
voxel_06-4_w0008,voxel_06-4,train,no_fall,0,data/raw/voxel_huggingface_data/No Fall/06-4.mp4,0.0,6.5776,5.3359,6.0071,8,3,data/processed/window_poses_readable/train/label_no_fall/voxel_06-4__video_0p000s_to_6p578s/window_0008__time_5p336s_to_6p007s__frames_000159_to_000179.json,3,data/processed/frames/train/no_fall/voxel_06-4/frame_000159.jpg|data/processed/frames/train/no_fall/voxel_06-4/frame_000169.jpg|data/processed/frames/train/no_fall/voxel_06-4/frame_000179.jpg,5.3359|5.6715|6.0071
voxel_07_w0000,voxel_07,train,no_fall,0,data/raw/voxel_huggingface_data/No Fall/07.mp4,0.0,12.9934,0.0,0.6698,0,3,data/processed/window_poses_readable/train/label_no_fall/voxel_07__video_0p000s_to_12p993s/window_0000__time_0p000s_to_0p670s__frames_000000_to_000020.json,3,data/processed/frames/train/no_fall/voxel_07/frame_000000.jpg|data/processed/frames/train/no_fall/voxel_07/frame_000010.jpg|data/processed/frames/train/no_fall/voxel_07/frame_000020.jpg,0.0|0.3349|0.6698
voxel_07_w0001,voxel_07,train,no_fall,0,data/raw/voxel_huggingface_data/No Fall/07.mp4,0.0,12.9934,0.6698,1.3395,1,3,data/processed/window_poses_readable/train/label_no_fall/voxel_07__video_0p000s_to_12p993s/window_0001__time_0p670s_to_1p339s__frames_000020_to_000040.json,3,data/processed/frames/train/no_fall/voxel_07/frame_000020.jpg|data/processed/frames/train/no_fall/voxel_07/frame_000030.jpg|data/processed/frames/train/no_fall/voxel_07/frame_000040.jpg,0.6698|1.0046|1.3395
voxel_07_w0002,voxel_07,train,no_fall,0,data/raw/voxel_huggingface_data/No Fall/07.mp4,0.0,12.9934,1.3395,2.0093,2,3,data/processed/window_poses_readable/train/label_no_fall/voxel_07__video_0p000s_to_12p993s/window_0002__time_1p339s_to_2p009s__frames_000040_to_000060.json,3,data/processed/frames/train/no_fall/voxel_07/frame_000040.jpg|data/processed/frames/train/no_fall/voxel_07/frame_000050.jpg|data/processed/frames/train/no_fall/voxel_07/frame_000060.jpg,1.3395|1.6744|2.0093
voxel_07_w0003,voxel_07,train,no_fall,0,data/raw/voxel_huggingface_data/No Fall/07.mp4,0.0,12.9934,2.0093,2.6791,3,3,data/processed/window_poses_readable/train/label_no_fall/voxel_07__video_0p000s_to_12p993s/window_0003__time_2p009s_to_2p679s__frames_000060_to_000080.json,3,data/processed/frames/train/no_fall/voxel_07/frame_000060.jpg|data/processed/frames/train/no_fall/voxel_07/frame_000070.jpg|data/processed/frames/train/no_fall/voxel_07/frame_000080.jpg,2.0093|2.3442|2.6791
voxel_07_w0004,voxel_07,train,no_fall,0,data/raw/voxel_huggingface_data/No Fall/07.mp4,0.0,12.9934,2.6791,3.3488,4,3,data/processed/window_poses_readable/train/label_no_fall/voxel_07__video_0p000s_to_12p993s/window_0004__time_2p679s_to_3p349s__frames_000080_to_000100.json,3,data/processed/frames/train/no_fall/voxel_07/frame_000080.jpg|data/processed/frames/train/no_fall/voxel_07/frame_000090.jpg|data/processed/frames/train/no_fall/voxel_07/frame_000100.jpg,2.6791|3.0139|3.3488
voxel_07_w0005,voxel_07,train,no_fall,0,data/raw/voxel_huggingface_data/No Fall/07.mp4,0.0,12.9934,3.3488,4.0186,5,3,data/processed/window_poses_readable/train/label_no_fall/voxel_07__video_0p000s_to_12p993s/window_0005__time_3p349s_to_4p019s__frames_000100_to_000120.json,3,data/processed/frames/train/no_fall/voxel_07/frame_000100.jpg|data/processed/frames/train/no_fall/voxel_07/frame_000110.jpg|data/processed/frames/train/no_fall/voxel_07/frame_000120.jpg,3.3488|3.6837|4.0186
voxel_07_w0006,voxel_07,train,no_fall,0,data/raw/voxel_huggingface_data/No Fall/07.mp4,0.0,12.9934,4.0186,4.6883,6,3,data/processed/window_poses_readable/train/label_no_fall/voxel_07__video_0p000s_to_12p993s/window_0006__time_4p019s_to_4p688s__frames_000120_to_000140.json,3,data/processed/frames/train/no_fall/voxel_07/frame_000120.jpg|data/processed/frames/train/no_fall/voxel_07/frame_000130.jpg|data/processed/frames/train/no_fall/voxel_07/frame_000140.jpg,4.0186|4.3535|4.6883
voxel_07_w0007,voxel_07,train,no_fall,0,data/raw/voxel_huggingface_data/No Fall/07.mp4,0.0,12.9934,4.6883,5.3581,7,3,data/processed/window_poses_readable/train/label_no_fall/voxel_07__video_0p000s_to_12p993s/window_0007__time_4p688s_to_5p358s__frames_000140_to_000160.json,3,data/processed/frames/train/no_fall/voxel_07/frame_000140.jpg|data/processed/frames/train/no_fall/voxel_07/frame_000150.jpg|data/processed/frames/train/no_fall/voxel_07/frame_000160.jpg,4.6883|5.0232|5.3581
voxel_07_w0008,voxel_07,train,no_fall,0,data/raw/voxel_huggingface_data/No Fall/07.mp4,0.0,12.9934,5.3581,6.0279,8,3,data/processed/window_poses_readable/train/label_no_fall/voxel_07__video_0p000s_to_12p993s/window_0008__time_5p358s_to_6p028s__frames_000160_to_000180.json,3,data/processed/frames/train/no_fall/voxel_07/frame_000160.jpg|data/processed/frames/train/no_fall/voxel_07/frame_000170.jpg|data/processed/frames/train/no_fall/voxel_07/frame_000180.jpg,5.3581|5.693|6.0279
voxel_07_w0009,voxel_07,train,no_fall,0,data/raw/voxel_huggingface_data/No Fall/07.mp4,0.0,12.9934,6.0279,6.6976,9,3,data/processed/window_poses_readable/train/label_no_fall/voxel_07__video_0p000s_to_12p993s/window_0009__time_6p028s_to_6p698s__frames_000180_to_000200.json,3,data/processed/frames/train/no_fall/voxel_07/frame_000180.jpg|data/processed/frames/train/no_fall/voxel_07/frame_000190.jpg|data/processed/frames/train/no_fall/voxel_07/frame_000200.jpg,6.0279|6.3628|6.6976
voxel_07_w0010,voxel_07,train,no_fall,0,data/raw/voxel_huggingface_data/No Fall/07.mp4,0.0,12.9934,6.6976,7.3339,10,3,data/processed/window_poses_readable/train/label_no_fall/voxel_07__video_0p000s_to_12p993s/window_0010__time_6p698s_to_7p334s__frames_000200_to_000219.json,3,data/processed/frames/train/no_fall/voxel_07/frame_000200.jpg|data/processed/frames/train/no_fall/voxel_07/frame_000210.jpg|data/processed/frames/train/no_fall/voxel_07/frame_000219.jpg,6.6976|7.0325|7.3339
voxel_07_w0011,voxel_07,train,no_fall,0,data/raw/voxel_huggingface_data/No Fall/07.mp4,0.0,12.9934,7.3339,8.0037,11,3,data/processed/window_poses_readable/train/label_no_fall/voxel_07__video_0p000s_to_12p993s/window_0011__time_7p334s_to_8p004s__frames_000219_to_000239.json,3,data/processed/frames/train/no_fall/voxel_07/frame_000219.jpg|data/processed/frames/train/no_fall/voxel_07/frame_000229.jpg|data/processed/frames/train/no_fall/voxel_07/frame_000239.jpg,7.3339|7.6688|8.0037
voxel_07_w0012,voxel_07,train,no_fall,0,data/raw/voxel_huggingface_data/No Fall/07.mp4,0.0,12.9934,8.0037,8.6734,12,3,data/processed/window_poses_readable/train/label_no_fall/voxel_07__video_0p000s_to_12p993s/window_0012__time_8p004s_to_8p673s__frames_000239_to_000259.json,3,data/processed/frames/train/no_fall/voxel_07/frame_000239.jpg|data/processed/frames/train/no_fall/voxel_07/frame_000249.jpg|data/processed/frames/train/no_fall/voxel_07/frame_000259.jpg,8.0037|8.3386|8.6734
voxel_07_w0013,voxel_07,train,no_fall,0,data/raw/voxel_huggingface_data/No Fall/07.mp4,0.0,12.9934,8.6734,9.3432,13,3,data/processed/window_poses_readable/train/label_no_fall/voxel_07__video_0p000s_to_12p993s/window_0013__time_8p673s_to_9p343s__frames_000259_to_000279.json,3,data/processed/frames/train/no_fall/voxel_07/frame_000259.jpg|data/processed/frames/train/no_fall/voxel_07/frame_000269.jpg|data/processed/frames/train/no_fall/voxel_07/frame_000279.jpg,8.6734|9.0083|9.3432
voxel_07_w0014,voxel_07,train,no_fall,0,data/raw/voxel_huggingface_data/No Fall/07.mp4,0.0,12.9934,9.3432,10.013,14,3,data/processed/window_poses_readable/train/label_no_fall/voxel_07__video_0p000s_to_12p993s/window_0014__time_9p343s_to_10p013s__frames_000279_to_000299.json,3,data/processed/frames/train/no_fall/voxel_07/frame_000279.jpg|data/processed/frames/train/no_fall/voxel_07/frame_000289.jpg|data/processed/frames/train/no_fall/voxel_07/frame_000299.jpg,9.3432|9.6781|10.013
voxel_07_w0015,voxel_07,train,no_fall,0,data/raw/voxel_huggingface_data/No Fall/07.mp4,0.0,12.9934,10.013,10.6827,15,3,data/processed/window_poses_readable/train/label_no_fall/voxel_07__video_0p000s_to_12p993s/window_0015__time_10p013s_to_10p683s__frames_000299_to_000319.json,3,data/processed/frames/train/no_fall/voxel_07/frame_000299.jpg|data/processed/frames/train/no_fall/voxel_07/frame_000309.jpg|data/processed/frames/train/no_fall/voxel_07/frame_000319.jpg,10.013|10.3478|10.6827
voxel_07_w0016,voxel_07,train,no_fall,0,data/raw/voxel_huggingface_data/No Fall/07.mp4,0.0,12.9934,10.6827,11.3525,16,3,data/processed/window_poses_readable/train/label_no_fall/voxel_07__video_0p000s_to_12p993s/window_0016__time_10p683s_to_11p352s__frames_000319_to_000339.json,3,data/processed/frames/train/no_fall/voxel_07/frame_000319.jpg|data/processed/frames/train/no_fall/voxel_07/frame_000329.jpg|data/processed/frames/train/no_fall/voxel_07/frame_000339.jpg,10.6827|11.0176|11.3525
voxel_07_w0017,voxel_07,train,no_fall,0,data/raw/voxel_huggingface_data/No Fall/07.mp4,0.0,12.9934,11.3525,12.0222,17,3,data/processed/window_poses_readable/train/label_no_fall/voxel_07__video_0p000s_to_12p993s/window_0017__time_11p352s_to_12p022s__frames_000339_to_000359.json,3,data/processed/frames/train/no_fall/voxel_07/frame_000339.jpg|data/processed/frames/train/no_fall/voxel_07/frame_000349.jpg|data/processed/frames/train/no_fall/voxel_07/frame_000359.jpg,11.3525|11.6874|12.0222
voxel_07_w0018,voxel_07,train,no_fall,0,data/raw/voxel_huggingface_data/No Fall/07.mp4,0.0,12.9934,12.0222,12.692,18,3,data/processed/window_poses_readable/train/label_no_fall/voxel_07__video_0p000s_to_12p993s/window_0018__time_12p022s_to_12p692s__frames_000359_to_000379.json,3,data/processed/frames/train/no_fall/voxel_07/frame_000359.jpg|data/processed/frames/train/no_fall/voxel_07/frame_000369.jpg|data/processed/frames/train/no_fall/voxel_07/frame_000379.jpg,12.0222|12.3571|12.692
voxel_07-7_w0000,voxel_07-7,train,no_fall,0,data/raw/voxel_huggingface_data/No Fall/07-7.mp4,0.0,7.5372,0.0,0.673,0,3,data/processed/window_poses_readable/train/label_no_fall/voxel_07-7__video_0p000s_to_7p537s/window_0000__time_0p000s_to_0p673s__frames_000000_to_000020.json,3,data/processed/frames/train/no_fall/voxel_07-7/frame_000000.jpg|data/processed/frames/train/no_fall/voxel_07-7/frame_000010.jpg|data/processed/frames/train/no_fall/voxel_07-7/frame_000020.jpg,0.0|0.3365|0.673
voxel_07-7_w0001,voxel_07-7,train,no_fall,0,data/raw/voxel_huggingface_data/No Fall/07-7.mp4,0.0,7.5372,0.673,1.3459,1,3,data/processed/window_poses_readable/train/label_no_fall/voxel_07-7__video_0p000s_to_7p537s/window_0001__time_0p673s_to_1p346s__frames_000020_to_000040.json,3,data/processed/frames/train/no_fall/voxel_07-7/frame_000020.jpg|data/processed/frames/train/no_fall/voxel_07-7/frame_000030.jpg|data/processed/frames/train/no_fall/voxel_07-7/frame_000040.jpg,0.673|1.0095|1.3459
voxel_07-7_w0002,voxel_07-7,train,no_fall,0,data/raw/voxel_huggingface_data/No Fall/07-7.mp4,0.0,7.5372,1.3459,2.0189,2,3,data/processed/window_poses_readable/train/label_no_fall/voxel_07-7__video_0p000s_to_7p537s/window_0002__time_1p346s_to_2p019s__frames_000040_to_000060.json,3,data/processed/frames/train/no_fall/voxel_07-7/frame_000040.jpg|data/processed/frames/train/no_fall/voxel_07-7/frame_000050.jpg|data/processed/frames/train/no_fall/voxel_07-7/frame_000060.jpg,1.3459|1.6824|2.0189
voxel_07-7_w0003,voxel_07-7,train,no_fall,0,data/raw/voxel_huggingface_data/No Fall/07-7.mp4,0.0,7.5372,2.0189,2.6919,3,3,data/processed/window_poses_readable/train/label_no_fall/voxel_07-7__video_0p000s_to_7p537s/window_0003__time_2p019s_to_2p692s__frames_000060_to_000080.json,3,data/processed/frames/train/no_fall/voxel_07-7/frame_000060.jpg|data/processed/frames/train/no_fall/voxel_07-7/frame_000070.jpg|data/processed/frames/train/no_fall/voxel_07-7/frame_000080.jpg,2.0189|2.3554|2.6919
voxel_07-7_w0004,voxel_07-7,train,no_fall,0,data/raw/voxel_huggingface_data/No Fall/07-7.mp4,0.0,7.5372,2.6919,3.3648,4,3,data/processed/window_poses_readable/train/label_no_fall/voxel_07-7__video_0p000s_to_7p537s/window_0004__time_2p692s_to_3p365s__frames_000080_to_000100.json,3,data/processed/frames/train/no_fall/voxel_07-7/frame_000080.jpg|data/processed/frames/train/no_fall/voxel_07-7/frame_000090.jpg|data/processed/frames/train/no_fall/voxel_07-7/frame_000100.jpg,2.6919|3.0284|3.3648
voxel_07-7_w0005,voxel_07-7,train,no_fall,0,data/raw/voxel_huggingface_data/No Fall/07-7.mp4,0.0,7.5372,3.3648,4.0042,5,3,data/processed/window_poses_readable/train/label_no_fall/voxel_07-7__video_0p000s_to_7p537s/window_0005__time_3p365s_to_4p004s__frames_000100_to_000119.json,3,data/processed/frames/train/no_fall/voxel_07-7/frame_000100.jpg|data/processed/frames/train/no_fall/voxel_07-7/frame_000109.jpg|data/processed/frames/train/no_fall/voxel_07-7/frame_000119.jpg,3.3648|3.6677|4.0042
voxel_07-7_w0006,voxel_07-7,train,no_fall,0,data/raw/voxel_huggingface_data/No Fall/07-7.mp4,0.0,7.5372,4.0042,4.6771,6,3,data/processed/window_poses_readable/train/label_no_fall/voxel_07-7__video_0p000s_to_7p537s/window_0006__time_4p004s_to_4p677s__frames_000119_to_000139.json,3,data/processed/frames/train/no_fall/voxel_07-7/frame_000119.jpg|data/processed/frames/train/no_fall/voxel_07-7/frame_000129.jpg|data/processed/frames/train/no_fall/voxel_07-7/frame_000139.jpg,4.0042|4.3406|4.6771
voxel_07-7_w0007,voxel_07-7,train,no_fall,0,data/raw/voxel_huggingface_data/No Fall/07-7.mp4,0.0,7.5372,4.6771,5.3501,7,3,data/processed/window_poses_readable/train/label_no_fall/voxel_07-7__video_0p000s_to_7p537s/window_0007__time_4p677s_to_5p350s__frames_000139_to_000159.json,3,data/processed/frames/train/no_fall/voxel_07-7/frame_000139.jpg|data/processed/frames/train/no_fall/voxel_07-7/frame_000149.jpg|data/processed/frames/train/no_fall/voxel_07-7/frame_000159.jpg,4.6771|5.0136|5.3501
voxel_07-7_w0008,voxel_07-7,train,no_fall,0,data/raw/voxel_huggingface_data/No Fall/07-7.mp4,0.0,7.5372,5.3501,6.0231,8,3,data/processed/window_poses_readable/train/label_no_fall/voxel_07-7__video_0p000s_to_7p537s/window_0008__time_5p350s_to_6p023s__frames_000159_to_000179.json,3,data/processed/frames/train/no_fall/voxel_07-7/frame_000159.jpg|data/processed/frames/train/no_fall/voxel_07-7/frame_000169.jpg|data/processed/frames/train/no_fall/voxel_07-7/frame_000179.jpg,5.3501|5.6866|6.0231
voxel_07-7_w0009,voxel_07-7,train,no_fall,0,data/raw/voxel_huggingface_data/No Fall/07-7.mp4,0.0,7.5372,6.0231,6.696,9,3,data/processed/window_poses_readable/train/label_no_fall/voxel_07-7__video_0p000s_to_7p537s/window_0009__time_6p023s_to_6p696s__frames_000179_to_000199.json,3,data/processed/frames/train/no_fall/voxel_07-7/frame_000179.jpg|data/processed/frames/train/no_fall/voxel_07-7/frame_000189.jpg|data/processed/frames/train/no_fall/voxel_07-7/frame_000199.jpg,6.0231|6.3595|6.696
voxel_07-7_w0010,voxel_07-7,train,no_fall,0,data/raw/voxel_huggingface_data/No Fall/07-7.mp4,0.0,7.5372,6.696,7.3353,10,3,data/processed/window_poses_readable/train/label_no_fall/voxel_07-7__video_0p000s_to_7p537s/window_0010__time_6p696s_to_7p335s__frames_000199_to_000218.json,3,data/processed/frames/train/no_fall/voxel_07-7/frame_000199.jpg|data/processed/frames/train/no_fall/voxel_07-7/frame_000209.jpg|data/processed/frames/train/no_fall/voxel_07-7/frame_000218.jpg,6.696|7.0325|7.3353
voxel_08_w0000,voxel_08,train,no_fall,0,data/raw/voxel_huggingface_data/No Fall/08.mp4,0.0,13.6656,0.0,0.6699,0,3,data/processed/window_poses_readable/train/label_no_fall/voxel_08__video_0p000s_to_13p666s/window_0000__time_0p000s_to_0p670s__frames_000000_to_000020.json,3,data/processed/frames/train/no_fall/voxel_08/frame_000000.jpg|data/processed/frames/train/no_fall/voxel_08/frame_000010.jpg|data/processed/frames/train/no_fall/voxel_08/frame_000020.jpg,0.0|0.3349|0.6699
voxel_08_w0001,voxel_08,train,no_fall,0,data/raw/voxel_huggingface_data/No Fall/08.mp4,0.0,13.6656,0.6699,1.3398,1,3,data/processed/window_poses_readable/train/label_no_fall/voxel_08__video_0p000s_to_13p666s/window_0001__time_0p670s_to_1p340s__frames_000020_to_000040.json,3,data/processed/frames/train/no_fall/voxel_08/frame_000020.jpg|data/processed/frames/train/no_fall/voxel_08/frame_000030.jpg|data/processed/frames/train/no_fall/voxel_08/frame_000040.jpg,0.6699|1.0048|1.3398
voxel_08_w0002,voxel_08,train,no_fall,0,data/raw/voxel_huggingface_data/No Fall/08.mp4,0.0,13.6656,1.3398,2.0096,2,3,data/processed/window_poses_readable/train/label_no_fall/voxel_08__video_0p000s_to_13p666s/window_0002__time_1p340s_to_2p010s__frames_000040_to_000060.json,3,data/processed/frames/train/no_fall/voxel_08/frame_000040.jpg|data/processed/frames/train/no_fall/voxel_08/frame_000050.jpg|data/processed/frames/train/no_fall/voxel_08/frame_000060.jpg,1.3398|1.6747|2.0096
voxel_08_w0003,voxel_08,train,no_fall,0,data/raw/voxel_huggingface_data/No Fall/08.mp4,0.0,13.6656,2.0096,2.6795,3,3,data/processed/window_poses_readable/train/label_no_fall/voxel_08__video_0p000s_to_13p666s/window_0003__time_2p010s_to_2p679s__frames_000060_to_000080.json,3,data/processed/frames/train/no_fall/voxel_08/frame_000060.jpg|data/processed/frames/train/no_fall/voxel_08/frame_000070.jpg|data/processed/frames/train/no_fall/voxel_08/frame_000080.jpg,2.0096|2.3446|2.6795
voxel_08_w0004,voxel_08,train,no_fall,0,data/raw/voxel_huggingface_data/No Fall/08.mp4,0.0,13.6656,2.6795,3.3494,4,3,data/processed/window_poses_readable/train/label_no_fall/voxel_08__video_0p000s_to_13p666s/window_0004__time_2p679s_to_3p349s__frames_000080_to_000100.json,3,data/processed/frames/train/no_fall/voxel_08/frame_000080.jpg|data/processed/frames/train/no_fall/voxel_08/frame_000090.jpg|data/processed/frames/train/no_fall/voxel_08/frame_000100.jpg,2.6795|3.0145|3.3494
voxel_08_w0005,voxel_08,train,no_fall,0,data/raw/voxel_huggingface_data/No Fall/08.mp4,0.0,13.6656,3.3494,4.0193,5,3,data/processed/window_poses_readable/train/label_no_fall/voxel_08__video_0p000s_to_13p666s/window_0005__time_3p349s_to_4p019s__frames_000100_to_000120.json,3,data/processed/frames/train/no_fall/voxel_08/frame_000100.jpg|data/processed/frames/train/no_fall/voxel_08/frame_000110.jpg|data/processed/frames/train/no_fall/voxel_08/frame_000120.jpg,3.3494|3.6844|4.0193
voxel_08_w0006,voxel_08,train,no_fall,0,data/raw/voxel_huggingface_data/No Fall/08.mp4,0.0,13.6656,4.0193,4.6892,6,3,data/processed/window_poses_readable/train/label_no_fall/voxel_08__video_0p000s_to_13p666s/window_0006__time_4p019s_to_4p689s__frames_000120_to_000140.json,3,data/processed/frames/train/no_fall/voxel_08/frame_000120.jpg|data/processed/frames/train/no_fall/voxel_08/frame_000130.jpg|data/processed/frames/train/no_fall/voxel_08/frame_000140.jpg,4.0193|4.3542|4.6892
voxel_08_w0007,voxel_08,train,no_fall,0,data/raw/voxel_huggingface_data/No Fall/08.mp4,0.0,13.6656,4.6892,5.3591,7,3,data/processed/window_poses_readable/train/label_no_fall/voxel_08__video_0p000s_to_13p666s/window_0007__time_4p689s_to_5p359s__frames_000140_to_000160.json,3,data/processed/frames/train/no_fall/voxel_08/frame_000140.jpg|data/processed/frames/train/no_fall/voxel_08/frame_000150.jpg|data/processed/frames/train/no_fall/voxel_08/frame_000160.jpg,4.6892|5.0241|5.3591
voxel_08_w0008,voxel_08,train,no_fall,0,data/raw/voxel_huggingface_data/No Fall/08.mp4,0.0,13.6656,5.3591,6.0289,8,3,data/processed/window_poses_readable/train/label_no_fall/voxel_08__video_0p000s_to_13p666s/window_0008__time_5p359s_to_6p029s__frames_000160_to_000180.json,3,data/processed/frames/train/no_fall/voxel_08/frame_000160.jpg|data/processed/frames/train/no_fall/voxel_08/frame_000170.jpg|data/processed/frames/train/no_fall/voxel_08/frame_000180.jpg,5.3591|5.694|6.0289
voxel_08_w0009,voxel_08,train,no_fall,0,data/raw/voxel_huggingface_data/No Fall/08.mp4,0.0,13.6656,6.0289,6.6988,9,3,data/processed/window_poses_readable/train/label_no_fall/voxel_08__video_0p000s_to_13p666s/window_0009__time_6p029s_to_6p699s__frames_000180_to_000200.json,3,data/processed/frames/train/no_fall/voxel_08/frame_000180.jpg|data/processed/frames/train/no_fall/voxel_08/frame_000190.jpg|data/processed/frames/train/no_fall/voxel_08/frame_000200.jpg,6.0289|6.3639|6.6988
voxel_08_w0010,voxel_08,train,no_fall,0,data/raw/voxel_huggingface_data/No Fall/08.mp4,0.0,13.6656,6.6988,7.3352,10,3,data/processed/window_poses_readable/train/label_no_fall/voxel_08__video_0p000s_to_13p666s/window_0010__time_6p699s_to_7p335s__frames_000200_to_000219.json,3,data/processed/frames/train/no_fall/voxel_08/frame_000200.jpg|data/processed/frames/train/no_fall/voxel_08/frame_000209.jpg|data/processed/frames/train/no_fall/voxel_08/frame_000219.jpg,6.6988|7.0003|7.3352
voxel_08_w0011,voxel_08,train,no_fall,0,data/raw/voxel_huggingface_data/No Fall/08.mp4,0.0,13.6656,7.3352,8.0051,11,3,data/processed/window_poses_readable/train/label_no_fall/voxel_08__video_0p000s_to_13p666s/window_0011__time_7p335s_to_8p005s__frames_000219_to_000239.json,3,data/processed/frames/train/no_fall/voxel_08/frame_000219.jpg|data/processed/frames/train/no_fall/voxel_08/frame_000229.jpg|data/processed/frames/train/no_fall/voxel_08/frame_000239.jpg,7.3352|7.6702|8.0051
voxel_08_w0012,voxel_08,train,no_fall,0,data/raw/voxel_huggingface_data/No Fall/08.mp4,0.0,13.6656,8.0051,8.675,12,3,data/processed/window_poses_readable/train/label_no_fall/voxel_08__video_0p000s_to_13p666s/window_0012__time_8p005s_to_8p675s__frames_000239_to_000259.json,3,data/processed/frames/train/no_fall/voxel_08/frame_000239.jpg|data/processed/frames/train/no_fall/voxel_08/frame_000249.jpg|data/processed/frames/train/no_fall/voxel_08/frame_000259.jpg,8.0051|8.34|8.675
voxel_08_w0013,voxel_08,train,no_fall,0,data/raw/voxel_huggingface_data/No Fall/08.mp4,0.0,13.6656,8.675,9.3449,13,3,data/processed/window_poses_readable/train/label_no_fall/voxel_08__video_0p000s_to_13p666s/window_0013__time_8p675s_to_9p345s__frames_000259_to_000279.json,3,data/processed/frames/train/no_fall/voxel_08/frame_000259.jpg|data/processed/frames/train/no_fall/voxel_08/frame_000269.jpg|data/processed/frames/train/no_fall/voxel_08/frame_000279.jpg,8.675|9.0099|9.3449
voxel_08_w0014,voxel_08,train,no_fall,0,data/raw/voxel_huggingface_data/No Fall/08.mp4,0.0,13.6656,9.3449,10.0147,14,3,data/processed/window_poses_readable/train/label_no_fall/voxel_08__video_0p000s_to_13p666s/window_0014__time_9p345s_to_10p015s__frames_000279_to_000299.json,3,data/processed/frames/train/no_fall/voxel_08/frame_000279.jpg|data/processed/frames/train/no_fall/voxel_08/frame_000289.jpg|data/processed/frames/train/no_fall/voxel_08/frame_000299.jpg,9.3449|9.6798|10.0147
voxel_08_w0015,voxel_08,train,no_fall,0,data/raw/voxel_huggingface_data/No Fall/08.mp4,0.0,13.6656,10.0147,10.6846,15,3,data/processed/window_poses_readable/train/label_no_fall/voxel_08__video_0p000s_to_13p666s/window_0015__time_10p015s_to_10p685s__frames_000299_to_000319.json,3,data/processed/frames/train/no_fall/voxel_08/frame_000299.jpg|data/processed/frames/train/no_fall/voxel_08/frame_000309.jpg|data/processed/frames/train/no_fall/voxel_08/frame_000319.jpg,10.0147|10.3497|10.6846
voxel_08_w0016,voxel_08,train,no_fall,0,data/raw/voxel_huggingface_data/No Fall/08.mp4,0.0,13.6656,10.6846,11.3545,16,3,data/processed/window_poses_readable/train/label_no_fall/voxel_08__video_0p000s_to_13p666s/window_0016__time_10p685s_to_11p354s__frames_000319_to_000339.json,3,data/processed/frames/train/no_fall/voxel_08/frame_000319.jpg|data/processed/frames/train/no_fall/voxel_08/frame_000329.jpg|data/processed/frames/train/no_fall/voxel_08/frame_000339.jpg,10.6846|11.0196|11.3545
voxel_08_w0017,voxel_08,train,no_fall,0,data/raw/voxel_huggingface_data/No Fall/08.mp4,0.0,13.6656,11.3545,12.0244,17,3,data/processed/window_poses_readable/train/label_no_fall/voxel_08__video_0p000s_to_13p666s/window_0017__time_11p354s_to_12p024s__frames_000339_to_000359.json,3,data/processed/frames/train/no_fall/voxel_08/frame_000339.jpg|data/processed/frames/train/no_fall/voxel_08/frame_000349.jpg|data/processed/frames/train/no_fall/voxel_08/frame_000359.jpg,11.3545|11.6894|12.0244
voxel_08_w0018,voxel_08,train,no_fall,0,data/raw/voxel_huggingface_data/No Fall/08.mp4,0.0,13.6656,12.0244,12.6943,18,3,data/processed/window_poses_readable/train/label_no_fall/voxel_08__video_0p000s_to_13p666s/window_0018__time_12p024s_to_12p694s__frames_000359_to_000379.json,3,data/processed/frames/train/no_fall/voxel_08/frame_000359.jpg|data/processed/frames/train/no_fall/voxel_08/frame_000369.jpg|data/processed/frames/train/no_fall/voxel_08/frame_000379.jpg,12.0244|12.3593|12.6943
voxel_08_w0019,voxel_08,train,no_fall,0,data/raw/voxel_huggingface_data/No Fall/08.mp4,0.0,13.6656,12.6943,13.3641,19,3,data/processed/window_poses_readable/train/label_no_fall/voxel_08__video_0p000s_to_13p666s/window_0019__time_12p694s_to_13p364s__frames_000379_to_000399.json,3,data/processed/frames/train/no_fall/voxel_08/frame_000379.jpg|data/processed/frames/train/no_fall/voxel_08/frame_000389.jpg|data/processed/frames/train/no_fall/voxel_08/frame_000399.jpg,12.6943|13.0292|13.3641
voxel_08-5_w0000,voxel_08-5,train,no_fall,0,data/raw/voxel_huggingface_data/No Fall/08-5.mp4,0.0,12.3375,0.0,0.6705,0,3,data/processed/window_poses_readable/train/label_no_fall/voxel_08-5__video_0p000s_to_12p338s/window_0000__time_0p000s_to_0p670s__frames_000000_to_000020.json,2,data/processed/frames/train/no_fall/voxel_08-5/frame_000000.jpg|data/processed/frames/train/no_fall/voxel_08-5/frame_000010.jpg|data/processed/frames/train/no_fall/voxel_08-5/frame_000020.jpg,0.0|0.3353|0.6705
voxel_08-5_w0001,voxel_08-5,train,no_fall,0,data/raw/voxel_huggingface_data/No Fall/08-5.mp4,0.0,12.3375,0.6705,1.341,1,3,data/processed/window_poses_readable/train/label_no_fall/voxel_08-5__video_0p000s_to_12p338s/window_0001__time_0p670s_to_1p341s__frames_000020_to_000040.json,3,data/processed/frames/train/no_fall/voxel_08-5/frame_000020.jpg|data/processed/frames/train/no_fall/voxel_08-5/frame_000030.jpg|data/processed/frames/train/no_fall/voxel_08-5/frame_000040.jpg,0.6705|1.0058|1.341
voxel_08-5_w0002,voxel_08-5,train,no_fall,0,data/raw/voxel_huggingface_data/No Fall/08-5.mp4,0.0,12.3375,1.341,2.0115,2,3,data/processed/window_poses_readable/train/label_no_fall/voxel_08-5__video_0p000s_to_12p338s/window_0002__time_1p341s_to_2p011s__frames_000040_to_000060.json,3,data/processed/frames/train/no_fall/voxel_08-5/frame_000040.jpg|data/processed/frames/train/no_fall/voxel_08-5/frame_000050.jpg|data/processed/frames/train/no_fall/voxel_08-5/frame_000060.jpg,1.341|1.6763|2.0115
voxel_08-5_w0003,voxel_08-5,train,no_fall,0,data/raw/voxel_huggingface_data/No Fall/08-5.mp4,0.0,12.3375,2.0115,2.6821,3,3,data/processed/window_poses_readable/train/label_no_fall/voxel_08-5__video_0p000s_to_12p338s/window_0003__time_2p011s_to_2p682s__frames_000060_to_000080.json,3,data/processed/frames/train/no_fall/voxel_08-5/frame_000060.jpg|data/processed/frames/train/no_fall/voxel_08-5/frame_000070.jpg|data/processed/frames/train/no_fall/voxel_08-5/frame_000080.jpg,2.0115|2.3468|2.6821
voxel_08-5_w0004,voxel_08-5,train,no_fall,0,data/raw/voxel_huggingface_data/No Fall/08-5.mp4,0.0,12.3375,2.6821,3.3526,4,3,data/processed/window_poses_readable/train/label_no_fall/voxel_08-5__video_0p000s_to_12p338s/window_0004__time_2p682s_to_3p353s__frames_000080_to_000100.json,3,data/processed/frames/train/no_fall/voxel_08-5/frame_000080.jpg|data/processed/frames/train/no_fall/voxel_08-5/frame_000090.jpg|data/processed/frames/train/no_fall/voxel_08-5/frame_000100.jpg,2.6821|3.0173|3.3526
voxel_08-5_w0005,voxel_08-5,train,no_fall,0,data/raw/voxel_huggingface_data/No Fall/08-5.mp4,0.0,12.3375,3.3526,4.0231,5,3,data/processed/window_poses_readable/train/label_no_fall/voxel_08-5__video_0p000s_to_12p338s/window_0005__time_3p353s_to_4p023s__frames_000100_to_000120.json,3,data/processed/frames/train/no_fall/voxel_08-5/frame_000100.jpg|data/processed/frames/train/no_fall/voxel_08-5/frame_000110.jpg|data/processed/frames/train/no_fall/voxel_08-5/frame_000120.jpg,3.3526|3.6878|4.0231
voxel_08-5_w0006,voxel_08-5,train,no_fall,0,data/raw/voxel_huggingface_data/No Fall/08-5.mp4,0.0,12.3375,4.0231,4.6936,6,3,data/processed/window_poses_readable/train/label_no_fall/voxel_08-5__video_0p000s_to_12p338s/window_0006__time_4p023s_to_4p694s__frames_000120_to_000140.json,3,data/processed/frames/train/no_fall/voxel_08-5/frame_000120.jpg|data/processed/frames/train/no_fall/voxel_08-5/frame_000130.jpg|data/processed/frames/train/no_fall/voxel_08-5/frame_000140.jpg,4.0231|4.3584|4.6936
voxel_08-5_w0007,voxel_08-5,train,no_fall,0,data/raw/voxel_huggingface_data/No Fall/08-5.mp4,0.0,12.3375,4.6936,5.3641,7,3,data/processed/window_poses_readable/train/label_no_fall/voxel_08-5__video_0p000s_to_12p338s/window_0007__time_4p694s_to_5p364s__frames_000140_to_000160.json,3,data/processed/frames/train/no_fall/voxel_08-5/frame_000140.jpg|data/processed/frames/train/no_fall/voxel_08-5/frame_000150.jpg|data/processed/frames/train/no_fall/voxel_08-5/frame_000160.jpg,4.6936|5.0289|5.3641
voxel_08-5_w0008,voxel_08-5,train,no_fall,0,data/raw/voxel_huggingface_data/No Fall/08-5.mp4,0.0,12.3375,5.3641,6.0011,8,3,data/processed/window_poses_readable/train/label_no_fall/voxel_08-5__video_0p000s_to_12p338s/window_0008__time_5p364s_to_6p001s__frames_000160_to_000179.json,3,data/processed/frames/train/no_fall/voxel_08-5/frame_000160.jpg|data/processed/frames/train/no_fall/voxel_08-5/frame_000170.jpg|data/processed/frames/train/no_fall/voxel_08-5/frame_000179.jpg,5.3641|5.6994|6.0011
voxel_08-5_w0009,voxel_08-5,train,no_fall,0,data/raw/voxel_huggingface_data/No Fall/08-5.mp4,0.0,12.3375,6.0011,6.6716,9,3,data/processed/window_poses_readable/train/label_no_fall/voxel_08-5__video_0p000s_to_12p338s/window_0009__time_6p001s_to_6p672s__frames_000179_to_000199.json,3,data/processed/frames/train/no_fall/voxel_08-5/frame_000179.jpg|data/processed/frames/train/no_fall/voxel_08-5/frame_000189.jpg|data/processed/frames/train/no_fall/voxel_08-5/frame_000199.jpg,6.0011|6.3364|6.6716
voxel_08-5_w0010,voxel_08-5,train,no_fall,0,data/raw/voxel_huggingface_data/No Fall/08-5.mp4,0.0,12.3375,6.6716,7.3421,10,3,data/processed/window_poses_readable/train/label_no_fall/voxel_08-5__video_0p000s_to_12p338s/window_0010__time_6p672s_to_7p342s__frames_000199_to_000219.json,3,data/processed/frames/train/no_fall/voxel_08-5/frame_000199.jpg|data/processed/frames/train/no_fall/voxel_08-5/frame_000209.jpg|data/processed/frames/train/no_fall/voxel_08-5/frame_000219.jpg,6.6716|7.0069|7.3421
voxel_08-5_w0011,voxel_08-5,train,no_fall,0,data/raw/voxel_huggingface_data/No Fall/08-5.mp4,0.0,12.3375,7.3421,8.0127,11,3,data/processed/window_poses_readable/train/label_no_fall/voxel_08-5__video_0p000s_to_12p338s/window_0011__time_7p342s_to_8p013s__frames_000219_to_000239.json,3,data/processed/frames/train/no_fall/voxel_08-5/frame_000219.jpg|data/processed/frames/train/no_fall/voxel_08-5/frame_000229.jpg|data/processed/frames/train/no_fall/voxel_08-5/frame_000239.jpg,7.3421|7.6774|8.0127
voxel_08-5_w0012,voxel_08-5,train,no_fall,0,data/raw/voxel_huggingface_data/No Fall/08-5.mp4,0.0,12.3375,8.0127,8.6832,12,3,data/processed/window_poses_readable/train/label_no_fall/voxel_08-5__video_0p000s_to_12p338s/window_0012__time_8p013s_to_8p683s__frames_000239_to_000259.json,3,data/processed/frames/train/no_fall/voxel_08-5/frame_000239.jpg|data/processed/frames/train/no_fall/voxel_08-5/frame_000249.jpg|data/processed/frames/train/no_fall/voxel_08-5/frame_000259.jpg,8.0127|8.3479|8.6832
voxel_08-5_w0013,voxel_08-5,train,no_fall,0,data/raw/voxel_huggingface_data/No Fall/08-5.mp4,0.0,12.3375,8.6832,9.3537,13,3,data/processed/window_poses_readable/train/label_no_fall/voxel_08-5__video_0p000s_to_12p338s/window_0013__time_8p683s_to_9p354s__frames_000259_to_000279.json,3,data/processed/frames/train/no_fall/voxel_08-5/frame_000259.jpg|data/processed/frames/train/no_fall/voxel_08-5/frame_000269.jpg|data/processed/frames/train/no_fall/voxel_08-5/frame_000279.jpg,8.6832|9.0184|9.3537
voxel_08-5_w0014,voxel_08-5,train,no_fall,0,data/raw/voxel_huggingface_data/No Fall/08-5.mp4,0.0,12.3375,9.3537,10.0242,14,3,data/processed/window_poses_readable/train/label_no_fall/voxel_08-5__video_0p000s_to_12p338s/window_0014__time_9p354s_to_10p024s__frames_000279_to_000299.json,3,data/processed/frames/train/no_fall/voxel_08-5/frame_000279.jpg|data/processed/frames/train/no_fall/voxel_08-5/frame_000289.jpg|data/processed/frames/train/no_fall/voxel_08-5/frame_000299.jpg,9.3537|9.6889|10.0242
voxel_08-5_w0015,voxel_08-5,train,no_fall,0,data/raw/voxel_huggingface_data/No Fall/08-5.mp4,0.0,12.3375,10.0242,10.6947,15,3,data/processed/window_poses_readable/train/label_no_fall/voxel_08-5__video_0p000s_to_12p338s/window_0015__time_10p024s_to_10p695s__frames_000299_to_000319.json,3,data/processed/frames/train/no_fall/voxel_08-5/frame_000299.jpg|data/processed/frames/train/no_fall/voxel_08-5/frame_000309.jpg|data/processed/frames/train/no_fall/voxel_08-5/frame_000319.jpg,10.0242|10.3595|10.6947
voxel_08-5_w0016,voxel_08-5,train,no_fall,0,data/raw/voxel_huggingface_data/No Fall/08-5.mp4,0.0,12.3375,10.6947,11.3652,16,3,data/processed/window_poses_readable/train/label_no_fall/voxel_08-5__video_0p000s_to_12p338s/window_0016__time_10p695s_to_11p365s__frames_000319_to_000339.json,3,data/processed/frames/train/no_fall/voxel_08-5/frame_000319.jpg|data/processed/frames/train/no_fall/voxel_08-5/frame_000329.jpg|data/processed/frames/train/no_fall/voxel_08-5/frame_000339.jpg,10.6947|11.03|11.3652
voxel_08-5_w0017,voxel_08-5,train,no_fall,0,data/raw/voxel_huggingface_data/No Fall/08-5.mp4,0.0,12.3375,11.3652,12.0022,17,3,data/processed/window_poses_readable/train/label_no_fall/voxel_08-5__video_0p000s_to_12p338s/window_0017__time_11p365s_to_12p002s__frames_000339_to_000358.json,3,data/processed/frames/train/no_fall/voxel_08-5/frame_000339.jpg|data/processed/frames/train/no_fall/voxel_08-5/frame_000348.jpg|data/processed/frames/train/no_fall/voxel_08-5/frame_000358.jpg,11.3652|11.667|12.0022
voxel_08-7_w0000,voxel_08-7,train,no_fall,0,data/raw/voxel_huggingface_data/No Fall/08-7.mp4,0.0,6.2894,0.0,0.6727,0,3,data/processed/window_poses_readable/train/label_no_fall/voxel_08-7__video_0p000s_to_6p289s/window_0000__time_0p000s_to_0p673s__frames_000000_to_000020.json,3,data/processed/frames/train/no_fall/voxel_08-7/frame_000000.jpg|data/processed/frames/train/no_fall/voxel_08-7/frame_000010.jpg|data/processed/frames/train/no_fall/voxel_08-7/frame_000020.jpg,0.0|0.3363|0.6727
voxel_08-7_w0001,voxel_08-7,train,no_fall,0,data/raw/voxel_huggingface_data/No Fall/08-7.mp4,0.0,6.2894,0.6727,1.3453,1,3,data/processed/window_poses_readable/train/label_no_fall/voxel_08-7__video_0p000s_to_6p289s/window_0001__time_0p673s_to_1p345s__frames_000020_to_000040.json,3,data/processed/frames/train/no_fall/voxel_08-7/frame_000020.jpg|data/processed/frames/train/no_fall/voxel_08-7/frame_000030.jpg|data/processed/frames/train/no_fall/voxel_08-7/frame_000040.jpg,0.6727|1.009|1.3453
voxel_08-7_w0002,voxel_08-7,train,no_fall,0,data/raw/voxel_huggingface_data/No Fall/08-7.mp4,0.0,6.2894,1.3453,2.018,2,3,data/processed/window_poses_readable/train/label_no_fall/voxel_08-7__video_0p000s_to_6p289s/window_0002__time_1p345s_to_2p018s__frames_000040_to_000060.json,3,data/processed/frames/train/no_fall/voxel_08-7/frame_000040.jpg|data/processed/frames/train/no_fall/voxel_08-7/frame_000050.jpg|data/processed/frames/train/no_fall/voxel_08-7/frame_000060.jpg,1.3453|1.6817|2.018
voxel_08-7_w0003,voxel_08-7,train,no_fall,0,data/raw/voxel_huggingface_data/No Fall/08-7.mp4,0.0,6.2894,2.018,2.6907,3,3,data/processed/window_poses_readable/train/label_no_fall/voxel_08-7__video_0p000s_to_6p289s/window_0003__time_2p018s_to_2p691s__frames_000060_to_000080.json,3,data/processed/frames/train/no_fall/voxel_08-7/frame_000060.jpg|data/processed/frames/train/no_fall/voxel_08-7/frame_000070.jpg|data/processed/frames/train/no_fall/voxel_08-7/frame_000080.jpg,2.018|2.3543|2.6907
voxel_08-7_w0004,voxel_08-7,train,no_fall,0,data/raw/voxel_huggingface_data/No Fall/08-7.mp4,0.0,6.2894,2.6907,3.3633,4,3,data/processed/window_poses_readable/train/label_no_fall/voxel_08-7__video_0p000s_to_6p289s/window_0004__time_2p691s_to_3p363s__frames_000080_to_000100.json,3,data/processed/frames/train/no_fall/voxel_08-7/frame_000080.jpg|data/processed/frames/train/no_fall/voxel_08-7/frame_000090.jpg|data/processed/frames/train/no_fall/voxel_08-7/frame_000100.jpg,2.6907|3.027|3.3633
voxel_08-7_w0005,voxel_08-7,train,no_fall,0,data/raw/voxel_huggingface_data/No Fall/08-7.mp4,0.0,6.2894,3.3633,4.0024,5,3,data/processed/window_poses_readable/train/label_no_fall/voxel_08-7__video_0p000s_to_6p289s/window_0005__time_3p363s_to_4p002s__frames_000100_to_000119.json,3,data/processed/frames/train/no_fall/voxel_08-7/frame_000100.jpg|data/processed/frames/train/no_fall/voxel_08-7/frame_000110.jpg|data/processed/frames/train/no_fall/voxel_08-7/frame_000119.jpg,3.3633|3.6997|4.0024
voxel_08-7_w0006,voxel_08-7,train,no_fall,0,data/raw/voxel_huggingface_data/No Fall/08-7.mp4,0.0,6.2894,4.0024,4.675,6,3,data/processed/window_poses_readable/train/label_no_fall/voxel_08-7__video_0p000s_to_6p289s/window_0006__time_4p002s_to_4p675s__frames_000119_to_000139.json,3,data/processed/frames/train/no_fall/voxel_08-7/frame_000119.jpg|data/processed/frames/train/no_fall/voxel_08-7/frame_000129.jpg|data/processed/frames/train/no_fall/voxel_08-7/frame_000139.jpg,4.0024|4.3387|4.675
voxel_08-7_w0007,voxel_08-7,train,no_fall,0,data/raw/voxel_huggingface_data/No Fall/08-7.mp4,0.0,6.2894,4.675,5.3477,7,3,data/processed/window_poses_readable/train/label_no_fall/voxel_08-7__video_0p000s_to_6p289s/window_0007__time_4p675s_to_5p348s__frames_000139_to_000159.json,3,data/processed/frames/train/no_fall/voxel_08-7/frame_000139.jpg|data/processed/frames/train/no_fall/voxel_08-7/frame_000149.jpg|data/processed/frames/train/no_fall/voxel_08-7/frame_000159.jpg,4.675|5.0114|5.3477
voxel_08-7_w0008,voxel_08-7,train,no_fall,0,data/raw/voxel_huggingface_data/No Fall/08-7.mp4,0.0,6.2894,5.3477,6.0204,8,3,data/processed/window_poses_readable/train/label_no_fall/voxel_08-7__video_0p000s_to_6p289s/window_0008__time_5p348s_to_6p020s__frames_000159_to_000179.json,3,data/processed/frames/train/no_fall/voxel_08-7/frame_000159.jpg|data/processed/frames/train/no_fall/voxel_08-7/frame_000169.jpg|data/processed/frames/train/no_fall/voxel_08-7/frame_000179.jpg,5.3477|5.684|6.0204
voxel_09-5_w0000,voxel_09-5,train,no_fall,0,data/raw/voxel_huggingface_data/No Fall/09-5.mp4,0.0,12.1295,0.0,0.6701,0,3,data/processed/window_poses_readable/train/label_no_fall/voxel_09-5__video_0p000s_to_12p130s/window_0000__time_0p000s_to_0p670s__frames_000000_to_000020.json,3,data/processed/frames/train/no_fall/voxel_09-5/frame_000000.jpg|data/processed/frames/train/no_fall/voxel_09-5/frame_000010.jpg|data/processed/frames/train/no_fall/voxel_09-5/frame_000020.jpg,0.0|0.3351|0.6701
voxel_09-5_w0001,voxel_09-5,train,no_fall,0,data/raw/voxel_huggingface_data/No Fall/09-5.mp4,0.0,12.1295,0.6701,1.3403,1,3,data/processed/window_poses_readable/train/label_no_fall/voxel_09-5__video_0p000s_to_12p130s/window_0001__time_0p670s_to_1p340s__frames_000020_to_000040.json,3,data/processed/frames/train/no_fall/voxel_09-5/frame_000020.jpg|data/processed/frames/train/no_fall/voxel_09-5/frame_000030.jpg|data/processed/frames/train/no_fall/voxel_09-5/frame_000040.jpg,0.6701|1.0052|1.3403
voxel_09-5_w0002,voxel_09-5,train,no_fall,0,data/raw/voxel_huggingface_data/No Fall/09-5.mp4,0.0,12.1295,1.3403,2.0104,2,3,data/processed/window_poses_readable/train/label_no_fall/voxel_09-5__video_0p000s_to_12p130s/window_0002__time_1p340s_to_2p010s__frames_000040_to_000060.json,3,data/processed/frames/train/no_fall/voxel_09-5/frame_000040.jpg|data/processed/frames/train/no_fall/voxel_09-5/frame_000050.jpg|data/processed/frames/train/no_fall/voxel_09-5/frame_000060.jpg,1.3403|1.6753|2.0104
voxel_09-5_w0003,voxel_09-5,train,no_fall,0,data/raw/voxel_huggingface_data/No Fall/09-5.mp4,0.0,12.1295,2.0104,2.6805,3,3,data/processed/window_poses_readable/train/label_no_fall/voxel_09-5__video_0p000s_to_12p130s/window_0003__time_2p010s_to_2p680s__frames_000060_to_000080.json,3,data/processed/frames/train/no_fall/voxel_09-5/frame_000060.jpg|data/processed/frames/train/no_fall/voxel_09-5/frame_000070.jpg|data/processed/frames/train/no_fall/voxel_09-5/frame_000080.jpg,2.0104|2.3455|2.6805
voxel_09-5_w0004,voxel_09-5,train,no_fall,0,data/raw/voxel_huggingface_data/No Fall/09-5.mp4,0.0,12.1295,2.6805,3.3507,4,3,data/processed/window_poses_readable/train/label_no_fall/voxel_09-5__video_0p000s_to_12p130s/window_0004__time_2p680s_to_3p351s__frames_000080_to_000100.json,3,data/processed/frames/train/no_fall/voxel_09-5/frame_000080.jpg|data/processed/frames/train/no_fall/voxel_09-5/frame_000090.jpg|data/processed/frames/train/no_fall/voxel_09-5/frame_000100.jpg,2.6805|3.0156|3.3507
voxel_09-5_w0005,voxel_09-5,train,no_fall,0,data/raw/voxel_huggingface_data/No Fall/09-5.mp4,0.0,12.1295,3.3507,4.0208,5,3,data/processed/window_poses_readable/train/label_no_fall/voxel_09-5__video_0p000s_to_12p130s/window_0005__time_3p351s_to_4p021s__frames_000100_to_000120.json,3,data/processed/frames/train/no_fall/voxel_09-5/frame_000100.jpg|data/processed/frames/train/no_fall/voxel_09-5/frame_000110.jpg|data/processed/frames/train/no_fall/voxel_09-5/frame_000120.jpg,3.3507|3.6857|4.0208
voxel_09-5_w0006,voxel_09-5,train,no_fall,0,data/raw/voxel_huggingface_data/No Fall/09-5.mp4,0.0,12.1295,4.0208,4.691,6,3,data/processed/window_poses_readable/train/label_no_fall/voxel_09-5__video_0p000s_to_12p130s/window_0006__time_4p021s_to_4p691s__frames_000120_to_000140.json,3,data/processed/frames/train/no_fall/voxel_09-5/frame_000120.jpg|data/processed/frames/train/no_fall/voxel_09-5/frame_000130.jpg|data/processed/frames/train/no_fall/voxel_09-5/frame_000140.jpg,4.0208|4.3559|4.691
voxel_09-5_w0007,voxel_09-5,train,no_fall,0,data/raw/voxel_huggingface_data/No Fall/09-5.mp4,0.0,12.1295,4.691,5.3611,7,3,data/processed/window_poses_readable/train/label_no_fall/voxel_09-5__video_0p000s_to_12p130s/window_0007__time_4p691s_to_5p361s__frames_000140_to_000160.json,3,data/processed/frames/train/no_fall/voxel_09-5/frame_000140.jpg|data/processed/frames/train/no_fall/voxel_09-5/frame_000150.jpg|data/processed/frames/train/no_fall/voxel_09-5/frame_000160.jpg,4.691|5.026|5.3611
voxel_09-5_w0008,voxel_09-5,train,no_fall,0,data/raw/voxel_huggingface_data/No Fall/09-5.mp4,0.0,12.1295,5.3611,6.0312,8,3,data/processed/window_poses_readable/train/label_no_fall/voxel_09-5__video_0p000s_to_12p130s/window_0008__time_5p361s_to_6p031s__frames_000160_to_000180.json,3,data/processed/frames/train/no_fall/voxel_09-5/frame_000160.jpg|data/processed/frames/train/no_fall/voxel_09-5/frame_000170.jpg|data/processed/frames/train/no_fall/voxel_09-5/frame_000180.jpg,5.3611|5.6962|6.0312
voxel_09-5_w0009,voxel_09-5,train,no_fall,0,data/raw/voxel_huggingface_data/No Fall/09-5.mp4,0.0,12.1295,6.0312,6.6679,9,3,data/processed/window_poses_readable/train/label_no_fall/voxel_09-5__video_0p000s_to_12p130s/window_0009__time_6p031s_to_6p668s__frames_000180_to_000199.json,3,data/processed/frames/train/no_fall/voxel_09-5/frame_000180.jpg|data/processed/frames/train/no_fall/voxel_09-5/frame_000190.jpg|data/processed/frames/train/no_fall/voxel_09-5/frame_000199.jpg,6.0312|6.3663|6.6679
voxel_09-5_w0010,voxel_09-5,train,no_fall,0,data/raw/voxel_huggingface_data/No Fall/09-5.mp4,0.0,12.1295,6.6679,7.338,10,3,data/processed/window_poses_readable/train/label_no_fall/voxel_09-5__video_0p000s_to_12p130s/window_0010__time_6p668s_to_7p338s__frames_000199_to_000219.json,3,data/processed/frames/train/no_fall/voxel_09-5/frame_000199.jpg|data/processed/frames/train/no_fall/voxel_09-5/frame_000209.jpg|data/processed/frames/train/no_fall/voxel_09-5/frame_000219.jpg,6.6679|7.0029|7.338
voxel_09-5_w0011,voxel_09-5,train,no_fall,0,data/raw/voxel_huggingface_data/No Fall/09-5.mp4,0.0,12.1295,7.338,8.0081,11,3,data/processed/window_poses_readable/train/label_no_fall/voxel_09-5__video_0p000s_to_12p130s/window_0011__time_7p338s_to_8p008s__frames_000219_to_000239.json,3,data/processed/frames/train/no_fall/voxel_09-5/frame_000219.jpg|data/processed/frames/train/no_fall/voxel_09-5/frame_000229.jpg|data/processed/frames/train/no_fall/voxel_09-5/frame_000239.jpg,7.338|7.6731|8.0081
voxel_09-5_w0012,voxel_09-5,train,no_fall,0,data/raw/voxel_huggingface_data/No Fall/09-5.mp4,0.0,12.1295,8.0081,8.6783,12,3,data/processed/window_poses_readable/train/label_no_fall/voxel_09-5__video_0p000s_to_12p130s/window_0012__time_8p008s_to_8p678s__frames_000239_to_000259.json,3,data/processed/frames/train/no_fall/voxel_09-5/frame_000239.jpg|data/processed/frames/train/no_fall/voxel_09-5/frame_000249.jpg|data/processed/frames/train/no_fall/voxel_09-5/frame_000259.jpg,8.0081|8.3432|8.6783
voxel_09-5_w0013,voxel_09-5,train,no_fall,0,data/raw/voxel_huggingface_data/No Fall/09-5.mp4,0.0,12.1295,8.6783,9.3484,13,3,data/processed/window_poses_readable/train/label_no_fall/voxel_09-5__video_0p000s_to_12p130s/window_0013__time_8p678s_to_9p348s__frames_000259_to_000279.json,3,data/processed/frames/train/no_fall/voxel_09-5/frame_000259.jpg|data/processed/frames/train/no_fall/voxel_09-5/frame_000269.jpg|data/processed/frames/train/no_fall/voxel_09-5/frame_000279.jpg,8.6783|9.0133|9.3484
voxel_09-5_w0014,voxel_09-5,train,no_fall,0,data/raw/voxel_huggingface_data/No Fall/09-5.mp4,0.0,12.1295,9.3484,10.0185,14,3,data/processed/window_poses_readable/train/label_no_fall/voxel_09-5__video_0p000s_to_12p130s/window_0014__time_9p348s_to_10p018s__frames_000279_to_000299.json,3,data/processed/frames/train/no_fall/voxel_09-5/frame_000279.jpg|data/processed/frames/train/no_fall/voxel_09-5/frame_000289.jpg|data/processed/frames/train/no_fall/voxel_09-5/frame_000299.jpg,9.3484|9.6835|10.0185
voxel_09-5_w0015,voxel_09-5,train,no_fall,0,data/raw/voxel_huggingface_data/No Fall/09-5.mp4,0.0,12.1295,10.0185,10.6887,15,3,data/processed/window_poses_readable/train/label_no_fall/voxel_09-5__video_0p000s_to_12p130s/window_0015__time_10p018s_to_10p689s__frames_000299_to_000319.json,3,data/processed/frames/train/no_fall/voxel_09-5/frame_000299.jpg|data/processed/frames/train/no_fall/voxel_09-5/frame_000309.jpg|data/processed/frames/train/no_fall/voxel_09-5/frame_000319.jpg,10.0185|10.3536|10.6887
voxel_09-5_w0016,voxel_09-5,train,no_fall,0,data/raw/voxel_huggingface_data/No Fall/09-5.mp4,0.0,12.1295,10.6887,11.3588,16,3,data/processed/window_poses_readable/train/label_no_fall/voxel_09-5__video_0p000s_to_12p130s/window_0016__time_10p689s_to_11p359s__frames_000319_to_000339.json,3,data/processed/frames/train/no_fall/voxel_09-5/frame_000319.jpg|data/processed/frames/train/no_fall/voxel_09-5/frame_000329.jpg|data/processed/frames/train/no_fall/voxel_09-5/frame_000339.jpg,10.6887|11.0237|11.3588
voxel_09-5_w0017,voxel_09-5,train,no_fall,0,data/raw/voxel_huggingface_data/No Fall/09-5.mp4,0.0,12.1295,11.3588,12.0289,17,3,data/processed/window_poses_readable/train/label_no_fall/voxel_09-5__video_0p000s_to_12p130s/window_0017__time_11p359s_to_12p029s__frames_000339_to_000359.json,3,data/processed/frames/train/no_fall/voxel_09-5/frame_000339.jpg|data/processed/frames/train/no_fall/voxel_09-5/frame_000349.jpg|data/processed/frames/train/no_fall/voxel_09-5/frame_000359.jpg,11.3588|11.6939|12.0289
voxel_10_w0000,voxel_10,train,no_fall,0,data/raw/voxel_huggingface_data/No Fall/10.mp4,0.0,7.568,0.0,0.6697,0,3,data/processed/window_poses_readable/train/label_no_fall/voxel_10__video_0p000s_to_7p568s/window_0000__time_0p000s_to_0p670s__frames_000000_to_000020.json,3,data/processed/frames/train/no_fall/voxel_10/frame_000000.jpg|data/processed/frames/train/no_fall/voxel_10/frame_000010.jpg|data/processed/frames/train/no_fall/voxel_10/frame_000020.jpg,0.0|0.3349|0.6697
voxel_10_w0001,voxel_10,train,no_fall,0,data/raw/voxel_huggingface_data/No Fall/10.mp4,0.0,7.568,0.6697,1.3395,1,3,data/processed/window_poses_readable/train/label_no_fall/voxel_10__video_0p000s_to_7p568s/window_0001__time_0p670s_to_1p339s__frames_000020_to_000040.json,3,data/processed/frames/train/no_fall/voxel_10/frame_000020.jpg|data/processed/frames/train/no_fall/voxel_10/frame_000030.jpg|data/processed/frames/train/no_fall/voxel_10/frame_000040.jpg,0.6697|1.0046|1.3395
voxel_10_w0002,voxel_10,train,no_fall,0,data/raw/voxel_huggingface_data/No Fall/10.mp4,0.0,7.568,1.3395,2.0092,2,3,data/processed/window_poses_readable/train/label_no_fall/voxel_10__video_0p000s_to_7p568s/window_0002__time_1p339s_to_2p009s__frames_000040_to_000060.json,3,data/processed/frames/train/no_fall/voxel_10/frame_000040.jpg|data/processed/frames/train/no_fall/voxel_10/frame_000050.jpg|data/processed/frames/train/no_fall/voxel_10/frame_000060.jpg,1.3395|1.6743|2.0092
voxel_10_w0003,voxel_10,train,no_fall,0,data/raw/voxel_huggingface_data/No Fall/10.mp4,0.0,7.568,2.0092,2.679,3,3,data/processed/window_poses_readable/train/label_no_fall/voxel_10__video_0p000s_to_7p568s/window_0003__time_2p009s_to_2p679s__frames_000060_to_000080.json,3,data/processed/frames/train/no_fall/voxel_10/frame_000060.jpg|data/processed/frames/train/no_fall/voxel_10/frame_000070.jpg|data/processed/frames/train/no_fall/voxel_10/frame_000080.jpg,2.0092|2.3441|2.679
voxel_10_w0004,voxel_10,train,no_fall,0,data/raw/voxel_huggingface_data/No Fall/10.mp4,0.0,7.568,2.679,3.3487,4,3,data/processed/window_poses_readable/train/label_no_fall/voxel_10__video_0p000s_to_7p568s/window_0004__time_2p679s_to_3p349s__frames_000080_to_000100.json,3,data/processed/frames/train/no_fall/voxel_10/frame_000080.jpg|data/processed/frames/train/no_fall/voxel_10/frame_000090.jpg|data/processed/frames/train/no_fall/voxel_10/frame_000100.jpg,2.679|3.0138|3.3487
voxel_10_w0005,voxel_10,train,no_fall,0,data/raw/voxel_huggingface_data/No Fall/10.mp4,0.0,7.568,3.3487,4.0184,5,3,data/processed/window_poses_readable/train/label_no_fall/voxel_10__video_0p000s_to_7p568s/window_0005__time_3p349s_to_4p018s__frames_000100_to_000120.json,3,data/processed/frames/train/no_fall/voxel_10/frame_000100.jpg|data/processed/frames/train/no_fall/voxel_10/frame_000110.jpg|data/processed/frames/train/no_fall/voxel_10/frame_000120.jpg,3.3487|3.6836|4.0184
voxel_10_w0006,voxel_10,train,no_fall,0,data/raw/voxel_huggingface_data/No Fall/10.mp4,0.0,7.568,4.0184,4.6882,6,3,data/processed/window_poses_readable/train/label_no_fall/voxel_10__video_0p000s_to_7p568s/window_0006__time_4p018s_to_4p688s__frames_000120_to_000140.json,3,data/processed/frames/train/no_fall/voxel_10/frame_000120.jpg|data/processed/frames/train/no_fall/voxel_10/frame_000130.jpg|data/processed/frames/train/no_fall/voxel_10/frame_000140.jpg,4.0184|4.3533|4.6882
voxel_10_w0007,voxel_10,train,no_fall,0,data/raw/voxel_huggingface_data/No Fall/10.mp4,0.0,7.568,4.6882,5.3579,7,3,data/processed/window_poses_readable/train/label_no_fall/voxel_10__video_0p000s_to_7p568s/window_0007__time_4p688s_to_5p358s__frames_000140_to_000160.json,3,data/processed/frames/train/no_fall/voxel_10/frame_000140.jpg|data/processed/frames/train/no_fall/voxel_10/frame_000150.jpg|data/processed/frames/train/no_fall/voxel_10/frame_000160.jpg,4.6882|5.023|5.3579
voxel_10_w0008,voxel_10,train,no_fall,0,data/raw/voxel_huggingface_data/No Fall/10.mp4,0.0,7.568,5.3579,6.0276,8,3,data/processed/window_poses_readable/train/label_no_fall/voxel_10__video_0p000s_to_7p568s/window_0008__time_5p358s_to_6p028s__frames_000160_to_000180.json,3,data/processed/frames/train/no_fall/voxel_10/frame_000160.jpg|data/processed/frames/train/no_fall/voxel_10/frame_000170.jpg|data/processed/frames/train/no_fall/voxel_10/frame_000180.jpg,5.3579|5.6928|6.0276
voxel_10_w0009,voxel_10,train,no_fall,0,data/raw/voxel_huggingface_data/No Fall/10.mp4,0.0,7.568,6.0276,6.6974,9,3,data/processed/window_poses_readable/train/label_no_fall/voxel_10__video_0p000s_to_7p568s/window_0009__time_6p028s_to_6p697s__frames_000180_to_000200.json,3,data/processed/frames/train/no_fall/voxel_10/frame_000180.jpg|data/processed/frames/train/no_fall/voxel_10/frame_000190.jpg|data/processed/frames/train/no_fall/voxel_10/frame_000200.jpg,6.0276|6.3625|6.6974
voxel_10_w0010,voxel_10,train,no_fall,0,data/raw/voxel_huggingface_data/No Fall/10.mp4,0.0,7.568,6.6974,7.3336,10,3,data/processed/window_poses_readable/train/label_no_fall/voxel_10__video_0p000s_to_7p568s/window_0010__time_6p697s_to_7p334s__frames_000200_to_000219.json,3,data/processed/frames/train/no_fall/voxel_10/frame_000200.jpg|data/processed/frames/train/no_fall/voxel_10/frame_000210.jpg|data/processed/frames/train/no_fall/voxel_10/frame_000219.jpg,6.6974|7.0323|7.3336
voxel_10-3_w0000,voxel_10-3,train,no_fall,0,data/raw/voxel_huggingface_data/No Fall/10-3.mp4,0.0,12.4336,0.0,0.6703,0,3,data/processed/window_poses_readable/train/label_no_fall/voxel_10-3__video_0p000s_to_12p434s/window_0000__time_0p000s_to_0p670s__frames_000000_to_000020.json,3,data/processed/frames/train/no_fall/voxel_10-3/frame_000000.jpg|data/processed/frames/train/no_fall/voxel_10-3/frame_000010.jpg|data/processed/frames/train/no_fall/voxel_10-3/frame_000020.jpg,0.0|0.3351|0.6703
voxel_10-3_w0001,voxel_10-3,train,no_fall,0,data/raw/voxel_huggingface_data/No Fall/10-3.mp4,0.0,12.4336,0.6703,1.3405,1,3,data/processed/window_poses_readable/train/label_no_fall/voxel_10-3__video_0p000s_to_12p434s/window_0001__time_0p670s_to_1p341s__frames_000020_to_000040.json,3,data/processed/frames/train/no_fall/voxel_10-3/frame_000020.jpg|data/processed/frames/train/no_fall/voxel_10-3/frame_000030.jpg|data/processed/frames/train/no_fall/voxel_10-3/frame_000040.jpg,0.6703|1.0054|1.3405
voxel_10-3_w0002,voxel_10-3,train,no_fall,0,data/raw/voxel_huggingface_data/No Fall/10-3.mp4,0.0,12.4336,1.3405,2.0108,2,3,data/processed/window_poses_readable/train/label_no_fall/voxel_10-3__video_0p000s_to_12p434s/window_0002__time_1p341s_to_2p011s__frames_000040_to_000060.json,3,data/processed/frames/train/no_fall/voxel_10-3/frame_000040.jpg|data/processed/frames/train/no_fall/voxel_10-3/frame_000050.jpg|data/processed/frames/train/no_fall/voxel_10-3/frame_000060.jpg,1.3405|1.6757|2.0108
voxel_10-3_w0003,voxel_10-3,train,no_fall,0,data/raw/voxel_huggingface_data/No Fall/10-3.mp4,0.0,12.4336,2.0108,2.6811,3,3,data/processed/window_poses_readable/train/label_no_fall/voxel_10-3__video_0p000s_to_12p434s/window_0003__time_2p011s_to_2p681s__frames_000060_to_000080.json,3,data/processed/frames/train/no_fall/voxel_10-3/frame_000060.jpg|data/processed/frames/train/no_fall/voxel_10-3/frame_000070.jpg|data/processed/frames/train/no_fall/voxel_10-3/frame_000080.jpg,2.0108|2.346|2.6811
voxel_10-3_w0004,voxel_10-3,train,no_fall,0,data/raw/voxel_huggingface_data/No Fall/10-3.mp4,0.0,12.4336,2.6811,3.3514,4,3,data/processed/window_poses_readable/train/label_no_fall/voxel_10-3__video_0p000s_to_12p434s/window_0004__time_2p681s_to_3p351s__frames_000080_to_000100.json,3,data/processed/frames/train/no_fall/voxel_10-3/frame_000080.jpg|data/processed/frames/train/no_fall/voxel_10-3/frame_000090.jpg|data/processed/frames/train/no_fall/voxel_10-3/frame_000100.jpg,2.6811|3.0162|3.3514
voxel_10-3_w0005,voxel_10-3,train,no_fall,0,data/raw/voxel_huggingface_data/No Fall/10-3.mp4,0.0,12.4336,3.3514,4.0216,5,3,data/processed/window_poses_readable/train/label_no_fall/voxel_10-3__video_0p000s_to_12p434s/window_0005__time_3p351s_to_4p022s__frames_000100_to_000120.json,3,data/processed/frames/train/no_fall/voxel_10-3/frame_000100.jpg|data/processed/frames/train/no_fall/voxel_10-3/frame_000110.jpg|data/processed/frames/train/no_fall/voxel_10-3/frame_000120.jpg,3.3514|3.6865|4.0216
voxel_10-3_w0006,voxel_10-3,train,no_fall,0,data/raw/voxel_huggingface_data/No Fall/10-3.mp4,0.0,12.4336,4.0216,4.6919,6,3,data/processed/window_poses_readable/train/label_no_fall/voxel_10-3__video_0p000s_to_12p434s/window_0006__time_4p022s_to_4p692s__frames_000120_to_000140.json,3,data/processed/frames/train/no_fall/voxel_10-3/frame_000120.jpg|data/processed/frames/train/no_fall/voxel_10-3/frame_000130.jpg|data/processed/frames/train/no_fall/voxel_10-3/frame_000140.jpg,4.0216|4.3568|4.6919
voxel_10-3_w0007,voxel_10-3,train,no_fall,0,data/raw/voxel_huggingface_data/No Fall/10-3.mp4,0.0,12.4336,4.6919,5.3622,7,3,data/processed/window_poses_readable/train/label_no_fall/voxel_10-3__video_0p000s_to_12p434s/window_0007__time_4p692s_to_5p362s__frames_000140_to_000160.json,3,data/processed/frames/train/no_fall/voxel_10-3/frame_000140.jpg|data/processed/frames/train/no_fall/voxel_10-3/frame_000150.jpg|data/processed/frames/train/no_fall/voxel_10-3/frame_000160.jpg,4.6919|5.027|5.3622
voxel_10-3_w0008,voxel_10-3,train,no_fall,0,data/raw/voxel_huggingface_data/No Fall/10-3.mp4,0.0,12.4336,5.3622,6.0325,8,3,data/processed/window_poses_readable/train/label_no_fall/voxel_10-3__video_0p000s_to_12p434s/window_0008__time_5p362s_to_6p032s__frames_000160_to_000180.json,3,data/processed/frames/train/no_fall/voxel_10-3/frame_000160.jpg|data/processed/frames/train/no_fall/voxel_10-3/frame_000170.jpg|data/processed/frames/train/no_fall/voxel_10-3/frame_000180.jpg,5.3622|5.6973|6.0325
voxel_10-3_w0009,voxel_10-3,train,no_fall,0,data/raw/voxel_huggingface_data/No Fall/10-3.mp4,0.0,12.4336,6.0325,6.6692,9,3,data/processed/window_poses_readable/train/label_no_fall/voxel_10-3__video_0p000s_to_12p434s/window_0009__time_6p032s_to_6p669s__frames_000180_to_000199.json,3,data/processed/frames/train/no_fall/voxel_10-3/frame_000180.jpg|data/processed/frames/train/no_fall/voxel_10-3/frame_000189.jpg|data/processed/frames/train/no_fall/voxel_10-3/frame_000199.jpg,6.0325|6.3341|6.6692
voxel_10-3_w0010,voxel_10-3,train,no_fall,0,data/raw/voxel_huggingface_data/No Fall/10-3.mp4,0.0,12.4336,6.6692,7.3395,10,3,data/processed/window_poses_readable/train/label_no_fall/voxel_10-3__video_0p000s_to_12p434s/window_0010__time_6p669s_to_7p340s__frames_000199_to_000219.json,3,data/processed/frames/train/no_fall/voxel_10-3/frame_000199.jpg|data/processed/frames/train/no_fall/voxel_10-3/frame_000209.jpg|data/processed/frames/train/no_fall/voxel_10-3/frame_000219.jpg,6.6692|7.0044|7.3395
voxel_10-3_w0011,voxel_10-3,train,no_fall,0,data/raw/voxel_huggingface_data/No Fall/10-3.mp4,0.0,12.4336,7.3395,8.0098,11,3,data/processed/window_poses_readable/train/label_no_fall/voxel_10-3__video_0p000s_to_12p434s/window_0011__time_7p340s_to_8p010s__frames_000219_to_000239.json,3,data/processed/frames/train/no_fall/voxel_10-3/frame_000219.jpg|data/processed/frames/train/no_fall/voxel_10-3/frame_000229.jpg|data/processed/frames/train/no_fall/voxel_10-3/frame_000239.jpg,7.3395|7.6746|8.0098
voxel_10-3_w0012,voxel_10-3,train,no_fall,0,data/raw/voxel_huggingface_data/No Fall/10-3.mp4,0.0,12.4336,8.0098,8.68,12,3,data/processed/window_poses_readable/train/label_no_fall/voxel_10-3__video_0p000s_to_12p434s/window_0012__time_8p010s_to_8p680s__frames_000239_to_000259.json,3,data/processed/frames/train/no_fall/voxel_10-3/frame_000239.jpg|data/processed/frames/train/no_fall/voxel_10-3/frame_000249.jpg|data/processed/frames/train/no_fall/voxel_10-3/frame_000259.jpg,8.0098|8.3449|8.68
voxel_10-3_w0013,voxel_10-3,train,no_fall,0,data/raw/voxel_huggingface_data/No Fall/10-3.mp4,0.0,12.4336,8.68,9.3503,13,3,data/processed/window_poses_readable/train/label_no_fall/voxel_10-3__video_0p000s_to_12p434s/window_0013__time_8p680s_to_9p350s__frames_000259_to_000279.json,3,data/processed/frames/train/no_fall/voxel_10-3/frame_000259.jpg|data/processed/frames/train/no_fall/voxel_10-3/frame_000269.jpg|data/processed/frames/train/no_fall/voxel_10-3/frame_000279.jpg,8.68|9.0152|9.3503
voxel_10-3_w0014,voxel_10-3,train,no_fall,0,data/raw/voxel_huggingface_data/No Fall/10-3.mp4,0.0,12.4336,9.3503,10.0206,14,3,data/processed/window_poses_readable/train/label_no_fall/voxel_10-3__video_0p000s_to_12p434s/window_0014__time_9p350s_to_10p021s__frames_000279_to_000299.json,3,data/processed/frames/train/no_fall/voxel_10-3/frame_000279.jpg|data/processed/frames/train/no_fall/voxel_10-3/frame_000289.jpg|data/processed/frames/train/no_fall/voxel_10-3/frame_000299.jpg,9.3503|9.6854|10.0206
voxel_10-3_w0015,voxel_10-3,train,no_fall,0,data/raw/voxel_huggingface_data/No Fall/10-3.mp4,0.0,12.4336,10.0206,10.6909,15,3,data/processed/window_poses_readable/train/label_no_fall/voxel_10-3__video_0p000s_to_12p434s/window_0015__time_10p021s_to_10p691s__frames_000299_to_000319.json,3,data/processed/frames/train/no_fall/voxel_10-3/frame_000299.jpg|data/processed/frames/train/no_fall/voxel_10-3/frame_000309.jpg|data/processed/frames/train/no_fall/voxel_10-3/frame_000319.jpg,10.0206|10.3557|10.6909
voxel_10-3_w0016,voxel_10-3,train,no_fall,0,data/raw/voxel_huggingface_data/No Fall/10-3.mp4,0.0,12.4336,10.6909,11.3611,16,3,data/processed/window_poses_readable/train/label_no_fall/voxel_10-3__video_0p000s_to_12p434s/window_0016__time_10p691s_to_11p361s__frames_000319_to_000339.json,3,data/processed/frames/train/no_fall/voxel_10-3/frame_000319.jpg|data/processed/frames/train/no_fall/voxel_10-3/frame_000329.jpg|data/processed/frames/train/no_fall/voxel_10-3/frame_000339.jpg,10.6909|11.026|11.3611
voxel_10-3_w0017,voxel_10-3,train,no_fall,0,data/raw/voxel_huggingface_data/No Fall/10-3.mp4,0.0,12.4336,11.3611,12.0314,17,3,data/processed/window_poses_readable/train/label_no_fall/voxel_10-3__video_0p000s_to_12p434s/window_0017__time_11p361s_to_12p031s__frames_000339_to_000359.json,3,data/processed/frames/train/no_fall/voxel_10-3/frame_000339.jpg|data/processed/frames/train/no_fall/voxel_10-3/frame_000349.jpg|data/processed/frames/train/no_fall/voxel_10-3/frame_000359.jpg,11.3611|11.6963|12.0314
voxel_10-5_w0000,voxel_10-5,train,no_fall,0,data/raw/voxel_huggingface_data/No Fall/10-5.mp4,0.0,12.8012,0.0,0.6702,0,3,data/processed/window_poses_readable/train/label_no_fall/voxel_10-5__video_0p000s_to_12p801s/window_0000__time_0p000s_to_0p670s__frames_000000_to_000020.json,3,data/processed/frames/train/no_fall/voxel_10-5/frame_000000.jpg|data/processed/frames/train/no_fall/voxel_10-5/frame_000010.jpg|data/processed/frames/train/no_fall/voxel_10-5/frame_000020.jpg,0.0|0.3351|0.6702
voxel_10-5_w0001,voxel_10-5,train,no_fall,0,data/raw/voxel_huggingface_data/No Fall/10-5.mp4,0.0,12.8012,0.6702,1.3404,1,3,data/processed/window_poses_readable/train/label_no_fall/voxel_10-5__video_0p000s_to_12p801s/window_0001__time_0p670s_to_1p340s__frames_000020_to_000040.json,3,data/processed/frames/train/no_fall/voxel_10-5/frame_000020.jpg|data/processed/frames/train/no_fall/voxel_10-5/frame_000030.jpg|data/processed/frames/train/no_fall/voxel_10-5/frame_000040.jpg,0.6702|1.0053|1.3404
voxel_10-5_w0002,voxel_10-5,train,no_fall,0,data/raw/voxel_huggingface_data/No Fall/10-5.mp4,0.0,12.8012,1.3404,2.0107,2,3,data/processed/window_poses_readable/train/label_no_fall/voxel_10-5__video_0p000s_to_12p801s/window_0002__time_1p340s_to_2p011s__frames_000040_to_000060.json,3,data/processed/frames/train/no_fall/voxel_10-5/frame_000040.jpg|data/processed/frames/train/no_fall/voxel_10-5/frame_000050.jpg|data/processed/frames/train/no_fall/voxel_10-5/frame_000060.jpg,1.3404|1.6755|2.0107
voxel_10-5_w0003,voxel_10-5,train,no_fall,0,data/raw/voxel_huggingface_data/No Fall/10-5.mp4,0.0,12.8012,2.0107,2.6809,3,3,data/processed/window_poses_readable/train/label_no_fall/voxel_10-5__video_0p000s_to_12p801s/window_0003__time_2p011s_to_2p681s__frames_000060_to_000080.json,3,data/processed/frames/train/no_fall/voxel_10-5/frame_000060.jpg|data/processed/frames/train/no_fall/voxel_10-5/frame_000070.jpg|data/processed/frames/train/no_fall/voxel_10-5/frame_000080.jpg,2.0107|2.3458|2.6809
voxel_10-5_w0004,voxel_10-5,train,no_fall,0,data/raw/voxel_huggingface_data/No Fall/10-5.mp4,0.0,12.8012,2.6809,3.3511,4,3,data/processed/window_poses_readable/train/label_no_fall/voxel_10-5__video_0p000s_to_12p801s/window_0004__time_2p681s_to_3p351s__frames_000080_to_000100.json,3,data/processed/frames/train/no_fall/voxel_10-5/frame_000080.jpg|data/processed/frames/train/no_fall/voxel_10-5/frame_000090.jpg|data/processed/frames/train/no_fall/voxel_10-5/frame_000100.jpg,2.6809|3.016|3.3511
voxel_10-5_w0005,voxel_10-5,train,no_fall,0,data/raw/voxel_huggingface_data/No Fall/10-5.mp4,0.0,12.8012,3.3511,4.0213,5,3,data/processed/window_poses_readable/train/label_no_fall/voxel_10-5__video_0p000s_to_12p801s/window_0005__time_3p351s_to_4p021s__frames_000100_to_000120.json,3,data/processed/frames/train/no_fall/voxel_10-5/frame_000100.jpg|data/processed/frames/train/no_fall/voxel_10-5/frame_000110.jpg|data/processed/frames/train/no_fall/voxel_10-5/frame_000120.jpg,3.3511|3.6862|4.0213
voxel_10-5_w0006,voxel_10-5,train,no_fall,0,data/raw/voxel_huggingface_data/No Fall/10-5.mp4,0.0,12.8012,4.0213,4.6915,6,3,data/processed/window_poses_readable/train/label_no_fall/voxel_10-5__video_0p000s_to_12p801s/window_0006__time_4p021s_to_4p691s__frames_000120_to_000140.json,3,data/processed/frames/train/no_fall/voxel_10-5/frame_000120.jpg|data/processed/frames/train/no_fall/voxel_10-5/frame_000130.jpg|data/processed/frames/train/no_fall/voxel_10-5/frame_000140.jpg,4.0213|4.3564|4.6915
voxel_10-5_w0007,voxel_10-5,train,no_fall,0,data/raw/voxel_huggingface_data/No Fall/10-5.mp4,0.0,12.8012,4.6915,5.3618,7,3,data/processed/window_poses_readable/train/label_no_fall/voxel_10-5__video_0p000s_to_12p801s/window_0007__time_4p691s_to_5p362s__frames_000140_to_000160.json,3,data/processed/frames/train/no_fall/voxel_10-5/frame_000140.jpg|data/processed/frames/train/no_fall/voxel_10-5/frame_000150.jpg|data/processed/frames/train/no_fall/voxel_10-5/frame_000160.jpg,4.6915|5.0266|5.3618
voxel_10-5_w0008,voxel_10-5,train,no_fall,0,data/raw/voxel_huggingface_data/No Fall/10-5.mp4,0.0,12.8012,5.3618,6.032,8,3,data/processed/window_poses_readable/train/label_no_fall/voxel_10-5__video_0p000s_to_12p801s/window_0008__time_5p362s_to_6p032s__frames_000160_to_000180.json,2,data/processed/frames/train/no_fall/voxel_10-5/frame_000160.jpg|data/processed/frames/train/no_fall/voxel_10-5/frame_000170.jpg|data/processed/frames/train/no_fall/voxel_10-5/frame_000180.jpg,5.3618|5.6969|6.032
voxel_10-5_w0009,voxel_10-5,train,no_fall,0,data/raw/voxel_huggingface_data/No Fall/10-5.mp4,0.0,12.8012,6.032,6.6687,9,3,data/processed/window_poses_readable/train/label_no_fall/voxel_10-5__video_0p000s_to_12p801s/window_0009__time_6p032s_to_6p669s__frames_000180_to_000199.json,1,data/processed/frames/train/no_fall/voxel_10-5/frame_000180.jpg|data/processed/frames/train/no_fall/voxel_10-5/frame_000189.jpg|data/processed/frames/train/no_fall/voxel_10-5/frame_000199.jpg,6.032|6.3336|6.6687
voxel_10-5_w0010,voxel_10-5,train,no_fall,0,data/raw/voxel_huggingface_data/No Fall/10-5.mp4,0.0,12.8012,6.6687,7.3389,10,3,data/processed/window_poses_readable/train/label_no_fall/voxel_10-5__video_0p000s_to_12p801s/window_0010__time_6p669s_to_7p339s__frames_000199_to_000219.json,1,data/processed/frames/train/no_fall/voxel_10-5/frame_000199.jpg|data/processed/frames/train/no_fall/voxel_10-5/frame_000209.jpg|data/processed/frames/train/no_fall/voxel_10-5/frame_000219.jpg,6.6687|7.0038|7.3389
voxel_10-5_w0011,voxel_10-5,train,no_fall,0,data/raw/voxel_huggingface_data/No Fall/10-5.mp4,0.0,12.8012,7.3389,8.0091,11,3,data/processed/window_poses_readable/train/label_no_fall/voxel_10-5__video_0p000s_to_12p801s/window_0011__time_7p339s_to_8p009s__frames_000219_to_000239.json,1,data/processed/frames/train/no_fall/voxel_10-5/frame_000219.jpg|data/processed/frames/train/no_fall/voxel_10-5/frame_000229.jpg|data/processed/frames/train/no_fall/voxel_10-5/frame_000239.jpg,7.3389|7.674|8.0091
voxel_10-5_w0012,voxel_10-5,train,no_fall,0,data/raw/voxel_huggingface_data/No Fall/10-5.mp4,0.0,12.8012,8.0091,8.6793,12,3,data/processed/window_poses_readable/train/label_no_fall/voxel_10-5__video_0p000s_to_12p801s/window_0012__time_8p009s_to_8p679s__frames_000239_to_000259.json,1,data/processed/frames/train/no_fall/voxel_10-5/frame_000239.jpg|data/processed/frames/train/no_fall/voxel_10-5/frame_000249.jpg|data/processed/frames/train/no_fall/voxel_10-5/frame_000259.jpg,8.0091|8.3442|8.6793
voxel_10-5_w0013,voxel_10-5,train,no_fall,0,data/raw/voxel_huggingface_data/No Fall/10-5.mp4,0.0,12.8012,8.6793,9.3496,13,3,data/processed/window_poses_readable/train/label_no_fall/voxel_10-5__video_0p000s_to_12p801s/window_0013__time_8p679s_to_9p350s__frames_000259_to_000279.json,1,data/processed/frames/train/no_fall/voxel_10-5/frame_000259.jpg|data/processed/frames/train/no_fall/voxel_10-5/frame_000269.jpg|data/processed/frames/train/no_fall/voxel_10-5/frame_000279.jpg,8.6793|9.0144|9.3496
voxel_10-5_w0014,voxel_10-5,train,no_fall,0,data/raw/voxel_huggingface_data/No Fall/10-5.mp4,0.0,12.8012,9.3496,10.0198,14,3,data/processed/window_poses_readable/train/label_no_fall/voxel_10-5__video_0p000s_to_12p801s/window_0014__time_9p350s_to_10p020s__frames_000279_to_000299.json,2,data/processed/frames/train/no_fall/voxel_10-5/frame_000279.jpg|data/processed/frames/train/no_fall/voxel_10-5/frame_000289.jpg|data/processed/frames/train/no_fall/voxel_10-5/frame_000299.jpg,9.3496|9.6847|10.0198
voxel_10-5_w0015,voxel_10-5,train,no_fall,0,data/raw/voxel_huggingface_data/No Fall/10-5.mp4,0.0,12.8012,10.0198,10.69,15,3,data/processed/window_poses_readable/train/label_no_fall/voxel_10-5__video_0p000s_to_12p801s/window_0015__time_10p020s_to_10p690s__frames_000299_to_000319.json,1,data/processed/frames/train/no_fall/voxel_10-5/frame_000299.jpg|data/processed/frames/train/no_fall/voxel_10-5/frame_000309.jpg|data/processed/frames/train/no_fall/voxel_10-5/frame_000319.jpg,10.0198|10.3549|10.69
voxel_10-5_w0016,voxel_10-5,train,no_fall,0,data/raw/voxel_huggingface_data/No Fall/10-5.mp4,0.0,12.8012,10.69,11.3602,16,3,data/processed/window_poses_readable/train/label_no_fall/voxel_10-5__video_0p000s_to_12p801s/window_0016__time_10p690s_to_11p360s__frames_000319_to_000339.json,1,data/processed/frames/train/no_fall/voxel_10-5/frame_000319.jpg|data/processed/frames/train/no_fall/voxel_10-5/frame_000329.jpg|data/processed/frames/train/no_fall/voxel_10-5/frame_000339.jpg,10.69|11.0251|11.3602
voxel_10-5_w0017,voxel_10-5,train,no_fall,0,data/raw/voxel_huggingface_data/No Fall/10-5.mp4,0.0,12.8012,11.3602,12.0304,17,3,data/processed/window_poses_readable/train/label_no_fall/voxel_10-5__video_0p000s_to_12p801s/window_0017__time_11p360s_to_12p030s__frames_000339_to_000359.json,0,data/processed/frames/train/no_fall/voxel_10-5/frame_000339.jpg|data/processed/frames/train/no_fall/voxel_10-5/frame_000349.jpg|data/processed/frames/train/no_fall/voxel_10-5/frame_000359.jpg,11.3602|11.6953|12.0304
voxel_10-5_w0018,voxel_10-5,train,no_fall,0,data/raw/voxel_huggingface_data/No Fall/10-5.mp4,0.0,12.8012,12.0304,12.6671,18,3,data/processed/window_poses_readable/train/label_no_fall/voxel_10-5__video_0p000s_to_12p801s/window_0018__time_12p030s_to_12p667s__frames_000359_to_000378.json,0,data/processed/frames/train/no_fall/voxel_10-5/frame_000359.jpg|data/processed/frames/train/no_fall/voxel_10-5/frame_000369.jpg|data/processed/frames/train/no_fall/voxel_10-5/frame_000378.jpg,12.0304|12.3655|12.6671
voxel_10-7_w0000,voxel_10-7,train,no_fall,0,data/raw/voxel_huggingface_data/No Fall/10-7.mp4,0.0,3.9212,0.0,0.682,0,3,data/processed/window_poses_readable/train/label_no_fall/voxel_10-7__video_0p000s_to_3p921s/window_0000__time_0p000s_to_0p682s__frames_000000_to_000020.json,3,data/processed/frames/train/no_fall/voxel_10-7/frame_000000.jpg|data/processed/frames/train/no_fall/voxel_10-7/frame_000010.jpg|data/processed/frames/train/no_fall/voxel_10-7/frame_000020.jpg,0.0|0.341|0.682
voxel_10-7_w0001,voxel_10-7,train,no_fall,0,data/raw/voxel_huggingface_data/No Fall/10-7.mp4,0.0,3.9212,0.682,1.3639,1,3,data/processed/window_poses_readable/train/label_no_fall/voxel_10-7__video_0p000s_to_3p921s/window_0001__time_0p682s_to_1p364s__frames_000020_to_000040.json,3,data/processed/frames/train/no_fall/voxel_10-7/frame_000020.jpg|data/processed/frames/train/no_fall/voxel_10-7/frame_000030.jpg|data/processed/frames/train/no_fall/voxel_10-7/frame_000040.jpg,0.682|1.0229|1.3639
voxel_10-7_w0002,voxel_10-7,train,no_fall,0,data/raw/voxel_huggingface_data/No Fall/10-7.mp4,0.0,3.9212,1.3639,2.0118,2,3,data/processed/window_poses_readable/train/label_no_fall/voxel_10-7__video_0p000s_to_3p921s/window_0002__time_1p364s_to_2p012s__frames_000040_to_000059.json,3,data/processed/frames/train/no_fall/voxel_10-7/frame_000040.jpg|data/processed/frames/train/no_fall/voxel_10-7/frame_000049.jpg|data/processed/frames/train/no_fall/voxel_10-7/frame_000059.jpg,1.3639|1.6708|2.0118
voxel_10-7_w0003,voxel_10-7,train,no_fall,0,data/raw/voxel_huggingface_data/No Fall/10-7.mp4,0.0,3.9212,2.0118,2.6937,3,3,data/processed/window_poses_readable/train/label_no_fall/voxel_10-7__video_0p000s_to_3p921s/window_0003__time_2p012s_to_2p694s__frames_000059_to_000079.json,3,data/processed/frames/train/no_fall/voxel_10-7/frame_000059.jpg|data/processed/frames/train/no_fall/voxel_10-7/frame_000069.jpg|data/processed/frames/train/no_fall/voxel_10-7/frame_000079.jpg,2.0118|2.3527|2.6937
voxel_10-7_w0004,voxel_10-7,train,no_fall,0,data/raw/voxel_huggingface_data/No Fall/10-7.mp4,0.0,3.9212,2.6937,3.3416,4,3,data/processed/window_poses_readable/train/label_no_fall/voxel_10-7__video_0p000s_to_3p921s/window_0004__time_2p694s_to_3p342s__frames_000079_to_000098.json,3,data/processed/frames/train/no_fall/voxel_10-7/frame_000079.jpg|data/processed/frames/train/no_fall/voxel_10-7/frame_000088.jpg|data/processed/frames/train/no_fall/voxel_10-7/frame_000098.jpg,2.6937|3.0006|3.3416
voxel_11_w0000,voxel_11,train,no_fall,0,data/raw/voxel_huggingface_data/No Fall/11.mp4,0.0,9.9853,0.0,0.6702,0,3,data/processed/window_poses_readable/train/label_no_fall/voxel_11__video_0p000s_to_9p985s/window_0000__time_0p000s_to_0p670s__frames_000000_to_000020.json,3,data/processed/frames/train/no_fall/voxel_11/frame_000000.jpg|data/processed/frames/train/no_fall/voxel_11/frame_000010.jpg|data/processed/frames/train/no_fall/voxel_11/frame_000020.jpg,0.0|0.3351|0.6702
voxel_11_w0001,voxel_11,train,no_fall,0,data/raw/voxel_huggingface_data/No Fall/11.mp4,0.0,9.9853,0.6702,1.3403,1,3,data/processed/window_poses_readable/train/label_no_fall/voxel_11__video_0p000s_to_9p985s/window_0001__time_0p670s_to_1p340s__frames_000020_to_000040.json,3,data/processed/frames/train/no_fall/voxel_11/frame_000020.jpg|data/processed/frames/train/no_fall/voxel_11/frame_000030.jpg|data/processed/frames/train/no_fall/voxel_11/frame_000040.jpg,0.6702|1.0052|1.3403
voxel_11_w0002,voxel_11,train,no_fall,0,data/raw/voxel_huggingface_data/No Fall/11.mp4,0.0,9.9853,1.3403,2.0105,2,3,data/processed/window_poses_readable/train/label_no_fall/voxel_11__video_0p000s_to_9p985s/window_0002__time_1p340s_to_2p010s__frames_000040_to_000060.json,3,data/processed/frames/train/no_fall/voxel_11/frame_000040.jpg|data/processed/frames/train/no_fall/voxel_11/frame_000050.jpg|data/processed/frames/train/no_fall/voxel_11/frame_000060.jpg,1.3403|1.6754|2.0105
voxel_11_w0003,voxel_11,train,no_fall,0,data/raw/voxel_huggingface_data/No Fall/11.mp4,0.0,9.9853,2.0105,2.6806,3,3,data/processed/window_poses_readable/train/label_no_fall/voxel_11__video_0p000s_to_9p985s/window_0003__time_2p010s_to_2p681s__frames_000060_to_000080.json,3,data/processed/frames/train/no_fall/voxel_11/frame_000060.jpg|data/processed/frames/train/no_fall/voxel_11/frame_000070.jpg|data/processed/frames/train/no_fall/voxel_11/frame_000080.jpg,2.0105|2.3455|2.6806
voxel_11_w0004,voxel_11,train,no_fall,0,data/raw/voxel_huggingface_data/No Fall/11.mp4,0.0,9.9853,2.6806,3.3508,4,3,data/processed/window_poses_readable/train/label_no_fall/voxel_11__video_0p000s_to_9p985s/window_0004__time_2p681s_to_3p351s__frames_000080_to_000100.json,3,data/processed/frames/train/no_fall/voxel_11/frame_000080.jpg|data/processed/frames/train/no_fall/voxel_11/frame_000090.jpg|data/processed/frames/train/no_fall/voxel_11/frame_000100.jpg,2.6806|3.0157|3.3508
voxel_11_w0005,voxel_11,train,no_fall,0,data/raw/voxel_huggingface_data/No Fall/11.mp4,0.0,9.9853,3.3508,4.0209,5,3,data/processed/window_poses_readable/train/label_no_fall/voxel_11__video_0p000s_to_9p985s/window_0005__time_3p351s_to_4p021s__frames_000100_to_000120.json,3,data/processed/frames/train/no_fall/voxel_11/frame_000100.jpg|data/processed/frames/train/no_fall/voxel_11/frame_000110.jpg|data/processed/frames/train/no_fall/voxel_11/frame_000120.jpg,3.3508|3.6858|4.0209
voxel_11_w0006,voxel_11,train,no_fall,0,data/raw/voxel_huggingface_data/No Fall/11.mp4,0.0,9.9853,4.0209,4.6911,6,3,data/processed/window_poses_readable/train/label_no_fall/voxel_11__video_0p000s_to_9p985s/window_0006__time_4p021s_to_4p691s__frames_000120_to_000140.json,3,data/processed/frames/train/no_fall/voxel_11/frame_000120.jpg|data/processed/frames/train/no_fall/voxel_11/frame_000130.jpg|data/processed/frames/train/no_fall/voxel_11/frame_000140.jpg,4.0209|4.356|4.6911
voxel_11_w0007,voxel_11,train,no_fall,0,data/raw/voxel_huggingface_data/No Fall/11.mp4,0.0,9.9853,4.6911,5.3612,7,3,data/processed/window_poses_readable/train/label_no_fall/voxel_11__video_0p000s_to_9p985s/window_0007__time_4p691s_to_5p361s__frames_000140_to_000160.json,3,data/processed/frames/train/no_fall/voxel_11/frame_000140.jpg|data/processed/frames/train/no_fall/voxel_11/frame_000150.jpg|data/processed/frames/train/no_fall/voxel_11/frame_000160.jpg,4.6911|5.0262|5.3612
voxel_11_w0008,voxel_11,train,no_fall,0,data/raw/voxel_huggingface_data/No Fall/11.mp4,0.0,9.9853,5.3612,6.0314,8,3,data/processed/window_poses_readable/train/label_no_fall/voxel_11__video_0p000s_to_9p985s/window_0008__time_5p361s_to_6p031s__frames_000160_to_000180.json,3,data/processed/frames/train/no_fall/voxel_11/frame_000160.jpg|data/processed/frames/train/no_fall/voxel_11/frame_000170.jpg|data/processed/frames/train/no_fall/voxel_11/frame_000180.jpg,5.3612|5.6963|6.0314
voxel_11_w0009,voxel_11,train,no_fall,0,data/raw/voxel_huggingface_data/No Fall/11.mp4,0.0,9.9853,6.0314,6.668,9,3,data/processed/window_poses_readable/train/label_no_fall/voxel_11__video_0p000s_to_9p985s/window_0009__time_6p031s_to_6p668s__frames_000180_to_000199.json,3,data/processed/frames/train/no_fall/voxel_11/frame_000180.jpg|data/processed/frames/train/no_fall/voxel_11/frame_000190.jpg|data/processed/frames/train/no_fall/voxel_11/frame_000199.jpg,6.0314|6.3665|6.668
voxel_11_w0010,voxel_11,train,no_fall,0,data/raw/voxel_huggingface_data/No Fall/11.mp4,0.0,9.9853,6.668,7.3382,10,3,data/processed/window_poses_readable/train/label_no_fall/voxel_11__video_0p000s_to_9p985s/window_0010__time_6p668s_to_7p338s__frames_000199_to_000219.json,3,data/processed/frames/train/no_fall/voxel_11/frame_000199.jpg|data/processed/frames/train/no_fall/voxel_11/frame_000209.jpg|data/processed/frames/train/no_fall/voxel_11/frame_000219.jpg,6.668|7.0031|7.3382
voxel_11_w0011,voxel_11,train,no_fall,0,data/raw/voxel_huggingface_data/No Fall/11.mp4,0.0,9.9853,7.3382,8.0083,11,3,data/processed/window_poses_readable/train/label_no_fall/voxel_11__video_0p000s_to_9p985s/window_0011__time_7p338s_to_8p008s__frames_000219_to_000239.json,3,data/processed/frames/train/no_fall/voxel_11/frame_000219.jpg|data/processed/frames/train/no_fall/voxel_11/frame_000229.jpg|data/processed/frames/train/no_fall/voxel_11/frame_000239.jpg,7.3382|7.6733|8.0083
voxel_11_w0012,voxel_11,train,no_fall,0,data/raw/voxel_huggingface_data/No Fall/11.mp4,0.0,9.9853,8.0083,8.6785,12,3,data/processed/window_poses_readable/train/label_no_fall/voxel_11__video_0p000s_to_9p985s/window_0012__time_8p008s_to_8p678s__frames_000239_to_000259.json,3,data/processed/frames/train/no_fall/voxel_11/frame_000239.jpg|data/processed/frames/train/no_fall/voxel_11/frame_000249.jpg|data/processed/frames/train/no_fall/voxel_11/frame_000259.jpg,8.0083|8.3434|8.6785
voxel_11_w0013,voxel_11,train,no_fall,0,data/raw/voxel_huggingface_data/No Fall/11.mp4,0.0,9.9853,8.6785,9.3486,13,3,data/processed/window_poses_readable/train/label_no_fall/voxel_11__video_0p000s_to_9p985s/window_0013__time_8p678s_to_9p349s__frames_000259_to_000279.json,3,data/processed/frames/train/no_fall/voxel_11/frame_000259.jpg|data/processed/frames/train/no_fall/voxel_11/frame_000269.jpg|data/processed/frames/train/no_fall/voxel_11/frame_000279.jpg,8.6785|9.0136|9.3486
voxel_11-5_w0000,voxel_11-5,train,no_fall,0,data/raw/voxel_huggingface_data/No Fall/11-5.mp4,0.0,10.7215,0.0,0.6701,0,3,data/processed/window_poses_readable/train/label_no_fall/voxel_11-5__video_0p000s_to_10p722s/window_0000__time_0p000s_to_0p670s__frames_000000_to_000020.json,3,data/processed/frames/train/no_fall/voxel_11-5/frame_000000.jpg|data/processed/frames/train/no_fall/voxel_11-5/frame_000010.jpg|data/processed/frames/train/no_fall/voxel_11-5/frame_000020.jpg,0.0|0.335|0.6701
voxel_11-5_w0001,voxel_11-5,train,no_fall,0,data/raw/voxel_huggingface_data/No Fall/11-5.mp4,0.0,10.7215,0.6701,1.3402,1,3,data/processed/window_poses_readable/train/label_no_fall/voxel_11-5__video_0p000s_to_10p722s/window_0001__time_0p670s_to_1p340s__frames_000020_to_000040.json,3,data/processed/frames/train/no_fall/voxel_11-5/frame_000020.jpg|data/processed/frames/train/no_fall/voxel_11-5/frame_000030.jpg|data/processed/frames/train/no_fall/voxel_11-5/frame_000040.jpg,0.6701|1.0051|1.3402
voxel_11-5_w0002,voxel_11-5,train,no_fall,0,data/raw/voxel_huggingface_data/No Fall/11-5.mp4,0.0,10.7215,1.3402,2.0103,2,3,data/processed/window_poses_readable/train/label_no_fall/voxel_11-5__video_0p000s_to_10p722s/window_0002__time_1p340s_to_2p010s__frames_000040_to_000060.json,3,data/processed/frames/train/no_fall/voxel_11-5/frame_000040.jpg|data/processed/frames/train/no_fall/voxel_11-5/frame_000050.jpg|data/processed/frames/train/no_fall/voxel_11-5/frame_000060.jpg,1.3402|1.6752|2.0103
voxel_11-5_w0003,voxel_11-5,train,no_fall,0,data/raw/voxel_huggingface_data/No Fall/11-5.mp4,0.0,10.7215,2.0103,2.6804,3,3,data/processed/window_poses_readable/train/label_no_fall/voxel_11-5__video_0p000s_to_10p722s/window_0003__time_2p010s_to_2p680s__frames_000060_to_000080.json,3,data/processed/frames/train/no_fall/voxel_11-5/frame_000060.jpg|data/processed/frames/train/no_fall/voxel_11-5/frame_000070.jpg|data/processed/frames/train/no_fall/voxel_11-5/frame_000080.jpg,2.0103|2.3453|2.6804
voxel_11-5_w0004,voxel_11-5,train,no_fall,0,data/raw/voxel_huggingface_data/No Fall/11-5.mp4,0.0,10.7215,2.6804,3.3505,4,3,data/processed/window_poses_readable/train/label_no_fall/voxel_11-5__video_0p000s_to_10p722s/window_0004__time_2p680s_to_3p350s__frames_000080_to_000100.json,3,data/processed/frames/train/no_fall/voxel_11-5/frame_000080.jpg|data/processed/frames/train/no_fall/voxel_11-5/frame_000090.jpg|data/processed/frames/train/no_fall/voxel_11-5/frame_000100.jpg,2.6804|3.0154|3.3505
voxel_11-5_w0005,voxel_11-5,train,no_fall,0,data/raw/voxel_huggingface_data/No Fall/11-5.mp4,0.0,10.7215,3.3505,4.0205,5,3,data/processed/window_poses_readable/train/label_no_fall/voxel_11-5__video_0p000s_to_10p722s/window_0005__time_3p350s_to_4p021s__frames_000100_to_000120.json,3,data/processed/frames/train/no_fall/voxel_11-5/frame_000100.jpg|data/processed/frames/train/no_fall/voxel_11-5/frame_000110.jpg|data/processed/frames/train/no_fall/voxel_11-5/frame_000120.jpg,3.3505|3.6855|4.0205
voxel_11-5_w0006,voxel_11-5,train,no_fall,0,data/raw/voxel_huggingface_data/No Fall/11-5.mp4,0.0,10.7215,4.0205,4.6906,6,3,data/processed/window_poses_readable/train/label_no_fall/voxel_11-5__video_0p000s_to_10p722s/window_0006__time_4p021s_to_4p691s__frames_000120_to_000140.json,3,data/processed/frames/train/no_fall/voxel_11-5/frame_000120.jpg|data/processed/frames/train/no_fall/voxel_11-5/frame_000130.jpg|data/processed/frames/train/no_fall/voxel_11-5/frame_000140.jpg,4.0205|4.3556|4.6906
voxel_11-5_w0007,voxel_11-5,train,no_fall,0,data/raw/voxel_huggingface_data/No Fall/11-5.mp4,0.0,10.7215,4.6906,5.3607,7,3,data/processed/window_poses_readable/train/label_no_fall/voxel_11-5__video_0p000s_to_10p722s/window_0007__time_4p691s_to_5p361s__frames_000140_to_000160.json,3,data/processed/frames/train/no_fall/voxel_11-5/frame_000140.jpg|data/processed/frames/train/no_fall/voxel_11-5/frame_000150.jpg|data/processed/frames/train/no_fall/voxel_11-5/frame_000160.jpg,4.6906|5.0257|5.3607
voxel_11-5_w0008,voxel_11-5,train,no_fall,0,data/raw/voxel_huggingface_data/No Fall/11-5.mp4,0.0,10.7215,5.3607,6.0308,8,3,data/processed/window_poses_readable/train/label_no_fall/voxel_11-5__video_0p000s_to_10p722s/window_0008__time_5p361s_to_6p031s__frames_000160_to_000180.json,2,data/processed/frames/train/no_fall/voxel_11-5/frame_000160.jpg|data/processed/frames/train/no_fall/voxel_11-5/frame_000170.jpg|data/processed/frames/train/no_fall/voxel_11-5/frame_000180.jpg,5.3607|5.6958|6.0308
voxel_11-5_w0009,voxel_11-5,train,no_fall,0,data/raw/voxel_huggingface_data/No Fall/11-5.mp4,0.0,10.7215,6.0308,6.6674,9,3,data/processed/window_poses_readable/train/label_no_fall/voxel_11-5__video_0p000s_to_10p722s/window_0009__time_6p031s_to_6p667s__frames_000180_to_000199.json,2,data/processed/frames/train/no_fall/voxel_11-5/frame_000180.jpg|data/processed/frames/train/no_fall/voxel_11-5/frame_000190.jpg|data/processed/frames/train/no_fall/voxel_11-5/frame_000199.jpg,6.0308|6.3659|6.6674
voxel_11-5_w0010,voxel_11-5,train,no_fall,0,data/raw/voxel_huggingface_data/No Fall/11-5.mp4,0.0,10.7215,6.6674,7.3375,10,3,data/processed/window_poses_readable/train/label_no_fall/voxel_11-5__video_0p000s_to_10p722s/window_0010__time_6p667s_to_7p338s__frames_000199_to_000219.json,3,data/processed/frames/train/no_fall/voxel_11-5/frame_000199.jpg|data/processed/frames/train/no_fall/voxel_11-5/frame_000209.jpg|data/processed/frames/train/no_fall/voxel_11-5/frame_000219.jpg,6.6674|7.0024|7.3375
voxel_11-5_w0011,voxel_11-5,train,no_fall,0,data/raw/voxel_huggingface_data/No Fall/11-5.mp4,0.0,10.7215,7.3375,8.0076,11,3,data/processed/window_poses_readable/train/label_no_fall/voxel_11-5__video_0p000s_to_10p722s/window_0011__time_7p338s_to_8p008s__frames_000219_to_000239.json,3,data/processed/frames/train/no_fall/voxel_11-5/frame_000219.jpg|data/processed/frames/train/no_fall/voxel_11-5/frame_000229.jpg|data/processed/frames/train/no_fall/voxel_11-5/frame_000239.jpg,7.3375|7.6725|8.0076
voxel_11-5_w0012,voxel_11-5,train,no_fall,0,data/raw/voxel_huggingface_data/No Fall/11-5.mp4,0.0,10.7215,8.0076,8.6777,12,3,data/processed/window_poses_readable/train/label_no_fall/voxel_11-5__video_0p000s_to_10p722s/window_0012__time_8p008s_to_8p678s__frames_000239_to_000259.json,3,data/processed/frames/train/no_fall/voxel_11-5/frame_000239.jpg|data/processed/frames/train/no_fall/voxel_11-5/frame_000249.jpg|data/processed/frames/train/no_fall/voxel_11-5/frame_000259.jpg,8.0076|8.3426|8.6777
voxel_11-5_w0013,voxel_11-5,train,no_fall,0,data/raw/voxel_huggingface_data/No Fall/11-5.mp4,0.0,10.7215,8.6777,9.3478,13,3,data/processed/window_poses_readable/train/label_no_fall/voxel_11-5__video_0p000s_to_10p722s/window_0013__time_8p678s_to_9p348s__frames_000259_to_000279.json,3,data/processed/frames/train/no_fall/voxel_11-5/frame_000259.jpg|data/processed/frames/train/no_fall/voxel_11-5/frame_000269.jpg|data/processed/frames/train/no_fall/voxel_11-5/frame_000279.jpg,8.6777|9.0127|9.3478
voxel_11-5_w0014,voxel_11-5,train,no_fall,0,data/raw/voxel_huggingface_data/No Fall/11-5.mp4,0.0,10.7215,9.3478,10.0179,14,3,data/processed/window_poses_readable/train/label_no_fall/voxel_11-5__video_0p000s_to_10p722s/window_0014__time_9p348s_to_10p018s__frames_000279_to_000299.json,3,data/processed/frames/train/no_fall/voxel_11-5/frame_000279.jpg|data/processed/frames/train/no_fall/voxel_11-5/frame_000289.jpg|data/processed/frames/train/no_fall/voxel_11-5/frame_000299.jpg,9.3478|9.6828|10.0179
voxel_11-5_w0015,voxel_11-5,train,no_fall,0,data/raw/voxel_huggingface_data/No Fall/11-5.mp4,0.0,10.7215,10.0179,10.6879,15,3,data/processed/window_poses_readable/train/label_no_fall/voxel_11-5__video_0p000s_to_10p722s/window_0015__time_10p018s_to_10p688s__frames_000299_to_000319.json,3,data/processed/frames/train/no_fall/voxel_11-5/frame_000299.jpg|data/processed/frames/train/no_fall/voxel_11-5/frame_000309.jpg|data/processed/frames/train/no_fall/voxel_11-5/frame_000319.jpg,10.0179|10.3529|10.6879
voxel_12-3_w0000,voxel_12-3,train,no_fall,0,data/raw/voxel_huggingface_data/No Fall/12-3.mp4,0.0,10.6733,0.0,0.6671,0,3,data/processed/window_poses_readable/train/label_no_fall/voxel_12-3__video_0p000s_to_10p673s/window_0000__time_0p000s_to_0p667s__frames_000000_to_000010.json,3,data/processed/frames/train/no_fall/voxel_12-3/frame_000000.jpg|data/processed/frames/train/no_fall/voxel_12-3/frame_000005.jpg|data/processed/frames/train/no_fall/voxel_12-3/frame_000010.jpg,0.0|0.3335|0.6671
voxel_12-3_w0001,voxel_12-3,train,no_fall,0,data/raw/voxel_huggingface_data/No Fall/12-3.mp4,0.0,10.6733,0.6671,1.3342,1,3,data/processed/window_poses_readable/train/label_no_fall/voxel_12-3__video_0p000s_to_10p673s/window_0001__time_0p667s_to_1p334s__frames_000010_to_000020.json,3,data/processed/frames/train/no_fall/voxel_12-3/frame_000010.jpg|data/processed/frames/train/no_fall/voxel_12-3/frame_000015.jpg|data/processed/frames/train/no_fall/voxel_12-3/frame_000020.jpg,0.6671|1.0006|1.3342
voxel_12-3_w0002,voxel_12-3,train,no_fall,0,data/raw/voxel_huggingface_data/No Fall/12-3.mp4,0.0,10.6733,1.3342,2.0013,2,3,data/processed/window_poses_readable/train/label_no_fall/voxel_12-3__video_0p000s_to_10p673s/window_0002__time_1p334s_to_2p001s__frames_000020_to_000030.json,3,data/processed/frames/train/no_fall/voxel_12-3/frame_000020.jpg|data/processed/frames/train/no_fall/voxel_12-3/frame_000025.jpg|data/processed/frames/train/no_fall/voxel_12-3/frame_000030.jpg,1.3342|1.6677|2.0013
voxel_12-3_w0003,voxel_12-3,train,no_fall,0,data/raw/voxel_huggingface_data/No Fall/12-3.mp4,0.0,10.6733,2.0013,2.6683,3,3,data/processed/window_poses_readable/train/label_no_fall/voxel_12-3__video_0p000s_to_10p673s/window_0003__time_2p001s_to_2p668s__frames_000030_to_000040.json,3,data/processed/frames/train/no_fall/voxel_12-3/frame_000030.jpg|data/processed/frames/train/no_fall/voxel_12-3/frame_000035.jpg|data/processed/frames/train/no_fall/voxel_12-3/frame_000040.jpg,2.0013|2.3348|2.6683
voxel_12-3_w0004,voxel_12-3,train,no_fall,0,data/raw/voxel_huggingface_data/No Fall/12-3.mp4,0.0,10.6733,2.6683,3.3354,4,3,data/processed/window_poses_readable/train/label_no_fall/voxel_12-3__video_0p000s_to_10p673s/window_0004__time_2p668s_to_3p335s__frames_000040_to_000050.json,3,data/processed/frames/train/no_fall/voxel_12-3/frame_000040.jpg|data/processed/frames/train/no_fall/voxel_12-3/frame_000045.jpg|data/processed/frames/train/no_fall/voxel_12-3/frame_000050.jpg,2.6683|3.0019|3.3354
voxel_12-3_w0005,voxel_12-3,train,no_fall,0,data/raw/voxel_huggingface_data/No Fall/12-3.mp4,0.0,10.6733,3.3354,4.0025,5,3,data/processed/window_poses_readable/train/label_no_fall/voxel_12-3__video_0p000s_to_10p673s/window_0005__time_3p335s_to_4p003s__frames_000050_to_000060.json,2,data/processed/frames/train/no_fall/voxel_12-3/frame_000050.jpg|data/processed/frames/train/no_fall/voxel_12-3/frame_000055.jpg|data/processed/frames/train/no_fall/voxel_12-3/frame_000060.jpg,3.3354|3.669|4.0025
voxel_12-3_w0006,voxel_12-3,train,no_fall,0,data/raw/voxel_huggingface_data/No Fall/12-3.mp4,0.0,10.6733,4.0025,4.6696,6,3,data/processed/window_poses_readable/train/label_no_fall/voxel_12-3__video_0p000s_to_10p673s/window_0006__time_4p003s_to_4p670s__frames_000060_to_000070.json,3,data/processed/frames/train/no_fall/voxel_12-3/frame_000060.jpg|data/processed/frames/train/no_fall/voxel_12-3/frame_000065.jpg|data/processed/frames/train/no_fall/voxel_12-3/frame_000070.jpg,4.0025|4.3361|4.6696
voxel_12-3_w0007,voxel_12-3,train,no_fall,0,data/raw/voxel_huggingface_data/No Fall/12-3.mp4,0.0,10.6733,4.6696,5.3367,7,3,data/processed/window_poses_readable/train/label_no_fall/voxel_12-3__video_0p000s_to_10p673s/window_0007__time_4p670s_to_5p337s__frames_000070_to_000080.json,3,data/processed/frames/train/no_fall/voxel_12-3/frame_000070.jpg|data/processed/frames/train/no_fall/voxel_12-3/frame_000075.jpg|data/processed/frames/train/no_fall/voxel_12-3/frame_000080.jpg,4.6696|5.0031|5.3367
voxel_12-3_w0008,voxel_12-3,train,no_fall,0,data/raw/voxel_huggingface_data/No Fall/12-3.mp4,0.0,10.6733,5.3367,6.0038,8,3,data/processed/window_poses_readable/train/label_no_fall/voxel_12-3__video_0p000s_to_10p673s/window_0008__time_5p337s_to_6p004s__frames_000080_to_000090.json,2,data/processed/frames/train/no_fall/voxel_12-3/frame_000080.jpg|data/processed/frames/train/no_fall/voxel_12-3/frame_000085.jpg|data/processed/frames/train/no_fall/voxel_12-3/frame_000090.jpg,5.3367|5.6702|6.0038
voxel_12-3_w0009,voxel_12-3,train,no_fall,0,data/raw/voxel_huggingface_data/No Fall/12-3.mp4,0.0,10.6733,6.0038,6.6708,9,3,data/processed/window_poses_readable/train/label_no_fall/voxel_12-3__video_0p000s_to_10p673s/window_0009__time_6p004s_to_6p671s__frames_000090_to_000100.json,2,data/processed/frames/train/no_fall/voxel_12-3/frame_000090.jpg|data/processed/frames/train/no_fall/voxel_12-3/frame_000095.jpg|data/processed/frames/train/no_fall/voxel_12-3/frame_000100.jpg,6.0038|6.3373|6.6708
voxel_12-3_w0010,voxel_12-3,train,no_fall,0,data/raw/voxel_huggingface_data/No Fall/12-3.mp4,0.0,10.6733,6.6708,7.3379,10,3,data/processed/window_poses_readable/train/label_no_fall/voxel_12-3__video_0p000s_to_10p673s/window_0010__time_6p671s_to_7p338s__frames_000100_to_000110.json,3,data/processed/frames/train/no_fall/voxel_12-3/frame_000100.jpg|data/processed/frames/train/no_fall/voxel_12-3/frame_000105.jpg|data/processed/frames/train/no_fall/voxel_12-3/frame_000110.jpg,6.6708|7.0044|7.3379
voxel_12-3_w0011,voxel_12-3,train,no_fall,0,data/raw/voxel_huggingface_data/No Fall/12-3.mp4,0.0,10.6733,7.3379,8.005,11,3,data/processed/window_poses_readable/train/label_no_fall/voxel_12-3__video_0p000s_to_10p673s/window_0011__time_7p338s_to_8p005s__frames_000110_to_000120.json,2,data/processed/frames/train/no_fall/voxel_12-3/frame_000110.jpg|data/processed/frames/train/no_fall/voxel_12-3/frame_000115.jpg|data/processed/frames/train/no_fall/voxel_12-3/frame_000120.jpg,7.3379|7.6715|8.005
voxel_12-3_w0012,voxel_12-3,train,no_fall,0,data/raw/voxel_huggingface_data/No Fall/12-3.mp4,0.0,10.6733,8.005,8.6721,12,3,data/processed/window_poses_readable/train/label_no_fall/voxel_12-3__video_0p000s_to_10p673s/window_0012__time_8p005s_to_8p672s__frames_000120_to_000130.json,3,data/processed/frames/train/no_fall/voxel_12-3/frame_000120.jpg|data/processed/frames/train/no_fall/voxel_12-3/frame_000125.jpg|data/processed/frames/train/no_fall/voxel_12-3/frame_000130.jpg,8.005|8.3386|8.6721
voxel_12-3_w0013,voxel_12-3,train,no_fall,0,data/raw/voxel_huggingface_data/No Fall/12-3.mp4,0.0,10.6733,8.6721,9.3392,13,3,data/processed/window_poses_readable/train/label_no_fall/voxel_12-3__video_0p000s_to_10p673s/window_0013__time_8p672s_to_9p339s__frames_000130_to_000140.json,2,data/processed/frames/train/no_fall/voxel_12-3/frame_000130.jpg|data/processed/frames/train/no_fall/voxel_12-3/frame_000135.jpg|data/processed/frames/train/no_fall/voxel_12-3/frame_000140.jpg,8.6721|9.0056|9.3392
voxel_12-3_w0014,voxel_12-3,train,no_fall,0,data/raw/voxel_huggingface_data/No Fall/12-3.mp4,0.0,10.6733,9.3392,10.0063,14,3,data/processed/window_poses_readable/train/label_no_fall/voxel_12-3__video_0p000s_to_10p673s/window_0014__time_9p339s_to_10p006s__frames_000140_to_000150.json,1,data/processed/frames/train/no_fall/voxel_12-3/frame_000140.jpg|data/processed/frames/train/no_fall/voxel_12-3/frame_000145.jpg|data/processed/frames/train/no_fall/voxel_12-3/frame_000150.jpg,9.3392|9.6727|10.0063
voxel_12-5_w0000,voxel_12-5,train,no_fall,0,data/raw/voxel_huggingface_data/No Fall/12-5.mp4,0.0,8.6093,0.0,0.67,0,3,data/processed/window_poses_readable/train/label_no_fall/voxel_12-5__video_0p000s_to_8p609s/window_0000__time_0p000s_to_0p670s__frames_000000_to_000020.json,3,data/processed/frames/train/no_fall/voxel_12-5/frame_000000.jpg|data/processed/frames/train/no_fall/voxel_12-5/frame_000010.jpg|data/processed/frames/train/no_fall/voxel_12-5/frame_000020.jpg,0.0|0.335|0.67
voxel_12-5_w0001,voxel_12-5,train,no_fall,0,data/raw/voxel_huggingface_data/No Fall/12-5.mp4,0.0,8.6093,0.67,1.34,1,3,data/processed/window_poses_readable/train/label_no_fall/voxel_12-5__video_0p000s_to_8p609s/window_0001__time_0p670s_to_1p340s__frames_000020_to_000040.json,3,data/processed/frames/train/no_fall/voxel_12-5/frame_000020.jpg|data/processed/frames/train/no_fall/voxel_12-5/frame_000030.jpg|data/processed/frames/train/no_fall/voxel_12-5/frame_000040.jpg,0.67|1.005|1.34
voxel_12-5_w0002,voxel_12-5,train,no_fall,0,data/raw/voxel_huggingface_data/No Fall/12-5.mp4,0.0,8.6093,1.34,2.01,2,3,data/processed/window_poses_readable/train/label_no_fall/voxel_12-5__video_0p000s_to_8p609s/window_0002__time_1p340s_to_2p010s__frames_000040_to_000060.json,3,data/processed/frames/train/no_fall/voxel_12-5/frame_000040.jpg|data/processed/frames/train/no_fall/voxel_12-5/frame_000050.jpg|data/processed/frames/train/no_fall/voxel_12-5/frame_000060.jpg,1.34|1.675|2.01
voxel_12-5_w0003,voxel_12-5,train,no_fall,0,data/raw/voxel_huggingface_data/No Fall/12-5.mp4,0.0,8.6093,2.01,2.6799,3,3,data/processed/window_poses_readable/train/label_no_fall/voxel_12-5__video_0p000s_to_8p609s/window_0003__time_2p010s_to_2p680s__frames_000060_to_000080.json,3,data/processed/frames/train/no_fall/voxel_12-5/frame_000060.jpg|data/processed/frames/train/no_fall/voxel_12-5/frame_000070.jpg|data/processed/frames/train/no_fall/voxel_12-5/frame_000080.jpg,2.01|2.3449|2.6799
voxel_12-5_w0004,voxel_12-5,train,no_fall,0,data/raw/voxel_huggingface_data/No Fall/12-5.mp4,0.0,8.6093,2.6799,3.3499,4,3,data/processed/window_poses_readable/train/label_no_fall/voxel_12-5__video_0p000s_to_8p609s/window_0004__time_2p680s_to_3p350s__frames_000080_to_000100.json,3,data/processed/frames/train/no_fall/voxel_12-5/frame_000080.jpg|data/processed/frames/train/no_fall/voxel_12-5/frame_000090.jpg|data/processed/frames/train/no_fall/voxel_12-5/frame_000100.jpg,2.6799|3.0149|3.3499
voxel_12-5_w0005,voxel_12-5,train,no_fall,0,data/raw/voxel_huggingface_data/No Fall/12-5.mp4,0.0,8.6093,3.3499,4.0199,5,3,data/processed/window_poses_readable/train/label_no_fall/voxel_12-5__video_0p000s_to_8p609s/window_0005__time_3p350s_to_4p020s__frames_000100_to_000120.json,3,data/processed/frames/train/no_fall/voxel_12-5/frame_000100.jpg|data/processed/frames/train/no_fall/voxel_12-5/frame_000110.jpg|data/processed/frames/train/no_fall/voxel_12-5/frame_000120.jpg,3.3499|3.6849|4.0199
voxel_12-5_w0006,voxel_12-5,train,no_fall,0,data/raw/voxel_huggingface_data/No Fall/12-5.mp4,0.0,8.6093,4.0199,4.6899,6,3,data/processed/window_poses_readable/train/label_no_fall/voxel_12-5__video_0p000s_to_8p609s/window_0006__time_4p020s_to_4p690s__frames_000120_to_000140.json,3,data/processed/frames/train/no_fall/voxel_12-5/frame_000120.jpg|data/processed/frames/train/no_fall/voxel_12-5/frame_000130.jpg|data/processed/frames/train/no_fall/voxel_12-5/frame_000140.jpg,4.0199|4.3549|4.6899
voxel_12-5_w0007,voxel_12-5,train,no_fall,0,data/raw/voxel_huggingface_data/No Fall/12-5.mp4,0.0,8.6093,4.6899,5.3599,7,3,data/processed/window_poses_readable/train/label_no_fall/voxel_12-5__video_0p000s_to_8p609s/window_0007__time_4p690s_to_5p360s__frames_000140_to_000160.json,3,data/processed/frames/train/no_fall/voxel_12-5/frame_000140.jpg|data/processed/frames/train/no_fall/voxel_12-5/frame_000150.jpg|data/processed/frames/train/no_fall/voxel_12-5/frame_000160.jpg,4.6899|5.0249|5.3599
voxel_12-5_w0008,voxel_12-5,train,no_fall,0,data/raw/voxel_huggingface_data/No Fall/12-5.mp4,0.0,8.6093,5.3599,6.0299,8,3,data/processed/window_poses_readable/train/label_no_fall/voxel_12-5__video_0p000s_to_8p609s/window_0008__time_5p360s_to_6p030s__frames_000160_to_000180.json,3,data/processed/frames/train/no_fall/voxel_12-5/frame_000160.jpg|data/processed/frames/train/no_fall/voxel_12-5/frame_000170.jpg|data/processed/frames/train/no_fall/voxel_12-5/frame_000180.jpg,5.3599|5.6949|6.0299
voxel_12-5_w0009,voxel_12-5,train,no_fall,0,data/raw/voxel_huggingface_data/No Fall/12-5.mp4,0.0,8.6093,6.0299,6.6999,9,3,data/processed/window_poses_readable/train/label_no_fall/voxel_12-5__video_0p000s_to_8p609s/window_0009__time_6p030s_to_6p700s__frames_000180_to_000200.json,3,data/processed/frames/train/no_fall/voxel_12-5/frame_000180.jpg|data/processed/frames/train/no_fall/voxel_12-5/frame_000190.jpg|data/processed/frames/train/no_fall/voxel_12-5/frame_000200.jpg,6.0299|6.3649|6.6999
voxel_12-5_w0010,voxel_12-5,train,no_fall,0,data/raw/voxel_huggingface_data/No Fall/12-5.mp4,0.0,8.6093,6.6999,7.3363,10,3,data/processed/window_poses_readable/train/label_no_fall/voxel_12-5__video_0p000s_to_8p609s/window_0010__time_6p700s_to_7p336s__frames_000200_to_000219.json,3,data/processed/frames/train/no_fall/voxel_12-5/frame_000200.jpg|data/processed/frames/train/no_fall/voxel_12-5/frame_000209.jpg|data/processed/frames/train/no_fall/voxel_12-5/frame_000219.jpg,6.6999|7.0013|7.3363
voxel_12-5_w0011,voxel_12-5,train,no_fall,0,data/raw/voxel_huggingface_data/No Fall/12-5.mp4,0.0,8.6093,7.3363,8.0063,11,3,data/processed/window_poses_readable/train/label_no_fall/voxel_12-5__video_0p000s_to_8p609s/window_0011__time_7p336s_to_8p006s__frames_000219_to_000239.json,3,data/processed/frames/train/no_fall/voxel_12-5/frame_000219.jpg|data/processed/frames/train/no_fall/voxel_12-5/frame_000229.jpg|data/processed/frames/train/no_fall/voxel_12-5/frame_000239.jpg,7.3363|7.6713|8.0063
voxel_12-7_w0000,voxel_12-7,train,no_fall,0,data/raw/voxel_huggingface_data/No Fall/12-7.mp4,0.0,7.3295,0.0,0.6724,0,3,data/processed/window_poses_readable/train/label_no_fall/voxel_12-7__video_0p000s_to_7p330s/window_0000__time_0p000s_to_0p672s__frames_000000_to_000020.json,3,data/processed/frames/train/no_fall/voxel_12-7/frame_000000.jpg|data/processed/frames/train/no_fall/voxel_12-7/frame_000010.jpg|data/processed/frames/train/no_fall/voxel_12-7/frame_000020.jpg,0.0|0.3362|0.6724
voxel_12-7_w0001,voxel_12-7,train,no_fall,0,data/raw/voxel_huggingface_data/No Fall/12-7.mp4,0.0,7.3295,0.6724,1.3449,1,3,data/processed/window_poses_readable/train/label_no_fall/voxel_12-7__video_0p000s_to_7p330s/window_0001__time_0p672s_to_1p345s__frames_000020_to_000040.json,3,data/processed/frames/train/no_fall/voxel_12-7/frame_000020.jpg|data/processed/frames/train/no_fall/voxel_12-7/frame_000030.jpg|data/processed/frames/train/no_fall/voxel_12-7/frame_000040.jpg,0.6724|1.0087|1.3449
voxel_12-7_w0002,voxel_12-7,train,no_fall,0,data/raw/voxel_huggingface_data/No Fall/12-7.mp4,0.0,7.3295,1.3449,2.0173,2,3,data/processed/window_poses_readable/train/label_no_fall/voxel_12-7__video_0p000s_to_7p330s/window_0002__time_1p345s_to_2p017s__frames_000040_to_000060.json,3,data/processed/frames/train/no_fall/voxel_12-7/frame_000040.jpg|data/processed/frames/train/no_fall/voxel_12-7/frame_000050.jpg|data/processed/frames/train/no_fall/voxel_12-7/frame_000060.jpg,1.3449|1.6811|2.0173
voxel_12-7_w0003,voxel_12-7,train,no_fall,0,data/raw/voxel_huggingface_data/No Fall/12-7.mp4,0.0,7.3295,2.0173,2.6897,3,3,data/processed/window_poses_readable/train/label_no_fall/voxel_12-7__video_0p000s_to_7p330s/window_0003__time_2p017s_to_2p690s__frames_000060_to_000080.json,3,data/processed/frames/train/no_fall/voxel_12-7/frame_000060.jpg|data/processed/frames/train/no_fall/voxel_12-7/frame_000070.jpg|data/processed/frames/train/no_fall/voxel_12-7/frame_000080.jpg,2.0173|2.3535|2.6897
voxel_12-7_w0004,voxel_12-7,train,no_fall,0,data/raw/voxel_huggingface_data/No Fall/12-7.mp4,0.0,7.3295,2.6897,3.3622,4,3,data/processed/window_poses_readable/train/label_no_fall/voxel_12-7__video_0p000s_to_7p330s/window_0004__time_2p690s_to_3p362s__frames_000080_to_000100.json,3,data/processed/frames/train/no_fall/voxel_12-7/frame_000080.jpg|data/processed/frames/train/no_fall/voxel_12-7/frame_000090.jpg|data/processed/frames/train/no_fall/voxel_12-7/frame_000100.jpg,2.6897|3.026|3.3622
voxel_12-7_w0005,voxel_12-7,train,no_fall,0,data/raw/voxel_huggingface_data/No Fall/12-7.mp4,0.0,7.3295,3.3622,4.001,5,3,data/processed/window_poses_readable/train/label_no_fall/voxel_12-7__video_0p000s_to_7p330s/window_0005__time_3p362s_to_4p001s__frames_000100_to_000119.json,3,data/processed/frames/train/no_fall/voxel_12-7/frame_000100.jpg|data/processed/frames/train/no_fall/voxel_12-7/frame_000110.jpg|data/processed/frames/train/no_fall/voxel_12-7/frame_000119.jpg,3.3622|3.6984|4.001
voxel_12-7_w0006,voxel_12-7,train,no_fall,0,data/raw/voxel_huggingface_data/No Fall/12-7.mp4,0.0,7.3295,4.001,4.6734,6,3,data/processed/window_poses_readable/train/label_no_fall/voxel_12-7__video_0p000s_to_7p330s/window_0006__time_4p001s_to_4p673s__frames_000119_to_000139.json,3,data/processed/frames/train/no_fall/voxel_12-7/frame_000119.jpg|data/processed/frames/train/no_fall/voxel_12-7/frame_000129.jpg|data/processed/frames/train/no_fall/voxel_12-7/frame_000139.jpg,4.001|4.3372|4.6734
voxel_12-7_w0007,voxel_12-7,train,no_fall,0,data/raw/voxel_huggingface_data/No Fall/12-7.mp4,0.0,7.3295,4.6734,5.3458,7,3,data/processed/window_poses_readable/train/label_no_fall/voxel_12-7__video_0p000s_to_7p330s/window_0007__time_4p673s_to_5p346s__frames_000139_to_000159.json,3,data/processed/frames/train/no_fall/voxel_12-7/frame_000139.jpg|data/processed/frames/train/no_fall/voxel_12-7/frame_000149.jpg|data/processed/frames/train/no_fall/voxel_12-7/frame_000159.jpg,4.6734|5.0096|5.3458
voxel_12-7_w0008,voxel_12-7,train,no_fall,0,data/raw/voxel_huggingface_data/No Fall/12-7.mp4,0.0,7.3295,5.3458,6.0183,8,3,data/processed/window_poses_readable/train/label_no_fall/voxel_12-7__video_0p000s_to_7p330s/window_0008__time_5p346s_to_6p018s__frames_000159_to_000179.json,3,data/processed/frames/train/no_fall/voxel_12-7/frame_000159.jpg|data/processed/frames/train/no_fall/voxel_12-7/frame_000169.jpg|data/processed/frames/train/no_fall/voxel_12-7/frame_000179.jpg,5.3458|5.6821|6.0183
voxel_12-7_w0009,voxel_12-7,train,no_fall,0,data/raw/voxel_huggingface_data/No Fall/12-7.mp4,0.0,7.3295,6.0183,6.6907,9,3,data/processed/window_poses_readable/train/label_no_fall/voxel_12-7__video_0p000s_to_7p330s/window_0009__time_6p018s_to_6p691s__frames_000179_to_000199.json,3,data/processed/frames/train/no_fall/voxel_12-7/frame_000179.jpg|data/processed/frames/train/no_fall/voxel_12-7/frame_000189.jpg|data/processed/frames/train/no_fall/voxel_12-7/frame_000199.jpg,6.0183|6.3545|6.6907
voxel_13_w0000,voxel_13,train,no_fall,0,data/raw/voxel_huggingface_data/No Fall/13.mp4,0.0,4.8483,0.0,0.6687,0,3,data/processed/window_poses_readable/train/label_no_fall/voxel_13__video_0p000s_to_4p848s/window_0000__time_0p000s_to_0p669s__frames_000000_to_000020.json,3,data/processed/frames/train/no_fall/voxel_13/frame_000000.jpg|data/processed/frames/train/no_fall/voxel_13/frame_000010.jpg|data/processed/frames/train/no_fall/voxel_13/frame_000020.jpg,0.0|0.3344|0.6687
voxel_13_w0001,voxel_13,train,no_fall,0,data/raw/voxel_huggingface_data/No Fall/13.mp4,0.0,4.8483,0.6687,1.3375,1,3,data/processed/window_poses_readable/train/label_no_fall/voxel_13__video_0p000s_to_4p848s/window_0001__time_0p669s_to_1p337s__frames_000020_to_000040.json,3,data/processed/frames/train/no_fall/voxel_13/frame_000020.jpg|data/processed/frames/train/no_fall/voxel_13/frame_000030.jpg|data/processed/frames/train/no_fall/voxel_13/frame_000040.jpg,0.6687|1.0031|1.3375
voxel_13_w0002,voxel_13,train,no_fall,0,data/raw/voxel_huggingface_data/No Fall/13.mp4,0.0,4.8483,1.3375,2.0062,2,3,data/processed/window_poses_readable/train/label_no_fall/voxel_13__video_0p000s_to_4p848s/window_0002__time_1p337s_to_2p006s__frames_000040_to_000060.json,3,data/processed/frames/train/no_fall/voxel_13/frame_000040.jpg|data/processed/frames/train/no_fall/voxel_13/frame_000050.jpg|data/processed/frames/train/no_fall/voxel_13/frame_000060.jpg,1.3375|1.6718|2.0062
voxel_13_w0003,voxel_13,train,no_fall,0,data/raw/voxel_huggingface_data/No Fall/13.mp4,0.0,4.8483,2.0062,2.6749,3,3,data/processed/window_poses_readable/train/label_no_fall/voxel_13__video_0p000s_to_4p848s/window_0003__time_2p006s_to_2p675s__frames_000060_to_000080.json,3,data/processed/frames/train/no_fall/voxel_13/frame_000060.jpg|data/processed/frames/train/no_fall/voxel_13/frame_000070.jpg|data/processed/frames/train/no_fall/voxel_13/frame_000080.jpg,2.0062|2.3406|2.6749
voxel_13_w0004,voxel_13,train,no_fall,0,data/raw/voxel_huggingface_data/No Fall/13.mp4,0.0,4.8483,2.6749,3.3437,4,3,data/processed/window_poses_readable/train/label_no_fall/voxel_13__video_0p000s_to_4p848s/window_0004__time_2p675s_to_3p344s__frames_000080_to_000100.json,3,data/processed/frames/train/no_fall/voxel_13/frame_000080.jpg|data/processed/frames/train/no_fall/voxel_13/frame_000090.jpg|data/processed/frames/train/no_fall/voxel_13/frame_000100.jpg,2.6749|3.0093|3.3437
voxel_13_w0005,voxel_13,train,no_fall,0,data/raw/voxel_huggingface_data/No Fall/13.mp4,0.0,4.8483,3.3437,4.0124,5,3,data/processed/window_poses_readable/train/label_no_fall/voxel_13__video_0p000s_to_4p848s/window_0005__time_3p344s_to_4p012s__frames_000100_to_000120.json,3,data/processed/frames/train/no_fall/voxel_13/frame_000100.jpg|data/processed/frames/train/no_fall/voxel_13/frame_000110.jpg|data/processed/frames/train/no_fall/voxel_13/frame_000120.jpg,3.3437|3.678|4.0124
voxel_13_w0006,voxel_13,train,no_fall,0,data/raw/voxel_huggingface_data/No Fall/13.mp4,0.0,4.8483,4.0124,4.6811,6,3,data/processed/window_poses_readable/train/label_no_fall/voxel_13__video_0p000s_to_4p848s/window_0006__time_4p012s_to_4p681s__frames_000120_to_000140.json,3,data/processed/frames/train/no_fall/voxel_13/frame_000120.jpg|data/processed/frames/train/no_fall/voxel_13/frame_000130.jpg|data/processed/frames/train/no_fall/voxel_13/frame_000140.jpg,4.0124|4.3468|4.6811
voxel_13-3_w0000,voxel_13-3,train,no_fall,0,data/raw/voxel_huggingface_data/No Fall/13-3.mp4,0.0,8.6415,0.0,0.7312,0,3,data/processed/window_poses_readable/train/label_no_fall/voxel_13-3__video_0p000s_to_8p642s/window_0000__time_0p000s_to_0p731s__frames_000000_to_000011.json,3,data/processed/frames/train/no_fall/voxel_13-3/frame_000000.jpg|data/processed/frames/train/no_fall/voxel_13-3/frame_000006.jpg|data/processed/frames/train/no_fall/voxel_13-3/frame_000011.jpg,0.0|0.3988|0.7312
voxel_13-3_w0001,voxel_13-3,train,no_fall,0,data/raw/voxel_huggingface_data/No Fall/13-3.mp4,0.0,8.6415,0.7312,1.3959,1,3,data/processed/window_poses_readable/train/label_no_fall/voxel_13-3__video_0p000s_to_8p642s/window_0001__time_0p731s_to_1p396s__frames_000011_to_000021.json,3,data/processed/frames/train/no_fall/voxel_13-3/frame_000011.jpg|data/processed/frames/train/no_fall/voxel_13-3/frame_000016.jpg|data/processed/frames/train/no_fall/voxel_13-3/frame_000021.jpg,0.7312|1.0636|1.3959
voxel_13-3_w0002,voxel_13-3,train,no_fall,0,data/raw/voxel_huggingface_data/No Fall/13-3.mp4,0.0,8.6415,1.3959,2.0607,2,3,data/processed/window_poses_readable/train/label_no_fall/voxel_13-3__video_0p000s_to_8p642s/window_0002__time_1p396s_to_2p061s__frames_000021_to_000031.json,3,data/processed/frames/train/no_fall/voxel_13-3/frame_000021.jpg|data/processed/frames/train/no_fall/voxel_13-3/frame_000026.jpg|data/processed/frames/train/no_fall/voxel_13-3/frame_000031.jpg,1.3959|1.7283|2.0607
voxel_13-3_w0003,voxel_13-3,train,no_fall,0,data/raw/voxel_huggingface_data/No Fall/13-3.mp4,0.0,8.6415,2.0607,2.7254,3,3,data/processed/window_poses_readable/train/label_no_fall/voxel_13-3__video_0p000s_to_8p642s/window_0003__time_2p061s_to_2p725s__frames_000031_to_000041.json,3,data/processed/frames/train/no_fall/voxel_13-3/frame_000031.jpg|data/processed/frames/train/no_fall/voxel_13-3/frame_000036.jpg|data/processed/frames/train/no_fall/voxel_13-3/frame_000041.jpg,2.0607|2.393|2.7254
voxel_13-3_w0004,voxel_13-3,train,no_fall,0,data/raw/voxel_huggingface_data/No Fall/13-3.mp4,0.0,8.6415,2.7254,3.3901,4,3,data/processed/window_poses_readable/train/label_no_fall/voxel_13-3__video_0p000s_to_8p642s/window_0004__time_2p725s_to_3p390s__frames_000041_to_000051.json,3,data/processed/frames/train/no_fall/voxel_13-3/frame_000041.jpg|data/processed/frames/train/no_fall/voxel_13-3/frame_000046.jpg|data/processed/frames/train/no_fall/voxel_13-3/frame_000051.jpg,2.7254|3.0578|3.3901
voxel_13-3_w0005,voxel_13-3,train,no_fall,0,data/raw/voxel_huggingface_data/No Fall/13-3.mp4,0.0,8.6415,3.3901,4.0549,5,3,data/processed/window_poses_readable/train/label_no_fall/voxel_13-3__video_0p000s_to_8p642s/window_0005__time_3p390s_to_4p055s__frames_000051_to_000061.json,2,data/processed/frames/train/no_fall/voxel_13-3/frame_000051.jpg|data/processed/frames/train/no_fall/voxel_13-3/frame_000056.jpg|data/processed/frames/train/no_fall/voxel_13-3/frame_000061.jpg,3.3901|3.7225|4.0549
voxel_13-3_w0006,voxel_13-3,train,no_fall,0,data/raw/voxel_huggingface_data/No Fall/13-3.mp4,0.0,8.6415,4.0549,4.7196,6,3,data/processed/window_poses_readable/train/label_no_fall/voxel_13-3__video_0p000s_to_8p642s/window_0006__time_4p055s_to_4p720s__frames_000061_to_000071.json,2,data/processed/frames/train/no_fall/voxel_13-3/frame_000061.jpg|data/processed/frames/train/no_fall/voxel_13-3/frame_000066.jpg|data/processed/frames/train/no_fall/voxel_13-3/frame_000071.jpg,4.0549|4.3872|4.7196
voxel_13-3_w0007,voxel_13-3,train,no_fall,0,data/raw/voxel_huggingface_data/No Fall/13-3.mp4,0.0,8.6415,4.7196,5.3843,7,3,data/processed/window_poses_readable/train/label_no_fall/voxel_13-3__video_0p000s_to_8p642s/window_0007__time_4p720s_to_5p384s__frames_000071_to_000081.json,3,data/processed/frames/train/no_fall/voxel_13-3/frame_000071.jpg|data/processed/frames/train/no_fall/voxel_13-3/frame_000076.jpg|data/processed/frames/train/no_fall/voxel_13-3/frame_000081.jpg,4.7196|5.0519|5.3843
voxel_13-3_w0008,voxel_13-3,train,no_fall,0,data/raw/voxel_huggingface_data/No Fall/13-3.mp4,0.0,8.6415,5.3843,6.049,8,3,data/processed/window_poses_readable/train/label_no_fall/voxel_13-3__video_0p000s_to_8p642s/window_0008__time_5p384s_to_6p049s__frames_000081_to_000091.json,3,data/processed/frames/train/no_fall/voxel_13-3/frame_000081.jpg|data/processed/frames/train/no_fall/voxel_13-3/frame_000086.jpg|data/processed/frames/train/no_fall/voxel_13-3/frame_000091.jpg,5.3843|5.7167|6.049
voxel_13-3_w0009,voxel_13-3,train,no_fall,0,data/raw/voxel_huggingface_data/No Fall/13-3.mp4,0.0,8.6415,6.049,6.7138,9,3,data/processed/window_poses_readable/train/label_no_fall/voxel_13-3__video_0p000s_to_8p642s/window_0009__time_6p049s_to_6p714s__frames_000091_to_000101.json,3,data/processed/frames/train/no_fall/voxel_13-3/frame_000091.jpg|data/processed/frames/train/no_fall/voxel_13-3/frame_000096.jpg|data/processed/frames/train/no_fall/voxel_13-3/frame_000101.jpg,6.049|6.3814|6.7138
voxel_13-3_w0010,voxel_13-3,train,no_fall,0,data/raw/voxel_huggingface_data/No Fall/13-3.mp4,0.0,8.6415,6.7138,7.3785,10,3,data/processed/window_poses_readable/train/label_no_fall/voxel_13-3__video_0p000s_to_8p642s/window_0010__time_6p714s_to_7p378s__frames_000101_to_000111.json,3,data/processed/frames/train/no_fall/voxel_13-3/frame_000101.jpg|data/processed/frames/train/no_fall/voxel_13-3/frame_000106.jpg|data/processed/frames/train/no_fall/voxel_13-3/frame_000111.jpg,6.7138|7.0461|7.3785
voxel_13-3_w0011,voxel_13-3,train,no_fall,0,data/raw/voxel_huggingface_data/No Fall/13-3.mp4,0.0,8.6415,7.3785,8.0432,11,3,data/processed/window_poses_readable/train/label_no_fall/voxel_13-3__video_0p000s_to_8p642s/window_0011__time_7p378s_to_8p043s__frames_000111_to_000121.json,3,data/processed/frames/train/no_fall/voxel_13-3/frame_000111.jpg|data/processed/frames/train/no_fall/voxel_13-3/frame_000116.jpg|data/processed/frames/train/no_fall/voxel_13-3/frame_000121.jpg,7.3785|7.7109|8.0432
voxel_13-5_w0000,voxel_13-5,train,no_fall,0,data/raw/voxel_huggingface_data/No Fall/13-5.mp4,0.0,5.4895,0.0,0.6695,0,3,data/processed/window_poses_readable/train/label_no_fall/voxel_13-5__video_0p000s_to_5p489s/window_0000__time_0p000s_to_0p669s__frames_000000_to_000020.json,3,data/processed/frames/train/no_fall/voxel_13-5/frame_000000.jpg|data/processed/frames/train/no_fall/voxel_13-5/frame_000010.jpg|data/processed/frames/train/no_fall/voxel_13-5/frame_000020.jpg,0.0|0.3347|0.6695
voxel_13-5_w0001,voxel_13-5,train,no_fall,0,data/raw/voxel_huggingface_data/No Fall/13-5.mp4,0.0,5.4895,0.6695,1.3389,1,3,data/processed/window_poses_readable/train/label_no_fall/voxel_13-5__video_0p000s_to_5p489s/window_0001__time_0p669s_to_1p339s__frames_000020_to_000040.json,3,data/processed/frames/train/no_fall/voxel_13-5/frame_000020.jpg|data/processed/frames/train/no_fall/voxel_13-5/frame_000030.jpg|data/processed/frames/train/no_fall/voxel_13-5/frame_000040.jpg,0.6695|1.0042|1.3389
voxel_13-5_w0002,voxel_13-5,train,no_fall,0,data/raw/voxel_huggingface_data/No Fall/13-5.mp4,0.0,5.4895,1.3389,2.0084,2,3,data/processed/window_poses_readable/train/label_no_fall/voxel_13-5__video_0p000s_to_5p489s/window_0002__time_1p339s_to_2p008s__frames_000040_to_000060.json,3,data/processed/frames/train/no_fall/voxel_13-5/frame_000040.jpg|data/processed/frames/train/no_fall/voxel_13-5/frame_000050.jpg|data/processed/frames/train/no_fall/voxel_13-5/frame_000060.jpg,1.3389|1.6736|2.0084
voxel_13-5_w0003,voxel_13-5,train,no_fall,0,data/raw/voxel_huggingface_data/No Fall/13-5.mp4,0.0,5.4895,2.0084,2.6778,3,3,data/processed/window_poses_readable/train/label_no_fall/voxel_13-5__video_0p000s_to_5p489s/window_0003__time_2p008s_to_2p678s__frames_000060_to_000080.json,3,data/processed/frames/train/no_fall/voxel_13-5/frame_000060.jpg|data/processed/frames/train/no_fall/voxel_13-5/frame_000070.jpg|data/processed/frames/train/no_fall/voxel_13-5/frame_000080.jpg,2.0084|2.3431|2.6778
voxel_13-5_w0004,voxel_13-5,train,no_fall,0,data/raw/voxel_huggingface_data/No Fall/13-5.mp4,0.0,5.4895,2.6778,3.3473,4,3,data/processed/window_poses_readable/train/label_no_fall/voxel_13-5__video_0p000s_to_5p489s/window_0004__time_2p678s_to_3p347s__frames_000080_to_000100.json,3,data/processed/frames/train/no_fall/voxel_13-5/frame_000080.jpg|data/processed/frames/train/no_fall/voxel_13-5/frame_000090.jpg|data/processed/frames/train/no_fall/voxel_13-5/frame_000100.jpg,2.6778|3.0126|3.3473
voxel_13-5_w0005,voxel_13-5,train,no_fall,0,data/raw/voxel_huggingface_data/No Fall/13-5.mp4,0.0,5.4895,3.3473,4.0167,5,3,data/processed/window_poses_readable/train/label_no_fall/voxel_13-5__video_0p000s_to_5p489s/window_0005__time_3p347s_to_4p017s__frames_000100_to_000120.json,3,data/processed/frames/train/no_fall/voxel_13-5/frame_000100.jpg|data/processed/frames/train/no_fall/voxel_13-5/frame_000110.jpg|data/processed/frames/train/no_fall/voxel_13-5/frame_000120.jpg,3.3473|3.682|4.0167
voxel_13-5_w0006,voxel_13-5,train,no_fall,0,data/raw/voxel_huggingface_data/No Fall/13-5.mp4,0.0,5.4895,4.0167,4.6862,6,3,data/processed/window_poses_readable/train/label_no_fall/voxel_13-5__video_0p000s_to_5p489s/window_0006__time_4p017s_to_4p686s__frames_000120_to_000140.json,3,data/processed/frames/train/no_fall/voxel_13-5/frame_000120.jpg|data/processed/frames/train/no_fall/voxel_13-5/frame_000130.jpg|data/processed/frames/train/no_fall/voxel_13-5/frame_000140.jpg,4.0167|4.3515|4.6862
voxel_13-5_w0007,voxel_13-5,train,no_fall,0,data/raw/voxel_huggingface_data/No Fall/13-5.mp4,0.0,5.4895,4.6862,5.3556,7,3,data/processed/window_poses_readable/train/label_no_fall/voxel_13-5__video_0p000s_to_5p489s/window_0007__time_4p686s_to_5p356s__frames_000140_to_000160.json,3,data/processed/frames/train/no_fall/voxel_13-5/frame_000140.jpg|data/processed/frames/train/no_fall/voxel_13-5/frame_000150.jpg|data/processed/frames/train/no_fall/voxel_13-5/frame_000160.jpg,4.6862|5.0209|5.3556
voxel_13-7_w0000,voxel_13-7,train,no_fall,0,data/raw/voxel_huggingface_data/No Fall/13-7.mp4,0.0,6.3056,0.0,0.6744,0,3,data/processed/window_poses_readable/train/label_no_fall/voxel_13-7__video_0p000s_to_6p306s/window_0000__time_0p000s_to_0p674s__frames_000000_to_000020.json,3,data/processed/frames/train/no_fall/voxel_13-7/frame_000000.jpg|data/processed/frames/train/no_fall/voxel_13-7/frame_000010.jpg|data/processed/frames/train/no_fall/voxel_13-7/frame_000020.jpg,0.0|0.3372|0.6744
voxel_13-7_w0001,voxel_13-7,train,no_fall,0,data/raw/voxel_huggingface_data/No Fall/13-7.mp4,0.0,6.3056,0.6744,1.3488,1,3,data/processed/window_poses_readable/train/label_no_fall/voxel_13-7__video_0p000s_to_6p306s/window_0001__time_0p674s_to_1p349s__frames_000020_to_000040.json,3,data/processed/frames/train/no_fall/voxel_13-7/frame_000020.jpg|data/processed/frames/train/no_fall/voxel_13-7/frame_000030.jpg|data/processed/frames/train/no_fall/voxel_13-7/frame_000040.jpg,0.6744|1.0116|1.3488
voxel_13-7_w0002,voxel_13-7,train,no_fall,0,data/raw/voxel_huggingface_data/No Fall/13-7.mp4,0.0,6.3056,1.3488,2.0232,2,3,data/processed/window_poses_readable/train/label_no_fall/voxel_13-7__video_0p000s_to_6p306s/window_0002__time_1p349s_to_2p023s__frames_000040_to_000060.json,3,data/processed/frames/train/no_fall/voxel_13-7/frame_000040.jpg|data/processed/frames/train/no_fall/voxel_13-7/frame_000050.jpg|data/processed/frames/train/no_fall/voxel_13-7/frame_000060.jpg,1.3488|1.686|2.0232
voxel_13-7_w0003,voxel_13-7,train,no_fall,0,data/raw/voxel_huggingface_data/No Fall/13-7.mp4,0.0,6.3056,2.0232,2.6976,3,3,data/processed/window_poses_readable/train/label_no_fall/voxel_13-7__video_0p000s_to_6p306s/window_0003__time_2p023s_to_2p698s__frames_000060_to_000080.json,3,data/processed/frames/train/no_fall/voxel_13-7/frame_000060.jpg|data/processed/frames/train/no_fall/voxel_13-7/frame_000070.jpg|data/processed/frames/train/no_fall/voxel_13-7/frame_000080.jpg,2.0232|2.3604|2.6976
voxel_13-7_w0004,voxel_13-7,train,no_fall,0,data/raw/voxel_huggingface_data/No Fall/13-7.mp4,0.0,6.3056,2.6976,3.3383,4,3,data/processed/window_poses_readable/train/label_no_fall/voxel_13-7__video_0p000s_to_6p306s/window_0004__time_2p698s_to_3p338s__frames_000080_to_000099.json,3,data/processed/frames/train/no_fall/voxel_13-7/frame_000080.jpg|data/processed/frames/train/no_fall/voxel_13-7/frame_000089.jpg|data/processed/frames/train/no_fall/voxel_13-7/frame_000099.jpg,2.6976|3.0011|3.3383
voxel_13-7_w0005,voxel_13-7,train,no_fall,0,data/raw/voxel_huggingface_data/No Fall/13-7.mp4,0.0,6.3056,3.3383,4.0127,5,3,data/processed/window_poses_readable/train/label_no_fall/voxel_13-7__video_0p000s_to_6p306s/window_0005__time_3p338s_to_4p013s__frames_000099_to_000119.json,3,data/processed/frames/train/no_fall/voxel_13-7/frame_000099.jpg|data/processed/frames/train/no_fall/voxel_13-7/frame_000109.jpg|data/processed/frames/train/no_fall/voxel_13-7/frame_000119.jpg,3.3383|3.6755|4.0127
voxel_13-7_w0006,voxel_13-7,train,no_fall,0,data/raw/voxel_huggingface_data/No Fall/13-7.mp4,0.0,6.3056,4.0127,4.687,6,3,data/processed/window_poses_readable/train/label_no_fall/voxel_13-7__video_0p000s_to_6p306s/window_0006__time_4p013s_to_4p687s__frames_000119_to_000139.json,3,data/processed/frames/train/no_fall/voxel_13-7/frame_000119.jpg|data/processed/frames/train/no_fall/voxel_13-7/frame_000129.jpg|data/processed/frames/train/no_fall/voxel_13-7/frame_000139.jpg,4.0127|4.3498|4.687
voxel_13-7_w0007,voxel_13-7,train,no_fall,0,data/raw/voxel_huggingface_data/No Fall/13-7.mp4,0.0,6.3056,4.687,5.3614,7,3,data/processed/window_poses_readable/train/label_no_fall/voxel_13-7__video_0p000s_to_6p306s/window_0007__time_4p687s_to_5p361s__frames_000139_to_000159.json,3,data/processed/frames/train/no_fall/voxel_13-7/frame_000139.jpg|data/processed/frames/train/no_fall/voxel_13-7/frame_000149.jpg|data/processed/frames/train/no_fall/voxel_13-7/frame_000159.jpg,4.687|5.0242|5.3614
voxel_13-7_w0008,voxel_13-7,train,no_fall,0,data/raw/voxel_huggingface_data/No Fall/13-7.mp4,0.0,6.3056,5.3614,6.0021,8,3,data/processed/window_poses_readable/train/label_no_fall/voxel_13-7__video_0p000s_to_6p306s/window_0008__time_5p361s_to_6p002s__frames_000159_to_000178.json,3,data/processed/frames/train/no_fall/voxel_13-7/frame_000159.jpg|data/processed/frames/train/no_fall/voxel_13-7/frame_000169.jpg|data/processed/frames/train/no_fall/voxel_13-7/frame_000178.jpg,5.3614|5.6986|6.0021
voxel_14-2_w0000,voxel_14-2,train,no_fall,0,data/raw/voxel_huggingface_data/No Fall/14-2.mp4,0.0,11.2014,0.0,0.6668,0,3,data/processed/window_poses_readable/train/label_no_fall/voxel_14-2__video_0p000s_to_11p201s/window_0000__time_0p000s_to_0p667s__frames_000000_to_000010.json,3,data/processed/frames/train/no_fall/voxel_14-2/frame_000000.jpg|data/processed/frames/train/no_fall/voxel_14-2/frame_000005.jpg|data/processed/frames/train/no_fall/voxel_14-2/frame_000010.jpg,0.0|0.3334|0.6668
voxel_14-2_w0001,voxel_14-2,train,no_fall,0,data/raw/voxel_huggingface_data/No Fall/14-2.mp4,0.0,11.2014,0.6668,1.3335,1,3,data/processed/window_poses_readable/train/label_no_fall/voxel_14-2__video_0p000s_to_11p201s/window_0001__time_0p667s_to_1p333s__frames_000010_to_000020.json,3,data/processed/frames/train/no_fall/voxel_14-2/frame_000010.jpg|data/processed/frames/train/no_fall/voxel_14-2/frame_000015.jpg|data/processed/frames/train/no_fall/voxel_14-2/frame_000020.jpg,0.6668|1.0001|1.3335
voxel_14-2_w0002,voxel_14-2,train,no_fall,0,data/raw/voxel_huggingface_data/No Fall/14-2.mp4,0.0,11.2014,1.3335,2.0003,2,3,data/processed/window_poses_readable/train/label_no_fall/voxel_14-2__video_0p000s_to_11p201s/window_0002__time_1p333s_to_2p000s__frames_000020_to_000030.json,3,data/processed/frames/train/no_fall/voxel_14-2/frame_000020.jpg|data/processed/frames/train/no_fall/voxel_14-2/frame_000025.jpg|data/processed/frames/train/no_fall/voxel_14-2/frame_000030.jpg,1.3335|1.6669|2.0003
voxel_14-2_w0003,voxel_14-2,train,no_fall,0,data/raw/voxel_huggingface_data/No Fall/14-2.mp4,0.0,11.2014,2.0003,2.667,3,3,data/processed/window_poses_readable/train/label_no_fall/voxel_14-2__video_0p000s_to_11p201s/window_0003__time_2p000s_to_2p667s__frames_000030_to_000040.json,3,data/processed/frames/train/no_fall/voxel_14-2/frame_000030.jpg|data/processed/frames/train/no_fall/voxel_14-2/frame_000035.jpg|data/processed/frames/train/no_fall/voxel_14-2/frame_000040.jpg,2.0003|2.3336|2.667
voxel_14-2_w0004,voxel_14-2,train,no_fall,0,data/raw/voxel_huggingface_data/No Fall/14-2.mp4,0.0,11.2014,2.667,3.3338,4,3,data/processed/window_poses_readable/train/label_no_fall/voxel_14-2__video_0p000s_to_11p201s/window_0004__time_2p667s_to_3p334s__frames_000040_to_000050.json,2,data/processed/frames/train/no_fall/voxel_14-2/frame_000040.jpg|data/processed/frames/train/no_fall/voxel_14-2/frame_000045.jpg|data/processed/frames/train/no_fall/voxel_14-2/frame_000050.jpg,2.667|3.0004|3.3338
voxel_14-2_w0005,voxel_14-2,train,no_fall,0,data/raw/voxel_huggingface_data/No Fall/14-2.mp4,0.0,11.2014,3.3338,4.0005,5,3,data/processed/window_poses_readable/train/label_no_fall/voxel_14-2__video_0p000s_to_11p201s/window_0005__time_3p334s_to_4p000s__frames_000050_to_000060.json,2,data/processed/frames/train/no_fall/voxel_14-2/frame_000050.jpg|data/processed/frames/train/no_fall/voxel_14-2/frame_000055.jpg|data/processed/frames/train/no_fall/voxel_14-2/frame_000060.jpg,3.3338|3.6671|4.0005
voxel_14-2_w0006,voxel_14-2,train,no_fall,0,data/raw/voxel_huggingface_data/No Fall/14-2.mp4,0.0,11.2014,4.0005,4.6673,6,3,data/processed/window_poses_readable/train/label_no_fall/voxel_14-2__video_0p000s_to_11p201s/window_0006__time_4p000s_to_4p667s__frames_000060_to_000070.json,1,data/processed/frames/train/no_fall/voxel_14-2/frame_000060.jpg|data/processed/frames/train/no_fall/voxel_14-2/frame_000065.jpg|data/processed/frames/train/no_fall/voxel_14-2/frame_000070.jpg,4.0005|4.3339|4.6673
voxel_14-2_w0007,voxel_14-2,train,no_fall,0,data/raw/voxel_huggingface_data/No Fall/14-2.mp4,0.0,11.2014,4.6673,5.334,7,3,data/processed/window_poses_readable/train/label_no_fall/voxel_14-2__video_0p000s_to_11p201s/window_0007__time_4p667s_to_5p334s__frames_000070_to_000080.json,1,data/processed/frames/train/no_fall/voxel_14-2/frame_000070.jpg|data/processed/frames/train/no_fall/voxel_14-2/frame_000075.jpg|data/processed/frames/train/no_fall/voxel_14-2/frame_000080.jpg,4.6673|5.0006|5.334
voxel_14-2_w0008,voxel_14-2,train,no_fall,0,data/raw/voxel_huggingface_data/No Fall/14-2.mp4,0.0,11.2014,5.334,6.0008,8,3,data/processed/window_poses_readable/train/label_no_fall/voxel_14-2__video_0p000s_to_11p201s/window_0008__time_5p334s_to_6p001s__frames_000080_to_000090.json,0,data/processed/frames/train/no_fall/voxel_14-2/frame_000080.jpg|data/processed/frames/train/no_fall/voxel_14-2/frame_000085.jpg|data/processed/frames/train/no_fall/voxel_14-2/frame_000090.jpg,5.334|5.6674|6.0008
voxel_14-2_w0009,voxel_14-2,train,no_fall,0,data/raw/voxel_huggingface_data/No Fall/14-2.mp4,0.0,11.2014,6.0008,6.6675,9,3,data/processed/window_poses_readable/train/label_no_fall/voxel_14-2__video_0p000s_to_11p201s/window_0009__time_6p001s_to_6p668s__frames_000090_to_000100.json,0,data/processed/frames/train/no_fall/voxel_14-2/frame_000090.jpg|data/processed/frames/train/no_fall/voxel_14-2/frame_000095.jpg|data/processed/frames/train/no_fall/voxel_14-2/frame_000100.jpg,6.0008|6.3341|6.6675
voxel_14-2_w0010,voxel_14-2,train,no_fall,0,data/raw/voxel_huggingface_data/No Fall/14-2.mp4,0.0,11.2014,6.6675,7.3343,10,3,data/processed/window_poses_readable/train/label_no_fall/voxel_14-2__video_0p000s_to_11p201s/window_0010__time_6p668s_to_7p334s__frames_000100_to_000110.json,0,data/processed/frames/train/no_fall/voxel_14-2/frame_000100.jpg|data/processed/frames/train/no_fall/voxel_14-2/frame_000105.jpg|data/processed/frames/train/no_fall/voxel_14-2/frame_000110.jpg,6.6675|7.0009|7.3343
voxel_14-2_w0011,voxel_14-2,train,no_fall,0,data/raw/voxel_huggingface_data/No Fall/14-2.mp4,0.0,11.2014,7.3343,8.001,11,3,data/processed/window_poses_readable/train/label_no_fall/voxel_14-2__video_0p000s_to_11p201s/window_0011__time_7p334s_to_8p001s__frames_000110_to_000120.json,0,data/processed/frames/train/no_fall/voxel_14-2/frame_000110.jpg|data/processed/frames/train/no_fall/voxel_14-2/frame_000115.jpg|data/processed/frames/train/no_fall/voxel_14-2/frame_000120.jpg,7.3343|7.6676|8.001
voxel_14-2_w0012,voxel_14-2,train,no_fall,0,data/raw/voxel_huggingface_data/No Fall/14-2.mp4,0.0,11.2014,8.001,8.6678,12,3,data/processed/window_poses_readable/train/label_no_fall/voxel_14-2__video_0p000s_to_11p201s/window_0012__time_8p001s_to_8p668s__frames_000120_to_000130.json,0,data/processed/frames/train/no_fall/voxel_14-2/frame_000120.jpg|data/processed/frames/train/no_fall/voxel_14-2/frame_000125.jpg|data/processed/frames/train/no_fall/voxel_14-2/frame_000130.jpg,8.001|8.3344|8.6678
voxel_14-2_w0013,voxel_14-2,train,no_fall,0,data/raw/voxel_huggingface_data/No Fall/14-2.mp4,0.0,11.2014,8.6678,9.3345,13,3,data/processed/window_poses_readable/train/label_no_fall/voxel_14-2__video_0p000s_to_11p201s/window_0013__time_8p668s_to_9p335s__frames_000130_to_000140.json,0,data/processed/frames/train/no_fall/voxel_14-2/frame_000130.jpg|data/processed/frames/train/no_fall/voxel_14-2/frame_000135.jpg|data/processed/frames/train/no_fall/voxel_14-2/frame_000140.jpg,8.6678|9.0011|9.3345
voxel_14-2_w0014,voxel_14-2,train,no_fall,0,data/raw/voxel_huggingface_data/No Fall/14-2.mp4,0.0,11.2014,9.3345,10.0013,14,3,data/processed/window_poses_readable/train/label_no_fall/voxel_14-2__video_0p000s_to_11p201s/window_0014__time_9p335s_to_10p001s__frames_000140_to_000150.json,0,data/processed/frames/train/no_fall/voxel_14-2/frame_000140.jpg|data/processed/frames/train/no_fall/voxel_14-2/frame_000145.jpg|data/processed/frames/train/no_fall/voxel_14-2/frame_000150.jpg,9.3345|9.6679|10.0013
voxel_14-2_w0015,voxel_14-2,train,no_fall,0,data/raw/voxel_huggingface_data/No Fall/14-2.mp4,0.0,11.2014,10.0013,10.668,15,3,data/processed/window_poses_readable/train/label_no_fall/voxel_14-2__video_0p000s_to_11p201s/window_0015__time_10p001s_to_10p668s__frames_000150_to_000160.json,0,data/processed/frames/train/no_fall/voxel_14-2/frame_000150.jpg|data/processed/frames/train/no_fall/voxel_14-2/frame_000155.jpg|data/processed/frames/train/no_fall/voxel_14-2/frame_000160.jpg,10.0013|10.3346|10.668
voxel_14-3_w0000,voxel_14-3,train,no_fall,0,data/raw/voxel_huggingface_data/No Fall/14-3.mp4,0.0,8.8656,0.0,0.7333,0,3,data/processed/window_poses_readable/train/label_no_fall/voxel_14-3__video_0p000s_to_8p866s/window_0000__time_0p000s_to_0p733s__frames_000000_to_000011.json,3,data/processed/frames/train/no_fall/voxel_14-3/frame_000000.jpg|data/processed/frames/train/no_fall/voxel_14-3/frame_000006.jpg|data/processed/frames/train/no_fall/voxel_14-3/frame_000011.jpg,0.0|0.4|0.7333
voxel_14-3_w0001,voxel_14-3,train,no_fall,0,data/raw/voxel_huggingface_data/No Fall/14-3.mp4,0.0,8.8656,0.7333,1.3998,1,3,data/processed/window_poses_readable/train/label_no_fall/voxel_14-3__video_0p000s_to_8p866s/window_0001__time_0p733s_to_1p400s__frames_000011_to_000021.json,3,data/processed/frames/train/no_fall/voxel_14-3/frame_000011.jpg|data/processed/frames/train/no_fall/voxel_14-3/frame_000016.jpg|data/processed/frames/train/no_fall/voxel_14-3/frame_000021.jpg,0.7333|1.0665|1.3998
voxel_14-3_w0002,voxel_14-3,train,no_fall,0,data/raw/voxel_huggingface_data/No Fall/14-3.mp4,0.0,8.8656,1.3998,2.0664,2,3,data/processed/window_poses_readable/train/label_no_fall/voxel_14-3__video_0p000s_to_8p866s/window_0002__time_1p400s_to_2p066s__frames_000021_to_000031.json,3,data/processed/frames/train/no_fall/voxel_14-3/frame_000021.jpg|data/processed/frames/train/no_fall/voxel_14-3/frame_000026.jpg|data/processed/frames/train/no_fall/voxel_14-3/frame_000031.jpg,1.3998|1.7331|2.0664
voxel_14-3_w0003,voxel_14-3,train,no_fall,0,data/raw/voxel_huggingface_data/No Fall/14-3.mp4,0.0,8.8656,2.0664,2.733,3,3,data/processed/window_poses_readable/train/label_no_fall/voxel_14-3__video_0p000s_to_8p866s/window_0003__time_2p066s_to_2p733s__frames_000031_to_000041.json,3,data/processed/frames/train/no_fall/voxel_14-3/frame_000031.jpg|data/processed/frames/train/no_fall/voxel_14-3/frame_000036.jpg|data/processed/frames/train/no_fall/voxel_14-3/frame_000041.jpg,2.0664|2.3997|2.733
voxel_14-3_w0004,voxel_14-3,train,no_fall,0,data/raw/voxel_huggingface_data/No Fall/14-3.mp4,0.0,8.8656,2.733,3.3996,4,3,data/processed/window_poses_readable/train/label_no_fall/voxel_14-3__video_0p000s_to_8p866s/window_0004__time_2p733s_to_3p400s__frames_000041_to_000051.json,3,data/processed/frames/train/no_fall/voxel_14-3/frame_000041.jpg|data/processed/frames/train/no_fall/voxel_14-3/frame_000046.jpg|data/processed/frames/train/no_fall/voxel_14-3/frame_000051.jpg,2.733|3.0663|3.3996
voxel_14-3_w0005,voxel_14-3,train,no_fall,0,data/raw/voxel_huggingface_data/No Fall/14-3.mp4,0.0,8.8656,3.3996,4.0662,5,3,data/processed/window_poses_readable/train/label_no_fall/voxel_14-3__video_0p000s_to_8p866s/window_0005__time_3p400s_to_4p066s__frames_000051_to_000061.json,3,data/processed/frames/train/no_fall/voxel_14-3/frame_000051.jpg|data/processed/frames/train/no_fall/voxel_14-3/frame_000056.jpg|data/processed/frames/train/no_fall/voxel_14-3/frame_000061.jpg,3.3996|3.7329|4.0662
voxel_14-3_w0006,voxel_14-3,train,no_fall,0,data/raw/voxel_huggingface_data/No Fall/14-3.mp4,0.0,8.8656,4.0662,4.7328,6,3,data/processed/window_poses_readable/train/label_no_fall/voxel_14-3__video_0p000s_to_8p866s/window_0006__time_4p066s_to_4p733s__frames_000061_to_000071.json,3,data/processed/frames/train/no_fall/voxel_14-3/frame_000061.jpg|data/processed/frames/train/no_fall/voxel_14-3/frame_000066.jpg|data/processed/frames/train/no_fall/voxel_14-3/frame_000071.jpg,4.0662|4.3995|4.7328
voxel_14-3_w0007,voxel_14-3,train,no_fall,0,data/raw/voxel_huggingface_data/No Fall/14-3.mp4,0.0,8.8656,4.7328,5.3994,7,3,data/processed/window_poses_readable/train/label_no_fall/voxel_14-3__video_0p000s_to_8p866s/window_0007__time_4p733s_to_5p399s__frames_000071_to_000081.json,3,data/processed/frames/train/no_fall/voxel_14-3/frame_000071.jpg|data/processed/frames/train/no_fall/voxel_14-3/frame_000076.jpg|data/processed/frames/train/no_fall/voxel_14-3/frame_000081.jpg,4.7328|5.0661|5.3994
voxel_14-3_w0008,voxel_14-3,train,no_fall,0,data/raw/voxel_huggingface_data/No Fall/14-3.mp4,0.0,8.8656,5.3994,6.066,8,3,data/processed/window_poses_readable/train/label_no_fall/voxel_14-3__video_0p000s_to_8p866s/window_0008__time_5p399s_to_6p066s__frames_000081_to_000091.json,3,data/processed/frames/train/no_fall/voxel_14-3/frame_000081.jpg|data/processed/frames/train/no_fall/voxel_14-3/frame_000086.jpg|data/processed/frames/train/no_fall/voxel_14-3/frame_000091.jpg,5.3994|5.7327|6.066
voxel_14-3_w0009,voxel_14-3,train,no_fall,0,data/raw/voxel_huggingface_data/No Fall/14-3.mp4,0.0,8.8656,6.066,6.7326,9,3,data/processed/window_poses_readable/train/label_no_fall/voxel_14-3__video_0p000s_to_8p866s/window_0009__time_6p066s_to_6p733s__frames_000091_to_000101.json,3,data/processed/frames/train/no_fall/voxel_14-3/frame_000091.jpg|data/processed/frames/train/no_fall/voxel_14-3/frame_000096.jpg|data/processed/frames/train/no_fall/voxel_14-3/frame_000101.jpg,6.066|6.3993|6.7326
voxel_14-3_w0010,voxel_14-3,train,no_fall,0,data/raw/voxel_huggingface_data/No Fall/14-3.mp4,0.0,8.8656,6.7326,7.3992,10,3,data/processed/window_poses_readable/train/label_no_fall/voxel_14-3__video_0p000s_to_8p866s/window_0010__time_6p733s_to_7p399s__frames_000101_to_000111.json,3,data/processed/frames/train/no_fall/voxel_14-3/frame_000101.jpg|data/processed/frames/train/no_fall/voxel_14-3/frame_000106.jpg|data/processed/frames/train/no_fall/voxel_14-3/frame_000111.jpg,6.7326|7.0659|7.3992
voxel_14-3_w0011,voxel_14-3,train,no_fall,0,data/raw/voxel_huggingface_data/No Fall/14-3.mp4,0.0,8.8656,7.3992,8.0658,11,3,data/processed/window_poses_readable/train/label_no_fall/voxel_14-3__video_0p000s_to_8p866s/window_0011__time_7p399s_to_8p066s__frames_000111_to_000121.json,3,data/processed/frames/train/no_fall/voxel_14-3/frame_000111.jpg|data/processed/frames/train/no_fall/voxel_14-3/frame_000116.jpg|data/processed/frames/train/no_fall/voxel_14-3/frame_000121.jpg,7.3992|7.7325|8.0658
voxel_14-3_w0012,voxel_14-3,train,no_fall,0,data/raw/voxel_huggingface_data/No Fall/14-3.mp4,0.0,8.8656,8.0658,8.7323,12,3,data/processed/window_poses_readable/train/label_no_fall/voxel_14-3__video_0p000s_to_8p866s/window_0012__time_8p066s_to_8p732s__frames_000121_to_000131.json,3,data/processed/frames/train/no_fall/voxel_14-3/frame_000121.jpg|data/processed/frames/train/no_fall/voxel_14-3/frame_000126.jpg|data/processed/frames/train/no_fall/voxel_14-3/frame_000131.jpg,8.0658|8.399|8.7323
voxel_14-4_w0000,voxel_14-4,train,no_fall,0,data/raw/voxel_huggingface_data/No Fall/14-4.mp4,0.0,12.3056,0.0,0.6706,0,3,data/processed/window_poses_readable/train/label_no_fall/voxel_14-4__video_0p000s_to_12p306s/window_0000__time_0p000s_to_0p671s__frames_000000_to_000020.json,1,data/processed/frames/train/no_fall/voxel_14-4/frame_000000.jpg|data/processed/frames/train/no_fall/voxel_14-4/frame_000010.jpg|data/processed/frames/train/no_fall/voxel_14-4/frame_000020.jpg,0.0|0.3353|0.6706
voxel_14-4_w0001,voxel_14-4,train,no_fall,0,data/raw/voxel_huggingface_data/No Fall/14-4.mp4,0.0,12.3056,0.6706,1.3412,1,3,data/processed/window_poses_readable/train/label_no_fall/voxel_14-4__video_0p000s_to_12p306s/window_0001__time_0p671s_to_1p341s__frames_000020_to_000040.json,3,data/processed/frames/train/no_fall/voxel_14-4/frame_000020.jpg|data/processed/frames/train/no_fall/voxel_14-4/frame_000030.jpg|data/processed/frames/train/no_fall/voxel_14-4/frame_000040.jpg,0.6706|1.0059|1.3412
voxel_14-4_w0002,voxel_14-4,train,no_fall,0,data/raw/voxel_huggingface_data/No Fall/14-4.mp4,0.0,12.3056,1.3412,2.0118,2,3,data/processed/window_poses_readable/train/label_no_fall/voxel_14-4__video_0p000s_to_12p306s/window_0002__time_1p341s_to_2p012s__frames_000040_to_000060.json,3,data/processed/frames/train/no_fall/voxel_14-4/frame_000040.jpg|data/processed/frames/train/no_fall/voxel_14-4/frame_000050.jpg|data/processed/frames/train/no_fall/voxel_14-4/frame_000060.jpg,1.3412|1.6765|2.0118
voxel_14-4_w0003,voxel_14-4,train,no_fall,0,data/raw/voxel_huggingface_data/No Fall/14-4.mp4,0.0,12.3056,2.0118,2.6824,3,3,data/processed/window_poses_readable/train/label_no_fall/voxel_14-4__video_0p000s_to_12p306s/window_0003__time_2p012s_to_2p682s__frames_000060_to_000080.json,3,data/processed/frames/train/no_fall/voxel_14-4/frame_000060.jpg|data/processed/frames/train/no_fall/voxel_14-4/frame_000070.jpg|data/processed/frames/train/no_fall/voxel_14-4/frame_000080.jpg,2.0118|2.3471|2.6824
voxel_14-4_w0004,voxel_14-4,train,no_fall,0,data/raw/voxel_huggingface_data/No Fall/14-4.mp4,0.0,12.3056,2.6824,3.353,4,3,data/processed/window_poses_readable/train/label_no_fall/voxel_14-4__video_0p000s_to_12p306s/window_0004__time_2p682s_to_3p353s__frames_000080_to_000100.json,3,data/processed/frames/train/no_fall/voxel_14-4/frame_000080.jpg|data/processed/frames/train/no_fall/voxel_14-4/frame_000090.jpg|data/processed/frames/train/no_fall/voxel_14-4/frame_000100.jpg,2.6824|3.0177|3.353
voxel_14-4_w0005,voxel_14-4,train,no_fall,0,data/raw/voxel_huggingface_data/No Fall/14-4.mp4,0.0,12.3056,3.353,4.0236,5,3,data/processed/window_poses_readable/train/label_no_fall/voxel_14-4__video_0p000s_to_12p306s/window_0005__time_3p353s_to_4p024s__frames_000100_to_000120.json,3,data/processed/frames/train/no_fall/voxel_14-4/frame_000100.jpg|data/processed/frames/train/no_fall/voxel_14-4/frame_000110.jpg|data/processed/frames/train/no_fall/voxel_14-4/frame_000120.jpg,3.353|3.6883|4.0236
voxel_14-4_w0006,voxel_14-4,train,no_fall,0,data/raw/voxel_huggingface_data/No Fall/14-4.mp4,0.0,12.3056,4.0236,4.6942,6,3,data/processed/window_poses_readable/train/label_no_fall/voxel_14-4__video_0p000s_to_12p306s/window_0006__time_4p024s_to_4p694s__frames_000120_to_000140.json,3,data/processed/frames/train/no_fall/voxel_14-4/frame_000120.jpg|data/processed/frames/train/no_fall/voxel_14-4/frame_000130.jpg|data/processed/frames/train/no_fall/voxel_14-4/frame_000140.jpg,4.0236|4.3589|4.6942
voxel_14-4_w0007,voxel_14-4,train,no_fall,0,data/raw/voxel_huggingface_data/No Fall/14-4.mp4,0.0,12.3056,4.6942,5.3648,7,3,data/processed/window_poses_readable/train/label_no_fall/voxel_14-4__video_0p000s_to_12p306s/window_0007__time_4p694s_to_5p365s__frames_000140_to_000160.json,3,data/processed/frames/train/no_fall/voxel_14-4/frame_000140.jpg|data/processed/frames/train/no_fall/voxel_14-4/frame_000150.jpg|data/processed/frames/train/no_fall/voxel_14-4/frame_000160.jpg,4.6942|5.0295|5.3648
voxel_14-4_w0008,voxel_14-4,train,no_fall,0,data/raw/voxel_huggingface_data/No Fall/14-4.mp4,0.0,12.3056,5.3648,6.0019,8,3,data/processed/window_poses_readable/train/label_no_fall/voxel_14-4__video_0p000s_to_12p306s/window_0008__time_5p365s_to_6p002s__frames_000160_to_000179.json,3,data/processed/frames/train/no_fall/voxel_14-4/frame_000160.jpg|data/processed/frames/train/no_fall/voxel_14-4/frame_000170.jpg|data/processed/frames/train/no_fall/voxel_14-4/frame_000179.jpg,5.3648|5.7001|6.0019
voxel_14-4_w0009,voxel_14-4,train,no_fall,0,data/raw/voxel_huggingface_data/No Fall/14-4.mp4,0.0,12.3056,6.0019,6.6725,9,3,data/processed/window_poses_readable/train/label_no_fall/voxel_14-4__video_0p000s_to_12p306s/window_0009__time_6p002s_to_6p673s__frames_000179_to_000199.json,3,data/processed/frames/train/no_fall/voxel_14-4/frame_000179.jpg|data/processed/frames/train/no_fall/voxel_14-4/frame_000189.jpg|data/processed/frames/train/no_fall/voxel_14-4/frame_000199.jpg,6.0019|6.3372|6.6725
voxel_14-4_w0010,voxel_14-4,train,no_fall,0,data/raw/voxel_huggingface_data/No Fall/14-4.mp4,0.0,12.3056,6.6725,7.3431,10,3,data/processed/window_poses_readable/train/label_no_fall/voxel_14-4__video_0p000s_to_12p306s/window_0010__time_6p673s_to_7p343s__frames_000199_to_000219.json,3,data/processed/frames/train/no_fall/voxel_14-4/frame_000199.jpg|data/processed/frames/train/no_fall/voxel_14-4/frame_000209.jpg|data/processed/frames/train/no_fall/voxel_14-4/frame_000219.jpg,6.6725|7.0078|7.3431
voxel_14-4_w0011,voxel_14-4,train,no_fall,0,data/raw/voxel_huggingface_data/No Fall/14-4.mp4,0.0,12.3056,7.3431,8.0137,11,3,data/processed/window_poses_readable/train/label_no_fall/voxel_14-4__video_0p000s_to_12p306s/window_0011__time_7p343s_to_8p014s__frames_000219_to_000239.json,3,data/processed/frames/train/no_fall/voxel_14-4/frame_000219.jpg|data/processed/frames/train/no_fall/voxel_14-4/frame_000229.jpg|data/processed/frames/train/no_fall/voxel_14-4/frame_000239.jpg,7.3431|7.6784|8.0137
voxel_14-4_w0012,voxel_14-4,train,no_fall,0,data/raw/voxel_huggingface_data/No Fall/14-4.mp4,0.0,12.3056,8.0137,8.6843,12,3,data/processed/window_poses_readable/train/label_no_fall/voxel_14-4__video_0p000s_to_12p306s/window_0012__time_8p014s_to_8p684s__frames_000239_to_000259.json,3,data/processed/frames/train/no_fall/voxel_14-4/frame_000239.jpg|data/processed/frames/train/no_fall/voxel_14-4/frame_000249.jpg|data/processed/frames/train/no_fall/voxel_14-4/frame_000259.jpg,8.0137|8.349|8.6843
voxel_14-4_w0013,voxel_14-4,train,no_fall,0,data/raw/voxel_huggingface_data/No Fall/14-4.mp4,0.0,12.3056,8.6843,9.3549,13,3,data/processed/window_poses_readable/train/label_no_fall/voxel_14-4__video_0p000s_to_12p306s/window_0013__time_8p684s_to_9p355s__frames_000259_to_000279.json,3,data/processed/frames/train/no_fall/voxel_14-4/frame_000259.jpg|data/processed/frames/train/no_fall/voxel_14-4/frame_000269.jpg|data/processed/frames/train/no_fall/voxel_14-4/frame_000279.jpg,8.6843|9.0196|9.3549
voxel_14-4_w0014,voxel_14-4,train,no_fall,0,data/raw/voxel_huggingface_data/No Fall/14-4.mp4,0.0,12.3056,9.3549,10.0256,14,3,data/processed/window_poses_readable/train/label_no_fall/voxel_14-4__video_0p000s_to_12p306s/window_0014__time_9p355s_to_10p026s__frames_000279_to_000299.json,3,data/processed/frames/train/no_fall/voxel_14-4/frame_000279.jpg|data/processed/frames/train/no_fall/voxel_14-4/frame_000289.jpg|data/processed/frames/train/no_fall/voxel_14-4/frame_000299.jpg,9.3549|9.6902|10.0256
voxel_14-4_w0015,voxel_14-4,train,no_fall,0,data/raw/voxel_huggingface_data/No Fall/14-4.mp4,0.0,12.3056,10.0256,10.6962,15,3,data/processed/window_poses_readable/train/label_no_fall/voxel_14-4__video_0p000s_to_12p306s/window_0015__time_10p026s_to_10p696s__frames_000299_to_000319.json,3,data/processed/frames/train/no_fall/voxel_14-4/frame_000299.jpg|data/processed/frames/train/no_fall/voxel_14-4/frame_000309.jpg|data/processed/frames/train/no_fall/voxel_14-4/frame_000319.jpg,10.0256|10.3609|10.6962
voxel_14-4_w0016,voxel_14-4,train,no_fall,0,data/raw/voxel_huggingface_data/No Fall/14-4.mp4,0.0,12.3056,10.6962,11.3668,16,3,data/processed/window_poses_readable/train/label_no_fall/voxel_14-4__video_0p000s_to_12p306s/window_0016__time_10p696s_to_11p367s__frames_000319_to_000339.json,3,data/processed/frames/train/no_fall/voxel_14-4/frame_000319.jpg|data/processed/frames/train/no_fall/voxel_14-4/frame_000329.jpg|data/processed/frames/train/no_fall/voxel_14-4/frame_000339.jpg,10.6962|11.0315|11.3668
voxel_14-4_w0017,voxel_14-4,train,no_fall,0,data/raw/voxel_huggingface_data/No Fall/14-4.mp4,0.0,12.3056,11.3668,12.0038,17,3,data/processed/window_poses_readable/train/label_no_fall/voxel_14-4__video_0p000s_to_12p306s/window_0017__time_11p367s_to_12p004s__frames_000339_to_000358.json,3,data/processed/frames/train/no_fall/voxel_14-4/frame_000339.jpg|data/processed/frames/train/no_fall/voxel_14-4/frame_000348.jpg|data/processed/frames/train/no_fall/voxel_14-4/frame_000358.jpg,11.3668|11.6685|12.0038
voxel_14-7_w0000,voxel_14-7,train,no_fall,0,data/raw/voxel_huggingface_data/No Fall/14-7.mp4,0.0,5.8577,0.0,0.6772,0,3,data/processed/window_poses_readable/train/label_no_fall/voxel_14-7__video_0p000s_to_5p858s/window_0000__time_0p000s_to_0p677s__frames_000000_to_000020.json,3,data/processed/frames/train/no_fall/voxel_14-7/frame_000000.jpg|data/processed/frames/train/no_fall/voxel_14-7/frame_000010.jpg|data/processed/frames/train/no_fall/voxel_14-7/frame_000020.jpg,0.0|0.3386|0.6772
voxel_14-7_w0001,voxel_14-7,train,no_fall,0,data/raw/voxel_huggingface_data/No Fall/14-7.mp4,0.0,5.8577,0.6772,1.3544,1,3,data/processed/window_poses_readable/train/label_no_fall/voxel_14-7__video_0p000s_to_5p858s/window_0001__time_0p677s_to_1p354s__frames_000020_to_000040.json,3,data/processed/frames/train/no_fall/voxel_14-7/frame_000020.jpg|data/processed/frames/train/no_fall/voxel_14-7/frame_000030.jpg|data/processed/frames/train/no_fall/voxel_14-7/frame_000040.jpg,0.6772|1.0158|1.3544
voxel_14-7_w0002,voxel_14-7,train,no_fall,0,data/raw/voxel_huggingface_data/No Fall/14-7.mp4,0.0,5.8577,1.3544,2.0316,2,3,data/processed/window_poses_readable/train/label_no_fall/voxel_14-7__video_0p000s_to_5p858s/window_0002__time_1p354s_to_2p032s__frames_000040_to_000060.json,3,data/processed/frames/train/no_fall/voxel_14-7/frame_000040.jpg|data/processed/frames/train/no_fall/voxel_14-7/frame_000050.jpg|data/processed/frames/train/no_fall/voxel_14-7/frame_000060.jpg,1.3544|1.693|2.0316
voxel_14-7_w0003,voxel_14-7,train,no_fall,0,data/raw/voxel_huggingface_data/No Fall/14-7.mp4,0.0,5.8577,2.0316,2.6749,3,3,data/processed/window_poses_readable/train/label_no_fall/voxel_14-7__video_0p000s_to_5p858s/window_0003__time_2p032s_to_2p675s__frames_000060_to_000079.json,3,data/processed/frames/train/no_fall/voxel_14-7/frame_000060.jpg|data/processed/frames/train/no_fall/voxel_14-7/frame_000069.jpg|data/processed/frames/train/no_fall/voxel_14-7/frame_000079.jpg,2.0316|2.3363|2.6749
voxel_14-7_w0004,voxel_14-7,train,no_fall,0,data/raw/voxel_huggingface_data/No Fall/14-7.mp4,0.0,5.8577,2.6749,3.3521,4,3,data/processed/window_poses_readable/train/label_no_fall/voxel_14-7__video_0p000s_to_5p858s/window_0004__time_2p675s_to_3p352s__frames_000079_to_000099.json,3,data/processed/frames/train/no_fall/voxel_14-7/frame_000079.jpg|data/processed/frames/train/no_fall/voxel_14-7/frame_000089.jpg|data/processed/frames/train/no_fall/voxel_14-7/frame_000099.jpg,2.6749|3.0135|3.3521
voxel_14-7_w0005,voxel_14-7,train,no_fall,0,data/raw/voxel_huggingface_data/No Fall/14-7.mp4,0.0,5.8577,3.3521,4.0293,5,3,data/processed/window_poses_readable/train/label_no_fall/voxel_14-7__video_0p000s_to_5p858s/window_0005__time_3p352s_to_4p029s__frames_000099_to_000119.json,3,data/processed/frames/train/no_fall/voxel_14-7/frame_000099.jpg|data/processed/frames/train/no_fall/voxel_14-7/frame_000109.jpg|data/processed/frames/train/no_fall/voxel_14-7/frame_000119.jpg,3.3521|3.6907|4.0293
voxel_14-7_w0006,voxel_14-7,train,no_fall,0,data/raw/voxel_huggingface_data/No Fall/14-7.mp4,0.0,5.8577,4.0293,4.6726,6,3,data/processed/window_poses_readable/train/label_no_fall/voxel_14-7__video_0p000s_to_5p858s/window_0006__time_4p029s_to_4p673s__frames_000119_to_000138.json,3,data/processed/frames/train/no_fall/voxel_14-7/frame_000119.jpg|data/processed/frames/train/no_fall/voxel_14-7/frame_000128.jpg|data/processed/frames/train/no_fall/voxel_14-7/frame_000138.jpg,4.0293|4.334|4.6726
voxel_14-7_w0007,voxel_14-7,train,no_fall,0,data/raw/voxel_huggingface_data/No Fall/14-7.mp4,0.0,5.8577,4.6726,5.3498,7,3,data/processed/window_poses_readable/train/label_no_fall/voxel_14-7__video_0p000s_to_5p858s/window_0007__time_4p673s_to_5p350s__frames_000138_to_000158.json,3,data/processed/frames/train/no_fall/voxel_14-7/frame_000138.jpg|data/processed/frames/train/no_fall/voxel_14-7/frame_000148.jpg|data/processed/frames/train/no_fall/voxel_14-7/frame_000158.jpg,4.6726|5.0112|5.3498
voxel_15_w0000,voxel_15,train,no_fall,0,data/raw/voxel_huggingface_data/No Fall/15.mp4,0.0,11.9214,0.0,0.7326,0,3,data/processed/window_poses_readable/train/label_no_fall/voxel_15__video_0p000s_to_11p921s/window_0000__time_0p000s_to_0p733s__frames_000000_to_000011.json,2,data/processed/frames/train/no_fall/voxel_15/frame_000000.jpg|data/processed/frames/train/no_fall/voxel_15/frame_000006.jpg|data/processed/frames/train/no_fall/voxel_15/frame_000011.jpg,0.0|0.3996|0.7326
voxel_15_w0001,voxel_15,train,no_fall,0,data/raw/voxel_huggingface_data/No Fall/15.mp4,0.0,11.9214,0.7326,1.3986,1,3,data/processed/window_poses_readable/train/label_no_fall/voxel_15__video_0p000s_to_11p921s/window_0001__time_0p733s_to_1p399s__frames_000011_to_000021.json,0,data/processed/frames/train/no_fall/voxel_15/frame_000011.jpg|data/processed/frames/train/no_fall/voxel_15/frame_000016.jpg|data/processed/frames/train/no_fall/voxel_15/frame_000021.jpg,0.7326|1.0656|1.3986
voxel_15_w0002,voxel_15,train,no_fall,0,data/raw/voxel_huggingface_data/No Fall/15.mp4,0.0,11.9214,1.3986,2.0646,2,3,data/processed/window_poses_readable/train/label_no_fall/voxel_15__video_0p000s_to_11p921s/window_0002__time_1p399s_to_2p065s__frames_000021_to_000031.json,1,data/processed/frames/train/no_fall/voxel_15/frame_000021.jpg|data/processed/frames/train/no_fall/voxel_15/frame_000026.jpg|data/processed/frames/train/no_fall/voxel_15/frame_000031.jpg,1.3986|1.7316|2.0646
voxel_15_w0003,voxel_15,train,no_fall,0,data/raw/voxel_huggingface_data/No Fall/15.mp4,0.0,11.9214,2.0646,2.7306,3,3,data/processed/window_poses_readable/train/label_no_fall/voxel_15__video_0p000s_to_11p921s/window_0003__time_2p065s_to_2p731s__frames_000031_to_000041.json,3,data/processed/frames/train/no_fall/voxel_15/frame_000031.jpg|data/processed/frames/train/no_fall/voxel_15/frame_000036.jpg|data/processed/frames/train/no_fall/voxel_15/frame_000041.jpg,2.0646|2.3976|2.7306
voxel_15_w0004,voxel_15,train,no_fall,0,data/raw/voxel_huggingface_data/No Fall/15.mp4,0.0,11.9214,2.7306,3.3966,4,3,data/processed/window_poses_readable/train/label_no_fall/voxel_15__video_0p000s_to_11p921s/window_0004__time_2p731s_to_3p397s__frames_000041_to_000051.json,3,data/processed/frames/train/no_fall/voxel_15/frame_000041.jpg|data/processed/frames/train/no_fall/voxel_15/frame_000046.jpg|data/processed/frames/train/no_fall/voxel_15/frame_000051.jpg,2.7306|3.0636|3.3966
voxel_15_w0005,voxel_15,train,no_fall,0,data/raw/voxel_huggingface_data/No Fall/15.mp4,0.0,11.9214,3.3966,4.0626,5,3,data/processed/window_poses_readable/train/label_no_fall/voxel_15__video_0p000s_to_11p921s/window_0005__time_3p397s_to_4p063s__frames_000051_to_000061.json,3,data/processed/frames/train/no_fall/voxel_15/frame_000051.jpg|data/processed/frames/train/no_fall/voxel_15/frame_000056.jpg|data/processed/frames/train/no_fall/voxel_15/frame_000061.jpg,3.3966|3.7296|4.0626
voxel_15_w0006,voxel_15,train,no_fall,0,data/raw/voxel_huggingface_data/No Fall/15.mp4,0.0,11.9214,4.0626,4.7286,6,3,data/processed/window_poses_readable/train/label_no_fall/voxel_15__video_0p000s_to_11p921s/window_0006__time_4p063s_to_4p729s__frames_000061_to_000071.json,2,data/processed/frames/train/no_fall/voxel_15/frame_000061.jpg|data/processed/frames/train/no_fall/voxel_15/frame_000066.jpg|data/processed/frames/train/no_fall/voxel_15/frame_000071.jpg,4.0626|4.3956|4.7286
voxel_15_w0007,voxel_15,train,no_fall,0,data/raw/voxel_huggingface_data/No Fall/15.mp4,0.0,11.9214,4.7286,5.3946,7,3,data/processed/window_poses_readable/train/label_no_fall/voxel_15__video_0p000s_to_11p921s/window_0007__time_4p729s_to_5p395s__frames_000071_to_000081.json,2,data/processed/frames/train/no_fall/voxel_15/frame_000071.jpg|data/processed/frames/train/no_fall/voxel_15/frame_000076.jpg|data/processed/frames/train/no_fall/voxel_15/frame_000081.jpg,4.7286|5.0616|5.3946
voxel_15_w0008,voxel_15,train,no_fall,0,data/raw/voxel_huggingface_data/No Fall/15.mp4,0.0,11.9214,5.3946,6.0606,8,3,data/processed/window_poses_readable/train/label_no_fall/voxel_15__video_0p000s_to_11p921s/window_0008__time_5p395s_to_6p061s__frames_000081_to_000091.json,3,data/processed/frames/train/no_fall/voxel_15/frame_000081.jpg|data/processed/frames/train/no_fall/voxel_15/frame_000086.jpg|data/processed/frames/train/no_fall/voxel_15/frame_000091.jpg,5.3946|5.7276|6.0606
voxel_15_w0009,voxel_15,train,no_fall,0,data/raw/voxel_huggingface_data/No Fall/15.mp4,0.0,11.9214,6.0606,6.7266,9,3,data/processed/window_poses_readable/train/label_no_fall/voxel_15__video_0p000s_to_11p921s/window_0009__time_6p061s_to_6p727s__frames_000091_to_000101.json,2,data/processed/frames/train/no_fall/voxel_15/frame_000091.jpg|data/processed/frames/train/no_fall/voxel_15/frame_000096.jpg|data/processed/frames/train/no_fall/voxel_15/frame_000101.jpg,6.0606|6.3936|6.7266
voxel_15_w0010,voxel_15,train,no_fall,0,data/raw/voxel_huggingface_data/No Fall/15.mp4,0.0,11.9214,6.7266,7.3926,10,3,data/processed/window_poses_readable/train/label_no_fall/voxel_15__video_0p000s_to_11p921s/window_0010__time_6p727s_to_7p393s__frames_000101_to_000111.json,3,data/processed/frames/train/no_fall/voxel_15/frame_000101.jpg|data/processed/frames/train/no_fall/voxel_15/frame_000106.jpg|data/processed/frames/train/no_fall/voxel_15/frame_000111.jpg,6.7266|7.0596|7.3926
voxel_15_w0011,voxel_15,train,no_fall,0,data/raw/voxel_huggingface_data/No Fall/15.mp4,0.0,11.9214,7.3926,8.0586,11,3,data/processed/window_poses_readable/train/label_no_fall/voxel_15__video_0p000s_to_11p921s/window_0011__time_7p393s_to_8p059s__frames_000111_to_000121.json,3,data/processed/frames/train/no_fall/voxel_15/frame_000111.jpg|data/processed/frames/train/no_fall/voxel_15/frame_000116.jpg|data/processed/frames/train/no_fall/voxel_15/frame_000121.jpg,7.3926|7.7256|8.0586
voxel_15_w0012,voxel_15,train,no_fall,0,data/raw/voxel_huggingface_data/No Fall/15.mp4,0.0,11.9214,8.0586,8.7246,12,3,data/processed/window_poses_readable/train/label_no_fall/voxel_15__video_0p000s_to_11p921s/window_0012__time_8p059s_to_8p725s__frames_000121_to_000131.json,3,data/processed/frames/train/no_fall/voxel_15/frame_000121.jpg|data/processed/frames/train/no_fall/voxel_15/frame_000126.jpg|data/processed/frames/train/no_fall/voxel_15/frame_000131.jpg,8.0586|8.3916|8.7246
voxel_15_w0013,voxel_15,train,no_fall,0,data/raw/voxel_huggingface_data/No Fall/15.mp4,0.0,11.9214,8.7246,9.3906,13,3,data/processed/window_poses_readable/train/label_no_fall/voxel_15__video_0p000s_to_11p921s/window_0013__time_8p725s_to_9p391s__frames_000131_to_000141.json,3,data/processed/frames/train/no_fall/voxel_15/frame_000131.jpg|data/processed/frames/train/no_fall/voxel_15/frame_000136.jpg|data/processed/frames/train/no_fall/voxel_15/frame_000141.jpg,8.7246|9.0576|9.3906
voxel_15_w0014,voxel_15,train,no_fall,0,data/raw/voxel_huggingface_data/No Fall/15.mp4,0.0,11.9214,9.3906,10.0566,14,3,data/processed/window_poses_readable/train/label_no_fall/voxel_15__video_0p000s_to_11p921s/window_0014__time_9p391s_to_10p057s__frames_000141_to_000151.json,3,data/processed/frames/train/no_fall/voxel_15/frame_000141.jpg|data/processed/frames/train/no_fall/voxel_15/frame_000146.jpg|data/processed/frames/train/no_fall/voxel_15/frame_000151.jpg,9.3906|9.7236|10.0566
voxel_15_w0015,voxel_15,train,no_fall,0,data/raw/voxel_huggingface_data/No Fall/15.mp4,0.0,11.9214,10.0566,10.7226,15,3,data/processed/window_poses_readable/train/label_no_fall/voxel_15__video_0p000s_to_11p921s/window_0015__time_10p057s_to_10p723s__frames_000151_to_000161.json,2,data/processed/frames/train/no_fall/voxel_15/frame_000151.jpg|data/processed/frames/train/no_fall/voxel_15/frame_000156.jpg|data/processed/frames/train/no_fall/voxel_15/frame_000161.jpg,10.0566|10.3896|10.7226
voxel_15_w0016,voxel_15,train,no_fall,0,data/raw/voxel_huggingface_data/No Fall/15.mp4,0.0,11.9214,10.7226,11.3886,16,3,data/processed/window_poses_readable/train/label_no_fall/voxel_15__video_0p000s_to_11p921s/window_0016__time_10p723s_to_11p389s__frames_000161_to_000171.json,3,data/processed/frames/train/no_fall/voxel_15/frame_000161.jpg|data/processed/frames/train/no_fall/voxel_15/frame_000166.jpg|data/processed/frames/train/no_fall/voxel_15/frame_000171.jpg,10.7226|11.0556|11.3886
voxel_15-3_w0000,voxel_15-3,train,no_fall,0,data/raw/voxel_huggingface_data/No Fall/15-3.mp4,0.0,7.6652,0.0,0.7332,0,3,data/processed/window_poses_readable/train/label_no_fall/voxel_15-3__video_0p000s_to_7p665s/window_0000__time_0p000s_to_0p733s__frames_000000_to_000011.json,3,data/processed/frames/train/no_fall/voxel_15-3/frame_000000.jpg|data/processed/frames/train/no_fall/voxel_15-3/frame_000006.jpg|data/processed/frames/train/no_fall/voxel_15-3/frame_000011.jpg,0.0|0.3999|0.7332
voxel_15-3_w0001,voxel_15-3,train,no_fall,0,data/raw/voxel_huggingface_data/No Fall/15-3.mp4,0.0,7.6652,0.7332,1.3997,1,3,data/processed/window_poses_readable/train/label_no_fall/voxel_15-3__video_0p000s_to_7p665s/window_0001__time_0p733s_to_1p400s__frames_000011_to_000021.json,3,data/processed/frames/train/no_fall/voxel_15-3/frame_000011.jpg|data/processed/frames/train/no_fall/voxel_15-3/frame_000016.jpg|data/processed/frames/train/no_fall/voxel_15-3/frame_000021.jpg,0.7332|1.0665|1.3997
voxel_15-3_w0002,voxel_15-3,train,no_fall,0,data/raw/voxel_huggingface_data/No Fall/15-3.mp4,0.0,7.6652,1.3997,2.0663,2,3,data/processed/window_poses_readable/train/label_no_fall/voxel_15-3__video_0p000s_to_7p665s/window_0002__time_1p400s_to_2p066s__frames_000021_to_000031.json,3,data/processed/frames/train/no_fall/voxel_15-3/frame_000021.jpg|data/processed/frames/train/no_fall/voxel_15-3/frame_000026.jpg|data/processed/frames/train/no_fall/voxel_15-3/frame_000031.jpg,1.3997|1.733|2.0663
voxel_15-3_w0003,voxel_15-3,train,no_fall,0,data/raw/voxel_huggingface_data/No Fall/15-3.mp4,0.0,7.6652,2.0663,2.7328,3,3,data/processed/window_poses_readable/train/label_no_fall/voxel_15-3__video_0p000s_to_7p665s/window_0003__time_2p066s_to_2p733s__frames_000031_to_000041.json,3,data/processed/frames/train/no_fall/voxel_15-3/frame_000031.jpg|data/processed/frames/train/no_fall/voxel_15-3/frame_000036.jpg|data/processed/frames/train/no_fall/voxel_15-3/frame_000041.jpg,2.0663|2.3996|2.7328
voxel_15-3_w0004,voxel_15-3,train,no_fall,0,data/raw/voxel_huggingface_data/No Fall/15-3.mp4,0.0,7.6652,2.7328,3.3994,4,3,data/processed/window_poses_readable/train/label_no_fall/voxel_15-3__video_0p000s_to_7p665s/window_0004__time_2p733s_to_3p399s__frames_000041_to_000051.json,3,data/processed/frames/train/no_fall/voxel_15-3/frame_000041.jpg|data/processed/frames/train/no_fall/voxel_15-3/frame_000046.jpg|data/processed/frames/train/no_fall/voxel_15-3/frame_000051.jpg,2.7328|3.0661|3.3994
voxel_15-3_w0005,voxel_15-3,train,no_fall,0,data/raw/voxel_huggingface_data/No Fall/15-3.mp4,0.0,7.6652,3.3994,4.0659,5,3,data/processed/window_poses_readable/train/label_no_fall/voxel_15-3__video_0p000s_to_7p665s/window_0005__time_3p399s_to_4p066s__frames_000051_to_000061.json,3,data/processed/frames/train/no_fall/voxel_15-3/frame_000051.jpg|data/processed/frames/train/no_fall/voxel_15-3/frame_000056.jpg|data/processed/frames/train/no_fall/voxel_15-3/frame_000061.jpg,3.3994|3.7326|4.0659
voxel_15-3_w0006,voxel_15-3,train,no_fall,0,data/raw/voxel_huggingface_data/No Fall/15-3.mp4,0.0,7.6652,4.0659,4.7324,6,3,data/processed/window_poses_readable/train/label_no_fall/voxel_15-3__video_0p000s_to_7p665s/window_0006__time_4p066s_to_4p732s__frames_000061_to_000071.json,3,data/processed/frames/train/no_fall/voxel_15-3/frame_000061.jpg|data/processed/frames/train/no_fall/voxel_15-3/frame_000066.jpg|data/processed/frames/train/no_fall/voxel_15-3/frame_000071.jpg,4.0659|4.3992|4.7324
voxel_15-3_w0007,voxel_15-3,train,no_fall,0,data/raw/voxel_huggingface_data/No Fall/15-3.mp4,0.0,7.6652,4.7324,5.399,7,3,data/processed/window_poses_readable/train/label_no_fall/voxel_15-3__video_0p000s_to_7p665s/window_0007__time_4p732s_to_5p399s__frames_000071_to_000081.json,3,data/processed/frames/train/no_fall/voxel_15-3/frame_000071.jpg|data/processed/frames/train/no_fall/voxel_15-3/frame_000076.jpg|data/processed/frames/train/no_fall/voxel_15-3/frame_000081.jpg,4.7324|5.0657|5.399
voxel_15-3_w0008,voxel_15-3,train,no_fall,0,data/raw/voxel_huggingface_data/No Fall/15-3.mp4,0.0,7.6652,5.399,6.0655,8,3,data/processed/window_poses_readable/train/label_no_fall/voxel_15-3__video_0p000s_to_7p665s/window_0008__time_5p399s_to_6p066s__frames_000081_to_000091.json,3,data/processed/frames/train/no_fall/voxel_15-3/frame_000081.jpg|data/processed/frames/train/no_fall/voxel_15-3/frame_000086.jpg|data/processed/frames/train/no_fall/voxel_15-3/frame_000091.jpg,5.399|5.7323|6.0655
voxel_15-3_w0009,voxel_15-3,train,no_fall,0,data/raw/voxel_huggingface_data/No Fall/15-3.mp4,0.0,7.6652,6.0655,6.7321,9,3,data/processed/window_poses_readable/train/label_no_fall/voxel_15-3__video_0p000s_to_7p665s/window_0009__time_6p066s_to_6p732s__frames_000091_to_000101.json,3,data/processed/frames/train/no_fall/voxel_15-3/frame_000091.jpg|data/processed/frames/train/no_fall/voxel_15-3/frame_000096.jpg|data/processed/frames/train/no_fall/voxel_15-3/frame_000101.jpg,6.0655|6.3988|6.7321
voxel_15-3_w0010,voxel_15-3,train,no_fall,0,data/raw/voxel_huggingface_data/No Fall/15-3.mp4,0.0,7.6652,6.7321,7.3986,10,3,data/processed/window_poses_readable/train/label_no_fall/voxel_15-3__video_0p000s_to_7p665s/window_0010__time_6p732s_to_7p399s__frames_000101_to_000111.json,2,data/processed/frames/train/no_fall/voxel_15-3/frame_000101.jpg|data/processed/frames/train/no_fall/voxel_15-3/frame_000106.jpg|data/processed/frames/train/no_fall/voxel_15-3/frame_000111.jpg,6.7321|7.0653|7.3986
voxel_15-5_w0000,voxel_15-5,train,no_fall,0,data/raw/voxel_huggingface_data/No Fall/15-5.mp4,0.0,5.3296,0.0,0.6704,0,3,data/processed/window_poses_readable/train/label_no_fall/voxel_15-5__video_0p000s_to_5p330s/window_0000__time_0p000s_to_0p670s__frames_000000_to_000020.json,3,data/processed/frames/train/no_fall/voxel_15-5/frame_000000.jpg|data/processed/frames/train/no_fall/voxel_15-5/frame_000010.jpg|data/processed/frames/train/no_fall/voxel_15-5/frame_000020.jpg,0.0|0.3352|0.6704
voxel_15-5_w0001,voxel_15-5,train,no_fall,0,data/raw/voxel_huggingface_data/No Fall/15-5.mp4,0.0,5.3296,0.6704,1.3408,1,3,data/processed/window_poses_readable/train/label_no_fall/voxel_15-5__video_0p000s_to_5p330s/window_0001__time_0p670s_to_1p341s__frames_000020_to_000040.json,3,data/processed/frames/train/no_fall/voxel_15-5/frame_000020.jpg|data/processed/frames/train/no_fall/voxel_15-5/frame_000030.jpg|data/processed/frames/train/no_fall/voxel_15-5/frame_000040.jpg,0.6704|1.0056|1.3408
voxel_15-5_w0002,voxel_15-5,train,no_fall,0,data/raw/voxel_huggingface_data/No Fall/15-5.mp4,0.0,5.3296,1.3408,2.0112,2,3,data/processed/window_poses_readable/train/label_no_fall/voxel_15-5__video_0p000s_to_5p330s/window_0002__time_1p341s_to_2p011s__frames_000040_to_000060.json,3,data/processed/frames/train/no_fall/voxel_15-5/frame_000040.jpg|data/processed/frames/train/no_fall/voxel_15-5/frame_000050.jpg|data/processed/frames/train/no_fall/voxel_15-5/frame_000060.jpg,1.3408|1.676|2.0112
voxel_15-5_w0003,voxel_15-5,train,no_fall,0,data/raw/voxel_huggingface_data/No Fall/15-5.mp4,0.0,5.3296,2.0112,2.6815,3,3,data/processed/window_poses_readable/train/label_no_fall/voxel_15-5__video_0p000s_to_5p330s/window_0003__time_2p011s_to_2p682s__frames_000060_to_000080.json,3,data/processed/frames/train/no_fall/voxel_15-5/frame_000060.jpg|data/processed/frames/train/no_fall/voxel_15-5/frame_000070.jpg|data/processed/frames/train/no_fall/voxel_15-5/frame_000080.jpg,2.0112|2.3463|2.6815
voxel_15-5_w0004,voxel_15-5,train,no_fall,0,data/raw/voxel_huggingface_data/No Fall/15-5.mp4,0.0,5.3296,2.6815,3.3519,4,3,data/processed/window_poses_readable/train/label_no_fall/voxel_15-5__video_0p000s_to_5p330s/window_0004__time_2p682s_to_3p352s__frames_000080_to_000100.json,3,data/processed/frames/train/no_fall/voxel_15-5/frame_000080.jpg|data/processed/frames/train/no_fall/voxel_15-5/frame_000090.jpg|data/processed/frames/train/no_fall/voxel_15-5/frame_000100.jpg,2.6815|3.0167|3.3519
voxel_15-5_w0005,voxel_15-5,train,no_fall,0,data/raw/voxel_huggingface_data/No Fall/15-5.mp4,0.0,5.3296,3.3519,4.0223,5,3,data/processed/window_poses_readable/train/label_no_fall/voxel_15-5__video_0p000s_to_5p330s/window_0005__time_3p352s_to_4p022s__frames_000100_to_000120.json,3,data/processed/frames/train/no_fall/voxel_15-5/frame_000100.jpg|data/processed/frames/train/no_fall/voxel_15-5/frame_000110.jpg|data/processed/frames/train/no_fall/voxel_15-5/frame_000120.jpg,3.3519|3.6871|4.0223
voxel_15-5_w0006,voxel_15-5,train,no_fall,0,data/raw/voxel_huggingface_data/No Fall/15-5.mp4,0.0,5.3296,4.0223,4.6927,6,3,data/processed/window_poses_readable/train/label_no_fall/voxel_15-5__video_0p000s_to_5p330s/window_0006__time_4p022s_to_4p693s__frames_000120_to_000140.json,3,data/processed/frames/train/no_fall/voxel_15-5/frame_000120.jpg|data/processed/frames/train/no_fall/voxel_15-5/frame_000130.jpg|data/processed/frames/train/no_fall/voxel_15-5/frame_000140.jpg,4.0223|4.3575|4.6927
voxel_16_w0000,voxel_16,train,no_fall,0,data/raw/voxel_huggingface_data/No Fall/16.mp4,0.0,11.5375,0.0,0.6669,0,3,data/processed/window_poses_readable/train/label_no_fall/voxel_16__video_0p000s_to_11p537s/window_0000__time_0p000s_to_0p667s__frames_000000_to_000010.json,3,data/processed/frames/train/no_fall/voxel_16/frame_000000.jpg|data/processed/frames/train/no_fall/voxel_16/frame_000005.jpg|data/processed/frames/train/no_fall/voxel_16/frame_000010.jpg,0.0|0.3335|0.6669
voxel_16_w0001,voxel_16,train,no_fall,0,data/raw/voxel_huggingface_data/No Fall/16.mp4,0.0,11.5375,0.6669,1.3338,1,3,data/processed/window_poses_readable/train/label_no_fall/voxel_16__video_0p000s_to_11p537s/window_0001__time_0p667s_to_1p334s__frames_000010_to_000020.json,3,data/processed/frames/train/no_fall/voxel_16/frame_000010.jpg|data/processed/frames/train/no_fall/voxel_16/frame_000015.jpg|data/processed/frames/train/no_fall/voxel_16/frame_000020.jpg,0.6669|1.0004|1.3338
voxel_16_w0002,voxel_16,train,no_fall,0,data/raw/voxel_huggingface_data/No Fall/16.mp4,0.0,11.5375,1.3338,2.0007,2,3,data/processed/window_poses_readable/train/label_no_fall/voxel_16__video_0p000s_to_11p537s/window_0002__time_1p334s_to_2p001s__frames_000020_to_000030.json,3,data/processed/frames/train/no_fall/voxel_16/frame_000020.jpg|data/processed/frames/train/no_fall/voxel_16/frame_000025.jpg|data/processed/frames/train/no_fall/voxel_16/frame_000030.jpg,1.3338|1.6673|2.0007
voxel_16_w0003,voxel_16,train,no_fall,0,data/raw/voxel_huggingface_data/No Fall/16.mp4,0.0,11.5375,2.0007,2.6676,3,3,data/processed/window_poses_readable/train/label_no_fall/voxel_16__video_0p000s_to_11p537s/window_0003__time_2p001s_to_2p668s__frames_000030_to_000040.json,3,data/processed/frames/train/no_fall/voxel_16/frame_000030.jpg|data/processed/frames/train/no_fall/voxel_16/frame_000035.jpg|data/processed/frames/train/no_fall/voxel_16/frame_000040.jpg,2.0007|2.3342|2.6676
voxel_16_w0004,voxel_16,train,no_fall,0,data/raw/voxel_huggingface_data/No Fall/16.mp4,0.0,11.5375,2.6676,3.3345,4,3,data/processed/window_poses_readable/train/label_no_fall/voxel_16__video_0p000s_to_11p537s/window_0004__time_2p668s_to_3p334s__frames_000040_to_000050.json,3,data/processed/frames/train/no_fall/voxel_16/frame_000040.jpg|data/processed/frames/train/no_fall/voxel_16/frame_000045.jpg|data/processed/frames/train/no_fall/voxel_16/frame_000050.jpg,2.6676|3.0011|3.3345
voxel_16_w0005,voxel_16,train,no_fall,0,data/raw/voxel_huggingface_data/No Fall/16.mp4,0.0,11.5375,3.3345,4.0014,5,3,data/processed/window_poses_readable/train/label_no_fall/voxel_16__video_0p000s_to_11p537s/window_0005__time_3p334s_to_4p001s__frames_000050_to_000060.json,3,data/processed/frames/train/no_fall/voxel_16/frame_000050.jpg|data/processed/frames/train/no_fall/voxel_16/frame_000055.jpg|data/processed/frames/train/no_fall/voxel_16/frame_000060.jpg,3.3345|3.668|4.0014
voxel_16_w0006,voxel_16,train,no_fall,0,data/raw/voxel_huggingface_data/No Fall/16.mp4,0.0,11.5375,4.0014,4.6683,6,3,data/processed/window_poses_readable/train/label_no_fall/voxel_16__video_0p000s_to_11p537s/window_0006__time_4p001s_to_4p668s__frames_000060_to_000070.json,3,data/processed/frames/train/no_fall/voxel_16/frame_000060.jpg|data/processed/frames/train/no_fall/voxel_16/frame_000065.jpg|data/processed/frames/train/no_fall/voxel_16/frame_000070.jpg,4.0014|4.3349|4.6683
voxel_16_w0007,voxel_16,train,no_fall,0,data/raw/voxel_huggingface_data/No Fall/16.mp4,0.0,11.5375,4.6683,5.3353,7,3,data/processed/window_poses_readable/train/label_no_fall/voxel_16__video_0p000s_to_11p537s/window_0007__time_4p668s_to_5p335s__frames_000070_to_000080.json,3,data/processed/frames/train/no_fall/voxel_16/frame_000070.jpg|data/processed/frames/train/no_fall/voxel_16/frame_000075.jpg|data/processed/frames/train/no_fall/voxel_16/frame_000080.jpg,4.6683|5.0018|5.3353
voxel_16_w0008,voxel_16,train,no_fall,0,data/raw/voxel_huggingface_data/No Fall/16.mp4,0.0,11.5375,5.3353,6.0022,8,3,data/processed/window_poses_readable/train/label_no_fall/voxel_16__video_0p000s_to_11p537s/window_0008__time_5p335s_to_6p002s__frames_000080_to_000090.json,3,data/processed/frames/train/no_fall/voxel_16/frame_000080.jpg|data/processed/frames/train/no_fall/voxel_16/frame_000085.jpg|data/processed/frames/train/no_fall/voxel_16/frame_000090.jpg,5.3353|5.6687|6.0022
voxel_16_w0009,voxel_16,train,no_fall,0,data/raw/voxel_huggingface_data/No Fall/16.mp4,0.0,11.5375,6.0022,6.6691,9,3,data/processed/window_poses_readable/train/label_no_fall/voxel_16__video_0p000s_to_11p537s/window_0009__time_6p002s_to_6p669s__frames_000090_to_000100.json,2,data/processed/frames/train/no_fall/voxel_16/frame_000090.jpg|data/processed/frames/train/no_fall/voxel_16/frame_000095.jpg|data/processed/frames/train/no_fall/voxel_16/frame_000100.jpg,6.0022|6.3356|6.6691
voxel_16_w0010,voxel_16,train,no_fall,0,data/raw/voxel_huggingface_data/No Fall/16.mp4,0.0,11.5375,6.6691,7.336,10,3,data/processed/window_poses_readable/train/label_no_fall/voxel_16__video_0p000s_to_11p537s/window_0010__time_6p669s_to_7p336s__frames_000100_to_000110.json,1,data/processed/frames/train/no_fall/voxel_16/frame_000100.jpg|data/processed/frames/train/no_fall/voxel_16/frame_000105.jpg|data/processed/frames/train/no_fall/voxel_16/frame_000110.jpg,6.6691|7.0025|7.336
voxel_16_w0011,voxel_16,train,no_fall,0,data/raw/voxel_huggingface_data/No Fall/16.mp4,0.0,11.5375,7.336,8.0029,11,3,data/processed/window_poses_readable/train/label_no_fall/voxel_16__video_0p000s_to_11p537s/window_0011__time_7p336s_to_8p003s__frames_000110_to_000120.json,2,data/processed/frames/train/no_fall/voxel_16/frame_000110.jpg|data/processed/frames/train/no_fall/voxel_16/frame_000115.jpg|data/processed/frames/train/no_fall/voxel_16/frame_000120.jpg,7.336|7.6694|8.0029
voxel_16_w0012,voxel_16,train,no_fall,0,data/raw/voxel_huggingface_data/No Fall/16.mp4,0.0,11.5375,8.0029,8.6698,12,3,data/processed/window_poses_readable/train/label_no_fall/voxel_16__video_0p000s_to_11p537s/window_0012__time_8p003s_to_8p670s__frames_000120_to_000130.json,3,data/processed/frames/train/no_fall/voxel_16/frame_000120.jpg|data/processed/frames/train/no_fall/voxel_16/frame_000125.jpg|data/processed/frames/train/no_fall/voxel_16/frame_000130.jpg,8.0029|8.3363|8.6698
voxel_16_w0013,voxel_16,train,no_fall,0,data/raw/voxel_huggingface_data/No Fall/16.mp4,0.0,11.5375,8.6698,9.3367,13,3,data/processed/window_poses_readable/train/label_no_fall/voxel_16__video_0p000s_to_11p537s/window_0013__time_8p670s_to_9p337s__frames_000130_to_000140.json,3,data/processed/frames/train/no_fall/voxel_16/frame_000130.jpg|data/processed/frames/train/no_fall/voxel_16/frame_000135.jpg|data/processed/frames/train/no_fall/voxel_16/frame_000140.jpg,8.6698|9.0032|9.3367
voxel_16_w0014,voxel_16,train,no_fall,0,data/raw/voxel_huggingface_data/No Fall/16.mp4,0.0,11.5375,9.3367,10.0036,14,3,data/processed/window_poses_readable/train/label_no_fall/voxel_16__video_0p000s_to_11p537s/window_0014__time_9p337s_to_10p004s__frames_000140_to_000150.json,3,data/processed/frames/train/no_fall/voxel_16/frame_000140.jpg|data/processed/frames/train/no_fall/voxel_16/frame_000145.jpg|data/processed/frames/train/no_fall/voxel_16/frame_000150.jpg,9.3367|9.6701|10.0036
voxel_16_w0015,voxel_16,train,no_fall,0,data/raw/voxel_huggingface_data/No Fall/16.mp4,0.0,11.5375,10.0036,10.6705,15,3,data/processed/window_poses_readable/train/label_no_fall/voxel_16__video_0p000s_to_11p537s/window_0015__time_10p004s_to_10p671s__frames_000150_to_000160.json,3,data/processed/frames/train/no_fall/voxel_16/frame_000150.jpg|data/processed/frames/train/no_fall/voxel_16/frame_000155.jpg|data/processed/frames/train/no_fall/voxel_16/frame_000160.jpg,10.0036|10.3371|10.6705
voxel_16_w0016,voxel_16,train,no_fall,0,data/raw/voxel_huggingface_data/No Fall/16.mp4,0.0,11.5375,10.6705,11.3374,16,3,data/processed/window_poses_readable/train/label_no_fall/voxel_16__video_0p000s_to_11p537s/window_0016__time_10p671s_to_11p337s__frames_000160_to_000170.json,1,data/processed/frames/train/no_fall/voxel_16/frame_000160.jpg|data/processed/frames/train/no_fall/voxel_16/frame_000165.jpg|data/processed/frames/train/no_fall/voxel_16/frame_000170.jpg,10.6705|11.004|11.3374
voxel_16-3_w0000,voxel_16-3,train,no_fall,0,data/raw/voxel_huggingface_data/No Fall/16-3.mp4,0.0,10.2573,0.0,0.6704,0,3,data/processed/window_poses_readable/train/label_no_fall/voxel_16-3__video_0p000s_to_10p257s/window_0000__time_0p000s_to_0p670s__frames_000000_to_000020.json,3,data/processed/frames/train/no_fall/voxel_16-3/frame_000000.jpg|data/processed/frames/train/no_fall/voxel_16-3/frame_000010.jpg|data/processed/frames/train/no_fall/voxel_16-3/frame_000020.jpg,0.0|0.3352|0.6704
voxel_16-3_w0001,voxel_16-3,train,no_fall,0,data/raw/voxel_huggingface_data/No Fall/16-3.mp4,0.0,10.2573,0.6704,1.3408,1,3,data/processed/window_poses_readable/train/label_no_fall/voxel_16-3__video_0p000s_to_10p257s/window_0001__time_0p670s_to_1p341s__frames_000020_to_000040.json,3,data/processed/frames/train/no_fall/voxel_16-3/frame_000020.jpg|data/processed/frames/train/no_fall/voxel_16-3/frame_000030.jpg|data/processed/frames/train/no_fall/voxel_16-3/frame_000040.jpg,0.6704|1.0056|1.3408
voxel_16-3_w0002,voxel_16-3,train,no_fall,0,data/raw/voxel_huggingface_data/No Fall/16-3.mp4,0.0,10.2573,1.3408,2.0112,2,3,data/processed/window_poses_readable/train/label_no_fall/voxel_16-3__video_0p000s_to_10p257s/window_0002__time_1p341s_to_2p011s__frames_000040_to_000060.json,3,data/processed/frames/train/no_fall/voxel_16-3/frame_000040.jpg|data/processed/frames/train/no_fall/voxel_16-3/frame_000050.jpg|data/processed/frames/train/no_fall/voxel_16-3/frame_000060.jpg,1.3408|1.676|2.0112
voxel_16-3_w0003,voxel_16-3,train,no_fall,0,data/raw/voxel_huggingface_data/No Fall/16-3.mp4,0.0,10.2573,2.0112,2.6816,3,3,data/processed/window_poses_readable/train/label_no_fall/voxel_16-3__video_0p000s_to_10p257s/window_0003__time_2p011s_to_2p682s__frames_000060_to_000080.json,3,data/processed/frames/train/no_fall/voxel_16-3/frame_000060.jpg|data/processed/frames/train/no_fall/voxel_16-3/frame_000070.jpg|data/processed/frames/train/no_fall/voxel_16-3/frame_000080.jpg,2.0112|2.3464|2.6816
voxel_16-3_w0004,voxel_16-3,train,no_fall,0,data/raw/voxel_huggingface_data/No Fall/16-3.mp4,0.0,10.2573,2.6816,3.352,4,3,data/processed/window_poses_readable/train/label_no_fall/voxel_16-3__video_0p000s_to_10p257s/window_0004__time_2p682s_to_3p352s__frames_000080_to_000100.json,3,data/processed/frames/train/no_fall/voxel_16-3/frame_000080.jpg|data/processed/frames/train/no_fall/voxel_16-3/frame_000090.jpg|data/processed/frames/train/no_fall/voxel_16-3/frame_000100.jpg,2.6816|3.0168|3.352
voxel_16-3_w0005,voxel_16-3,train,no_fall,0,data/raw/voxel_huggingface_data/No Fall/16-3.mp4,0.0,10.2573,3.352,4.0225,5,3,data/processed/window_poses_readable/train/label_no_fall/voxel_16-3__video_0p000s_to_10p257s/window_0005__time_3p352s_to_4p022s__frames_000100_to_000120.json,3,data/processed/frames/train/no_fall/voxel_16-3/frame_000100.jpg|data/processed/frames/train/no_fall/voxel_16-3/frame_000110.jpg|data/processed/frames/train/no_fall/voxel_16-3/frame_000120.jpg,3.352|3.6873|4.0225
voxel_16-3_w0006,voxel_16-3,train,no_fall,0,data/raw/voxel_huggingface_data/No Fall/16-3.mp4,0.0,10.2573,4.0225,4.6929,6,3,data/processed/window_poses_readable/train/label_no_fall/voxel_16-3__video_0p000s_to_10p257s/window_0006__time_4p022s_to_4p693s__frames_000120_to_000140.json,3,data/processed/frames/train/no_fall/voxel_16-3/frame_000120.jpg|data/processed/frames/train/no_fall/voxel_16-3/frame_000130.jpg|data/processed/frames/train/no_fall/voxel_16-3/frame_000140.jpg,4.0225|4.3577|4.6929
voxel_16-3_w0007,voxel_16-3,train,no_fall,0,data/raw/voxel_huggingface_data/No Fall/16-3.mp4,0.0,10.2573,4.6929,5.3633,7,3,data/processed/window_poses_readable/train/label_no_fall/voxel_16-3__video_0p000s_to_10p257s/window_0007__time_4p693s_to_5p363s__frames_000140_to_000160.json,3,data/processed/frames/train/no_fall/voxel_16-3/frame_000140.jpg|data/processed/frames/train/no_fall/voxel_16-3/frame_000150.jpg|data/processed/frames/train/no_fall/voxel_16-3/frame_000160.jpg,4.6929|5.0281|5.3633
voxel_16-3_w0008,voxel_16-3,train,no_fall,0,data/raw/voxel_huggingface_data/No Fall/16-3.mp4,0.0,10.2573,5.3633,6.0002,8,3,data/processed/window_poses_readable/train/label_no_fall/voxel_16-3__video_0p000s_to_10p257s/window_0008__time_5p363s_to_6p000s__frames_000160_to_000179.json,3,data/processed/frames/train/no_fall/voxel_16-3/frame_000160.jpg|data/processed/frames/train/no_fall/voxel_16-3/frame_000170.jpg|data/processed/frames/train/no_fall/voxel_16-3/frame_000179.jpg,5.3633|5.6985|6.0002
voxel_16-3_w0009,voxel_16-3,train,no_fall,0,data/raw/voxel_huggingface_data/No Fall/16-3.mp4,0.0,10.2573,6.0002,6.6706,9,3,data/processed/window_poses_readable/train/label_no_fall/voxel_16-3__video_0p000s_to_10p257s/window_0009__time_6p000s_to_6p671s__frames_000179_to_000199.json,3,data/processed/frames/train/no_fall/voxel_16-3/frame_000179.jpg|data/processed/frames/train/no_fall/voxel_16-3/frame_000189.jpg|data/processed/frames/train/no_fall/voxel_16-3/frame_000199.jpg,6.0002|6.3354|6.6706
voxel_16-3_w0010,voxel_16-3,train,no_fall,0,data/raw/voxel_huggingface_data/No Fall/16-3.mp4,0.0,10.2573,6.6706,7.341,10,3,data/processed/window_poses_readable/train/label_no_fall/voxel_16-3__video_0p000s_to_10p257s/window_0010__time_6p671s_to_7p341s__frames_000199_to_000219.json,3,data/processed/frames/train/no_fall/voxel_16-3/frame_000199.jpg|data/processed/frames/train/no_fall/voxel_16-3/frame_000209.jpg|data/processed/frames/train/no_fall/voxel_16-3/frame_000219.jpg,6.6706|7.0058|7.341
voxel_16-3_w0011,voxel_16-3,train,no_fall,0,data/raw/voxel_huggingface_data/No Fall/16-3.mp4,0.0,10.2573,7.341,8.0114,11,3,data/processed/window_poses_readable/train/label_no_fall/voxel_16-3__video_0p000s_to_10p257s/window_0011__time_7p341s_to_8p011s__frames_000219_to_000239.json,3,data/processed/frames/train/no_fall/voxel_16-3/frame_000219.jpg|data/processed/frames/train/no_fall/voxel_16-3/frame_000229.jpg|data/processed/frames/train/no_fall/voxel_16-3/frame_000239.jpg,7.341|7.6762|8.0114
voxel_16-3_w0012,voxel_16-3,train,no_fall,0,data/raw/voxel_huggingface_data/No Fall/16-3.mp4,0.0,10.2573,8.0114,8.6818,12,3,data/processed/window_poses_readable/train/label_no_fall/voxel_16-3__video_0p000s_to_10p257s/window_0012__time_8p011s_to_8p682s__frames_000239_to_000259.json,3,data/processed/frames/train/no_fall/voxel_16-3/frame_000239.jpg|data/processed/frames/train/no_fall/voxel_16-3/frame_000249.jpg|data/processed/frames/train/no_fall/voxel_16-3/frame_000259.jpg,8.0114|8.3466|8.6818
voxel_16-3_w0013,voxel_16-3,train,no_fall,0,data/raw/voxel_huggingface_data/No Fall/16-3.mp4,0.0,10.2573,8.6818,9.3522,13,3,data/processed/window_poses_readable/train/label_no_fall/voxel_16-3__video_0p000s_to_10p257s/window_0013__time_8p682s_to_9p352s__frames_000259_to_000279.json,3,data/processed/frames/train/no_fall/voxel_16-3/frame_000259.jpg|data/processed/frames/train/no_fall/voxel_16-3/frame_000269.jpg|data/processed/frames/train/no_fall/voxel_16-3/frame_000279.jpg,8.6818|9.017|9.3522
voxel_16-3_w0014,voxel_16-3,train,no_fall,0,data/raw/voxel_huggingface_data/No Fall/16-3.mp4,0.0,10.2573,9.3522,10.0226,14,3,data/processed/window_poses_readable/train/label_no_fall/voxel_16-3__video_0p000s_to_10p257s/window_0014__time_9p352s_to_10p023s__frames_000279_to_000299.json,3,data/processed/frames/train/no_fall/voxel_16-3/frame_000279.jpg|data/processed/frames/train/no_fall/voxel_16-3/frame_000289.jpg|data/processed/frames/train/no_fall/voxel_16-3/frame_000299.jpg,9.3522|9.6874|10.0226
voxel_16-5_w0000,voxel_16-5,train,no_fall,0,data/raw/voxel_huggingface_data/No Fall/16-5.mp4,0.0,7.1376,0.0,0.6702,0,3,data/processed/window_poses_readable/train/label_no_fall/voxel_16-5__video_0p000s_to_7p138s/window_0000__time_0p000s_to_0p670s__frames_000000_to_000020.json,3,data/processed/frames/train/no_fall/voxel_16-5/frame_000000.jpg|data/processed/frames/train/no_fall/voxel_16-5/frame_000010.jpg|data/processed/frames/train/no_fall/voxel_16-5/frame_000020.jpg,0.0|0.3351|0.6702
voxel_16-5_w0001,voxel_16-5,train,no_fall,0,data/raw/voxel_huggingface_data/No Fall/16-5.mp4,0.0,7.1376,0.6702,1.3404,1,3,data/processed/window_poses_readable/train/label_no_fall/voxel_16-5__video_0p000s_to_7p138s/window_0001__time_0p670s_to_1p340s__frames_000020_to_000040.json,3,data/processed/frames/train/no_fall/voxel_16-5/frame_000020.jpg|data/processed/frames/train/no_fall/voxel_16-5/frame_000030.jpg|data/processed/frames/train/no_fall/voxel_16-5/frame_000040.jpg,0.6702|1.0053|1.3404
voxel_16-5_w0002,voxel_16-5,train,no_fall,0,data/raw/voxel_huggingface_data/No Fall/16-5.mp4,0.0,7.1376,1.3404,2.0106,2,3,data/processed/window_poses_readable/train/label_no_fall/voxel_16-5__video_0p000s_to_7p138s/window_0002__time_1p340s_to_2p011s__frames_000040_to_000060.json,3,data/processed/frames/train/no_fall/voxel_16-5/frame_000040.jpg|data/processed/frames/train/no_fall/voxel_16-5/frame_000050.jpg|data/processed/frames/train/no_fall/voxel_16-5/frame_000060.jpg,1.3404|1.6755|2.0106
voxel_16-5_w0003,voxel_16-5,train,no_fall,0,data/raw/voxel_huggingface_data/No Fall/16-5.mp4,0.0,7.1376,2.0106,2.6808,3,3,data/processed/window_poses_readable/train/label_no_fall/voxel_16-5__video_0p000s_to_7p138s/window_0003__time_2p011s_to_2p681s__frames_000060_to_000080.json,3,data/processed/frames/train/no_fall/voxel_16-5/frame_000060.jpg|data/processed/frames/train/no_fall/voxel_16-5/frame_000070.jpg|data/processed/frames/train/no_fall/voxel_16-5/frame_000080.jpg,2.0106|2.3457|2.6808
voxel_16-5_w0004,voxel_16-5,train,no_fall,0,data/raw/voxel_huggingface_data/No Fall/16-5.mp4,0.0,7.1376,2.6808,3.351,4,3,data/processed/window_poses_readable/train/label_no_fall/voxel_16-5__video_0p000s_to_7p138s/window_0004__time_2p681s_to_3p351s__frames_000080_to_000100.json,3,data/processed/frames/train/no_fall/voxel_16-5/frame_000080.jpg|data/processed/frames/train/no_fall/voxel_16-5/frame_000090.jpg|data/processed/frames/train/no_fall/voxel_16-5/frame_000100.jpg,2.6808|3.0159|3.351
voxel_16-5_w0005,voxel_16-5,train,no_fall,0,data/raw/voxel_huggingface_data/No Fall/16-5.mp4,0.0,7.1376,3.351,4.0212,5,3,data/processed/window_poses_readable/train/label_no_fall/voxel_16-5__video_0p000s_to_7p138s/window_0005__time_3p351s_to_4p021s__frames_000100_to_000120.json,3,data/processed/frames/train/no_fall/voxel_16-5/frame_000100.jpg|data/processed/frames/train/no_fall/voxel_16-5/frame_000110.jpg|data/processed/frames/train/no_fall/voxel_16-5/frame_000120.jpg,3.351|3.6861|4.0212
voxel_16-5_w0006,voxel_16-5,train,no_fall,0,data/raw/voxel_huggingface_data/No Fall/16-5.mp4,0.0,7.1376,4.0212,4.6914,6,3,data/processed/window_poses_readable/train/label_no_fall/voxel_16-5__video_0p000s_to_7p138s/window_0006__time_4p021s_to_4p691s__frames_000120_to_000140.json,3,data/processed/frames/train/no_fall/voxel_16-5/frame_000120.jpg|data/processed/frames/train/no_fall/voxel_16-5/frame_000130.jpg|data/processed/frames/train/no_fall/voxel_16-5/frame_000140.jpg,4.0212|4.3563|4.6914
voxel_16-5_w0007,voxel_16-5,train,no_fall,0,data/raw/voxel_huggingface_data/No Fall/16-5.mp4,0.0,7.1376,4.6914,5.3616,7,3,data/processed/window_poses_readable/train/label_no_fall/voxel_16-5__video_0p000s_to_7p138s/window_0007__time_4p691s_to_5p362s__frames_000140_to_000160.json,3,data/processed/frames/train/no_fall/voxel_16-5/frame_000140.jpg|data/processed/frames/train/no_fall/voxel_16-5/frame_000150.jpg|data/processed/frames/train/no_fall/voxel_16-5/frame_000160.jpg,4.6914|5.0265|5.3616
voxel_16-5_w0008,voxel_16-5,train,no_fall,0,data/raw/voxel_huggingface_data/No Fall/16-5.mp4,0.0,7.1376,5.3616,6.0317,8,3,data/processed/window_poses_readable/train/label_no_fall/voxel_16-5__video_0p000s_to_7p138s/window_0008__time_5p362s_to_6p032s__frames_000160_to_000180.json,3,data/processed/frames/train/no_fall/voxel_16-5/frame_000160.jpg|data/processed/frames/train/no_fall/voxel_16-5/frame_000170.jpg|data/processed/frames/train/no_fall/voxel_16-5/frame_000180.jpg,5.3616|5.6967|6.0317
voxel_16-5_w0009,voxel_16-5,train,no_fall,0,data/raw/voxel_huggingface_data/No Fall/16-5.mp4,0.0,7.1376,6.0317,6.6684,9,3,data/processed/window_poses_readable/train/label_no_fall/voxel_16-5__video_0p000s_to_7p138s/window_0009__time_6p032s_to_6p668s__frames_000180_to_000199.json,3,data/processed/frames/train/no_fall/voxel_16-5/frame_000180.jpg|data/processed/frames/train/no_fall/voxel_16-5/frame_000189.jpg|data/processed/frames/train/no_fall/voxel_16-5/frame_000199.jpg,6.0317|6.3333|6.6684
voxel_16-7_w0000,voxel_16-7,train,no_fall,0,data/raw/voxel_huggingface_data/No Fall/16-7.mp4,0.0,3.5214,0.0,0.6772,0,3,data/processed/window_poses_readable/train/label_no_fall/voxel_16-7__video_0p000s_to_3p521s/window_0000__time_0p000s_to_0p677s__frames_000000_to_000020.json,3,data/processed/frames/train/no_fall/voxel_16-7/frame_000000.jpg|data/processed/frames/train/no_fall/voxel_16-7/frame_000010.jpg|data/processed/frames/train/no_fall/voxel_16-7/frame_000020.jpg,0.0|0.3386|0.6772
voxel_16-7_w0001,voxel_16-7,train,no_fall,0,data/raw/voxel_huggingface_data/No Fall/16-7.mp4,0.0,3.5214,0.6772,1.3544,1,3,data/processed/window_poses_readable/train/label_no_fall/voxel_16-7__video_0p000s_to_3p521s/window_0001__time_0p677s_to_1p354s__frames_000020_to_000040.json,3,data/processed/frames/train/no_fall/voxel_16-7/frame_000020.jpg|data/processed/frames/train/no_fall/voxel_16-7/frame_000030.jpg|data/processed/frames/train/no_fall/voxel_16-7/frame_000040.jpg,0.6772|1.0158|1.3544
voxel_16-7_w0002,voxel_16-7,train,no_fall,0,data/raw/voxel_huggingface_data/No Fall/16-7.mp4,0.0,3.5214,1.3544,2.0316,2,3,data/processed/window_poses_readable/train/label_no_fall/voxel_16-7__video_0p000s_to_3p521s/window_0002__time_1p354s_to_2p032s__frames_000040_to_000060.json,3,data/processed/frames/train/no_fall/voxel_16-7/frame_000040.jpg|data/processed/frames/train/no_fall/voxel_16-7/frame_000050.jpg|data/processed/frames/train/no_fall/voxel_16-7/frame_000060.jpg,1.3544|1.693|2.0316
voxel_16-7_w0003,voxel_16-7,train,no_fall,0,data/raw/voxel_huggingface_data/No Fall/16-7.mp4,0.0,3.5214,2.0316,2.6749,3,3,data/processed/window_poses_readable/train/label_no_fall/voxel_16-7__video_0p000s_to_3p521s/window_0003__time_2p032s_to_2p675s__frames_000060_to_000079.json,3,data/processed/frames/train/no_fall/voxel_16-7/frame_000060.jpg|data/processed/frames/train/no_fall/voxel_16-7/frame_000069.jpg|data/processed/frames/train/no_fall/voxel_16-7/frame_000079.jpg,2.0316|2.3363|2.6749
voxel_16-7_w0004,voxel_16-7,train,no_fall,0,data/raw/voxel_huggingface_data/No Fall/16-7.mp4,0.0,3.5214,2.6749,3.3521,4,3,data/processed/window_poses_readable/train/label_no_fall/voxel_16-7__video_0p000s_to_3p521s/window_0004__time_2p675s_to_3p352s__frames_000079_to_000099.json,3,data/processed/frames/train/no_fall/voxel_16-7/frame_000079.jpg|data/processed/frames/train/no_fall/voxel_16-7/frame_000089.jpg|data/processed/frames/train/no_fall/voxel_16-7/frame_000099.jpg,2.6749|3.0135|3.3521
voxel_17-3_w0000,voxel_17-3,train,no_fall,0,data/raw/voxel_huggingface_data/No Fall/17-3.mp4,0.0,12.1294,0.0,0.7331,0,3,data/processed/window_poses_readable/train/label_no_fall/voxel_17-3__video_0p000s_to_12p129s/window_0000__time_0p000s_to_0p733s__frames_000000_to_000011.json,3,data/processed/frames/train/no_fall/voxel_17-3/frame_000000.jpg|data/processed/frames/train/no_fall/voxel_17-3/frame_000006.jpg|data/processed/frames/train/no_fall/voxel_17-3/frame_000011.jpg,0.0|0.3999|0.7331
voxel_17-3_w0001,voxel_17-3,train,no_fall,0,data/raw/voxel_huggingface_data/No Fall/17-3.mp4,0.0,12.1294,0.7331,1.3996,1,3,data/processed/window_poses_readable/train/label_no_fall/voxel_17-3__video_0p000s_to_12p129s/window_0001__time_0p733s_to_1p400s__frames_000011_to_000021.json,3,data/processed/frames/train/no_fall/voxel_17-3/frame_000011.jpg|data/processed/frames/train/no_fall/voxel_17-3/frame_000016.jpg|data/processed/frames/train/no_fall/voxel_17-3/frame_000021.jpg,0.7331|1.0663|1.3996
voxel_17-3_w0002,voxel_17-3,train,no_fall,0,data/raw/voxel_huggingface_data/No Fall/17-3.mp4,0.0,12.1294,1.3996,2.066,2,3,data/processed/window_poses_readable/train/label_no_fall/voxel_17-3__video_0p000s_to_12p129s/window_0002__time_1p400s_to_2p066s__frames_000021_to_000031.json,3,data/processed/frames/train/no_fall/voxel_17-3/frame_000021.jpg|data/processed/frames/train/no_fall/voxel_17-3/frame_000026.jpg|data/processed/frames/train/no_fall/voxel_17-3/frame_000031.jpg,1.3996|1.7328|2.066
voxel_17-3_w0003,voxel_17-3,train,no_fall,0,data/raw/voxel_huggingface_data/No Fall/17-3.mp4,0.0,12.1294,2.066,2.7325,3,3,data/processed/window_poses_readable/train/label_no_fall/voxel_17-3__video_0p000s_to_12p129s/window_0003__time_2p066s_to_2p732s__frames_000031_to_000041.json,3,data/processed/frames/train/no_fall/voxel_17-3/frame_000031.jpg|data/processed/frames/train/no_fall/voxel_17-3/frame_000036.jpg|data/processed/frames/train/no_fall/voxel_17-3/frame_000041.jpg,2.066|2.3992|2.7325
voxel_17-3_w0004,voxel_17-3,train,no_fall,0,data/raw/voxel_huggingface_data/No Fall/17-3.mp4,0.0,12.1294,2.7325,3.3989,4,3,data/processed/window_poses_readable/train/label_no_fall/voxel_17-3__video_0p000s_to_12p129s/window_0004__time_2p732s_to_3p399s__frames_000041_to_000051.json,3,data/processed/frames/train/no_fall/voxel_17-3/frame_000041.jpg|data/processed/frames/train/no_fall/voxel_17-3/frame_000046.jpg|data/processed/frames/train/no_fall/voxel_17-3/frame_000051.jpg,2.7325|3.0657|3.3989
voxel_17-3_w0005,voxel_17-3,train,no_fall,0,data/raw/voxel_huggingface_data/No Fall/17-3.mp4,0.0,12.1294,3.3989,4.0654,5,3,data/processed/window_poses_readable/train/label_no_fall/voxel_17-3__video_0p000s_to_12p129s/window_0005__time_3p399s_to_4p065s__frames_000051_to_000061.json,3,data/processed/frames/train/no_fall/voxel_17-3/frame_000051.jpg|data/processed/frames/train/no_fall/voxel_17-3/frame_000056.jpg|data/processed/frames/train/no_fall/voxel_17-3/frame_000061.jpg,3.3989|3.7321|4.0654
voxel_17-3_w0006,voxel_17-3,train,no_fall,0,data/raw/voxel_huggingface_data/No Fall/17-3.mp4,0.0,12.1294,4.0654,4.7318,6,3,data/processed/window_poses_readable/train/label_no_fall/voxel_17-3__video_0p000s_to_12p129s/window_0006__time_4p065s_to_4p732s__frames_000061_to_000071.json,3,data/processed/frames/train/no_fall/voxel_17-3/frame_000061.jpg|data/processed/frames/train/no_fall/voxel_17-3/frame_000066.jpg|data/processed/frames/train/no_fall/voxel_17-3/frame_000071.jpg,4.0654|4.3986|4.7318
voxel_17-3_w0007,voxel_17-3,train,no_fall,0,data/raw/voxel_huggingface_data/No Fall/17-3.mp4,0.0,12.1294,4.7318,5.3983,7,3,data/processed/window_poses_readable/train/label_no_fall/voxel_17-3__video_0p000s_to_12p129s/window_0007__time_4p732s_to_5p398s__frames_000071_to_000081.json,3,data/processed/frames/train/no_fall/voxel_17-3/frame_000071.jpg|data/processed/frames/train/no_fall/voxel_17-3/frame_000076.jpg|data/processed/frames/train/no_fall/voxel_17-3/frame_000081.jpg,4.7318|5.065|5.3983
voxel_17-3_w0008,voxel_17-3,train,no_fall,0,data/raw/voxel_huggingface_data/No Fall/17-3.mp4,0.0,12.1294,5.3983,6.0647,8,3,data/processed/window_poses_readable/train/label_no_fall/voxel_17-3__video_0p000s_to_12p129s/window_0008__time_5p398s_to_6p065s__frames_000081_to_000091.json,3,data/processed/frames/train/no_fall/voxel_17-3/frame_000081.jpg|data/processed/frames/train/no_fall/voxel_17-3/frame_000086.jpg|data/processed/frames/train/no_fall/voxel_17-3/frame_000091.jpg,5.3983|5.7315|6.0647
voxel_17-3_w0009,voxel_17-3,train,no_fall,0,data/raw/voxel_huggingface_data/No Fall/17-3.mp4,0.0,12.1294,6.0647,6.7312,9,3,data/processed/window_poses_readable/train/label_no_fall/voxel_17-3__video_0p000s_to_12p129s/window_0009__time_6p065s_to_6p731s__frames_000091_to_000101.json,3,data/processed/frames/train/no_fall/voxel_17-3/frame_000091.jpg|data/processed/frames/train/no_fall/voxel_17-3/frame_000096.jpg|data/processed/frames/train/no_fall/voxel_17-3/frame_000101.jpg,6.0647|6.398|6.7312
voxel_17-3_w0010,voxel_17-3,train,no_fall,0,data/raw/voxel_huggingface_data/No Fall/17-3.mp4,0.0,12.1294,6.7312,7.3976,10,3,data/processed/window_poses_readable/train/label_no_fall/voxel_17-3__video_0p000s_to_12p129s/window_0010__time_6p731s_to_7p398s__frames_000101_to_000111.json,3,data/processed/frames/train/no_fall/voxel_17-3/frame_000101.jpg|data/processed/frames/train/no_fall/voxel_17-3/frame_000106.jpg|data/processed/frames/train/no_fall/voxel_17-3/frame_000111.jpg,6.7312|7.0644|7.3976
voxel_17-3_w0011,voxel_17-3,train,no_fall,0,data/raw/voxel_huggingface_data/No Fall/17-3.mp4,0.0,12.1294,7.3976,8.0641,11,3,data/processed/window_poses_readable/train/label_no_fall/voxel_17-3__video_0p000s_to_12p129s/window_0011__time_7p398s_to_8p064s__frames_000111_to_000121.json,3,data/processed/frames/train/no_fall/voxel_17-3/frame_000111.jpg|data/processed/frames/train/no_fall/voxel_17-3/frame_000116.jpg|data/processed/frames/train/no_fall/voxel_17-3/frame_000121.jpg,7.3976|7.7309|8.0641
voxel_17-3_w0012,voxel_17-3,train,no_fall,0,data/raw/voxel_huggingface_data/No Fall/17-3.mp4,0.0,12.1294,8.0641,8.7305,12,3,data/processed/window_poses_readable/train/label_no_fall/voxel_17-3__video_0p000s_to_12p129s/window_0012__time_8p064s_to_8p730s__frames_000121_to_000131.json,3,data/processed/frames/train/no_fall/voxel_17-3/frame_000121.jpg|data/processed/frames/train/no_fall/voxel_17-3/frame_000126.jpg|data/processed/frames/train/no_fall/voxel_17-3/frame_000131.jpg,8.0641|8.3973|8.7305
voxel_17-3_w0013,voxel_17-3,train,no_fall,0,data/raw/voxel_huggingface_data/No Fall/17-3.mp4,0.0,12.1294,8.7305,9.397,13,3,data/processed/window_poses_readable/train/label_no_fall/voxel_17-3__video_0p000s_to_12p129s/window_0013__time_8p730s_to_9p397s__frames_000131_to_000141.json,3,data/processed/frames/train/no_fall/voxel_17-3/frame_000131.jpg|data/processed/frames/train/no_fall/voxel_17-3/frame_000136.jpg|data/processed/frames/train/no_fall/voxel_17-3/frame_000141.jpg,8.7305|9.0638|9.397
voxel_17-3_w0014,voxel_17-3,train,no_fall,0,data/raw/voxel_huggingface_data/No Fall/17-3.mp4,0.0,12.1294,9.397,10.0634,14,3,data/processed/window_poses_readable/train/label_no_fall/voxel_17-3__video_0p000s_to_12p129s/window_0014__time_9p397s_to_10p063s__frames_000141_to_000151.json,3,data/processed/frames/train/no_fall/voxel_17-3/frame_000141.jpg|data/processed/frames/train/no_fall/voxel_17-3/frame_000146.jpg|data/processed/frames/train/no_fall/voxel_17-3/frame_000151.jpg,9.397|9.7302|10.0634
voxel_17-3_w0015,voxel_17-3,train,no_fall,0,data/raw/voxel_huggingface_data/No Fall/17-3.mp4,0.0,12.1294,10.0634,10.7299,15,3,data/processed/window_poses_readable/train/label_no_fall/voxel_17-3__video_0p000s_to_12p129s/window_0015__time_10p063s_to_10p730s__frames_000151_to_000161.json,3,data/processed/frames/train/no_fall/voxel_17-3/frame_000151.jpg|data/processed/frames/train/no_fall/voxel_17-3/frame_000156.jpg|data/processed/frames/train/no_fall/voxel_17-3/frame_000161.jpg,10.0634|10.3967|10.7299
voxel_17-3_w0016,voxel_17-3,train,no_fall,0,data/raw/voxel_huggingface_data/No Fall/17-3.mp4,0.0,12.1294,10.7299,11.3964,16,3,data/processed/window_poses_readable/train/label_no_fall/voxel_17-3__video_0p000s_to_12p129s/window_0016__time_10p730s_to_11p396s__frames_000161_to_000171.json,3,data/processed/frames/train/no_fall/voxel_17-3/frame_000161.jpg|data/processed/frames/train/no_fall/voxel_17-3/frame_000166.jpg|data/processed/frames/train/no_fall/voxel_17-3/frame_000171.jpg,10.7299|11.0631|11.3964
voxel_17-3_w0017,voxel_17-3,train,no_fall,0,data/raw/voxel_huggingface_data/No Fall/17-3.mp4,0.0,12.1294,11.3964,12.0628,17,3,data/processed/window_poses_readable/train/label_no_fall/voxel_17-3__video_0p000s_to_12p129s/window_0017__time_11p396s_to_12p063s__frames_000171_to_000181.json,3,data/processed/frames/train/no_fall/voxel_17-3/frame_000171.jpg|data/processed/frames/train/no_fall/voxel_17-3/frame_000176.jpg|data/processed/frames/train/no_fall/voxel_17-3/frame_000181.jpg,11.3964|11.7296|12.0628
voxel_18-2_w0000,voxel_18-2,train,no_fall,0,data/raw/voxel_huggingface_data/No Fall/18-2.mp4,0.0,11.5535,0.0,0.6698,0,3,data/processed/window_poses_readable/train/label_no_fall/voxel_18-2__video_0p000s_to_11p553s/window_0000__time_0p000s_to_0p670s__frames_000000_to_000020.json,3,data/processed/frames/train/no_fall/voxel_18-2/frame_000000.jpg|data/processed/frames/train/no_fall/voxel_18-2/frame_000010.jpg|data/processed/frames/train/no_fall/voxel_18-2/frame_000020.jpg,0.0|0.3349|0.6698
voxel_18-2_w0001,voxel_18-2,train,no_fall,0,data/raw/voxel_huggingface_data/No Fall/18-2.mp4,0.0,11.5535,0.6698,1.3395,1,3,data/processed/window_poses_readable/train/label_no_fall/voxel_18-2__video_0p000s_to_11p553s/window_0001__time_0p670s_to_1p339s__frames_000020_to_000040.json,3,data/processed/frames/train/no_fall/voxel_18-2/frame_000020.jpg|data/processed/frames/train/no_fall/voxel_18-2/frame_000030.jpg|data/processed/frames/train/no_fall/voxel_18-2/frame_000040.jpg,0.6698|1.0047|1.3395
voxel_18-2_w0002,voxel_18-2,train,no_fall,0,data/raw/voxel_huggingface_data/No Fall/18-2.mp4,0.0,11.5535,1.3395,2.0093,2,3,data/processed/window_poses_readable/train/label_no_fall/voxel_18-2__video_0p000s_to_11p553s/window_0002__time_1p339s_to_2p009s__frames_000040_to_000060.json,3,data/processed/frames/train/no_fall/voxel_18-2/frame_000040.jpg|data/processed/frames/train/no_fall/voxel_18-2/frame_000050.jpg|data/processed/frames/train/no_fall/voxel_18-2/frame_000060.jpg,1.3395|1.6744|2.0093
voxel_18-2_w0003,voxel_18-2,train,no_fall,0,data/raw/voxel_huggingface_data/No Fall/18-2.mp4,0.0,11.5535,2.0093,2.6791,3,3,data/processed/window_poses_readable/train/label_no_fall/voxel_18-2__video_0p000s_to_11p553s/window_0003__time_2p009s_to_2p679s__frames_000060_to_000080.json,3,data/processed/frames/train/no_fall/voxel_18-2/frame_000060.jpg|data/processed/frames/train/no_fall/voxel_18-2/frame_000070.jpg|data/processed/frames/train/no_fall/voxel_18-2/frame_000080.jpg,2.0093|2.3442|2.6791
voxel_18-2_w0004,voxel_18-2,train,no_fall,0,data/raw/voxel_huggingface_data/No Fall/18-2.mp4,0.0,11.5535,2.6791,3.3488,4,3,data/processed/window_poses_readable/train/label_no_fall/voxel_18-2__video_0p000s_to_11p553s/window_0004__time_2p679s_to_3p349s__frames_000080_to_000100.json,2,data/processed/frames/train/no_fall/voxel_18-2/frame_000080.jpg|data/processed/frames/train/no_fall/voxel_18-2/frame_000090.jpg|data/processed/frames/train/no_fall/voxel_18-2/frame_000100.jpg,2.6791|3.014|3.3488
voxel_18-2_w0005,voxel_18-2,train,no_fall,0,data/raw/voxel_huggingface_data/No Fall/18-2.mp4,0.0,11.5535,3.3488,4.0186,5,3,data/processed/window_poses_readable/train/label_no_fall/voxel_18-2__video_0p000s_to_11p553s/window_0005__time_3p349s_to_4p019s__frames_000100_to_000120.json,3,data/processed/frames/train/no_fall/voxel_18-2/frame_000100.jpg|data/processed/frames/train/no_fall/voxel_18-2/frame_000110.jpg|data/processed/frames/train/no_fall/voxel_18-2/frame_000120.jpg,3.3488|3.6837|4.0186
voxel_18-2_w0006,voxel_18-2,train,no_fall,0,data/raw/voxel_huggingface_data/No Fall/18-2.mp4,0.0,11.5535,4.0186,4.6884,6,3,data/processed/window_poses_readable/train/label_no_fall/voxel_18-2__video_0p000s_to_11p553s/window_0006__time_4p019s_to_4p688s__frames_000120_to_000140.json,3,data/processed/frames/train/no_fall/voxel_18-2/frame_000120.jpg|data/processed/frames/train/no_fall/voxel_18-2/frame_000130.jpg|data/processed/frames/train/no_fall/voxel_18-2/frame_000140.jpg,4.0186|4.3535|4.6884
voxel_18-2_w0007,voxel_18-2,train,no_fall,0,data/raw/voxel_huggingface_data/No Fall/18-2.mp4,0.0,11.5535,4.6884,5.3582,7,3,data/processed/window_poses_readable/train/label_no_fall/voxel_18-2__video_0p000s_to_11p553s/window_0007__time_4p688s_to_5p358s__frames_000140_to_000160.json,3,data/processed/frames/train/no_fall/voxel_18-2/frame_000140.jpg|data/processed/frames/train/no_fall/voxel_18-2/frame_000150.jpg|data/processed/frames/train/no_fall/voxel_18-2/frame_000160.jpg,4.6884|5.0233|5.3582
voxel_18-2_w0008,voxel_18-2,train,no_fall,0,data/raw/voxel_huggingface_data/No Fall/18-2.mp4,0.0,11.5535,5.3582,6.0279,8,3,data/processed/window_poses_readable/train/label_no_fall/voxel_18-2__video_0p000s_to_11p553s/window_0008__time_5p358s_to_6p028s__frames_000160_to_000180.json,3,data/processed/frames/train/no_fall/voxel_18-2/frame_000160.jpg|data/processed/frames/train/no_fall/voxel_18-2/frame_000170.jpg|data/processed/frames/train/no_fall/voxel_18-2/frame_000180.jpg,5.3582|5.693|6.0279
voxel_18-2_w0009,voxel_18-2,train,no_fall,0,data/raw/voxel_huggingface_data/No Fall/18-2.mp4,0.0,11.5535,6.0279,6.6977,9,3,data/processed/window_poses_readable/train/label_no_fall/voxel_18-2__video_0p000s_to_11p553s/window_0009__time_6p028s_to_6p698s__frames_000180_to_000200.json,3,data/processed/frames/train/no_fall/voxel_18-2/frame_000180.jpg|data/processed/frames/train/no_fall/voxel_18-2/frame_000190.jpg|data/processed/frames/train/no_fall/voxel_18-2/frame_000200.jpg,6.0279|6.3628|6.6977
voxel_18-2_w0010,voxel_18-2,train,no_fall,0,data/raw/voxel_huggingface_data/No Fall/18-2.mp4,0.0,11.5535,6.6977,7.334,10,3,data/processed/window_poses_readable/train/label_no_fall/voxel_18-2__video_0p000s_to_11p553s/window_0010__time_6p698s_to_7p334s__frames_000200_to_000219.json,3,data/processed/frames/train/no_fall/voxel_18-2/frame_000200.jpg|data/processed/frames/train/no_fall/voxel_18-2/frame_000210.jpg|data/processed/frames/train/no_fall/voxel_18-2/frame_000219.jpg,6.6977|7.0326|7.334
voxel_18-2_w0011,voxel_18-2,train,no_fall,0,data/raw/voxel_huggingface_data/No Fall/18-2.mp4,0.0,11.5535,7.334,8.0038,11,3,data/processed/window_poses_readable/train/label_no_fall/voxel_18-2__video_0p000s_to_11p553s/window_0011__time_7p334s_to_8p004s__frames_000219_to_000239.json,3,data/processed/frames/train/no_fall/voxel_18-2/frame_000219.jpg|data/processed/frames/train/no_fall/voxel_18-2/frame_000229.jpg|data/processed/frames/train/no_fall/voxel_18-2/frame_000239.jpg,7.334|7.6689|8.0038
voxel_18-2_w0012,voxel_18-2,train,no_fall,0,data/raw/voxel_huggingface_data/No Fall/18-2.mp4,0.0,11.5535,8.0038,8.6735,12,3,data/processed/window_poses_readable/train/label_no_fall/voxel_18-2__video_0p000s_to_11p553s/window_0012__time_8p004s_to_8p674s__frames_000239_to_000259.json,3,data/processed/frames/train/no_fall/voxel_18-2/frame_000239.jpg|data/processed/frames/train/no_fall/voxel_18-2/frame_000249.jpg|data/processed/frames/train/no_fall/voxel_18-2/frame_000259.jpg,8.0038|8.3386|8.6735
voxel_18-2_w0013,voxel_18-2,train,no_fall,0,data/raw/voxel_huggingface_data/No Fall/18-2.mp4,0.0,11.5535,8.6735,9.3433,13,3,data/processed/window_poses_readable/train/label_no_fall/voxel_18-2__video_0p000s_to_11p553s/window_0013__time_8p674s_to_9p343s__frames_000259_to_000279.json,3,data/processed/frames/train/no_fall/voxel_18-2/frame_000259.jpg|data/processed/frames/train/no_fall/voxel_18-2/frame_000269.jpg|data/processed/frames/train/no_fall/voxel_18-2/frame_000279.jpg,8.6735|9.0084|9.3433
voxel_18-2_w0014,voxel_18-2,train,no_fall,0,data/raw/voxel_huggingface_data/No Fall/18-2.mp4,0.0,11.5535,9.3433,10.0131,14,3,data/processed/window_poses_readable/train/label_no_fall/voxel_18-2__video_0p000s_to_11p553s/window_0014__time_9p343s_to_10p013s__frames_000279_to_000299.json,3,data/processed/frames/train/no_fall/voxel_18-2/frame_000279.jpg|data/processed/frames/train/no_fall/voxel_18-2/frame_000289.jpg|data/processed/frames/train/no_fall/voxel_18-2/frame_000299.jpg,9.3433|9.6782|10.0131
voxel_18-2_w0015,voxel_18-2,train,no_fall,0,data/raw/voxel_huggingface_data/No Fall/18-2.mp4,0.0,11.5535,10.0131,10.6828,15,3,data/processed/window_poses_readable/train/label_no_fall/voxel_18-2__video_0p000s_to_11p553s/window_0015__time_10p013s_to_10p683s__frames_000299_to_000319.json,3,data/processed/frames/train/no_fall/voxel_18-2/frame_000299.jpg|data/processed/frames/train/no_fall/voxel_18-2/frame_000309.jpg|data/processed/frames/train/no_fall/voxel_18-2/frame_000319.jpg,10.0131|10.3479|10.6828
voxel_18-2_w0016,voxel_18-2,train,no_fall,0,data/raw/voxel_huggingface_data/No Fall/18-2.mp4,0.0,11.5535,10.6828,11.3526,16,3,data/processed/window_poses_readable/train/label_no_fall/voxel_18-2__video_0p000s_to_11p553s/window_0016__time_10p683s_to_11p353s__frames_000319_to_000339.json,3,data/processed/frames/train/no_fall/voxel_18-2/frame_000319.jpg|data/processed/frames/train/no_fall/voxel_18-2/frame_000329.jpg|data/processed/frames/train/no_fall/voxel_18-2/frame_000339.jpg,10.6828|11.0177|11.3526
voxel_18-3_w0000,voxel_18-3,train,no_fall,0,data/raw/voxel_huggingface_data/No Fall/18-3.mp4,0.0,11.1215,0.0,0.7326,0,3,data/processed/window_poses_readable/train/label_no_fall/voxel_18-3__video_0p000s_to_11p121s/window_0000__time_0p000s_to_0p733s__frames_000000_to_000011.json,3,data/processed/frames/train/no_fall/voxel_18-3/frame_000000.jpg|data/processed/frames/train/no_fall/voxel_18-3/frame_000006.jpg|data/processed/frames/train/no_fall/voxel_18-3/frame_000011.jpg,0.0|0.3996|0.7326
voxel_18-3_w0001,voxel_18-3,train,no_fall,0,data/raw/voxel_huggingface_data/No Fall/18-3.mp4,0.0,11.1215,0.7326,1.3985,1,3,data/processed/window_poses_readable/train/label_no_fall/voxel_18-3__video_0p000s_to_11p121s/window_0001__time_0p733s_to_1p399s__frames_000011_to_000021.json,2,data/processed/frames/train/no_fall/voxel_18-3/frame_000011.jpg|data/processed/frames/train/no_fall/voxel_18-3/frame_000016.jpg|data/processed/frames/train/no_fall/voxel_18-3/frame_000021.jpg,0.7326|1.0655|1.3985
voxel_18-3_w0002,voxel_18-3,train,no_fall,0,data/raw/voxel_huggingface_data/No Fall/18-3.mp4,0.0,11.1215,1.3985,2.0645,2,3,data/processed/window_poses_readable/train/label_no_fall/voxel_18-3__video_0p000s_to_11p121s/window_0002__time_1p399s_to_2p064s__frames_000021_to_000031.json,3,data/processed/frames/train/no_fall/voxel_18-3/frame_000021.jpg|data/processed/frames/train/no_fall/voxel_18-3/frame_000026.jpg|data/processed/frames/train/no_fall/voxel_18-3/frame_000031.jpg,1.3985|1.7315|2.0645
voxel_18-3_w0003,voxel_18-3,train,no_fall,0,data/raw/voxel_huggingface_data/No Fall/18-3.mp4,0.0,11.1215,2.0645,2.7304,3,3,data/processed/window_poses_readable/train/label_no_fall/voxel_18-3__video_0p000s_to_11p121s/window_0003__time_2p064s_to_2p730s__frames_000031_to_000041.json,3,data/processed/frames/train/no_fall/voxel_18-3/frame_000031.jpg|data/processed/frames/train/no_fall/voxel_18-3/frame_000036.jpg|data/processed/frames/train/no_fall/voxel_18-3/frame_000041.jpg,2.0645|2.3974|2.7304
voxel_18-3_w0004,voxel_18-3,train,no_fall,0,data/raw/voxel_huggingface_data/No Fall/18-3.mp4,0.0,11.1215,2.7304,3.3964,4,3,data/processed/window_poses_readable/train/label_no_fall/voxel_18-3__video_0p000s_to_11p121s/window_0004__time_2p730s_to_3p396s__frames_000041_to_000051.json,3,data/processed/frames/train/no_fall/voxel_18-3/frame_000041.jpg|data/processed/frames/train/no_fall/voxel_18-3/frame_000046.jpg|data/processed/frames/train/no_fall/voxel_18-3/frame_000051.jpg,2.7304|3.0634|3.3964
voxel_18-3_w0005,voxel_18-3,train,no_fall,0,data/raw/voxel_huggingface_data/No Fall/18-3.mp4,0.0,11.1215,3.3964,4.0623,5,3,data/processed/window_poses_readable/train/label_no_fall/voxel_18-3__video_0p000s_to_11p121s/window_0005__time_3p396s_to_4p062s__frames_000051_to_000061.json,3,data/processed/frames/train/no_fall/voxel_18-3/frame_000051.jpg|data/processed/frames/train/no_fall/voxel_18-3/frame_000056.jpg|data/processed/frames/train/no_fall/voxel_18-3/frame_000061.jpg,3.3964|3.7294|4.0623
voxel_18-3_w0006,voxel_18-3,train,no_fall,0,data/raw/voxel_huggingface_data/No Fall/18-3.mp4,0.0,11.1215,4.0623,4.7283,6,3,data/processed/window_poses_readable/train/label_no_fall/voxel_18-3__video_0p000s_to_11p121s/window_0006__time_4p062s_to_4p728s__frames_000061_to_000071.json,3,data/processed/frames/train/no_fall/voxel_18-3/frame_000061.jpg|data/processed/frames/train/no_fall/voxel_18-3/frame_000066.jpg|data/processed/frames/train/no_fall/voxel_18-3/frame_000071.jpg,4.0623|4.3953|4.7283
voxel_18-3_w0007,voxel_18-3,train,no_fall,0,data/raw/voxel_huggingface_data/No Fall/18-3.mp4,0.0,11.1215,4.7283,5.3942,7,3,data/processed/window_poses_readable/train/label_no_fall/voxel_18-3__video_0p000s_to_11p121s/window_0007__time_4p728s_to_5p394s__frames_000071_to_000081.json,3,data/processed/frames/train/no_fall/voxel_18-3/frame_000071.jpg|data/processed/frames/train/no_fall/voxel_18-3/frame_000076.jpg|data/processed/frames/train/no_fall/voxel_18-3/frame_000081.jpg,4.7283|5.0613|5.3942
voxel_18-3_w0008,voxel_18-3,train,no_fall,0,data/raw/voxel_huggingface_data/No Fall/18-3.mp4,0.0,11.1215,5.3942,6.0602,8,3,data/processed/window_poses_readable/train/label_no_fall/voxel_18-3__video_0p000s_to_11p121s/window_0008__time_5p394s_to_6p060s__frames_000081_to_000091.json,3,data/processed/frames/train/no_fall/voxel_18-3/frame_000081.jpg|data/processed/frames/train/no_fall/voxel_18-3/frame_000086.jpg|data/processed/frames/train/no_fall/voxel_18-3/frame_000091.jpg,5.3942|5.7272|6.0602
voxel_18-3_w0009,voxel_18-3,train,no_fall,0,data/raw/voxel_huggingface_data/No Fall/18-3.mp4,0.0,11.1215,6.0602,6.7262,9,3,data/processed/window_poses_readable/train/label_no_fall/voxel_18-3__video_0p000s_to_11p121s/window_0009__time_6p060s_to_6p726s__frames_000091_to_000101.json,3,data/processed/frames/train/no_fall/voxel_18-3/frame_000091.jpg|data/processed/frames/train/no_fall/voxel_18-3/frame_000096.jpg|data/processed/frames/train/no_fall/voxel_18-3/frame_000101.jpg,6.0602|6.3932|6.7262
voxel_18-3_w0010,voxel_18-3,train,no_fall,0,data/raw/voxel_huggingface_data/No Fall/18-3.mp4,0.0,11.1215,6.7262,7.3921,10,3,data/processed/window_poses_readable/train/label_no_fall/voxel_18-3__video_0p000s_to_11p121s/window_0010__time_6p726s_to_7p392s__frames_000101_to_000111.json,3,data/processed/frames/train/no_fall/voxel_18-3/frame_000101.jpg|data/processed/frames/train/no_fall/voxel_18-3/frame_000106.jpg|data/processed/frames/train/no_fall/voxel_18-3/frame_000111.jpg,6.7262|7.0591|7.3921
voxel_18-3_w0011,voxel_18-3,train,no_fall,0,data/raw/voxel_huggingface_data/No Fall/18-3.mp4,0.0,11.1215,7.3921,8.0581,11,3,data/processed/window_poses_readable/train/label_no_fall/voxel_18-3__video_0p000s_to_11p121s/window_0011__time_7p392s_to_8p058s__frames_000111_to_000121.json,3,data/processed/frames/train/no_fall/voxel_18-3/frame_000111.jpg|data/processed/frames/train/no_fall/voxel_18-3/frame_000116.jpg|data/processed/frames/train/no_fall/voxel_18-3/frame_000121.jpg,7.3921|7.7251|8.0581
voxel_18-3_w0012,voxel_18-3,train,no_fall,0,data/raw/voxel_huggingface_data/No Fall/18-3.mp4,0.0,11.1215,8.0581,8.724,12,3,data/processed/window_poses_readable/train/label_no_fall/voxel_18-3__video_0p000s_to_11p121s/window_0012__time_8p058s_to_8p724s__frames_000121_to_000131.json,3,data/processed/frames/train/no_fall/voxel_18-3/frame_000121.jpg|data/processed/frames/train/no_fall/voxel_18-3/frame_000126.jpg|data/processed/frames/train/no_fall/voxel_18-3/frame_000131.jpg,8.0581|8.391|8.724
voxel_18-3_w0013,voxel_18-3,train,no_fall,0,data/raw/voxel_huggingface_data/No Fall/18-3.mp4,0.0,11.1215,8.724,9.39,13,3,data/processed/window_poses_readable/train/label_no_fall/voxel_18-3__video_0p000s_to_11p121s/window_0013__time_8p724s_to_9p390s__frames_000131_to_000141.json,3,data/processed/frames/train/no_fall/voxel_18-3/frame_000131.jpg|data/processed/frames/train/no_fall/voxel_18-3/frame_000136.jpg|data/processed/frames/train/no_fall/voxel_18-3/frame_000141.jpg,8.724|9.057|9.39
voxel_18-3_w0014,voxel_18-3,train,no_fall,0,data/raw/voxel_huggingface_data/No Fall/18-3.mp4,0.0,11.1215,9.39,10.0559,14,3,data/processed/window_poses_readable/train/label_no_fall/voxel_18-3__video_0p000s_to_11p121s/window_0014__time_9p390s_to_10p056s__frames_000141_to_000151.json,3,data/processed/frames/train/no_fall/voxel_18-3/frame_000141.jpg|data/processed/frames/train/no_fall/voxel_18-3/frame_000146.jpg|data/processed/frames/train/no_fall/voxel_18-3/frame_000151.jpg,9.39|9.723|10.0559
voxel_18-3_w0015,voxel_18-3,train,no_fall,0,data/raw/voxel_huggingface_data/No Fall/18-3.mp4,0.0,11.1215,10.0559,10.7219,15,3,data/processed/window_poses_readable/train/label_no_fall/voxel_18-3__video_0p000s_to_11p121s/window_0015__time_10p056s_to_10p722s__frames_000151_to_000161.json,3,data/processed/frames/train/no_fall/voxel_18-3/frame_000151.jpg|data/processed/frames/train/no_fall/voxel_18-3/frame_000156.jpg|data/processed/frames/train/no_fall/voxel_18-3/frame_000161.jpg,10.0559|10.3889|10.7219
voxel_18-5_w0000,voxel_18-5,train,no_fall,0,data/raw/voxel_huggingface_data/No Fall/18-5.mp4,0.0,14.0974,0.0,0.6697,0,3,data/processed/window_poses_readable/train/label_no_fall/voxel_18-5__video_0p000s_to_14p097s/window_0000__time_0p000s_to_0p670s__frames_000000_to_000020.json,3,data/processed/frames/train/no_fall/voxel_18-5/frame_000000.jpg|data/processed/frames/train/no_fall/voxel_18-5/frame_000010.jpg|data/processed/frames/train/no_fall/voxel_18-5/frame_000020.jpg,0.0|0.3349|0.6697
voxel_18-5_w0001,voxel_18-5,train,no_fall,0,data/raw/voxel_huggingface_data/No Fall/18-5.mp4,0.0,14.0974,0.6697,1.3394,1,3,data/processed/window_poses_readable/train/label_no_fall/voxel_18-5__video_0p000s_to_14p097s/window_0001__time_0p670s_to_1p339s__frames_000020_to_000040.json,3,data/processed/frames/train/no_fall/voxel_18-5/frame_000020.jpg|data/processed/frames/train/no_fall/voxel_18-5/frame_000030.jpg|data/processed/frames/train/no_fall/voxel_18-5/frame_000040.jpg,0.6697|1.0046|1.3394
voxel_18-5_w0002,voxel_18-5,train,no_fall,0,data/raw/voxel_huggingface_data/No Fall/18-5.mp4,0.0,14.0974,1.3394,2.0091,2,3,data/processed/window_poses_readable/train/label_no_fall/voxel_18-5__video_0p000s_to_14p097s/window_0002__time_1p339s_to_2p009s__frames_000040_to_000060.json,3,data/processed/frames/train/no_fall/voxel_18-5/frame_000040.jpg|data/processed/frames/train/no_fall/voxel_18-5/frame_000050.jpg|data/processed/frames/train/no_fall/voxel_18-5/frame_000060.jpg,1.3394|1.6743|2.0091
voxel_18-5_w0003,voxel_18-5,train,no_fall,0,data/raw/voxel_huggingface_data/No Fall/18-5.mp4,0.0,14.0974,2.0091,2.6788,3,3,data/processed/window_poses_readable/train/label_no_fall/voxel_18-5__video_0p000s_to_14p097s/window_0003__time_2p009s_to_2p679s__frames_000060_to_000080.json,3,data/processed/frames/train/no_fall/voxel_18-5/frame_000060.jpg|data/processed/frames/train/no_fall/voxel_18-5/frame_000070.jpg|data/processed/frames/train/no_fall/voxel_18-5/frame_000080.jpg,2.0091|2.344|2.6788
voxel_18-5_w0004,voxel_18-5,train,no_fall,0,data/raw/voxel_huggingface_data/No Fall/18-5.mp4,0.0,14.0974,2.6788,3.3486,4,3,data/processed/window_poses_readable/train/label_no_fall/voxel_18-5__video_0p000s_to_14p097s/window_0004__time_2p679s_to_3p349s__frames_000080_to_000100.json,3,data/processed/frames/train/no_fall/voxel_18-5/frame_000080.jpg|data/processed/frames/train/no_fall/voxel_18-5/frame_000090.jpg|data/processed/frames/train/no_fall/voxel_18-5/frame_000100.jpg,2.6788|3.0137|3.3486
voxel_18-5_w0005,voxel_18-5,train,no_fall,0,data/raw/voxel_huggingface_data/No Fall/18-5.mp4,0.0,14.0974,3.3486,4.0183,5,3,data/processed/window_poses_readable/train/label_no_fall/voxel_18-5__video_0p000s_to_14p097s/window_0005__time_3p349s_to_4p018s__frames_000100_to_000120.json,3,data/processed/frames/train/no_fall/voxel_18-5/frame_000100.jpg|data/processed/frames/train/no_fall/voxel_18-5/frame_000110.jpg|data/processed/frames/train/no_fall/voxel_18-5/frame_000120.jpg,3.3486|3.6834|4.0183
voxel_18-5_w0006,voxel_18-5,train,no_fall,0,data/raw/voxel_huggingface_data/No Fall/18-5.mp4,0.0,14.0974,4.0183,4.688,6,3,data/processed/window_poses_readable/train/label_no_fall/voxel_18-5__video_0p000s_to_14p097s/window_0006__time_4p018s_to_4p688s__frames_000120_to_000140.json,3,data/processed/frames/train/no_fall/voxel_18-5/frame_000120.jpg|data/processed/frames/train/no_fall/voxel_18-5/frame_000130.jpg|data/processed/frames/train/no_fall/voxel_18-5/frame_000140.jpg,4.0183|4.3531|4.688
voxel_18-5_w0007,voxel_18-5,train,no_fall,0,data/raw/voxel_huggingface_data/No Fall/18-5.mp4,0.0,14.0974,4.688,5.3577,7,3,data/processed/window_poses_readable/train/label_no_fall/voxel_18-5__video_0p000s_to_14p097s/window_0007__time_4p688s_to_5p358s__frames_000140_to_000160.json,3,data/processed/frames/train/no_fall/voxel_18-5/frame_000140.jpg|data/processed/frames/train/no_fall/voxel_18-5/frame_000150.jpg|data/processed/frames/train/no_fall/voxel_18-5/frame_000160.jpg,4.688|5.0228|5.3577
voxel_18-5_w0008,voxel_18-5,train,no_fall,0,data/raw/voxel_huggingface_data/No Fall/18-5.mp4,0.0,14.0974,5.3577,6.0274,8,3,data/processed/window_poses_readable/train/label_no_fall/voxel_18-5__video_0p000s_to_14p097s/window_0008__time_5p358s_to_6p027s__frames_000160_to_000180.json,3,data/processed/frames/train/no_fall/voxel_18-5/frame_000160.jpg|data/processed/frames/train/no_fall/voxel_18-5/frame_000170.jpg|data/processed/frames/train/no_fall/voxel_18-5/frame_000180.jpg,5.3577|5.6925|6.0274
voxel_18-5_w0009,voxel_18-5,train,no_fall,0,data/raw/voxel_huggingface_data/No Fall/18-5.mp4,0.0,14.0974,6.0274,6.6971,9,3,data/processed/window_poses_readable/train/label_no_fall/voxel_18-5__video_0p000s_to_14p097s/window_0009__time_6p027s_to_6p697s__frames_000180_to_000200.json,3,data/processed/frames/train/no_fall/voxel_18-5/frame_000180.jpg|data/processed/frames/train/no_fall/voxel_18-5/frame_000190.jpg|data/processed/frames/train/no_fall/voxel_18-5/frame_000200.jpg,6.0274|6.3623|6.6971
voxel_18-5_w0010,voxel_18-5,train,no_fall,0,data/raw/voxel_huggingface_data/No Fall/18-5.mp4,0.0,14.0974,6.6971,7.3333,10,3,data/processed/window_poses_readable/train/label_no_fall/voxel_18-5__video_0p000s_to_14p097s/window_0010__time_6p697s_to_7p333s__frames_000200_to_000219.json,3,data/processed/frames/train/no_fall/voxel_18-5/frame_000200.jpg|data/processed/frames/train/no_fall/voxel_18-5/frame_000210.jpg|data/processed/frames/train/no_fall/voxel_18-5/frame_000219.jpg,6.6971|7.032|7.3333
voxel_18-5_w0011,voxel_18-5,train,no_fall,0,data/raw/voxel_huggingface_data/No Fall/18-5.mp4,0.0,14.0974,7.3333,8.0031,11,3,data/processed/window_poses_readable/train/label_no_fall/voxel_18-5__video_0p000s_to_14p097s/window_0011__time_7p333s_to_8p003s__frames_000219_to_000239.json,3,data/processed/frames/train/no_fall/voxel_18-5/frame_000219.jpg|data/processed/frames/train/no_fall/voxel_18-5/frame_000229.jpg|data/processed/frames/train/no_fall/voxel_18-5/frame_000239.jpg,7.3333|7.6682|8.0031
voxel_18-5_w0012,voxel_18-5,train,no_fall,0,data/raw/voxel_huggingface_data/No Fall/18-5.mp4,0.0,14.0974,8.0031,8.6728,12,3,data/processed/window_poses_readable/train/label_no_fall/voxel_18-5__video_0p000s_to_14p097s/window_0012__time_8p003s_to_8p673s__frames_000239_to_000259.json,3,data/processed/frames/train/no_fall/voxel_18-5/frame_000239.jpg|data/processed/frames/train/no_fall/voxel_18-5/frame_000249.jpg|data/processed/frames/train/no_fall/voxel_18-5/frame_000259.jpg,8.0031|8.3379|8.6728
voxel_18-5_w0013,voxel_18-5,train,no_fall,0,data/raw/voxel_huggingface_data/No Fall/18-5.mp4,0.0,14.0974,8.6728,9.3425,13,3,data/processed/window_poses_readable/train/label_no_fall/voxel_18-5__video_0p000s_to_14p097s/window_0013__time_8p673s_to_9p342s__frames_000259_to_000279.json,3,data/processed/frames/train/no_fall/voxel_18-5/frame_000259.jpg|data/processed/frames/train/no_fall/voxel_18-5/frame_000269.jpg|data/processed/frames/train/no_fall/voxel_18-5/frame_000279.jpg,8.6728|9.0076|9.3425
voxel_18-5_w0014,voxel_18-5,train,no_fall,0,data/raw/voxel_huggingface_data/No Fall/18-5.mp4,0.0,14.0974,9.3425,10.0122,14,3,data/processed/window_poses_readable/train/label_no_fall/voxel_18-5__video_0p000s_to_14p097s/window_0014__time_9p342s_to_10p012s__frames_000279_to_000299.json,3,data/processed/frames/train/no_fall/voxel_18-5/frame_000279.jpg|data/processed/frames/train/no_fall/voxel_18-5/frame_000289.jpg|data/processed/frames/train/no_fall/voxel_18-5/frame_000299.jpg,9.3425|9.6773|10.0122
voxel_18-5_w0015,voxel_18-5,train,no_fall,0,data/raw/voxel_huggingface_data/No Fall/18-5.mp4,0.0,14.0974,10.0122,10.6819,15,3,data/processed/window_poses_readable/train/label_no_fall/voxel_18-5__video_0p000s_to_14p097s/window_0015__time_10p012s_to_10p682s__frames_000299_to_000319.json,3,data/processed/frames/train/no_fall/voxel_18-5/frame_000299.jpg|data/processed/frames/train/no_fall/voxel_18-5/frame_000309.jpg|data/processed/frames/train/no_fall/voxel_18-5/frame_000319.jpg,10.0122|10.347|10.6819
voxel_18-5_w0016,voxel_18-5,train,no_fall,0,data/raw/voxel_huggingface_data/No Fall/18-5.mp4,0.0,14.0974,10.6819,11.3516,16,3,data/processed/window_poses_readable/train/label_no_fall/voxel_18-5__video_0p000s_to_14p097s/window_0016__time_10p682s_to_11p352s__frames_000319_to_000339.json,3,data/processed/frames/train/no_fall/voxel_18-5/frame_000319.jpg|data/processed/frames/train/no_fall/voxel_18-5/frame_000329.jpg|data/processed/frames/train/no_fall/voxel_18-5/frame_000339.jpg,10.6819|11.0168|11.3516
voxel_18-5_w0017,voxel_18-5,train,no_fall,0,data/raw/voxel_huggingface_data/No Fall/18-5.mp4,0.0,14.0974,11.3516,12.0213,17,3,data/processed/window_poses_readable/train/label_no_fall/voxel_18-5__video_0p000s_to_14p097s/window_0017__time_11p352s_to_12p021s__frames_000339_to_000359.json,3,data/processed/frames/train/no_fall/voxel_18-5/frame_000339.jpg|data/processed/frames/train/no_fall/voxel_18-5/frame_000349.jpg|data/processed/frames/train/no_fall/voxel_18-5/frame_000359.jpg,11.3516|11.6865|12.0213
voxel_18-5_w0018,voxel_18-5,train,no_fall,0,data/raw/voxel_huggingface_data/No Fall/18-5.mp4,0.0,14.0974,12.0213,12.691,18,3,data/processed/window_poses_readable/train/label_no_fall/voxel_18-5__video_0p000s_to_14p097s/window_0018__time_12p021s_to_12p691s__frames_000359_to_000379.json,3,data/processed/frames/train/no_fall/voxel_18-5/frame_000359.jpg|data/processed/frames/train/no_fall/voxel_18-5/frame_000369.jpg|data/processed/frames/train/no_fall/voxel_18-5/frame_000379.jpg,12.0213|12.3562|12.691
voxel_18-5_w0019,voxel_18-5,train,no_fall,0,data/raw/voxel_huggingface_data/No Fall/18-5.mp4,0.0,14.0974,12.691,13.3607,19,3,data/processed/window_poses_readable/train/label_no_fall/voxel_18-5__video_0p000s_to_14p097s/window_0019__time_12p691s_to_13p361s__frames_000379_to_000399.json,3,data/processed/frames/train/no_fall/voxel_18-5/frame_000379.jpg|data/processed/frames/train/no_fall/voxel_18-5/frame_000389.jpg|data/processed/frames/train/no_fall/voxel_18-5/frame_000399.jpg,12.691|13.0259|13.3607
voxel_18-5_w0020,voxel_18-5,train,no_fall,0,data/raw/voxel_huggingface_data/No Fall/18-5.mp4,0.0,14.0974,13.3607,14.0305,20,3,data/processed/window_poses_readable/train/label_no_fall/voxel_18-5__video_0p000s_to_14p097s/window_0020__time_13p361s_to_14p030s__frames_000399_to_000419.json,3,data/processed/frames/train/no_fall/voxel_18-5/frame_000399.jpg|data/processed/frames/train/no_fall/voxel_18-5/frame_000409.jpg|data/processed/frames/train/no_fall/voxel_18-5/frame_000419.jpg,13.3607|13.6956|14.0305
voxel_19-5_w0000,voxel_19-5,train,no_fall,0,data/raw/voxel_huggingface_data/No Fall/19-5.mp4,0.0,9.9053,0.0,0.6693,0,3,data/processed/window_poses_readable/train/label_no_fall/voxel_19-5__video_0p000s_to_9p905s/window_0000__time_0p000s_to_0p669s__frames_000000_to_000020.json,2,data/processed/frames/train/no_fall/voxel_19-5/frame_000000.jpg|data/processed/frames/train/no_fall/voxel_19-5/frame_000010.jpg|data/processed/frames/train/no_fall/voxel_19-5/frame_000020.jpg,0.0|0.3346|0.6693
voxel_19-5_w0001,voxel_19-5,train,no_fall,0,data/raw/voxel_huggingface_data/No Fall/19-5.mp4,0.0,9.9053,0.6693,1.3386,1,3,data/processed/window_poses_readable/train/label_no_fall/voxel_19-5__video_0p000s_to_9p905s/window_0001__time_0p669s_to_1p339s__frames_000020_to_000040.json,3,data/processed/frames/train/no_fall/voxel_19-5/frame_000020.jpg|data/processed/frames/train/no_fall/voxel_19-5/frame_000030.jpg|data/processed/frames/train/no_fall/voxel_19-5/frame_000040.jpg,0.6693|1.0039|1.3386
voxel_19-5_w0002,voxel_19-5,train,no_fall,0,data/raw/voxel_huggingface_data/No Fall/19-5.mp4,0.0,9.9053,1.3386,2.0078,2,3,data/processed/window_poses_readable/train/label_no_fall/voxel_19-5__video_0p000s_to_9p905s/window_0002__time_1p339s_to_2p008s__frames_000040_to_000060.json,3,data/processed/frames/train/no_fall/voxel_19-5/frame_000040.jpg|data/processed/frames/train/no_fall/voxel_19-5/frame_000050.jpg|data/processed/frames/train/no_fall/voxel_19-5/frame_000060.jpg,1.3386|1.6732|2.0078
voxel_19-5_w0003,voxel_19-5,train,no_fall,0,data/raw/voxel_huggingface_data/No Fall/19-5.mp4,0.0,9.9053,2.0078,2.6771,3,3,data/processed/window_poses_readable/train/label_no_fall/voxel_19-5__video_0p000s_to_9p905s/window_0003__time_2p008s_to_2p677s__frames_000060_to_000080.json,3,data/processed/frames/train/no_fall/voxel_19-5/frame_000060.jpg|data/processed/frames/train/no_fall/voxel_19-5/frame_000070.jpg|data/processed/frames/train/no_fall/voxel_19-5/frame_000080.jpg,2.0078|2.3425|2.6771
voxel_19-5_w0004,voxel_19-5,train,no_fall,0,data/raw/voxel_huggingface_data/No Fall/19-5.mp4,0.0,9.9053,2.6771,3.3464,4,3,data/processed/window_poses_readable/train/label_no_fall/voxel_19-5__video_0p000s_to_9p905s/window_0004__time_2p677s_to_3p346s__frames_000080_to_000100.json,3,data/processed/frames/train/no_fall/voxel_19-5/frame_000080.jpg|data/processed/frames/train/no_fall/voxel_19-5/frame_000090.jpg|data/processed/frames/train/no_fall/voxel_19-5/frame_000100.jpg,2.6771|3.0118|3.3464
voxel_19-5_w0005,voxel_19-5,train,no_fall,0,data/raw/voxel_huggingface_data/No Fall/19-5.mp4,0.0,9.9053,3.3464,4.0157,5,3,data/processed/window_poses_readable/train/label_no_fall/voxel_19-5__video_0p000s_to_9p905s/window_0005__time_3p346s_to_4p016s__frames_000100_to_000120.json,3,data/processed/frames/train/no_fall/voxel_19-5/frame_000100.jpg|data/processed/frames/train/no_fall/voxel_19-5/frame_000110.jpg|data/processed/frames/train/no_fall/voxel_19-5/frame_000120.jpg,3.3464|3.681|4.0157
voxel_19-5_w0006,voxel_19-5,train,no_fall,0,data/raw/voxel_huggingface_data/No Fall/19-5.mp4,0.0,9.9053,4.0157,4.685,6,3,data/processed/window_poses_readable/train/label_no_fall/voxel_19-5__video_0p000s_to_9p905s/window_0006__time_4p016s_to_4p685s__frames_000120_to_000140.json,3,data/processed/frames/train/no_fall/voxel_19-5/frame_000120.jpg|data/processed/frames/train/no_fall/voxel_19-5/frame_000130.jpg|data/processed/frames/train/no_fall/voxel_19-5/frame_000140.jpg,4.0157|4.3503|4.685
voxel_19-5_w0007,voxel_19-5,train,no_fall,0,data/raw/voxel_huggingface_data/No Fall/19-5.mp4,0.0,9.9053,4.685,5.3542,7,3,data/processed/window_poses_readable/train/label_no_fall/voxel_19-5__video_0p000s_to_9p905s/window_0007__time_4p685s_to_5p354s__frames_000140_to_000160.json,3,data/processed/frames/train/no_fall/voxel_19-5/frame_000140.jpg|data/processed/frames/train/no_fall/voxel_19-5/frame_000150.jpg|data/processed/frames/train/no_fall/voxel_19-5/frame_000160.jpg,4.685|5.0196|5.3542
voxel_19-5_w0008,voxel_19-5,train,no_fall,0,data/raw/voxel_huggingface_data/No Fall/19-5.mp4,0.0,9.9053,5.3542,6.0235,8,3,data/processed/window_poses_readable/train/label_no_fall/voxel_19-5__video_0p000s_to_9p905s/window_0008__time_5p354s_to_6p024s__frames_000160_to_000180.json,3,data/processed/frames/train/no_fall/voxel_19-5/frame_000160.jpg|data/processed/frames/train/no_fall/voxel_19-5/frame_000170.jpg|data/processed/frames/train/no_fall/voxel_19-5/frame_000180.jpg,5.3542|5.6889|6.0235
voxel_19-5_w0009,voxel_19-5,train,no_fall,0,data/raw/voxel_huggingface_data/No Fall/19-5.mp4,0.0,9.9053,6.0235,6.6928,9,3,data/processed/window_poses_readable/train/label_no_fall/voxel_19-5__video_0p000s_to_9p905s/window_0009__time_6p024s_to_6p693s__frames_000180_to_000200.json,3,data/processed/frames/train/no_fall/voxel_19-5/frame_000180.jpg|data/processed/frames/train/no_fall/voxel_19-5/frame_000190.jpg|data/processed/frames/train/no_fall/voxel_19-5/frame_000200.jpg,6.0235|6.3582|6.6928
voxel_19-5_w0010,voxel_19-5,train,no_fall,0,data/raw/voxel_huggingface_data/No Fall/19-5.mp4,0.0,9.9053,6.6928,7.3621,10,3,data/processed/window_poses_readable/train/label_no_fall/voxel_19-5__video_0p000s_to_9p905s/window_0010__time_6p693s_to_7p362s__frames_000200_to_000220.json,3,data/processed/frames/train/no_fall/voxel_19-5/frame_000200.jpg|data/processed/frames/train/no_fall/voxel_19-5/frame_000210.jpg|data/processed/frames/train/no_fall/voxel_19-5/frame_000220.jpg,6.6928|7.0274|7.3621
voxel_19-5_w0011,voxel_19-5,train,no_fall,0,data/raw/voxel_huggingface_data/No Fall/19-5.mp4,0.0,9.9053,7.3621,8.0313,11,3,data/processed/window_poses_readable/train/label_no_fall/voxel_19-5__video_0p000s_to_9p905s/window_0011__time_7p362s_to_8p031s__frames_000220_to_000240.json,3,data/processed/frames/train/no_fall/voxel_19-5/frame_000220.jpg|data/processed/frames/train/no_fall/voxel_19-5/frame_000230.jpg|data/processed/frames/train/no_fall/voxel_19-5/frame_000240.jpg,7.3621|7.6967|8.0313
voxel_19-5_w0012,voxel_19-5,train,no_fall,0,data/raw/voxel_huggingface_data/No Fall/19-5.mp4,0.0,9.9053,8.0313,8.6672,12,3,data/processed/window_poses_readable/train/label_no_fall/voxel_19-5__video_0p000s_to_9p905s/window_0012__time_8p031s_to_8p667s__frames_000240_to_000259.json,3,data/processed/frames/train/no_fall/voxel_19-5/frame_000240.jpg|data/processed/frames/train/no_fall/voxel_19-5/frame_000250.jpg|data/processed/frames/train/no_fall/voxel_19-5/frame_000259.jpg,8.0313|8.366|8.6672
voxel_19-5_w0013,voxel_19-5,train,no_fall,0,data/raw/voxel_huggingface_data/No Fall/19-5.mp4,0.0,9.9053,8.6672,9.3364,13,3,data/processed/window_poses_readable/train/label_no_fall/voxel_19-5__video_0p000s_to_9p905s/window_0013__time_8p667s_to_9p336s__frames_000259_to_000279.json,3,data/processed/frames/train/no_fall/voxel_19-5/frame_000259.jpg|data/processed/frames/train/no_fall/voxel_19-5/frame_000269.jpg|data/processed/frames/train/no_fall/voxel_19-5/frame_000279.jpg,8.6672|9.0018|9.3364
voxel_20_w0000,voxel_20,train,no_fall,0,data/raw/voxel_huggingface_data/No Fall/20.mp4,0.0,11.6654,0.0,0.7333,0,3,data/processed/window_poses_readable/train/label_no_fall/voxel_20__video_0p000s_to_11p665s/window_0000__time_0p000s_to_0p733s__frames_000000_to_000011.json,1,data/processed/frames/train/no_fall/voxel_20/frame_000000.jpg|data/processed/frames/train/no_fall/voxel_20/frame_000006.jpg|data/processed/frames/train/no_fall/voxel_20/frame_000011.jpg,0.0|0.4|0.7333
voxel_20_w0001,voxel_20,train,no_fall,0,data/raw/voxel_huggingface_data/No Fall/20.mp4,0.0,11.6654,0.7333,1.3999,1,3,data/processed/window_poses_readable/train/label_no_fall/voxel_20__video_0p000s_to_11p665s/window_0001__time_0p733s_to_1p400s__frames_000011_to_000021.json,3,data/processed/frames/train/no_fall/voxel_20/frame_000011.jpg|data/processed/frames/train/no_fall/voxel_20/frame_000016.jpg|data/processed/frames/train/no_fall/voxel_20/frame_000021.jpg,0.7333|1.0666|1.3999
voxel_20_w0002,voxel_20,train,no_fall,0,data/raw/voxel_huggingface_data/No Fall/20.mp4,0.0,11.6654,1.3999,2.0664,2,3,data/processed/window_poses_readable/train/label_no_fall/voxel_20__video_0p000s_to_11p665s/window_0002__time_1p400s_to_2p066s__frames_000021_to_000031.json,3,data/processed/frames/train/no_fall/voxel_20/frame_000021.jpg|data/processed/frames/train/no_fall/voxel_20/frame_000026.jpg|data/processed/frames/train/no_fall/voxel_20/frame_000031.jpg,1.3999|1.7331|2.0664
voxel_20_w0003,voxel_20,train,no_fall,0,data/raw/voxel_huggingface_data/No Fall/20.mp4,0.0,11.6654,2.0664,2.733,3,3,data/processed/window_poses_readable/train/label_no_fall/voxel_20__video_0p000s_to_11p665s/window_0003__time_2p066s_to_2p733s__frames_000031_to_000041.json,3,data/processed/frames/train/no_fall/voxel_20/frame_000031.jpg|data/processed/frames/train/no_fall/voxel_20/frame_000036.jpg|data/processed/frames/train/no_fall/voxel_20/frame_000041.jpg,2.0664|2.3997|2.733
voxel_20_w0004,voxel_20,train,no_fall,0,data/raw/voxel_huggingface_data/No Fall/20.mp4,0.0,11.6654,2.733,3.3996,4,3,data/processed/window_poses_readable/train/label_no_fall/voxel_20__video_0p000s_to_11p665s/window_0004__time_2p733s_to_3p400s__frames_000041_to_000051.json,3,data/processed/frames/train/no_fall/voxel_20/frame_000041.jpg|data/processed/frames/train/no_fall/voxel_20/frame_000046.jpg|data/processed/frames/train/no_fall/voxel_20/frame_000051.jpg,2.733|3.0663|3.3996
voxel_20_w0005,voxel_20,train,no_fall,0,data/raw/voxel_huggingface_data/No Fall/20.mp4,0.0,11.6654,3.3996,4.0662,5,3,data/processed/window_poses_readable/train/label_no_fall/voxel_20__video_0p000s_to_11p665s/window_0005__time_3p400s_to_4p066s__frames_000051_to_000061.json,2,data/processed/frames/train/no_fall/voxel_20/frame_000051.jpg|data/processed/frames/train/no_fall/voxel_20/frame_000056.jpg|data/processed/frames/train/no_fall/voxel_20/frame_000061.jpg,3.3996|3.7329|4.0662
voxel_20_w0006,voxel_20,train,no_fall,0,data/raw/voxel_huggingface_data/No Fall/20.mp4,0.0,11.6654,4.0662,4.7328,6,3,data/processed/window_poses_readable/train/label_no_fall/voxel_20__video_0p000s_to_11p665s/window_0006__time_4p066s_to_4p733s__frames_000061_to_000071.json,3,data/processed/frames/train/no_fall/voxel_20/frame_000061.jpg|data/processed/frames/train/no_fall/voxel_20/frame_000066.jpg|data/processed/frames/train/no_fall/voxel_20/frame_000071.jpg,4.0662|4.3995|4.7328
voxel_20_w0007,voxel_20,train,no_fall,0,data/raw/voxel_huggingface_data/No Fall/20.mp4,0.0,11.6654,4.7328,5.3994,7,3,data/processed/window_poses_readable/train/label_no_fall/voxel_20__video_0p000s_to_11p665s/window_0007__time_4p733s_to_5p399s__frames_000071_to_000081.json,3,data/processed/frames/train/no_fall/voxel_20/frame_000071.jpg|data/processed/frames/train/no_fall/voxel_20/frame_000076.jpg|data/processed/frames/train/no_fall/voxel_20/frame_000081.jpg,4.7328|5.0661|5.3994
voxel_20_w0008,voxel_20,train,no_fall,0,data/raw/voxel_huggingface_data/No Fall/20.mp4,0.0,11.6654,5.3994,6.066,8,3,data/processed/window_poses_readable/train/label_no_fall/voxel_20__video_0p000s_to_11p665s/window_0008__time_5p399s_to_6p066s__frames_000081_to_000091.json,3,data/processed/frames/train/no_fall/voxel_20/frame_000081.jpg|data/processed/frames/train/no_fall/voxel_20/frame_000086.jpg|data/processed/frames/train/no_fall/voxel_20/frame_000091.jpg,5.3994|5.7327|6.066
voxel_20_w0009,voxel_20,train,no_fall,0,data/raw/voxel_huggingface_data/No Fall/20.mp4,0.0,11.6654,6.066,6.7326,9,3,data/processed/window_poses_readable/train/label_no_fall/voxel_20__video_0p000s_to_11p665s/window_0009__time_6p066s_to_6p733s__frames_000091_to_000101.json,3,data/processed/frames/train/no_fall/voxel_20/frame_000091.jpg|data/processed/frames/train/no_fall/voxel_20/frame_000096.jpg|data/processed/frames/train/no_fall/voxel_20/frame_000101.jpg,6.066|6.3993|6.7326
voxel_20_w0010,voxel_20,train,no_fall,0,data/raw/voxel_huggingface_data/No Fall/20.mp4,0.0,11.6654,6.7326,7.3992,10,3,data/processed/window_poses_readable/train/label_no_fall/voxel_20__video_0p000s_to_11p665s/window_0010__time_6p733s_to_7p399s__frames_000101_to_000111.json,3,data/processed/frames/train/no_fall/voxel_20/frame_000101.jpg|data/processed/frames/train/no_fall/voxel_20/frame_000106.jpg|data/processed/frames/train/no_fall/voxel_20/frame_000111.jpg,6.7326|7.0659|7.3992
voxel_20_w0011,voxel_20,train,no_fall,0,data/raw/voxel_huggingface_data/No Fall/20.mp4,0.0,11.6654,7.3992,8.0658,11,3,data/processed/window_poses_readable/train/label_no_fall/voxel_20__video_0p000s_to_11p665s/window_0011__time_7p399s_to_8p066s__frames_000111_to_000121.json,3,data/processed/frames/train/no_fall/voxel_20/frame_000111.jpg|data/processed/frames/train/no_fall/voxel_20/frame_000116.jpg|data/processed/frames/train/no_fall/voxel_20/frame_000121.jpg,7.3992|7.7325|8.0658
voxel_20_w0012,voxel_20,train,no_fall,0,data/raw/voxel_huggingface_data/No Fall/20.mp4,0.0,11.6654,8.0658,8.7324,12,3,data/processed/window_poses_readable/train/label_no_fall/voxel_20__video_0p000s_to_11p665s/window_0012__time_8p066s_to_8p732s__frames_000121_to_000131.json,3,data/processed/frames/train/no_fall/voxel_20/frame_000121.jpg|data/processed/frames/train/no_fall/voxel_20/frame_000126.jpg|data/processed/frames/train/no_fall/voxel_20/frame_000131.jpg,8.0658|8.3991|8.7324
voxel_20_w0013,voxel_20,train,no_fall,0,data/raw/voxel_huggingface_data/No Fall/20.mp4,0.0,11.6654,8.7324,9.399,13,3,data/processed/window_poses_readable/train/label_no_fall/voxel_20__video_0p000s_to_11p665s/window_0013__time_8p732s_to_9p399s__frames_000131_to_000141.json,3,data/processed/frames/train/no_fall/voxel_20/frame_000131.jpg|data/processed/frames/train/no_fall/voxel_20/frame_000136.jpg|data/processed/frames/train/no_fall/voxel_20/frame_000141.jpg,8.7324|9.0657|9.399
voxel_20_w0014,voxel_20,train,no_fall,0,data/raw/voxel_huggingface_data/No Fall/20.mp4,0.0,11.6654,9.399,10.0656,14,3,data/processed/window_poses_readable/train/label_no_fall/voxel_20__video_0p000s_to_11p665s/window_0014__time_9p399s_to_10p066s__frames_000141_to_000151.json,3,data/processed/frames/train/no_fall/voxel_20/frame_000141.jpg|data/processed/frames/train/no_fall/voxel_20/frame_000146.jpg|data/processed/frames/train/no_fall/voxel_20/frame_000151.jpg,9.399|9.7323|10.0656
voxel_20_w0015,voxel_20,train,no_fall,0,data/raw/voxel_huggingface_data/No Fall/20.mp4,0.0,11.6654,10.0656,10.7322,15,3,data/processed/window_poses_readable/train/label_no_fall/voxel_20__video_0p000s_to_11p665s/window_0015__time_10p066s_to_10p732s__frames_000151_to_000161.json,3,data/processed/frames/train/no_fall/voxel_20/frame_000151.jpg|data/processed/frames/train/no_fall/voxel_20/frame_000156.jpg|data/processed/frames/train/no_fall/voxel_20/frame_000161.jpg,10.0656|10.3989|10.7322
voxel_20_w0016,voxel_20,train,no_fall,0,data/raw/voxel_huggingface_data/No Fall/20.mp4,0.0,11.6654,10.7322,11.3988,16,3,data/processed/window_poses_readable/train/label_no_fall/voxel_20__video_0p000s_to_11p665s/window_0016__time_10p732s_to_11p399s__frames_000161_to_000171.json,3,data/processed/frames/train/no_fall/voxel_20/frame_000161.jpg|data/processed/frames/train/no_fall/voxel_20/frame_000166.jpg|data/processed/frames/train/no_fall/voxel_20/frame_000171.jpg,10.7322|11.0655|11.3988
voxel_20-5_w0000,voxel_20-5,train,no_fall,0,data/raw/voxel_huggingface_data/No Fall/20-5.mp4,0.0,17.5214,0.0,0.67,0,3,data/processed/window_poses_readable/train/label_no_fall/voxel_20-5__video_0p000s_to_17p521s/window_0000__time_0p000s_to_0p670s__frames_000000_to_000020.json,3,data/processed/frames/train/no_fall/voxel_20-5/frame_000000.jpg|data/processed/frames/train/no_fall/voxel_20-5/frame_000010.jpg|data/processed/frames/train/no_fall/voxel_20-5/frame_000020.jpg,0.0|0.335|0.67
voxel_20-5_w0001,voxel_20-5,train,no_fall,0,data/raw/voxel_huggingface_data/No Fall/20-5.mp4,0.0,17.5214,0.67,1.3401,1,3,data/processed/window_poses_readable/train/label_no_fall/voxel_20-5__video_0p000s_to_17p521s/window_0001__time_0p670s_to_1p340s__frames_000020_to_000040.json,3,data/processed/frames/train/no_fall/voxel_20-5/frame_000020.jpg|data/processed/frames/train/no_fall/voxel_20-5/frame_000030.jpg|data/processed/frames/train/no_fall/voxel_20-5/frame_000040.jpg,0.67|1.0051|1.3401
voxel_20-5_w0002,voxel_20-5,train,no_fall,0,data/raw/voxel_huggingface_data/No Fall/20-5.mp4,0.0,17.5214,1.3401,2.0101,2,3,data/processed/window_poses_readable/train/label_no_fall/voxel_20-5__video_0p000s_to_17p521s/window_0002__time_1p340s_to_2p010s__frames_000040_to_000060.json,3,data/processed/frames/train/no_fall/voxel_20-5/frame_000040.jpg|data/processed/frames/train/no_fall/voxel_20-5/frame_000050.jpg|data/processed/frames/train/no_fall/voxel_20-5/frame_000060.jpg,1.3401|1.6751|2.0101
voxel_20-5_w0003,voxel_20-5,train,no_fall,0,data/raw/voxel_huggingface_data/No Fall/20-5.mp4,0.0,17.5214,2.0101,2.6801,3,3,data/processed/window_poses_readable/train/label_no_fall/voxel_20-5__video_0p000s_to_17p521s/window_0003__time_2p010s_to_2p680s__frames_000060_to_000080.json,3,data/processed/frames/train/no_fall/voxel_20-5/frame_000060.jpg|data/processed/frames/train/no_fall/voxel_20-5/frame_000070.jpg|data/processed/frames/train/no_fall/voxel_20-5/frame_000080.jpg,2.0101|2.3451|2.6801
voxel_20-5_w0004,voxel_20-5,train,no_fall,0,data/raw/voxel_huggingface_data/No Fall/20-5.mp4,0.0,17.5214,2.6801,3.3502,4,3,data/processed/window_poses_readable/train/label_no_fall/voxel_20-5__video_0p000s_to_17p521s/window_0004__time_2p680s_to_3p350s__frames_000080_to_000100.json,3,data/processed/frames/train/no_fall/voxel_20-5/frame_000080.jpg|data/processed/frames/train/no_fall/voxel_20-5/frame_000090.jpg|data/processed/frames/train/no_fall/voxel_20-5/frame_000100.jpg,2.6801|3.0152|3.3502
voxel_20-5_w0005,voxel_20-5,train,no_fall,0,data/raw/voxel_huggingface_data/No Fall/20-5.mp4,0.0,17.5214,3.3502,4.0202,5,3,data/processed/window_poses_readable/train/label_no_fall/voxel_20-5__video_0p000s_to_17p521s/window_0005__time_3p350s_to_4p020s__frames_000100_to_000120.json,3,data/processed/frames/train/no_fall/voxel_20-5/frame_000100.jpg|data/processed/frames/train/no_fall/voxel_20-5/frame_000110.jpg|data/processed/frames/train/no_fall/voxel_20-5/frame_000120.jpg,3.3502|3.6852|4.0202
voxel_20-5_w0006,voxel_20-5,train,no_fall,0,data/raw/voxel_huggingface_data/No Fall/20-5.mp4,0.0,17.5214,4.0202,4.6902,6,3,data/processed/window_poses_readable/train/label_no_fall/voxel_20-5__video_0p000s_to_17p521s/window_0006__time_4p020s_to_4p690s__frames_000120_to_000140.json,3,data/processed/frames/train/no_fall/voxel_20-5/frame_000120.jpg|data/processed/frames/train/no_fall/voxel_20-5/frame_000130.jpg|data/processed/frames/train/no_fall/voxel_20-5/frame_000140.jpg,4.0202|4.3552|4.6902
voxel_20-5_w0007,voxel_20-5,train,no_fall,0,data/raw/voxel_huggingface_data/No Fall/20-5.mp4,0.0,17.5214,4.6902,5.3603,7,3,data/processed/window_poses_readable/train/label_no_fall/voxel_20-5__video_0p000s_to_17p521s/window_0007__time_4p690s_to_5p360s__frames_000140_to_000160.json,3,data/processed/frames/train/no_fall/voxel_20-5/frame_000140.jpg|data/processed/frames/train/no_fall/voxel_20-5/frame_000150.jpg|data/processed/frames/train/no_fall/voxel_20-5/frame_000160.jpg,4.6902|5.0253|5.3603
voxel_20-5_w0008,voxel_20-5,train,no_fall,0,data/raw/voxel_huggingface_data/No Fall/20-5.mp4,0.0,17.5214,5.3603,6.0303,8,3,data/processed/window_poses_readable/train/label_no_fall/voxel_20-5__video_0p000s_to_17p521s/window_0008__time_5p360s_to_6p030s__frames_000160_to_000180.json,3,data/processed/frames/train/no_fall/voxel_20-5/frame_000160.jpg|data/processed/frames/train/no_fall/voxel_20-5/frame_000170.jpg|data/processed/frames/train/no_fall/voxel_20-5/frame_000180.jpg,5.3603|5.6953|6.0303
voxel_20-5_w0009,voxel_20-5,train,no_fall,0,data/raw/voxel_huggingface_data/No Fall/20-5.mp4,0.0,17.5214,6.0303,6.6668,9,3,data/processed/window_poses_readable/train/label_no_fall/voxel_20-5__video_0p000s_to_17p521s/window_0009__time_6p030s_to_6p667s__frames_000180_to_000199.json,3,data/processed/frames/train/no_fall/voxel_20-5/frame_000180.jpg|data/processed/frames/train/no_fall/voxel_20-5/frame_000190.jpg|data/processed/frames/train/no_fall/voxel_20-5/frame_000199.jpg,6.0303|6.3653|6.6668
voxel_20-5_w0010,voxel_20-5,train,no_fall,0,data/raw/voxel_huggingface_data/No Fall/20-5.mp4,0.0,17.5214,6.6668,7.3369,10,3,data/processed/window_poses_readable/train/label_no_fall/voxel_20-5__video_0p000s_to_17p521s/window_0010__time_6p667s_to_7p337s__frames_000199_to_000219.json,3,data/processed/frames/train/no_fall/voxel_20-5/frame_000199.jpg|data/processed/frames/train/no_fall/voxel_20-5/frame_000209.jpg|data/processed/frames/train/no_fall/voxel_20-5/frame_000219.jpg,6.6668|7.0019|7.3369
voxel_20-5_w0011,voxel_20-5,train,no_fall,0,data/raw/voxel_huggingface_data/No Fall/20-5.mp4,0.0,17.5214,7.3369,8.0069,11,3,data/processed/window_poses_readable/train/label_no_fall/voxel_20-5__video_0p000s_to_17p521s/window_0011__time_7p337s_to_8p007s__frames_000219_to_000239.json,3,data/processed/frames/train/no_fall/voxel_20-5/frame_000219.jpg|data/processed/frames/train/no_fall/voxel_20-5/frame_000229.jpg|data/processed/frames/train/no_fall/voxel_20-5/frame_000239.jpg,7.3369|7.6719|8.0069
voxel_20-5_w0012,voxel_20-5,train,no_fall,0,data/raw/voxel_huggingface_data/No Fall/20-5.mp4,0.0,17.5214,8.0069,8.6769,12,3,data/processed/window_poses_readable/train/label_no_fall/voxel_20-5__video_0p000s_to_17p521s/window_0012__time_8p007s_to_8p677s__frames_000239_to_000259.json,3,data/processed/frames/train/no_fall/voxel_20-5/frame_000239.jpg|data/processed/frames/train/no_fall/voxel_20-5/frame_000249.jpg|data/processed/frames/train/no_fall/voxel_20-5/frame_000259.jpg,8.0069|8.3419|8.6769
voxel_20-5_w0013,voxel_20-5,train,no_fall,0,data/raw/voxel_huggingface_data/No Fall/20-5.mp4,0.0,17.5214,8.6769,9.347,13,3,data/processed/window_poses_readable/train/label_no_fall/voxel_20-5__video_0p000s_to_17p521s/window_0013__time_8p677s_to_9p347s__frames_000259_to_000279.json,3,data/processed/frames/train/no_fall/voxel_20-5/frame_000259.jpg|data/processed/frames/train/no_fall/voxel_20-5/frame_000269.jpg|data/processed/frames/train/no_fall/voxel_20-5/frame_000279.jpg,8.6769|9.012|9.347
voxel_20-5_w0014,voxel_20-5,train,no_fall,0,data/raw/voxel_huggingface_data/No Fall/20-5.mp4,0.0,17.5214,9.347,10.017,14,3,data/processed/window_poses_readable/train/label_no_fall/voxel_20-5__video_0p000s_to_17p521s/window_0014__time_9p347s_to_10p017s__frames_000279_to_000299.json,3,data/processed/frames/train/no_fall/voxel_20-5/frame_000279.jpg|data/processed/frames/train/no_fall/voxel_20-5/frame_000289.jpg|data/processed/frames/train/no_fall/voxel_20-5/frame_000299.jpg,9.347|9.682|10.017
voxel_20-5_w0015,voxel_20-5,train,no_fall,0,data/raw/voxel_huggingface_data/No Fall/20-5.mp4,0.0,17.5214,10.017,10.6871,15,3,data/processed/window_poses_readable/train/label_no_fall/voxel_20-5__video_0p000s_to_17p521s/window_0015__time_10p017s_to_10p687s__frames_000299_to_000319.json,3,data/processed/frames/train/no_fall/voxel_20-5/frame_000299.jpg|data/processed/frames/train/no_fall/voxel_20-5/frame_000309.jpg|data/processed/frames/train/no_fall/voxel_20-5/frame_000319.jpg,10.017|10.352|10.6871
voxel_20-5_w0016,voxel_20-5,train,no_fall,0,data/raw/voxel_huggingface_data/No Fall/20-5.mp4,0.0,17.5214,10.6871,11.3571,16,3,data/processed/window_poses_readable/train/label_no_fall/voxel_20-5__video_0p000s_to_17p521s/window_0016__time_10p687s_to_11p357s__frames_000319_to_000339.json,3,data/processed/frames/train/no_fall/voxel_20-5/frame_000319.jpg|data/processed/frames/train/no_fall/voxel_20-5/frame_000329.jpg|data/processed/frames/train/no_fall/voxel_20-5/frame_000339.jpg,10.6871|11.0221|11.3571
voxel_20-5_w0017,voxel_20-5,train,no_fall,0,data/raw/voxel_huggingface_data/No Fall/20-5.mp4,0.0,17.5214,11.3571,12.0271,17,3,data/processed/window_poses_readable/train/label_no_fall/voxel_20-5__video_0p000s_to_17p521s/window_0017__time_11p357s_to_12p027s__frames_000339_to_000359.json,3,data/processed/frames/train/no_fall/voxel_20-5/frame_000339.jpg|data/processed/frames/train/no_fall/voxel_20-5/frame_000349.jpg|data/processed/frames/train/no_fall/voxel_20-5/frame_000359.jpg,11.3571|11.6921|12.0271
voxel_20-5_w0018,voxel_20-5,train,no_fall,0,data/raw/voxel_huggingface_data/No Fall/20-5.mp4,0.0,17.5214,12.0271,12.6972,18,3,data/processed/window_poses_readable/train/label_no_fall/voxel_20-5__video_0p000s_to_17p521s/window_0018__time_12p027s_to_12p697s__frames_000359_to_000379.json,3,data/processed/frames/train/no_fall/voxel_20-5/frame_000359.jpg|data/processed/frames/train/no_fall/voxel_20-5/frame_000369.jpg|data/processed/frames/train/no_fall/voxel_20-5/frame_000379.jpg,12.0271|12.3621|12.6972
voxel_20-5_w0019,voxel_20-5,train,no_fall,0,data/raw/voxel_huggingface_data/No Fall/20-5.mp4,0.0,17.5214,12.6972,13.3337,19,3,data/processed/window_poses_readable/train/label_no_fall/voxel_20-5__video_0p000s_to_17p521s/window_0019__time_12p697s_to_13p334s__frames_000379_to_000398.json,3,data/processed/frames/train/no_fall/voxel_20-5/frame_000379.jpg|data/processed/frames/train/no_fall/voxel_20-5/frame_000389.jpg|data/processed/frames/train/no_fall/voxel_20-5/frame_000398.jpg,12.6972|13.0322|13.3337
voxel_20-5_w0020,voxel_20-5,train,no_fall,0,data/raw/voxel_huggingface_data/No Fall/20-5.mp4,0.0,17.5214,13.3337,14.0037,20,3,data/processed/window_poses_readable/train/label_no_fall/voxel_20-5__video_0p000s_to_17p521s/window_0020__time_13p334s_to_14p004s__frames_000398_to_000418.json,3,data/processed/frames/train/no_fall/voxel_20-5/frame_000398.jpg|data/processed/frames/train/no_fall/voxel_20-5/frame_000408.jpg|data/processed/frames/train/no_fall/voxel_20-5/frame_000418.jpg,13.3337|13.6687|14.0037
voxel_20-5_w0021,voxel_20-5,train,no_fall,0,data/raw/voxel_huggingface_data/No Fall/20-5.mp4,0.0,17.5214,14.0037,14.6738,21,3,data/processed/window_poses_readable/train/label_no_fall/voxel_20-5__video_0p000s_to_17p521s/window_0021__time_14p004s_to_14p674s__frames_000418_to_000438.json,3,data/processed/frames/train/no_fall/voxel_20-5/frame_000418.jpg|data/processed/frames/train/no_fall/voxel_20-5/frame_000428.jpg|data/processed/frames/train/no_fall/voxel_20-5/frame_000438.jpg,14.0037|14.3387|14.6738
voxel_20-5_w0022,voxel_20-5,train,no_fall,0,data/raw/voxel_huggingface_data/No Fall/20-5.mp4,0.0,17.5214,14.6738,15.3438,22,3,data/processed/window_poses_readable/train/label_no_fall/voxel_20-5__video_0p000s_to_17p521s/window_0022__time_14p674s_to_15p344s__frames_000438_to_000458.json,3,data/processed/frames/train/no_fall/voxel_20-5/frame_000438.jpg|data/processed/frames/train/no_fall/voxel_20-5/frame_000448.jpg|data/processed/frames/train/no_fall/voxel_20-5/frame_000458.jpg,14.6738|15.0088|15.3438
voxel_20-5_w0023,voxel_20-5,train,no_fall,0,data/raw/voxel_huggingface_data/No Fall/20-5.mp4,0.0,17.5214,15.3438,16.0138,23,3,data/processed/window_poses_readable/train/label_no_fall/voxel_20-5__video_0p000s_to_17p521s/window_0023__time_15p344s_to_16p014s__frames_000458_to_000478.json,3,data/processed/frames/train/no_fall/voxel_20-5/frame_000458.jpg|data/processed/frames/train/no_fall/voxel_20-5/frame_000468.jpg|data/processed/frames/train/no_fall/voxel_20-5/frame_000478.jpg,15.3438|15.6788|16.0138
voxel_20-5_w0024,voxel_20-5,train,no_fall,0,data/raw/voxel_huggingface_data/No Fall/20-5.mp4,0.0,17.5214,16.0138,16.6839,24,3,data/processed/window_poses_readable/train/label_no_fall/voxel_20-5__video_0p000s_to_17p521s/window_0024__time_16p014s_to_16p684s__frames_000478_to_000498.json,3,data/processed/frames/train/no_fall/voxel_20-5/frame_000478.jpg|data/processed/frames/train/no_fall/voxel_20-5/frame_000488.jpg|data/processed/frames/train/no_fall/voxel_20-5/frame_000498.jpg,16.0138|16.3488|16.6839
voxel_20-5_w0025,voxel_20-5,train,no_fall,0,data/raw/voxel_huggingface_data/No Fall/20-5.mp4,0.0,17.5214,16.6839,17.3539,25,3,data/processed/window_poses_readable/train/label_no_fall/voxel_20-5__video_0p000s_to_17p521s/window_0025__time_16p684s_to_17p354s__frames_000498_to_000518.json,3,data/processed/frames/train/no_fall/voxel_20-5/frame_000498.jpg|data/processed/frames/train/no_fall/voxel_20-5/frame_000508.jpg|data/processed/frames/train/no_fall/voxel_20-5/frame_000518.jpg,16.6839|17.0189|17.3539
voxel_21_w0000,voxel_21,train,no_fall,0,data/raw/voxel_huggingface_data/No Fall/21.mp4,0.0,10.5293,0.0,0.7331,0,3,data/processed/window_poses_readable/train/label_no_fall/voxel_21__video_0p000s_to_10p529s/window_0000__time_0p000s_to_0p733s__frames_000000_to_000011.json,3,data/processed/frames/train/no_fall/voxel_21/frame_000000.jpg|data/processed/frames/train/no_fall/voxel_21/frame_000006.jpg|data/processed/frames/train/no_fall/voxel_21/frame_000011.jpg,0.0|0.3998|0.7331
voxel_21_w0001,voxel_21,train,no_fall,0,data/raw/voxel_huggingface_data/No Fall/21.mp4,0.0,10.5293,0.7331,1.3995,1,3,data/processed/window_poses_readable/train/label_no_fall/voxel_21__video_0p000s_to_10p529s/window_0001__time_0p733s_to_1p399s__frames_000011_to_000021.json,3,data/processed/frames/train/no_fall/voxel_21/frame_000011.jpg|data/processed/frames/train/no_fall/voxel_21/frame_000016.jpg|data/processed/frames/train/no_fall/voxel_21/frame_000021.jpg,0.7331|1.0663|1.3995
voxel_21_w0002,voxel_21,train,no_fall,0,data/raw/voxel_huggingface_data/No Fall/21.mp4,0.0,10.5293,1.3995,2.0659,2,3,data/processed/window_poses_readable/train/label_no_fall/voxel_21__video_0p000s_to_10p529s/window_0002__time_1p399s_to_2p066s__frames_000021_to_000031.json,3,data/processed/frames/train/no_fall/voxel_21/frame_000021.jpg|data/processed/frames/train/no_fall/voxel_21/frame_000026.jpg|data/processed/frames/train/no_fall/voxel_21/frame_000031.jpg,1.3995|1.7327|2.0659
voxel_21_w0003,voxel_21,train,no_fall,0,data/raw/voxel_huggingface_data/No Fall/21.mp4,0.0,10.5293,2.0659,2.7323,3,3,data/processed/window_poses_readable/train/label_no_fall/voxel_21__video_0p000s_to_10p529s/window_0003__time_2p066s_to_2p732s__frames_000031_to_000041.json,3,data/processed/frames/train/no_fall/voxel_21/frame_000031.jpg|data/processed/frames/train/no_fall/voxel_21/frame_000036.jpg|data/processed/frames/train/no_fall/voxel_21/frame_000041.jpg,2.0659|2.3991|2.7323
voxel_21_w0004,voxel_21,train,no_fall,0,data/raw/voxel_huggingface_data/No Fall/21.mp4,0.0,10.5293,2.7323,3.3987,4,3,data/processed/window_poses_readable/train/label_no_fall/voxel_21__video_0p000s_to_10p529s/window_0004__time_2p732s_to_3p399s__frames_000041_to_000051.json,3,data/processed/frames/train/no_fall/voxel_21/frame_000041.jpg|data/processed/frames/train/no_fall/voxel_21/frame_000046.jpg|data/processed/frames/train/no_fall/voxel_21/frame_000051.jpg,2.7323|3.0655|3.3987
voxel_21_w0005,voxel_21,train,no_fall,0,data/raw/voxel_huggingface_data/No Fall/21.mp4,0.0,10.5293,3.3987,4.0651,5,3,data/processed/window_poses_readable/train/label_no_fall/voxel_21__video_0p000s_to_10p529s/window_0005__time_3p399s_to_4p065s__frames_000051_to_000061.json,3,data/processed/frames/train/no_fall/voxel_21/frame_000051.jpg|data/processed/frames/train/no_fall/voxel_21/frame_000056.jpg|data/processed/frames/train/no_fall/voxel_21/frame_000061.jpg,3.3987|3.7319|4.0651
voxel_21_w0006,voxel_21,train,no_fall,0,data/raw/voxel_huggingface_data/No Fall/21.mp4,0.0,10.5293,4.0651,4.7315,6,3,data/processed/window_poses_readable/train/label_no_fall/voxel_21__video_0p000s_to_10p529s/window_0006__time_4p065s_to_4p731s__frames_000061_to_000071.json,3,data/processed/frames/train/no_fall/voxel_21/frame_000061.jpg|data/processed/frames/train/no_fall/voxel_21/frame_000066.jpg|data/processed/frames/train/no_fall/voxel_21/frame_000071.jpg,4.0651|4.3983|4.7315
voxel_21_w0007,voxel_21,train,no_fall,0,data/raw/voxel_huggingface_data/No Fall/21.mp4,0.0,10.5293,4.7315,5.3979,7,3,data/processed/window_poses_readable/train/label_no_fall/voxel_21__video_0p000s_to_10p529s/window_0007__time_4p731s_to_5p398s__frames_000071_to_000081.json,3,data/processed/frames/train/no_fall/voxel_21/frame_000071.jpg|data/processed/frames/train/no_fall/voxel_21/frame_000076.jpg|data/processed/frames/train/no_fall/voxel_21/frame_000081.jpg,4.7315|5.0647|5.3979
voxel_21_w0008,voxel_21,train,no_fall,0,data/raw/voxel_huggingface_data/No Fall/21.mp4,0.0,10.5293,5.3979,6.0644,8,3,data/processed/window_poses_readable/train/label_no_fall/voxel_21__video_0p000s_to_10p529s/window_0008__time_5p398s_to_6p064s__frames_000081_to_000091.json,3,data/processed/frames/train/no_fall/voxel_21/frame_000081.jpg|data/processed/frames/train/no_fall/voxel_21/frame_000086.jpg|data/processed/frames/train/no_fall/voxel_21/frame_000091.jpg,5.3979|5.7312|6.0644
voxel_21_w0009,voxel_21,train,no_fall,0,data/raw/voxel_huggingface_data/No Fall/21.mp4,0.0,10.5293,6.0644,6.7308,9,3,data/processed/window_poses_readable/train/label_no_fall/voxel_21__video_0p000s_to_10p529s/window_0009__time_6p064s_to_6p731s__frames_000091_to_000101.json,3,data/processed/frames/train/no_fall/voxel_21/frame_000091.jpg|data/processed/frames/train/no_fall/voxel_21/frame_000096.jpg|data/processed/frames/train/no_fall/voxel_21/frame_000101.jpg,6.0644|6.3976|6.7308
voxel_21_w0010,voxel_21,train,no_fall,0,data/raw/voxel_huggingface_data/No Fall/21.mp4,0.0,10.5293,6.7308,7.3972,10,3,data/processed/window_poses_readable/train/label_no_fall/voxel_21__video_0p000s_to_10p529s/window_0010__time_6p731s_to_7p397s__frames_000101_to_000111.json,3,data/processed/frames/train/no_fall/voxel_21/frame_000101.jpg|data/processed/frames/train/no_fall/voxel_21/frame_000106.jpg|data/processed/frames/train/no_fall/voxel_21/frame_000111.jpg,6.7308|7.064|7.3972
voxel_21_w0011,voxel_21,train,no_fall,0,data/raw/voxel_huggingface_data/No Fall/21.mp4,0.0,10.5293,7.3972,8.0636,11,3,data/processed/window_poses_readable/train/label_no_fall/voxel_21__video_0p000s_to_10p529s/window_0011__time_7p397s_to_8p064s__frames_000111_to_000121.json,3,data/processed/frames/train/no_fall/voxel_21/frame_000111.jpg|data/processed/frames/train/no_fall/voxel_21/frame_000116.jpg|data/processed/frames/train/no_fall/voxel_21/frame_000121.jpg,7.3972|7.7304|8.0636
voxel_21_w0012,voxel_21,train,no_fall,0,data/raw/voxel_huggingface_data/No Fall/21.mp4,0.0,10.5293,8.0636,8.73,12,3,data/processed/window_poses_readable/train/label_no_fall/voxel_21__video_0p000s_to_10p529s/window_0012__time_8p064s_to_8p730s__frames_000121_to_000131.json,3,data/processed/frames/train/no_fall/voxel_21/frame_000121.jpg|data/processed/frames/train/no_fall/voxel_21/frame_000126.jpg|data/processed/frames/train/no_fall/voxel_21/frame_000131.jpg,8.0636|8.3968|8.73
voxel_21_w0013,voxel_21,train,no_fall,0,data/raw/voxel_huggingface_data/No Fall/21.mp4,0.0,10.5293,8.73,9.3964,13,3,data/processed/window_poses_readable/train/label_no_fall/voxel_21__video_0p000s_to_10p529s/window_0013__time_8p730s_to_9p396s__frames_000131_to_000141.json,1,data/processed/frames/train/no_fall/voxel_21/frame_000131.jpg|data/processed/frames/train/no_fall/voxel_21/frame_000136.jpg|data/processed/frames/train/no_fall/voxel_21/frame_000141.jpg,8.73|9.0632|9.3964
voxel_21_w0014,voxel_21,train,no_fall,0,data/raw/voxel_huggingface_data/No Fall/21.mp4,0.0,10.5293,9.3964,10.0628,14,3,data/processed/window_poses_readable/train/label_no_fall/voxel_21__video_0p000s_to_10p529s/window_0014__time_9p396s_to_10p063s__frames_000141_to_000151.json,0,data/processed/frames/train/no_fall/voxel_21/frame_000141.jpg|data/processed/frames/train/no_fall/voxel_21/frame_000146.jpg|data/processed/frames/train/no_fall/voxel_21/frame_000151.jpg,9.3964|9.7296|10.0628
voxel_21-3_w0000,voxel_21-3,train,no_fall,0,data/raw/voxel_huggingface_data/No Fall/21-3.mp4,0.0,10.2252,0.0,0.6705,0,3,data/processed/window_poses_readable/train/label_no_fall/voxel_21-3__video_0p000s_to_10p225s/window_0000__time_0p000s_to_0p670s__frames_000000_to_000020.json,3,data/processed/frames/train/no_fall/voxel_21-3/frame_000000.jpg|data/processed/frames/train/no_fall/voxel_21-3/frame_000010.jpg|data/processed/frames/train/no_fall/voxel_21-3/frame_000020.jpg,0.0|0.3353|0.6705
voxel_21-3_w0001,voxel_21-3,train,no_fall,0,data/raw/voxel_huggingface_data/No Fall/21-3.mp4,0.0,10.2252,0.6705,1.341,1,3,data/processed/window_poses_readable/train/label_no_fall/voxel_21-3__video_0p000s_to_10p225s/window_0001__time_0p670s_to_1p341s__frames_000020_to_000040.json,3,data/processed/frames/train/no_fall/voxel_21-3/frame_000020.jpg|data/processed/frames/train/no_fall/voxel_21-3/frame_000030.jpg|data/processed/frames/train/no_fall/voxel_21-3/frame_000040.jpg,0.6705|1.0058|1.341
voxel_21-3_w0002,voxel_21-3,train,no_fall,0,data/raw/voxel_huggingface_data/No Fall/21-3.mp4,0.0,10.2252,1.341,2.0115,2,3,data/processed/window_poses_readable/train/label_no_fall/voxel_21-3__video_0p000s_to_10p225s/window_0002__time_1p341s_to_2p011s__frames_000040_to_000060.json,3,data/processed/frames/train/no_fall/voxel_21-3/frame_000040.jpg|data/processed/frames/train/no_fall/voxel_21-3/frame_000050.jpg|data/processed/frames/train/no_fall/voxel_21-3/frame_000060.jpg,1.341|1.6763|2.0115
voxel_21-3_w0003,voxel_21-3,train,no_fall,0,data/raw/voxel_huggingface_data/No Fall/21-3.mp4,0.0,10.2252,2.0115,2.682,3,3,data/processed/window_poses_readable/train/label_no_fall/voxel_21-3__video_0p000s_to_10p225s/window_0003__time_2p011s_to_2p682s__frames_000060_to_000080.json,3,data/processed/frames/train/no_fall/voxel_21-3/frame_000060.jpg|data/processed/frames/train/no_fall/voxel_21-3/frame_000070.jpg|data/processed/frames/train/no_fall/voxel_21-3/frame_000080.jpg,2.0115|2.3468|2.682
voxel_21-3_w0004,voxel_21-3,train,no_fall,0,data/raw/voxel_huggingface_data/No Fall/21-3.mp4,0.0,10.2252,2.682,3.3525,4,3,data/processed/window_poses_readable/train/label_no_fall/voxel_21-3__video_0p000s_to_10p225s/window_0004__time_2p682s_to_3p353s__frames_000080_to_000100.json,3,data/processed/frames/train/no_fall/voxel_21-3/frame_000080.jpg|data/processed/frames/train/no_fall/voxel_21-3/frame_000090.jpg|data/processed/frames/train/no_fall/voxel_21-3/frame_000100.jpg,2.682|3.0173|3.3525
voxel_21-3_w0005,voxel_21-3,train,no_fall,0,data/raw/voxel_huggingface_data/No Fall/21-3.mp4,0.0,10.2252,3.3525,4.023,5,3,data/processed/window_poses_readable/train/label_no_fall/voxel_21-3__video_0p000s_to_10p225s/window_0005__time_3p353s_to_4p023s__frames_000100_to_000120.json,3,data/processed/frames/train/no_fall/voxel_21-3/frame_000100.jpg|data/processed/frames/train/no_fall/voxel_21-3/frame_000110.jpg|data/processed/frames/train/no_fall/voxel_21-3/frame_000120.jpg,3.3525|3.6878|4.023
voxel_21-3_w0006,voxel_21-3,train,no_fall,0,data/raw/voxel_huggingface_data/No Fall/21-3.mp4,0.0,10.2252,4.023,4.6935,6,3,data/processed/window_poses_readable/train/label_no_fall/voxel_21-3__video_0p000s_to_10p225s/window_0006__time_4p023s_to_4p694s__frames_000120_to_000140.json,3,data/processed/frames/train/no_fall/voxel_21-3/frame_000120.jpg|data/processed/frames/train/no_fall/voxel_21-3/frame_000130.jpg|data/processed/frames/train/no_fall/voxel_21-3/frame_000140.jpg,4.023|4.3583|4.6935
voxel_21-3_w0007,voxel_21-3,train,no_fall,0,data/raw/voxel_huggingface_data/No Fall/21-3.mp4,0.0,10.2252,4.6935,5.364,7,3,data/processed/window_poses_readable/train/label_no_fall/voxel_21-3__video_0p000s_to_10p225s/window_0007__time_4p694s_to_5p364s__frames_000140_to_000160.json,3,data/processed/frames/train/no_fall/voxel_21-3/frame_000140.jpg|data/processed/frames/train/no_fall/voxel_21-3/frame_000150.jpg|data/processed/frames/train/no_fall/voxel_21-3/frame_000160.jpg,4.6935|5.0288|5.364
voxel_21-3_w0008,voxel_21-3,train,no_fall,0,data/raw/voxel_huggingface_data/No Fall/21-3.mp4,0.0,10.2252,5.364,6.001,8,3,data/processed/window_poses_readable/train/label_no_fall/voxel_21-3__video_0p000s_to_10p225s/window_0008__time_5p364s_to_6p001s__frames_000160_to_000179.json,3,data/processed/frames/train/no_fall/voxel_21-3/frame_000160.jpg|data/processed/frames/train/no_fall/voxel_21-3/frame_000170.jpg|data/processed/frames/train/no_fall/voxel_21-3/frame_000179.jpg,5.364|5.6993|6.001
voxel_21-3_w0009,voxel_21-3,train,no_fall,0,data/raw/voxel_huggingface_data/No Fall/21-3.mp4,0.0,10.2252,6.001,6.6715,9,3,data/processed/window_poses_readable/train/label_no_fall/voxel_21-3__video_0p000s_to_10p225s/window_0009__time_6p001s_to_6p671s__frames_000179_to_000199.json,3,data/processed/frames/train/no_fall/voxel_21-3/frame_000179.jpg|data/processed/frames/train/no_fall/voxel_21-3/frame_000189.jpg|data/processed/frames/train/no_fall/voxel_21-3/frame_000199.jpg,6.001|6.3363|6.6715
voxel_21-3_w0010,voxel_21-3,train,no_fall,0,data/raw/voxel_huggingface_data/No Fall/21-3.mp4,0.0,10.2252,6.6715,7.342,10,3,data/processed/window_poses_readable/train/label_no_fall/voxel_21-3__video_0p000s_to_10p225s/window_0010__time_6p671s_to_7p342s__frames_000199_to_000219.json,3,data/processed/frames/train/no_fall/voxel_21-3/frame_000199.jpg|data/processed/frames/train/no_fall/voxel_21-3/frame_000209.jpg|data/processed/frames/train/no_fall/voxel_21-3/frame_000219.jpg,6.6715|7.0068|7.342
voxel_21-3_w0011,voxel_21-3,train,no_fall,0,data/raw/voxel_huggingface_data/No Fall/21-3.mp4,0.0,10.2252,7.342,8.0125,11,3,data/processed/window_poses_readable/train/label_no_fall/voxel_21-3__video_0p000s_to_10p225s/window_0011__time_7p342s_to_8p012s__frames_000219_to_000239.json,3,data/processed/frames/train/no_fall/voxel_21-3/frame_000219.jpg|data/processed/frames/train/no_fall/voxel_21-3/frame_000229.jpg|data/processed/frames/train/no_fall/voxel_21-3/frame_000239.jpg,7.342|7.6773|8.0125
voxel_21-3_w0012,voxel_21-3,train,no_fall,0,data/raw/voxel_huggingface_data/No Fall/21-3.mp4,0.0,10.2252,8.0125,8.683,12,3,data/processed/window_poses_readable/train/label_no_fall/voxel_21-3__video_0p000s_to_10p225s/window_0012__time_8p012s_to_8p683s__frames_000239_to_000259.json,3,data/processed/frames/train/no_fall/voxel_21-3/frame_000239.jpg|data/processed/frames/train/no_fall/voxel_21-3/frame_000249.jpg|data/processed/frames/train/no_fall/voxel_21-3/frame_000259.jpg,8.0125|8.3478|8.683
voxel_21-3_w0013,voxel_21-3,train,no_fall,0,data/raw/voxel_huggingface_data/No Fall/21-3.mp4,0.0,10.2252,8.683,9.3535,13,3,data/processed/window_poses_readable/train/label_no_fall/voxel_21-3__video_0p000s_to_10p225s/window_0013__time_8p683s_to_9p354s__frames_000259_to_000279.json,3,data/processed/frames/train/no_fall/voxel_21-3/frame_000259.jpg|data/processed/frames/train/no_fall/voxel_21-3/frame_000269.jpg|data/processed/frames/train/no_fall/voxel_21-3/frame_000279.jpg,8.683|9.0183|9.3535
voxel_21-3_w0014,voxel_21-3,train,no_fall,0,data/raw/voxel_huggingface_data/No Fall/21-3.mp4,0.0,10.2252,9.3535,10.024,14,3,data/processed/window_poses_readable/train/label_no_fall/voxel_21-3__video_0p000s_to_10p225s/window_0014__time_9p354s_to_10p024s__frames_000279_to_000299.json,3,data/processed/frames/train/no_fall/voxel_21-3/frame_000279.jpg|data/processed/frames/train/no_fall/voxel_21-3/frame_000289.jpg|data/processed/frames/train/no_fall/voxel_21-3/frame_000299.jpg,9.3535|9.6888|10.024
voxel_22-3_w0000,voxel_22-3,train,no_fall,0,data/raw/voxel_huggingface_data/No Fall/22-3.mp4,0.0,9.4896,0.0,0.6706,0,3,data/processed/window_poses_readable/train/label_no_fall/voxel_22-3__video_0p000s_to_9p490s/window_0000__time_0p000s_to_0p671s__frames_000000_to_000020.json,3,data/processed/frames/train/no_fall/voxel_22-3/frame_000000.jpg|data/processed/frames/train/no_fall/voxel_22-3/frame_000010.jpg|data/processed/frames/train/no_fall/voxel_22-3/frame_000020.jpg,0.0|0.3353|0.6706
voxel_22-3_w0001,voxel_22-3,train,no_fall,0,data/raw/voxel_huggingface_data/No Fall/22-3.mp4,0.0,9.4896,0.6706,1.3413,1,3,data/processed/window_poses_readable/train/label_no_fall/voxel_22-3__video_0p000s_to_9p490s/window_0001__time_0p671s_to_1p341s__frames_000020_to_000040.json,3,data/processed/frames/train/no_fall/voxel_22-3/frame_000020.jpg|data/processed/frames/train/no_fall/voxel_22-3/frame_000030.jpg|data/processed/frames/train/no_fall/voxel_22-3/frame_000040.jpg,0.6706|1.006|1.3413
voxel_22-3_w0002,voxel_22-3,train,no_fall,0,data/raw/voxel_huggingface_data/No Fall/22-3.mp4,0.0,9.4896,1.3413,2.0119,2,3,data/processed/window_poses_readable/train/label_no_fall/voxel_22-3__video_0p000s_to_9p490s/window_0002__time_1p341s_to_2p012s__frames_000040_to_000060.json,3,data/processed/frames/train/no_fall/voxel_22-3/frame_000040.jpg|data/processed/frames/train/no_fall/voxel_22-3/frame_000050.jpg|data/processed/frames/train/no_fall/voxel_22-3/frame_000060.jpg,1.3413|1.6766|2.0119
voxel_22-3_w0003,voxel_22-3,train,no_fall,0,data/raw/voxel_huggingface_data/No Fall/22-3.mp4,0.0,9.4896,2.0119,2.6826,3,3,data/processed/window_poses_readable/train/label_no_fall/voxel_22-3__video_0p000s_to_9p490s/window_0003__time_2p012s_to_2p683s__frames_000060_to_000080.json,3,data/processed/frames/train/no_fall/voxel_22-3/frame_000060.jpg|data/processed/frames/train/no_fall/voxel_22-3/frame_000070.jpg|data/processed/frames/train/no_fall/voxel_22-3/frame_000080.jpg,2.0119|2.3473|2.6826
voxel_22-3_w0004,voxel_22-3,train,no_fall,0,data/raw/voxel_huggingface_data/No Fall/22-3.mp4,0.0,9.4896,2.6826,3.3532,4,3,data/processed/window_poses_readable/train/label_no_fall/voxel_22-3__video_0p000s_to_9p490s/window_0004__time_2p683s_to_3p353s__frames_000080_to_000100.json,3,data/processed/frames/train/no_fall/voxel_22-3/frame_000080.jpg|data/processed/frames/train/no_fall/voxel_22-3/frame_000090.jpg|data/processed/frames/train/no_fall/voxel_22-3/frame_000100.jpg,2.6826|3.0179|3.3532
voxel_22-3_w0005,voxel_22-3,train,no_fall,0,data/raw/voxel_huggingface_data/No Fall/22-3.mp4,0.0,9.4896,3.3532,4.0239,5,3,data/processed/window_poses_readable/train/label_no_fall/voxel_22-3__video_0p000s_to_9p490s/window_0005__time_3p353s_to_4p024s__frames_000100_to_000120.json,3,data/processed/frames/train/no_fall/voxel_22-3/frame_000100.jpg|data/processed/frames/train/no_fall/voxel_22-3/frame_000110.jpg|data/processed/frames/train/no_fall/voxel_22-3/frame_000120.jpg,3.3532|3.6885|4.0239
voxel_22-3_w0006,voxel_22-3,train,no_fall,0,data/raw/voxel_huggingface_data/No Fall/22-3.mp4,0.0,9.4896,4.0239,4.6945,6,3,data/processed/window_poses_readable/train/label_no_fall/voxel_22-3__video_0p000s_to_9p490s/window_0006__time_4p024s_to_4p694s__frames_000120_to_000140.json,3,data/processed/frames/train/no_fall/voxel_22-3/frame_000120.jpg|data/processed/frames/train/no_fall/voxel_22-3/frame_000130.jpg|data/processed/frames/train/no_fall/voxel_22-3/frame_000140.jpg,4.0239|4.3592|4.6945
voxel_22-3_w0007,voxel_22-3,train,no_fall,0,data/raw/voxel_huggingface_data/No Fall/22-3.mp4,0.0,9.4896,4.6945,5.3651,7,3,data/processed/window_poses_readable/train/label_no_fall/voxel_22-3__video_0p000s_to_9p490s/window_0007__time_4p694s_to_5p365s__frames_000140_to_000160.json,3,data/processed/frames/train/no_fall/voxel_22-3/frame_000140.jpg|data/processed/frames/train/no_fall/voxel_22-3/frame_000150.jpg|data/processed/frames/train/no_fall/voxel_22-3/frame_000160.jpg,4.6945|5.0298|5.3651
voxel_22-3_w0008,voxel_22-3,train,no_fall,0,data/raw/voxel_huggingface_data/No Fall/22-3.mp4,0.0,9.4896,5.3651,6.0023,8,3,data/processed/window_poses_readable/train/label_no_fall/voxel_22-3__video_0p000s_to_9p490s/window_0008__time_5p365s_to_6p002s__frames_000160_to_000179.json,3,data/processed/frames/train/no_fall/voxel_22-3/frame_000160.jpg|data/processed/frames/train/no_fall/voxel_22-3/frame_000169.jpg|data/processed/frames/train/no_fall/voxel_22-3/frame_000179.jpg,5.3651|5.6669|6.0023
voxel_22-3_w0009,voxel_22-3,train,no_fall,0,data/raw/voxel_huggingface_data/No Fall/22-3.mp4,0.0,9.4896,6.0023,6.6729,9,3,data/processed/window_poses_readable/train/label_no_fall/voxel_22-3__video_0p000s_to_9p490s/window_0009__time_6p002s_to_6p673s__frames_000179_to_000199.json,3,data/processed/frames/train/no_fall/voxel_22-3/frame_000179.jpg|data/processed/frames/train/no_fall/voxel_22-3/frame_000189.jpg|data/processed/frames/train/no_fall/voxel_22-3/frame_000199.jpg,6.0023|6.3376|6.6729
voxel_22-3_w0010,voxel_22-3,train,no_fall,0,data/raw/voxel_huggingface_data/No Fall/22-3.mp4,0.0,9.4896,6.6729,7.3435,10,3,data/processed/window_poses_readable/train/label_no_fall/voxel_22-3__video_0p000s_to_9p490s/window_0010__time_6p673s_to_7p343s__frames_000199_to_000219.json,3,data/processed/frames/train/no_fall/voxel_22-3/frame_000199.jpg|data/processed/frames/train/no_fall/voxel_22-3/frame_000209.jpg|data/processed/frames/train/no_fall/voxel_22-3/frame_000219.jpg,6.6729|7.0082|7.3435
voxel_22-3_w0011,voxel_22-3,train,no_fall,0,data/raw/voxel_huggingface_data/No Fall/22-3.mp4,0.0,9.4896,7.3435,8.0142,11,3,data/processed/window_poses_readable/train/label_no_fall/voxel_22-3__video_0p000s_to_9p490s/window_0011__time_7p343s_to_8p014s__frames_000219_to_000239.json,3,data/processed/frames/train/no_fall/voxel_22-3/frame_000219.jpg|data/processed/frames/train/no_fall/voxel_22-3/frame_000229.jpg|data/processed/frames/train/no_fall/voxel_22-3/frame_000239.jpg,7.3435|7.6789|8.0142
voxel_22-3_w0012,voxel_22-3,train,no_fall,0,data/raw/voxel_huggingface_data/No Fall/22-3.mp4,0.0,9.4896,8.0142,8.6848,12,3,data/processed/window_poses_readable/train/label_no_fall/voxel_22-3__video_0p000s_to_9p490s/window_0012__time_8p014s_to_8p685s__frames_000239_to_000259.json,3,data/processed/frames/train/no_fall/voxel_22-3/frame_000239.jpg|data/processed/frames/train/no_fall/voxel_22-3/frame_000249.jpg|data/processed/frames/train/no_fall/voxel_22-3/frame_000259.jpg,8.0142|8.3495|8.6848
voxel_22-3_w0013,voxel_22-3,train,no_fall,0,data/raw/voxel_huggingface_data/No Fall/22-3.mp4,0.0,9.4896,8.6848,9.3555,13,3,data/processed/window_poses_readable/train/label_no_fall/voxel_22-3__video_0p000s_to_9p490s/window_0013__time_8p685s_to_9p355s__frames_000259_to_000279.json,3,data/processed/frames/train/no_fall/voxel_22-3/frame_000259.jpg|data/processed/frames/train/no_fall/voxel_22-3/frame_000269.jpg|data/processed/frames/train/no_fall/voxel_22-3/frame_000279.jpg,8.6848|9.0202|9.3555
